id,sourceRef,kind,reward_count,reward_total,reward_avg,som_bmu_row,som_bmu_col,som_bmu_distance,outcome_count,outcome_sum,vector64_compressed,created_at
,,unknown,0,0,,,,,0,,0,2026-05-30 07:10:15
000678ef52ca67b0,,unknown,0,0,,17,14,0.977094,0,,0,2026-05-31 21:49:31
00116e85cfe0456e,,unknown,0,0,,8,,0.979304,0,,0,2026-05-31 21:49:31
0012bc7350ff2a70,,unknown,0,0,,19,2,0.958532,0,,0,2026-05-31 21:49:31
001570455730d2d7,,unknown,0,0,,19,11,0.862272,0,,0,2026-05-31 21:49:31
001f2d08e4459234,,unknown,0,0,,8,4,0.954428,0,,0,2026-05-31 21:49:31
0024f386d46d7f23,docs\documents-atlas-index.md#chunk-1258,unknown,0,0,,19,4,0.802876,0,,0,2026-05-31 21:49:31
00262e5f02b7c99d,,unknown,0,0,,13,12,0.927101,0,,0,2026-05-31 21:49:31
002add0263b8e6c8,,unknown,0,0,,17,,1.08591,0,,0,2026-05-31 21:49:31
002aee21948f778f,,unknown,0,0,,17,3,0.857048,0,,0,2026-05-31 21:49:31
002e5c7880802f89,,unknown,0,0,,9,5,0.809509,0,,0,2026-05-31 21:49:31
002eef270abc533c,docs\documents-atlas-index.md#chunk-608,unknown,0,0,,15,2,0.980389,0,,0,2026-05-31 21:49:31
002fbf452f355e62,,unknown,0,0,,15,1,0.970826,0,,0,2026-05-31 21:49:31
00376eb299856fbe,docs\documents-atlas-index.md#chunk-623,unknown,0,0,,12,13,0.946836,0,,0,2026-05-31 21:49:31
004b71ea087384b7,,unknown,0,0,,18,13,1.003913,0,,0,2026-05-31 21:49:31
004cff5b333f1f92,,unknown,0,0,,19,,0.923081,0,,0,2026-05-31 21:49:31
004f8942bf2140ae,,unknown,0,0,,15,8,1.035212,0,,0,2026-05-31 21:49:31
0056213574662f41,,unknown,0,0,,10,14,0.855996,0,,0,2026-05-31 21:49:31
005b287a19bf51c2,,unknown,0,0,,19,11,1.027633,0,,0,2026-05-31 21:49:31
005d877f65beacff,docs\documents-atlas-index.md#chunk-309,unknown,0,0,,14,14,1.03213,0,,0,2026-05-31 21:49:31
006501fd958b9d97,,unknown,0,0,,19,8,0.915688,0,,0,2026-05-31 21:49:31
006535601f442f32,,unknown,0,0,,7,16,0.947125,0,,0,2026-05-31 21:49:31
006f14c54a2cbd19,,unknown,0,0,,19,4,0.961243,0,,0,2026-05-31 21:49:31
008b374b79d2d44e,,unknown,0,0,,14,12,0.935414,0,,0,2026-05-31 21:49:31
008c047432b8fdd4,,unknown,0,0,,19,12,0.928714,0,,0,2026-05-31 21:49:31
008d27b749e0742c,,unknown,0,0,,16,14,0.888321,0,,0,2026-05-31 21:49:31
00956a83446f98eb,,unknown,0,0,,19,7,0.925394,0,,0,2026-05-31 21:49:31
0099365f2954a7c8,docs\documents-atlas-index.md#chunk-252,unknown,0,0,,19,11,0.864264,0,,0,2026-05-31 21:49:31
009d83f27333771d,,unknown,0,0,,16,13,0.930988,0,,0,2026-05-31 21:49:31
00a337a7c6c8fadc,,unknown,0,0,,9,10,1.041646,0,,0,2026-05-31 21:49:31
00a7f26545d7a728,,unknown,0,0,,1,16,0.827452,0,,0,2026-05-31 21:49:31
00c2c6e692efd4a1,,unknown,0,0,,19,7,1.144693,0,,0,2026-05-31 21:49:31
00c681c077a81a5d,,unknown,0,0,,6,14,0.943133,0,,0,2026-05-31 21:49:31
00cab26de4491175,,unknown,0,0,,5,4,0.973204,0,,0,2026-05-31 21:49:31
00cadc920830512d,,unknown,0,0,,6,4,0.971498,0,,0,2026-05-31 21:49:31
00cd512fb4f9a7be,,unknown,0,0,,6,3,1.096558,0,,0,2026-05-31 21:49:31
00d6d263332b5312,,unknown,0,0,,,,0.966186,0,,0,2026-05-31 21:49:31
00d8acf7823fae83,,unknown,0,0,,,12,0.936021,0,,0,2026-05-31 21:49:31
00dcd72830a5244f,,unknown,0,0,,7,1,1.038807,0,,0,2026-05-31 21:49:31
00de915f0301dacb,,unknown,0,0,,8,17,1.04932,0,,0,2026-05-31 21:49:31
00e5d971c47c8ae9,,unknown,0,0,,19,2,0.9713,0,,0,2026-05-31 21:49:31
00e841b0b956f18e,,unknown,0,0,,,9,0.858783,0,,0,2026-05-31 21:49:31
00f4245426617dab,,unknown,0,0,,8,18,0.866042,0,,0,2026-05-31 21:49:31
00f9b72594f1e8c1,,unknown,0,0,,,15,1.017046,0,,0,2026-05-31 21:49:31
00ff4b115be2d0ba,,unknown,0,0,,3,,1.034036,0,,0,2026-05-31 21:49:31
010d0b2d9524ea21,,unknown,0,0,,15,9,0.946318,0,,0,2026-05-31 21:49:31
01173cbc9ea61255,,unknown,0,0,,16,10,1.047859,0,,0,2026-05-31 21:49:31
01195c4fd7875b60,docs\documents-atlas-index.md#chunk-1317,unknown,0,0,,6,5,0.879263,0,,0,2026-05-31 21:49:31
0129e35b12f3d546,,unknown,0,0,,12,13,0.998818,0,,0,2026-05-31 21:49:31
012bdcf41b358b39,,unknown,0,0,,16,1,0.93939,0,,0,2026-05-31 21:49:31
012eadc6ea32515f,,unknown,0,0,,12,2,0.951552,0,,0,2026-05-31 21:49:31
013d249936c805aa,,unknown,0,0,,17,18,0.904948,0,,0,2026-05-31 21:49:31
013f2ecd0be93182,,unknown,0,0,,8,,1.079169,0,,0,2026-05-31 21:49:31
015d0d46e2512b31,,unknown,0,0,,9,5,0.918053,0,,0,2026-05-31 21:49:31
015f759e91f3e398,,unknown,0,0,,19,11,0.92199,0,,0,2026-05-31 21:49:31
015fdb847bd4b1fe,,unknown,0,0,,12,,1.013689,0,,0,2026-05-31 21:49:31
0167f3ca94dc2620,docs\documents-atlas-index.md#chunk-1184,unknown,0,0,,19,5,0.972332,0,,0,2026-05-31 21:49:31
0172337b4ed348d6,,unknown,0,0,,12,18,1.002539,0,,0,2026-05-31 21:49:31
01894a389e7eff90,,unknown,0,0,,19,4,0.83227,0,,0,2026-05-31 21:49:31
018ec061477a0264,,unknown,0,0,,19,3,0.921846,0,,0,2026-05-31 21:49:31
018ee3a7166e2539,,unknown,0,0,,19,4,0.894636,0,,0,2026-05-31 21:49:31
0192524efece8a97,,unknown,0,0,,19,5,0.993162,0,,0,2026-05-31 21:49:31
019a1a18c5a36961,,unknown,0,0,,8,2,0.819004,0,,0,2026-05-31 21:49:31
01a390422666396a,,unknown,0,0,,3,19,0.778979,0,,0,2026-05-31 21:49:31
01a62b77dc3374be,,unknown,0,0,,2,4,0.877208,0,,0,2026-05-31 21:49:31
01a862043c8c156e,,unknown,0,0,,,,0.866649,0,,0,2026-05-31 21:49:31
01aebc03901a5aaf,docs\documents-atlas-index.md#chunk-354,unknown,0,0,,9,4,1.027301,0,,0,2026-05-31 21:49:31
01c20b96e1e377a3,,unknown,0,0,,4,2,0.920543,0,,0,2026-05-31 21:49:31
01c469b5c1811b96,,unknown,0,0,,,8,0.786116,0,,0,2026-05-31 21:49:31
01c6a5605c27e5fc,,unknown,0,0,,1,19,0.864111,0,,0,2026-05-31 21:49:31
01cb823b12408bc0,,unknown,0,0,,,3,1.030411,0,,0,2026-05-31 21:49:31
01d16f576344841f,,unknown,0,0,,3,2,0.842573,0,,0,2026-05-31 21:49:31
01e1657967e949c1,,unknown,0,0,,,,0.844167,0,,0,2026-05-31 21:49:31
01e6b01a790663ca,,unknown,0,0,,9,19,0.824074,0,,0,2026-05-31 21:49:31
01f0ae80c775d8da,,unknown,0,0,,5,10,0.907196,0,,0,2026-05-31 21:49:31
01f0af8d35f3583f,docs\documents-atlas-index.md#chunk-212,unknown,0,0,,5,,0.955849,0,,0,2026-05-31 21:49:31
01f58df7c9edcea9,docs\documents-atlas-index.md#chunk-837,unknown,0,0,,10,8,1.040166,0,,0,2026-05-31 21:49:31
01f7d6e3e42cede9,,unknown,0,0,,,13,1.063271,0,,0,2026-05-31 21:49:31
02017f5bee894a7b,,unknown,0,0,,8,4,0.934767,0,,0,2026-05-31 21:49:31
020b6f5f39b7233c,,unknown,0,0,,7,,0.961743,0,,0,2026-05-31 21:49:31
0212cb44df359a58,,unknown,0,0,,13,4,0.853396,0,,0,2026-05-31 21:49:31
0214853329b1f651,,unknown,0,0,,18,10,0.895562,0,,0,2026-05-31 21:49:31
021b14a2f39ec72e,,unknown,0,0,,19,9,0.947969,0,,0,2026-05-31 21:49:31
021ced9efb90d060,,unknown,0,0,,14,5,0.998127,0,,0,2026-05-31 21:49:31
021f2c521a230f3a,,unknown,0,0,,9,5,0.945547,0,,0,2026-05-31 21:49:31
023025f3514b11ff,,unknown,0,0,,17,15,0.935706,0,,0,2026-05-31 21:49:31
023116f7dd2d2791,,unknown,0,0,,19,6,0.845297,0,,0,2026-05-31 21:49:31
02318915bf53fc79,docs\documents-atlas-index.md#chunk-315,unknown,0,0,,19,8,0.911515,0,,0,2026-05-31 21:49:31
0232b28b94b16a2e,,unknown,0,0,,9,19,0.806888,0,,0,2026-05-31 21:49:31
0236a70ae076de62,,unknown,0,0,,9,14,0.974871,0,,0,2026-05-31 21:49:31
023a357b64af438a,,unknown,0,0,,16,15,0.990781,0,,0,2026-05-31 21:49:31
023ae7c3181a79ff,,unknown,0,0,,19,4,0.973217,0,,0,2026-05-31 21:49:31
023f71fd6a387629,,unknown,0,0,,17,10,1.011778,0,,0,2026-05-31 21:49:31
024f8973c0da4e20,,unknown,0,0,,17,,0.863366,0,,0,2026-05-31 21:49:31
02611fa6e5886c23,,unknown,0,0,,10,7,0.890544,0,,0,2026-05-31 21:49:31
026319be52caef60,,unknown,0,0,,19,9,1.079058,0,,0,2026-05-31 21:49:31
02660f795d104c53,,unknown,0,0,,2,,0.973183,0,,0,2026-05-31 21:49:31
026f931d5ddb4e15,,unknown,0,0,,19,3,0.972632,0,,0,2026-05-31 21:49:31
0270849ffd85b308,,unknown,0,0,,19,8,0.918361,0,,0,2026-05-31 21:49:31
0276c4d0906fd014,,unknown,0,0,,19,7,0.91779,0,,0,2026-05-31 21:49:31
027b97529e921d16,,unknown,0,0,,12,7,0.90027,0,,0,2026-05-31 21:49:31
027d9c66454518f1,docs\documents-atlas-index.md#chunk-1070,unknown,0,0,,14,9,0.91837,0,,0,2026-05-31 21:49:31
027f978ee9724521,docs\documents-atlas-index.md#chunk-306,unknown,0,0,,15,9,0.877565,0,,0,2026-05-31 21:49:31
029772b692b7d3c4,,unknown,0,0,,19,12,0.853831,0,,0,2026-05-31 21:49:31
029c081fcb7c687e,,unknown,0,0,,19,6,0.923027,0,,0,2026-05-31 21:49:31
029c99c656679142,,unknown,0,0,,17,11,0.846907,0,,0,2026-05-31 21:49:31
02abca46b74f6b1a,,unknown,0,0,,10,4,0.777643,0,,0,2026-05-31 21:49:31
02b13f822614c604,,unknown,0,0,,,5,0.717609,0,,0,2026-05-31 21:49:31
02b25302bb18b930,,unknown,0,0,,,6,0.747974,0,,0,2026-05-31 21:49:31
02b3dedbacb85f9b,,unknown,0,0,,10,,1.062547,0,,0,2026-05-31 21:49:31
02bb250e49554089,,unknown,0,0,,3,1,0.891175,0,,0,2026-05-31 21:49:31
02bdad5e94d6af6b,,unknown,0,0,,8,5,1.008508,0,,0,2026-05-31 21:49:31
02bf23f02b4eca0e,,unknown,0,0,,,15,1.097371,0,,0,2026-05-31 21:49:31
02c85f601b99752a,,unknown,0,0,,,,0.737704,0,,0,2026-05-31 21:49:31
02cb8a2cae16bdae,docs\documents-atlas-index.md#chunk-531,unknown,0,0,,5,5,0.952363,0,,0,2026-05-31 21:49:31
02cf69b0e9b24066,,unknown,0,0,,8,2,0.956654,0,,0,2026-05-31 21:49:31
02cfd0e189b724dc,,unknown,0,0,,,19,1.148936,0,,0,2026-05-31 21:49:31
02d6d5dac6b75c56,docs\documents-atlas-index.md#chunk-63,unknown,0,0,,7,12,0.994065,0,,0,2026-05-31 21:49:31
02db9392f4e32836,,unknown,0,0,,6,3,0.877353,0,,0,2026-05-31 21:49:31
02df2d195de7e47d,,unknown,0,0,,3,,0.922277,0,,0,2026-05-31 21:49:31
02e15aaa64e9547b,,unknown,0,0,,3,1,0.935465,0,,0,2026-05-31 21:49:31
02e1bdb43a4d9ec0,,unknown,0,0,,18,3,1.124245,0,,0,2026-05-31 21:49:31
02ed82fbdc75c973,docs\documents-atlas-index.md#chunk-1203,unknown,0,0,,,8,0.969253,0,,0,2026-05-31 21:49:31
02f6e7fb7c0e7451,,unknown,0,0,,,,1.089763,0,,0,2026-05-31 21:49:31
0300dcfc4d23344d,,unknown,0,0,,9,19,1.029993,0,,0,2026-05-31 21:49:31
0308f531c85d5804,docs\documents-atlas-index.md#chunk-796,unknown,0,0,,19,5,0.735746,0,,0,2026-05-31 21:49:31
031db91771dd5a02,,unknown,0,0,,18,,0.869931,0,,0,2026-05-31 21:49:31
032019ce1bf0345c,,unknown,0,0,,14,16,1.026508,0,,0,2026-05-31 21:49:31
0324eb2e3143a773,,unknown,0,0,,10,13,1.001738,0,,0,2026-05-31 21:49:31
03351baa29fba5a5,,unknown,0,0,,18,11,1.00207,0,,0,2026-05-31 21:49:31
0335e87d2bafa7ce,docs\CODEBASE_DIRECTORY_MAP.md#chunk-26,unknown,0,0,,11,18,1.058962,0,,0,2026-05-31 21:49:31
033b0ad8edfee3dd,docs\documents-atlas-index.md#chunk-1221,unknown,0,0,,16,10,1.020623,0,,0,2026-05-31 21:49:31
034485c9b005446b,,unknown,0,0,,16,12,0.871072,0,,0,2026-05-31 21:49:31
035aa2a7fec2c54b,,unknown,0,0,,12,1,1.091918,0,,0,2026-05-31 21:49:31
035c522ebbbcdd5d,,unknown,0,0,,14,5,1.014893,0,,0,2026-05-31 21:49:31
0361210742dfdd6e,,unknown,0,0,,12,13,1.007357,0,,0,2026-05-31 21:49:31
037012482cc4474e,,unknown,0,0,,11,17,0.963175,0,,0,2026-05-31 21:49:31
037cb9a27af5e9cf,,unknown,0,0,,14,16,1.048754,0,,0,2026-05-31 21:49:31
037cc690ff5106e3,,unknown,0,0,,17,3,0.887821,0,,0,2026-05-31 21:49:31
0389628fc25d5306,,unknown,0,0,,19,7,0.853572,0,,0,2026-05-31 21:49:31
0389b5452057662b,,unknown,0,0,,8,18,0.800864,0,,0,2026-05-31 21:49:31
03949a93ee80ba1d,,unknown,0,0,,7,8,0.85275,0,,0,2026-05-31 21:49:31
0397414aa7006adb,,unknown,0,0,,11,19,0.803857,0,,0,2026-05-31 21:49:31
039ca9bf82d025c0,,unknown,0,0,,14,14,1.047637,0,,0,2026-05-31 21:49:31
039d069c35daff3f,,unknown,0,0,,13,10,1.030057,0,,0,2026-05-31 21:49:31
03a346cecd4eb6b7,,unknown,0,0,,,5,1.080106,0,,0,2026-05-31 21:49:31
03a3f03f7314dd19,,unknown,0,0,,4,15,0.878733,0,,0,2026-05-31 21:49:31
03a5f9488be47441,,unknown,0,0,,,,0.878752,0,,0,2026-05-31 21:49:31
03aad3579e2ed28c,,unknown,0,0,,,17,0.977164,0,,0,2026-05-31 21:49:31
03b09f2d51609f2f,,unknown,0,0,,4,4,0.865869,0,,0,2026-05-31 21:49:31
03b5760840e471ae,docs\documents-atlas-index.md#chunk-1262,unknown,0,0,,,,0.994452,0,,0,2026-05-31 21:49:31
03c70049866f88b0,,unknown,0,0,,,,0.880237,0,,0,2026-05-31 21:49:31
03d373cd3e1f8ec5,,unknown,0,0,,,,1.122338,0,,0,2026-05-31 21:49:31
03e0fbe1c46ea382,,unknown,0,0,,,9,1.042104,0,,0,2026-05-31 21:49:31
03e14cfaf790ed77,,unknown,0,0,,,9,0.78915,0,,0,2026-05-31 21:49:31
03e74a376a075bf3,,unknown,0,0,,,1,0.798322,0,,0,2026-05-31 21:49:31
03ef83c8a052b0c0,,unknown,0,0,,,9,1.037395,0,,0,2026-05-31 21:49:31
03fb1f6ad5cf910d,,unknown,0,0,,7,1,1.056403,0,,0,2026-05-31 21:49:31
04019748644a4b52,,unknown,0,0,,19,4,0.821832,0,,0,2026-05-31 21:49:31
040392cd7175123d,docs\documents-atlas-index.md#chunk-57,unknown,0,0,,14,16,0.958949,0,,0,2026-05-31 21:49:31
040ebac4853b857e,,unknown,0,0,,17,3,0.919183,0,,0,2026-05-31 21:49:31
0412233b68ea1040,,unknown,0,0,,19,7,0.958592,0,,0,2026-05-31 21:49:31
0421c55eea4d6d01,,unknown,0,0,,19,5,0.863639,0,,0,2026-05-31 21:49:31
0429e0aeeeaa8b31,,unknown,0,0,,19,4,1.053501,0,,0,2026-05-31 21:49:31
04353af433cb3049,docs\documents-atlas-index.md#chunk-498,unknown,0,0,,17,8,0.936128,0,,0,2026-05-31 21:49:31
0439f41a871f30bf,,unknown,0,0,,10,19,0.883386,0,,0,2026-05-31 21:49:31
0440b16fc04889ab,,unknown,0,0,,10,19,0.850646,0,,0,2026-05-31 21:49:31
0448d0e2225cd18b,,unknown,0,0,,19,7,0.993196,0,,0,2026-05-31 21:49:31
044acab38aa95f00,,unknown,0,0,,12,,0.920318,0,,0,2026-05-31 21:49:31
04517a30c0c92331,,unknown,0,0,,7,,0.922285,0,,0,2026-05-31 21:49:31
04563ad7bc7bd3d0,,unknown,0,0,,18,8,0.933627,0,,0,2026-05-31 21:49:31
04679597b5d364ef,docs\documents-atlas-index.md#chunk-907,unknown,0,0,,13,17,0.858218,0,,0,2026-05-31 21:49:31
047159a0680d8316,docs\documents-atlas-index.md#chunk-418,unknown,0,0,,19,7,0.793484,0,,0,2026-05-31 21:49:31
04773c08dafa7f33,,unknown,0,0,,13,3,0.823934,0,,0,2026-05-31 21:49:31
048699597e424ba8,,unknown,0,0,,11,19,0.818589,0,,0,2026-05-31 21:49:31
04b4ee5de7bdeaa7,,unknown,0,0,,8,9,1.065777,0,,0,2026-05-31 21:49:31
04b8d3f6aad31e54,,unknown,0,0,,,14,0.964899,0,,0,2026-05-31 21:49:31
04c0ad5d7822d926,,unknown,0,0,,,6,0.829118,0,,0,2026-05-31 21:49:31
04c4d90bb8f8c7d1,,unknown,0,0,,,5,1.045867,0,,0,2026-05-31 21:49:31
04c6160442547efb,,unknown,0,0,,8,18,0.883216,0,,0,2026-05-31 21:49:31
04d0d4b7cde00939,,unknown,0,0,,,14,1.006088,0,,0,2026-05-31 21:49:31
04d221fed2e1043f,,unknown,0,0,,,5,1.11868,0,,0,2026-05-31 21:49:31
04d791ea740d5b0a,,unknown,0,0,,6,16,1.013878,0,,0,2026-05-31 21:49:31
04db420d8ba99288,,unknown,0,0,,,,0.88547,0,,0,2026-05-31 21:49:31
04e718be5af03b1d,,unknown,0,0,,6,15,1.052238,0,,0,2026-05-31 21:49:31
04eb24394995dd6a,,unknown,0,0,,6,7,0.875177,0,,0,2026-05-31 21:49:31
04ee4ff3c992daec,,unknown,0,0,,6,8,0.98307,0,,0,2026-05-31 21:49:31
0508f90968fbe9db,,unknown,0,0,,19,6,0.986109,0,,0,2026-05-31 21:49:31
0509751baf2a0190,,unknown,0,0,,19,6,0.839667,0,,0,2026-05-31 21:49:31
051ffb686fcffc0f,docs\documents-atlas-index.md#chunk-360,unknown,0,0,,13,,0.971025,0,,0,2026-05-31 21:49:31
052137b6ec09464b,docs\documents-atlas-index.md#chunk-1139,unknown,0,0,,16,9,0.921417,0,,0,2026-05-31 21:49:31
05250dc8f40383f5,,unknown,0,0,,18,10,0.89038,0,,0,2026-05-31 21:49:31
052d2ee3ad5c295e,,unknown,0,0,,14,3,0.913964,0,,0,2026-05-31 21:49:31
053cab5faf25f0f7,,unknown,0,0,,18,6,1.080878,0,,0,2026-05-31 21:49:31
0544214fb38fcf9a,,unknown,0,0,,19,8,0.942652,0,,0,2026-05-31 21:49:31
054729cd34017f3e,,unknown,0,0,,10,19,0.872163,0,,0,2026-05-31 21:49:31
054b73931c0bf374,docs\documents-atlas-index.md#chunk-808,unknown,0,0,,19,6,0.879067,0,,0,2026-05-31 21:49:31
0556d469083645d7,,unknown,0,0,,9,19,0.830858,0,,0,2026-05-31 21:49:31
055bafc6e978f31d,docs\documents-atlas-index.md#chunk-868,unknown,0,0,,15,9,0.922291,0,,0,2026-05-31 21:49:31
055de8d46baffa85,,unknown,0,0,,17,,0.964591,0,,0,2026-05-31 21:49:31
0566387d5eff8880,,unknown,0,0,,19,5,0.981817,0,,0,2026-05-31 21:49:31
05714f67afff10e9,,unknown,0,0,,16,4,0.932037,0,,0,2026-05-31 21:49:31
058cf870fc1acd74,,unknown,0,0,,18,3,0.876394,0,,0,2026-05-31 21:49:31
05913a2dd06a77dd,,unknown,0,0,,14,8,0.997552,0,,0,2026-05-31 21:49:31
0599b10c08506da8,,unknown,0,0,,10,19,0.781766,0,,0,2026-05-31 21:49:31
05a0fbf9f7cde6bb,,unknown,0,0,,12,8,1.108244,0,,0,2026-05-31 21:49:31
05ab0ae1637b9694,,unknown,0,0,,4,2,0.953965,0,,0,2026-05-31 21:49:31
05b2f5ac9c1b7c79,,unknown,0,0,,,16,0.991382,0,,0,2026-05-31 21:49:31
05bb62e8302a684e,,unknown,0,0,,,19,1.074631,0,,0,2026-05-31 21:49:31
05bcbb072f3dd81a,,unknown,0,0,,9,,1.061324,0,,0,2026-05-31 21:49:31
05c43bf3349e47ee,,unknown,0,0,,,,1.024334,0,,0,2026-05-31 21:49:31
05cd8b714b55f3bb,,unknown,0,0,,,1,0.964973,0,,0,2026-05-31 21:49:31
05d1b5a92a1ff72c,,unknown,0,0,,,17,0.916116,0,,0,2026-05-31 21:49:31
05d994fd4596e79f,,unknown,0,0,,,15,0.903488,0,,0,2026-05-31 21:49:31
05e231e99ef3f457,,unknown,0,0,,,5,0.978123,0,,0,2026-05-31 21:49:31
05e4b943b719a6d0,,unknown,0,0,,,7,0.937581,0,,0,2026-05-31 21:49:31
05e59657ea3db16b,,unknown,0,0,,,2,0.907381,0,,0,2026-05-31 21:49:31
05f4961864314ada,,unknown,0,0,,8,18,0.772431,0,,0,2026-05-31 21:49:31
05f5056aa6669196,,unknown,0,0,,,3,0.775656,0,,0,2026-05-31 21:49:31
05f6831a5fbbd1ea,docs\documents-atlas-index.md#chunk-1014,unknown,0,0,,,,1.072593,0,,0,2026-05-31 21:49:31
05f9f5d9f767ea6d,,unknown,0,0,,,14,0.775872,0,,0,2026-05-31 21:49:31
05fce994c47c773b,,unknown,0,0,,10,5,0.891834,0,,0,2026-05-31 21:49:31
0609237b0d9504f5,,unknown,0,0,,13,18,0.905662,0,,0,2026-05-31 21:49:31
06173fb4ef93cc2c,,unknown,0,0,,12,7,0.944986,0,,0,2026-05-31 21:49:31
061760922cce4bc8,docs\documents-atlas-index.md#chunk-1006,unknown,0,0,,19,2,0.926787,0,,0,2026-05-31 21:49:31
061c2d86d51f4b19,,unknown,0,0,,19,1,0.756556,0,,0,2026-05-31 21:49:31
061ec4f440ad977a,,unknown,0,0,,19,3,0.996401,0,,0,2026-05-31 21:49:31
061effad255ce2cf,,unknown,0,0,,19,5,1.170697,0,,0,2026-05-31 21:49:31
06221c22dbb3b924,,unknown,0,0,,14,8,0.915632,0,,0,2026-05-31 21:49:31
0629d0e5f60c1262,,unknown,0,0,,19,6,0.902532,0,,0,2026-05-31 21:49:31
06306d4392a3a488,,unknown,0,0,,18,10,0.85757,0,,0,2026-05-31 21:49:31
064465cdbce86dce,,unknown,0,0,,12,19,0.949075,0,,0,2026-05-31 21:49:31
064e620ccaa385f5,,unknown,0,0,,19,10,1.021383,0,,0,2026-05-31 21:49:31
0654f0007e37c96f,,unknown,0,0,,6,18,0.820348,0,,0,2026-05-31 21:49:31
066592ecd06549c2,,unknown,0,0,,18,12,0.915709,0,,0,2026-05-31 21:49:31
0667d02616adcd93,,unknown,0,0,,10,13,0.913502,0,,0,2026-05-31 21:49:31
067f03d74265c4b5,,unknown,0,0,,19,12,0.845613,0,,0,2026-05-31 21:49:31
068120390fa0fc3d,,unknown,0,0,,10,15,0.942813,0,,0,2026-05-31 21:49:31
0693f8500cbd6430,,unknown,0,0,,19,5,0.89826,0,,0,2026-05-31 21:49:31
069c52abdfe2f54d,,unknown,0,0,,16,10,1.0844,0,,0,2026-05-31 21:49:31
069f33a2b9dd5049,,unknown,0,0,,17,8,0.893925,0,,0,2026-05-31 21:49:31
06a8be201ba5128c,,unknown,0,0,,5,,0.912916,0,,0,2026-05-31 21:49:31
06aa93b33e7fe13f,,unknown,0,0,,,15,1.033461,0,,0,2026-05-31 21:49:31
06ae29bfcd287bad,,unknown,0,0,,7,5,1.057737,0,,0,2026-05-31 21:49:31
06b63170971c16e8,,unknown,0,0,,,,0.885743,0,,0,2026-05-31 21:49:31
06bef17916220496,,unknown,0,0,,,17,0.949137,0,,0,2026-05-31 21:49:31
06c9468d84538033,,unknown,0,0,,,2,0.739262,0,,0,2026-05-31 21:49:31
06ce08b9051d7178,,unknown,0,0,,,,1.009617,0,,0,2026-05-31 21:49:31
06db98ad2bb5f38f,,unknown,0,0,,,15,1.065211,0,,0,2026-05-31 21:49:31
06e6f87760239499,,unknown,0,0,,3,18,0.771257,0,,0,2026-05-31 21:49:31
06ed075d405b1ca8,,unknown,0,0,,4,,1.026786,0,,0,2026-05-31 21:49:31
06f419cac345e1a7,,unknown,0,0,,,6,1.040437,0,,0,2026-05-31 21:49:31
06ff6c20443e8957,,unknown,0,0,,4,,0.811402,0,,0,2026-05-31 21:49:31
070025b3d97fb492,,unknown,0,0,,19,8,0.810278,0,,0,2026-05-31 21:49:31
0708595c0015dc9b,,unknown,0,0,,11,15,0.846198,0,,0,2026-05-31 21:49:31
070f0047be8bf8f3,,unknown,0,0,,19,8,0.94014,0,,0,2026-05-31 21:49:31
071419c3faf5f7b1,,unknown,0,0,,18,10,0.968223,0,,0,2026-05-31 21:49:31
07161c04dc171bb0,,unknown,0,0,,15,5,0.955589,0,,0,2026-05-31 21:49:31
071a8566467fedb7,,unknown,0,0,,19,2,0.827008,0,,0,2026-05-31 21:49:31
071aeea2b4e8116e,,unknown,0,0,,12,,0.926554,0,,0,2026-05-31 21:49:31
072f85c4c0c2ec73,,unknown,0,0,,16,10,0.964588,0,,0,2026-05-31 21:49:31
07374f73fca5209d,,unknown,0,0,,8,,0.913877,0,,0,2026-05-31 21:49:31
073a51f749b16299,,unknown,0,0,,18,12,0.835264,0,,0,2026-05-31 21:49:31
073d066ac3e976c1,,unknown,0,0,,19,11,0.920284,0,,0,2026-05-31 21:49:31
0740b5c0aeb07a39,,unknown,0,0,,9,14,0.975355,0,,0,2026-05-31 21:49:31
0741f028bb282f11,docs\documents-atlas-index.md#chunk-397,unknown,0,0,,7,17,0.872971,0,,0,2026-05-31 21:49:31
07434a92a7280f6a,,unknown,0,0,,9,6,0.777931,0,,0,2026-05-31 21:49:31
0746ef4043c997cd,,unknown,0,0,,11,15,1.001748,0,,0,2026-05-31 21:49:31
076ae5cfea2f68a5,,unknown,0,0,,19,5,0.999861,0,,0,2026-05-31 21:49:31
076f1ec3bdc925b7,,unknown,0,0,,12,,0.934751,0,,0,2026-05-31 21:49:31
077053a7ab52d00e,,unknown,0,0,,18,10,0.880948,0,,0,2026-05-31 21:49:31
07734b9c80bfd70b,,unknown,0,0,,15,9,0.994425,0,,0,2026-05-31 21:49:31
077c04205fbf3810,,unknown,0,0,,19,3,0.963109,0,,0,2026-05-31 21:49:31
077c96c2d6b0efeb,,unknown,0,0,,16,12,0.993209,0,,0,2026-05-31 21:49:31
0785fec690c7270a,,unknown,0,0,,10,13,0.95026,0,,0,2026-05-31 21:49:31
0788c0b9a948cc18,,unknown,0,0,,6,14,0.829007,0,,0,2026-05-31 21:49:31
079437f0d916d9f3,,unknown,0,0,,18,10,0.856253,0,,0,2026-05-31 21:49:31
07958de568d73607,,unknown,0,0,,13,10,0.918336,0,,0,2026-05-31 21:49:31
0795d80b627a4210,,unknown,0,0,,19,5,0.865172,0,,0,2026-05-31 21:49:31
07b28423efe87a6c,,unknown,0,0,,7,6,0.873443,0,,0,2026-05-31 21:49:31
07b82b7941a15d32,,unknown,0,0,,4,2,0.723155,0,,0,2026-05-31 21:49:31
07bf860eb4f477a6,,unknown,0,0,,5,1,1.007366,0,,0,2026-05-31 21:49:31
07c1d1f8c82336ab,,unknown,0,0,,6,19,0.94409,0,,0,2026-05-31 21:49:31
07c292d3ed527a53,,unknown,0,0,,,9,0.802309,0,,0,2026-05-31 21:49:31
07c61b776ecd3fc6,,unknown,0,0,,1,,0.879008,0,,0,2026-05-31 21:49:31
07c9d9a3816ab43c,,unknown,0,0,,,17,0.951622,0,,0,2026-05-31 21:49:31
07cd4ba9f32c91d1,,unknown,0,0,,9,4,1.08065,0,,0,2026-05-31 21:49:31
07d7d8e5161e44a9,,unknown,0,0,,19,5,1.017815,0,,0,2026-05-31 21:49:31
07d8f913f8dfddd6,docs\documents-atlas-index.md#chunk-1165,unknown,0,0,,19,2,1.062657,0,,0,2026-05-31 21:49:31
07e7272d3adebe7f,,unknown,0,0,,,,0.971919,0,,0,2026-05-31 21:49:31
07e7aef228c3ffda,,unknown,0,0,,,16,1.012549,0,,0,2026-05-31 21:49:31
07ea0c508a1beae6,docs\documents-atlas-index.md#chunk-327,unknown,0,0,,2,,0.934901,0,,0,2026-05-31 21:49:31
07f206acf7019255,,unknown,0,0,,,6,0.912346,0,,0,2026-05-31 21:49:31
07f2072a5e6596b9,,unknown,0,0,,,,0.710723,0,,0,2026-05-31 21:49:31
07f3e19f15ec88fb,,unknown,0,0,,10,19,1.006887,0,,0,2026-05-31 21:49:31
0801d80cbdb33641,,unknown,0,0,,10,16,1.0663,0,,0,2026-05-31 21:49:31
08047446ec2d02b8,,unknown,0,0,,19,6,0.870585,0,,0,2026-05-31 21:49:31
08081ed9366df3f4,docs\documents-atlas-index.md#chunk-702,unknown,0,0,,18,10,0.927565,0,,0,2026-05-31 21:49:31
080ee60099d72133,,unknown,0,0,,17,3,0.967766,0,,0,2026-05-31 21:49:31
08183445e7be778b,,unknown,0,0,,19,8,0.882123,0,,0,2026-05-31 21:49:31
082ca53da734c842,,unknown,0,0,,19,8,0.932829,0,,0,2026-05-31 21:49:31
083d6bd814f49a59,,unknown,0,0,,13,10,0.952275,0,,0,2026-05-31 21:49:31
083e26d2cfe5f2f0,,unknown,0,0,,18,10,1.053014,0,,0,2026-05-31 21:49:31
084583552fa0535b,docs\CODEBASE_INDEXING_PIPELINE.md#chunk-2,unknown,0,0,,11,18,0.885748,0,,0,2026-05-31 21:49:31
084b96a3299aa080,docs\documents-atlas-index.md#chunk-182,unknown,0,0,,19,9,0.807323,0,,0,2026-05-31 21:49:31
085ab229893853e1,,unknown,0,0,,19,6,0.901339,0,,0,2026-05-31 21:49:31
085cea915b6afbe5,,unknown,0,0,,18,1,0.8073,0,,0,2026-05-31 21:49:31
0861834e1692eae4,,unknown,0,0,,12,16,0.91261,0,,0,2026-05-31 21:49:31
086ac9a263e750fb,,unknown,0,0,,15,16,0.949257,0,,0,2026-05-31 21:49:31
086faf5c12e712a1,,unknown,0,0,,8,,1.050594,0,,0,2026-05-31 21:49:31
0871c6e841964ac0,,unknown,0,0,,9,18,0.818675,0,,0,2026-05-31 21:49:31
087a30924a38c185,docs\documents-atlas-index.md#chunk-852,unknown,0,0,,19,9,0.804285,0,,0,2026-05-31 21:49:31
087e0fac6b44922b,,unknown,0,0,,16,10,1.011659,0,,0,2026-05-31 21:49:31
0881a26cc554bfd7,,unknown,0,0,,10,17,0.880343,0,,0,2026-05-31 21:49:31
08846510787dd38c,,unknown,0,0,,19,8,0.829438,0,,0,2026-05-31 21:49:31
089064da63695562,,unknown,0,0,,18,12,0.953507,0,,0,2026-05-31 21:49:31
0892c1c8d02daacc,,unknown,0,0,,9,18,1.0105,0,,0,2026-05-31 21:49:31
0894feec6574a16e,docs\documents-atlas-index.md#chunk-1283,unknown,0,0,,8,14,1.059076,0,,0,2026-05-31 21:49:31
08a4c83677eb58ab,,unknown,0,0,,8,18,0.979049,0,,0,2026-05-31 21:49:31
08a7de233400b740,,unknown,0,0,,,12,0.890453,0,,0,2026-05-31 21:49:31
08b47366dd8bec6f,,unknown,0,0,,3,8,0.923262,0,,0,2026-05-31 21:49:31
08b83bbeab3d7519,docs\documents-atlas-index.md#chunk-1263,unknown,0,0,,1,3,0.951008,0,,0,2026-05-31 21:49:31
08c58f7b339466f3,,unknown,0,0,,,,0.840516,0,,0,2026-05-31 21:49:31
08d56597c7a25f9d,,unknown,0,0,,8,7,0.727805,0,,0,2026-05-31 21:49:31
08d90b1a5f8275de,,unknown,0,0,,,,0.862652,0,,0,2026-05-31 21:49:31
08e162dd4e16a18a,,unknown,0,0,,,15,1.014363,0,,0,2026-05-31 21:49:31
08e601345a77b72b,docs\documents-atlas-index.md#chunk-1194,unknown,0,0,,,1,0.810596,0,,0,2026-05-31 21:49:31
08e82543d5c3dbe7,,unknown,0,0,,,6,0.940136,0,,0,2026-05-31 21:49:31
08eb46f902702fe5,,unknown,0,0,,8,11,1.027074,0,,0,2026-05-31 21:49:31
08eb6b6b14f371ef,,unknown,0,0,,4,,0.955959,0,,0,2026-05-31 21:49:31
08ec468452dcedfd,,unknown,0,0,,11,10,1.06741,0,,0,2026-05-31 21:49:31
08ec7290ee5a83f3,,unknown,0,0,,18,3,0.98795,0,,0,2026-05-31 21:49:31
08f0a3adb7b01c18,,unknown,0,0,,6,14,0.962709,0,,0,2026-05-31 21:49:31
08fb6bc427aa8982,,unknown,0,0,,6,,0.919315,0,,0,2026-05-31 21:49:31
0915a4d50ff655d8,,unknown,0,0,,11,18,0.952769,0,,0,2026-05-31 21:49:31
091d407ca92de9d7,,unknown,0,0,,19,8,0.945671,0,,0,2026-05-31 21:49:31
092738d9cb84a567,,unknown,0,0,,18,10,0.778702,0,,0,2026-05-31 21:49:31
0928e79d24198bda,docs\documents-atlas-index.md#chunk-40,unknown,0,0,,10,19,0.669309,0,,0,2026-05-31 21:49:31
092dfc3f25d2164f,docs\documents-atlas-index.md#chunk-1219,unknown,0,0,,10,14,1.080122,0,,0,2026-05-31 21:49:31
0935366cf26305e5,,unknown,0,0,,19,10,0.864493,0,,0,2026-05-31 21:49:31
094a6b8774d48de9,,unknown,0,0,,13,10,0.917854,0,,0,2026-05-31 21:49:31
0950be21f18f7495,,unknown,0,0,,19,5,0.772129,0,,0,2026-05-31 21:49:31
09535d63247e6fe3,,unknown,0,0,,19,2,0.835789,0,,0,2026-05-31 21:49:31
09710e28a13215f7,,unknown,0,0,,16,9,0.93959,0,,0,2026-05-31 21:49:31
0986e4da4a0c5fbc,,unknown,0,0,,9,19,0.928406,0,,0,2026-05-31 21:49:31
09880ca59d8c75be,,unknown,0,0,,19,5,0.987633,0,,0,2026-05-31 21:49:31
098a16a6343fe0b9,docs\documents-atlas-index.md#chunk-632,unknown,0,0,,19,11,0.862052,0,,0,2026-05-31 21:49:31
09929897416909cb,,unknown,0,0,,10,19,0.724014,0,,0,2026-05-31 21:49:31
0995afe6577e42a0,,unknown,0,0,,19,5,0.888331,0,,0,2026-05-31 21:49:31
09a90856bf5256e0,,unknown,0,0,,,3,0.804472,0,,0,2026-05-31 21:49:31
09b234c8545c6a0e,,unknown,0,0,,,19,0.92277,0,,0,2026-05-31 21:49:31
09bd12f08be091e4,,unknown,0,0,,,,1.112989,0,,0,2026-05-31 21:49:31
09c9d0481f5d997e,,unknown,0,0,,1,19,0.869783,0,,0,2026-05-31 21:49:31
09ccace457973659,,unknown,0,0,,7,3,0.893531,0,,0,2026-05-31 21:49:31
09cd5259a2272185,,unknown,0,0,,4,4,0.791434,0,,0,2026-05-31 21:49:31
09d43e0963e2b96c,,unknown,0,0,,3,,0.823843,0,,0,2026-05-31 21:49:31
09d8f7abd972946d,,unknown,0,0,,4,16,0.842273,0,,0,2026-05-31 21:49:31
09daf410d57f5082,,unknown,0,0,,7,4,0.975866,0,,0,2026-05-31 21:49:31
09df40a529f8a900,,unknown,0,0,,,5,1.043555,0,,0,2026-05-31 21:49:31
09e6c552543ded98,,unknown,0,0,,,15,0.817368,0,,0,2026-05-31 21:49:31
09fad4599e3be351,,unknown,0,0,,,15,0.955461,0,,0,2026-05-31 21:49:31
0a04b7433cb0fc47,,unknown,0,0,,9,14,1.002538,0,,0,2026-05-31 21:49:31
0a0d4d3cb0871d93,docs\documents-atlas-index.md#chunk-1121,unknown,0,0,,12,5,0.933405,0,,0,2026-05-31 21:49:31
0a0ea41ad315a081,docs\documents-atlas-index.md#chunk-99,unknown,0,0,,17,9,1.000022,0,,0,2026-05-31 21:49:31
0a11e0b08dfce97d,,unknown,0,0,,19,6,1.118657,0,,0,2026-05-31 21:49:31
0a12083629f38748,docs\documents-atlas-index.md#chunk-1305,unknown,0,0,,17,14,0.8868,0,,0,2026-05-31 21:49:31
0a15f18db163cc42,,unknown,0,0,,8,14,1.025138,0,,0,2026-05-31 21:49:31
0a1a8dc75658a9d1,,unknown,0,0,,17,11,0.897794,0,,0,2026-05-31 21:49:31
0a233dd885228215,,unknown,0,0,,17,11,0.847361,0,,0,2026-05-31 21:49:31
0a2612de22adefb1,,unknown,0,0,,17,14,1.079654,0,,0,2026-05-31 21:49:31
0a2f98a114fa2196,,unknown,0,0,,17,14,0.940883,0,,0,2026-05-31 21:49:31
0a378d11088a400e,,unknown,0,0,,19,3,0.963383,0,,0,2026-05-31 21:49:31
0a40513e5dba2719,docs\documents-atlas-index.md#chunk-1102,unknown,0,0,,,,0.996321,0,,0,2026-05-31 21:49:31
0a42990bb65dbe74,,unknown,0,0,,19,8,0.934541,0,,0,2026-05-31 21:49:31
0a488b0ecc65ea7a,,unknown,0,0,,12,9,1.010118,0,,0,2026-05-31 21:49:31
0a4db797c8812070,,unknown,0,0,,17,3,0.896456,0,,0,2026-05-31 21:49:31
0a4ee5bf585365e9,,unknown,0,0,,17,16,0.94836,0,,0,2026-05-31 21:49:31
0a5036aa8ff10927,,unknown,0,0,,17,14,1.066217,0,,0,2026-05-31 21:49:31
0a5bb4bee759f767,,unknown,0,0,,17,10,0.956146,0,,0,2026-05-31 21:49:31
0a5de06bf60810cc,,unknown,0,0,,14,18,1.041568,0,,0,2026-05-31 21:49:31
0a6f11909ade67a2,,unknown,0,0,,17,,0.978649,0,,0,2026-05-31 21:49:31
0a79de13c6a24943,,unknown,0,0,,11,,0.872442,0,,0,2026-05-31 21:49:31
0a8cf6b1c229d37f,docs\documents-atlas-index.md#chunk-479,unknown,0,0,,17,11,0.987142,0,,0,2026-05-31 21:49:31
0a9076a2c818834c,,unknown,0,0,,17,12,0.885777,0,,0,2026-05-31 21:49:31
0a960e4e6853d326,,unknown,0,0,,1,1,0.951399,0,,0,2026-05-31 21:49:31
0a986554448d9211,,unknown,0,0,,19,8,0.86717,0,,0,2026-05-31 21:49:31
0aa45e368a8a1ef4,,unknown,0,0,,1,,1.003907,0,,0,2026-05-31 21:49:31
0aaad4bb45cf05a5,,unknown,0,0,,16,16,1.141958,0,,0,2026-05-31 21:49:31
0ab26933d1610440,,unknown,0,0,,,4,0.821817,0,,0,2026-05-31 21:49:31
0ac00ea06cfdf475,,unknown,0,0,,1,,1.023435,0,,0,2026-05-31 21:49:31
0ac2abf60981be96,,unknown,0,0,,,12,0.824005,0,,0,2026-05-31 21:49:31
0ad5d65e071aafaf,,unknown,0,0,,1,19,0.988185,0,,0,2026-05-31 21:49:31
0aee082773cf387e,,unknown,0,0,,6,,1.021237,0,,0,2026-05-31 21:49:31
0af0a91540c9c47f,,unknown,0,0,,,19,0.891441,0,,0,2026-05-31 21:49:31
0af38aea3b8cc527,,unknown,0,0,,,,1.009685,0,,0,2026-05-31 21:49:31
0afb4d625a4105b9,,unknown,0,0,,2,,0.943675,0,,0,2026-05-31 21:49:31
0afb74bf6d0a0e1c,,unknown,0,0,,,19,1.08741,0,,0,2026-05-31 21:49:31
0afd02430e69776a,,unknown,0,0,,,19,0.911038,0,,0,2026-05-31 21:49:31
0b03a2fb122ae296,,unknown,0,0,,19,9,1.06927,0,,0,2026-05-31 21:49:31
0b09147fd0dbcd6a,docs\documents-atlas-index.md#chunk-1027,unknown,0,0,,15,12,1.026219,0,,0,2026-05-31 21:49:31
0b17cc89abb76aa9,,unknown,0,0,,14,,0.857861,0,,0,2026-05-31 21:49:31
0b18fc4762e70cd4,,unknown,0,0,,18,,0.959892,0,,0,2026-05-31 21:49:31
0b1940ddd359fe52,docs\documents-atlas-index.md#chunk-1286,unknown,0,0,,17,11,0.954428,0,,0,2026-05-31 21:49:31
0b197ac0564da942,,unknown,0,0,,18,10,0.911858,0,,0,2026-05-31 21:49:31
0b1b94d8a70c6667,,unknown,0,0,,17,8,0.9486,0,,0,2026-05-31 21:49:31
0b22808dfa4895d3,,unknown,0,0,,19,10,0.958091,0,,0,2026-05-31 21:49:31
0b2a202a7862db48,,unknown,0,0,,16,11,0.961447,0,,0,2026-05-31 21:49:31
0b3d4035c13f42a9,,unknown,0,0,,19,1,0.985907,0,,0,2026-05-31 21:49:31
0b3e06b7df709019,,unknown,0,0,,16,10,0.958147,0,,0,2026-05-31 21:49:31
0b4b5fb9b91b6138,,unknown,0,0,,16,,0.909813,0,,0,2026-05-31 21:49:31
0b54cf456930ff61,,unknown,0,0,,7,13,0.929671,0,,0,2026-05-31 21:49:31
0b556e39187aa0f9,,unknown,0,0,,18,11,0.933258,0,,0,2026-05-31 21:49:31
0b57d4e2b7af5a61,,unknown,0,0,,17,,0.904236,0,,0,2026-05-31 21:49:31
0b592824eff8ce43,,unknown,0,0,,13,9,0.999576,0,,0,2026-05-31 21:49:31
0b6f18e01b774039,,unknown,0,0,,17,12,0.967197,0,,0,2026-05-31 21:49:31
0b828ed7ecbb8e9c,,unknown,0,0,,13,,0.877156,0,,0,2026-05-31 21:49:31
0b8543c3e5af12a8,,unknown,0,0,,18,14,0.953026,0,,0,2026-05-31 21:49:31
0b8e32b3ba7b6c78,docs\documents-atlas-index.md#chunk-33,unknown,0,0,,19,,0.87634,0,,0,2026-05-31 21:49:31
0b90d8ac54f4a2ba,,unknown,0,0,,16,16,0.9561,0,,0,2026-05-31 21:49:31
0b9a6ca3a285615a,,unknown,0,0,,16,10,0.962603,0,,0,2026-05-31 21:49:31
0ba7849b1e2fe689,,unknown,0,0,,,,0.915967,0,,0,2026-05-31 21:49:31
0bb6c7c98a7ced42,,unknown,0,0,,,16,0.902153,0,,0,2026-05-31 21:49:31
0bba279ec8fdae34,,unknown,0,0,,9,,1.123939,0,,0,2026-05-31 21:49:31
0bc10760f886b00f,,unknown,0,0,,1,8,0.890386,0,,0,2026-05-31 21:49:31
0bc1ba11eeedc4d5,,unknown,0,0,,12,,1.055438,0,,0,2026-05-31 21:49:31
0bdfdd8c6d559ba9,docs\documents-atlas-index.md#chunk-560,unknown,0,0,,10,,1.026871,0,,0,2026-05-31 21:49:31
0bff571c4141bbbb,docs\documents-atlas-index.md#chunk-870,unknown,0,0,,16,19,1.091662,0,,0,2026-05-31 21:49:31
0c06c28504615524,,unknown,0,0,,8,17,0.931455,0,,0,2026-05-31 21:49:31
0c12489a6026299a,docs\error-analysis-architecture.md#chunk-2,unknown,0,0,,17,15,0.846825,0,,0,2026-05-31 21:49:31
0c17bcd2319f5e36,,unknown,0,0,,19,,0.930205,0,,0,2026-05-31 21:49:31
0c1d8876570418e7,,unknown,0,0,,18,15,0.805177,0,,0,2026-05-31 21:49:31
0c2a254764271b21,,unknown,0,0,,19,,0.91371,0,,0,2026-05-31 21:49:31
0c37f80e768d1d38,,unknown,0,0,,9,17,0.94446,0,,0,2026-05-31 21:49:31
0c41077c95a99fcf,docs\documents-atlas-index.md#chunk-524,unknown,0,0,,14,19,0.811219,0,,0,2026-05-31 21:49:31
0c426d11fba0868e,docs\documents-atlas-index.md#chunk-618,unknown,0,0,,10,,0.968445,0,,0,2026-05-31 21:49:31
0c4431d6ae7daa99,,unknown,0,0,,17,8,0.892894,0,,0,2026-05-31 21:49:31
0c5fa8bd2092442b,,unknown,0,0,,17,15,1.024089,0,,0,2026-05-31 21:49:31
0c68735285eddc97,,unknown,0,0,,14,11,0.948606,0,,0,2026-05-31 21:49:31
0c6a66c072bc7177,,unknown,0,0,,17,14,0.985584,0,,0,2026-05-31 21:49:31
0c7726681722c640,docs\documents-atlas-index.md#chunk-203,unknown,0,0,,17,12,0.881879,0,,0,2026-05-31 21:49:31
0c7cb1c987ad0858,,unknown,0,0,,19,,0.953931,0,,0,2026-05-31 21:49:31
0c862080a846e31f,,unknown,0,0,,17,11,0.85702,0,,0,2026-05-31 21:49:31
0c871691329513dd,,unknown,0,0,,18,16,0.791693,0,,0,2026-05-31 21:49:31
0c90536af9ceeb9a,,unknown,0,0,,14,10,1.040287,0,,0,2026-05-31 21:49:31
0c9fe1571a1f9b37,,unknown,0,0,,19,,0.885179,0,,0,2026-05-31 21:49:31
0ca51efc38080b3b,,unknown,0,0,,5,10,0.980281,0,,0,2026-05-31 21:49:31
0ca8fdc7f10b7a35,,unknown,0,0,,4,10,0.969427,0,,0,2026-05-31 21:49:31
0cabfab28d338ce1,,unknown,0,0,,12,,1.05834,0,,0,2026-05-31 21:49:31
0caf7f3285fcfcbd,,unknown,0,0,,14,,1.111053,0,,0,2026-05-31 21:49:31
0cafb86a607f8f25,,unknown,0,0,,19,,1.043198,0,,0,2026-05-31 21:49:31
0cb815996e63d2fe,,unknown,0,0,,,19,0.998058,0,,0,2026-05-31 21:49:31
0cba4b5ce1eec1a8,,unknown,0,0,,6,,1.115642,0,,0,2026-05-31 21:49:31
0cc263f6e5b1f18e,,unknown,0,0,,,14,1.0644,0,,0,2026-05-31 21:49:31
0cc59fa845d709ac,,unknown,0,0,,17,17,1.043369,0,,0,2026-05-31 21:49:31
0cc7b63ad4a2db6e,,unknown,0,0,,3,17,0.989194,0,,0,2026-05-31 21:49:31
0cccd824470b60be,,unknown,0,0,,,19,1.058926,0,,0,2026-05-31 21:49:31
0cd15311a9affa5d,,unknown,0,0,,10,8,1.05558,0,,0,2026-05-31 21:49:31
0cd80ffc6abf205f,,unknown,0,0,,3,,1.106548,0,,0,2026-05-31 21:49:31
0cdbc436c08b9fe4,,unknown,0,0,,19,,0.984363,0,,0,2026-05-31 21:49:31
0cdc60cddd52022f,docs\documents-atlas-index.md#chunk-1257,unknown,0,0,,6,2,1.173849,0,,0,2026-05-31 21:49:31
0cddf07613fb2648,,unknown,0,0,,18,,1.064738,0,,0,2026-05-31 21:49:31
0ce20f06bdccbc19,,unknown,0,0,,1,,0.929421,0,,0,2026-05-31 21:49:31
0cec0bdb146f4f57,,unknown,0,0,,6,,1.04205,0,,0,2026-05-31 21:49:31
0cf5f98dfd150378,,unknown,0,0,,,3,1.020213,0,,0,2026-05-31 21:49:31
0cfa98d822512800,docs\documents-atlas-index.md#chunk-475,unknown,0,0,,,15,0.934436,0,,0,2026-05-31 21:49:31
0cfc07ec71986831,,unknown,0,0,,1,3,1.021143,0,,0,2026-05-31 21:49:31
0d052fa0397da325,,unknown,0,0,,18,10,0.977202,0,,0,2026-05-31 21:49:31
0d0dba1edbbc619f,,unknown,0,0,,13,,0.971254,0,,0,2026-05-31 21:49:31
0d0e5900e8e6d24b,,unknown,0,0,,19,12,0.978702,0,,0,2026-05-31 21:49:31
0d0f1072fc62dd15,,unknown,0,0,,16,9,1.01188,0,,0,2026-05-31 21:49:31
0d1042e34c2fa75a,,unknown,0,0,,17,12,0.924718,0,,0,2026-05-31 21:49:31
0d116f50fef9735c,,unknown,0,0,,11,,0.973044,0,,0,2026-05-31 21:49:31
0d13158a84754a50,,unknown,0,0,,14,14,0.912605,0,,0,2026-05-31 21:49:31
0d1674a0f765483a,,unknown,0,0,,17,13,0.843433,0,,0,2026-05-31 21:49:31
0d1e822e67e9f9c2,,unknown,0,0,,19,14,0.947211,0,,0,2026-05-31 21:49:31
0d23553d91408164,,unknown,0,0,,17,14,0.922345,0,,0,2026-05-31 21:49:31
0d2b8b4143d9ef5c,,unknown,0,0,,13,11,0.992156,0,,0,2026-05-31 21:49:31
0d318736f8d48a41,,unknown,0,0,,12,10,0.948791,0,,0,2026-05-31 21:49:31
0d351ea247975d4e,,unknown,0,0,,16,14,0.909666,0,,0,2026-05-31 21:49:31
0d354e2ef3cd85b7,,unknown,0,0,,17,9,1.068391,0,,0,2026-05-31 21:49:31
0d3945011409c47f,,unknown,0,0,,18,13,0.883471,0,,0,2026-05-31 21:49:31
0d58b4ff239c7b5e,,unknown,0,0,,9,19,0.97973,0,,0,2026-05-31 21:49:31
0d5be7ae7045d30b,,unknown,0,0,,17,14,1.05416,0,,0,2026-05-31 21:49:31
0d6aa70b2c9cf68f,,unknown,0,0,,19,5,1.056741,0,,0,2026-05-31 21:49:31
0d7226e77536cb78,docs\CODEBASE_DIRECTORY_MAP.md#chunk-4,unknown,0,0,,17,13,0.837745,0,,0,2026-05-31 21:49:31
0d7304fe9ef17eb5,,unknown,0,0,,14,19,1.017713,0,,0,2026-05-31 21:49:31
0d7e5a5def1f104b,,unknown,0,0,,13,3,1.044125,0,,0,2026-05-31 21:49:31
0d80c12d9526d5e4,,unknown,0,0,,13,15,1.02267,0,,0,2026-05-31 21:49:31
0d875dcef5735e23,,unknown,0,0,,14,9,0.998733,0,,0,2026-05-31 21:49:31
0d91f6dffc6a0f91,,unknown,0,0,,19,1,1.029669,0,,0,2026-05-31 21:49:31
0da2dacaf111ec03,docs\CODEBASE_DIRECTORY_MAP.md#chunk-18,unknown,0,0,,,11,0.933458,0,,0,2026-05-31 21:49:31
0da534c2317fdf8f,docs\documents-atlas-index.md#chunk-308,unknown,0,0,,,19,1.025941,0,,0,2026-05-31 21:49:31
0da8eac9f071d050,,unknown,0,0,,,12,0.848557,0,,0,2026-05-31 21:49:31
0dacdc855e6dc7a2,,unknown,0,0,,13,,1.031916,0,,0,2026-05-31 21:49:31
0db3ff739af68aa9,,unknown,0,0,,10,,1.005083,0,,0,2026-05-31 21:49:31
0db4b49c9a372eee,,unknown,0,0,,6,19,0.88107,0,,0,2026-05-31 21:49:31
0de09f3502cc9781,,unknown,0,0,,1,,0.945087,0,,0,2026-05-31 21:49:31
0decbddc044f4e67,,unknown,0,0,,19,,1.115746,0,,0,2026-05-31 21:49:31
0df67d6ec9d7f67a,docs\documents-atlas-index.md#chunk-1087,unknown,0,0,,2,4,1.001822,0,,0,2026-05-31 21:49:31
0dfc0c54df635abf,,unknown,0,0,,10,2,0.946094,0,,0,2026-05-31 21:49:31
0dfcf1b5233785d5,,unknown,0,0,,,19,1.020137,0,,0,2026-05-31 21:49:31
0e08c0b0550d0086,,unknown,0,0,,19,5,0.974557,0,,0,2026-05-31 21:49:31
0e11be330dbe695d,docs\documents-atlas-index.md#chunk-43,unknown,0,0,,15,,1.064525,0,,0,2026-05-31 21:49:31
0e14d9a063175a11,,unknown,0,0,,5,19,0.941995,0,,0,2026-05-31 21:49:31
0e1a91160da8ec59,,unknown,0,0,,14,12,0.974597,0,,0,2026-05-31 21:49:31
0e1c5ade047084f1,docs\documents-atlas-index.md#chunk-604,unknown,0,0,,18,13,1.01712,0,,0,2026-05-31 21:49:31
0e2593987c0aaa52,,unknown,0,0,,19,8,0.906543,0,,0,2026-05-31 21:49:31
0e2c302c3a6050e2,,unknown,0,0,,19,15,1.032285,0,,0,2026-05-31 21:49:31
0e3039267a9672c0,,unknown,0,0,,18,14,0.919781,0,,0,2026-05-31 21:49:31
0e3cb6ec5343bd0c,,unknown,0,0,,14,14,1.072263,0,,0,2026-05-31 21:49:31
0e40631e9c374bc3,,unknown,0,0,,13,19,0.933297,0,,0,2026-05-31 21:49:31
0e45677e870c5f8e,,unknown,0,0,,13,18,0.952996,0,,0,2026-05-31 21:49:31
0e4a9ae0564d72d4,,unknown,0,0,,19,,0.917842,0,,0,2026-05-31 21:49:31
0e4ca4beeeb7640f,docs\documents-atlas-index.md#chunk-98,unknown,0,0,,12,,1.083312,0,,0,2026-05-31 21:49:31
0e4f2d5c5a24f6bc,docs\documents-atlas-index.md#chunk-527,unknown,0,0,,16,10,1.070041,0,,0,2026-05-31 21:49:31
0e5722958ed0a9e3,,unknown,0,0,,19,13,0.884053,0,,0,2026-05-31 21:49:31
0e579d65656fb9e3,,unknown,0,0,,18,10,0.938035,0,,0,2026-05-31 21:49:31
0e60b37f15f9fa83,,unknown,0,0,,12,14,1.032983,0,,0,2026-05-31 21:49:31
0e62f4a8e1e38e54,,unknown,0,0,,9,14,1.020013,0,,0,2026-05-31 21:49:31
0e700f6605c5b82e,,unknown,0,0,,16,12,0.988253,0,,0,2026-05-31 21:49:31
0e776d4241acd525,docs\documents-atlas-index.md#chunk-297,unknown,0,0,,18,10,0.899377,0,,0,2026-05-31 21:49:31
0e851530bc038a06,,unknown,0,0,,13,8,0.960523,0,,0,2026-05-31 21:49:31
0e88cc09e9fa5b09,,unknown,0,0,,14,,0.806231,0,,0,2026-05-31 21:49:31
0e8de1e1330d9ac1,,unknown,0,0,,19,,0.906917,0,,0,2026-05-31 21:49:31
0e995cf3c537ea46,,unknown,0,0,,16,10,0.878512,0,,0,2026-05-31 21:49:31
0e9c7920e5de04ab,,unknown,0,0,,16,,0.989174,0,,0,2026-05-31 21:49:31
0ea4b3c2ef4f4933,,unknown,0,0,,,15,1.064192,0,,0,2026-05-31 21:49:31
0ea8fb62d3984e71,,unknown,0,0,,4,10,0.759687,0,,0,2026-05-31 21:49:31
0eab78cd8c5ca14e,,unknown,0,0,,16,10,1.134733,0,,0,2026-05-31 21:49:31
0eb4530995bfff97,docs\documents-atlas-index.md#chunk-347,unknown,0,0,,1,,1.038553,0,,0,2026-05-31 21:49:31
0ebaa7a393ed0393,docs\documents-atlas-index.md#chunk-634,unknown,0,0,,19,,1.085526,0,,0,2026-05-31 21:49:31
0ec363a194aa4a28,,unknown,0,0,,10,9,1.014801,0,,0,2026-05-31 21:49:31
0ec4195a3a117c33,,unknown,0,0,,,1,0.844248,0,,0,2026-05-31 21:49:31
0ecab5533bb02e4e,,unknown,0,0,,2,19,0.96524,0,,0,2026-05-31 21:49:31
0ecaf5f1070e6de6,,unknown,0,0,,19,,1.094593,0,,0,2026-05-31 21:49:31
0eccc86e7ce3137d,,unknown,0,0,,,19,1.057961,0,,0,2026-05-31 21:49:31
0ed3db4d76278781,,unknown,0,0,,1,1,0.886248,0,,0,2026-05-31 21:49:31
0ee8bd0216f98fad,,unknown,0,0,,4,18,1.075643,0,,0,2026-05-31 21:49:31
0eece2a246833511,,unknown,0,0,,,19,0.901525,0,,0,2026-05-31 21:49:31
0ef0fb2f7ae1bf50,docs\CODEBASE_DIRECTORY_MAP.md#chunk-17,unknown,0,0,,1,13,1.086418,0,,0,2026-05-31 21:49:31
0ef93cb8ffac7d4a,,unknown,0,0,,11,,0.925889,0,,0,2026-05-31 21:49:31
0f1465a5614ac7c2,,unknown,0,0,,19,12,0.874931,0,,0,2026-05-31 21:49:31
0f1823994899db15,,unknown,0,0,,14,13,0.904787,0,,0,2026-05-31 21:49:31
0f20f853618b3e21,,unknown,0,0,,19,2,0.874549,0,,0,2026-05-31 21:49:31
0f2f8053dacdac86,,unknown,0,0,,17,,0.928638,0,,0,2026-05-31 21:49:31
0f469ba9baef1900,,unknown,0,0,,15,,0.894861,0,,0,2026-05-31 21:49:31
0f489f53644b869c,,unknown,0,0,,19,3,0.902065,0,,0,2026-05-31 21:49:31
0f4baef2fdb9eb39,,unknown,0,0,,13,,0.944097,0,,0,2026-05-31 21:49:31
0f4d2e56a851011f,,unknown,0,0,,9,3,0.898861,0,,0,2026-05-31 21:49:31
0f638cd2b69d2a9c,,unknown,0,0,,15,,0.903173,0,,0,2026-05-31 21:49:31
0f721beeadf8de6f,,unknown,0,0,,16,10,1.132659,0,,0,2026-05-31 21:49:31
0f86914efc1d49e7,,unknown,0,0,,19,5,0.992754,0,,0,2026-05-31 21:49:31
0f86f980c1815fd4,,unknown,0,0,,9,18,0.942851,0,,0,2026-05-31 21:49:31
0f8821751ccd57dc,,unknown,0,0,,17,17,0.885608,0,,0,2026-05-31 21:49:31
0f8931a89a15732b,,unknown,0,0,,17,15,0.926547,0,,0,2026-05-31 21:49:31
0f8be336b0db1457,docs\documents-atlas-index.md#chunk-1104,unknown,0,0,,18,,0.935413,0,,0,2026-05-31 21:49:31
0f8de9449ee2ba22,,unknown,0,0,,14,,1.019075,0,,0,2026-05-31 21:49:31
0f939e605080d6bb,,unknown,0,0,,18,14,0.967852,0,,0,2026-05-31 21:49:31
0f9f951086d7341c,,unknown,0,0,,18,16,0.882209,0,,0,2026-05-31 21:49:31
0fa1bc6ad6825fe7,,unknown,0,0,,5,10,0.979372,0,,0,2026-05-31 21:49:31
0fac245792048424,,unknown,0,0,,1,3,0.918942,0,,0,2026-05-31 21:49:31
0fb693e5638ddb43,,unknown,0,0,,,15,0.957697,0,,0,2026-05-31 21:49:31
0fb825b798462703,,unknown,0,0,,,19,0.887764,0,,0,2026-05-31 21:49:31
0fc00e1116bc5473,,unknown,0,0,,1,,0.891391,0,,0,2026-05-31 21:49:31
0fc0a51569fe124d,,unknown,0,0,,,19,1.036988,0,,0,2026-05-31 21:49:31
0fce5cd26ba3c069,,unknown,0,0,,3,,1.008196,0,,0,2026-05-31 21:49:31
0fcf05efd2c34bfa,,unknown,0,0,,17,17,1.111676,0,,0,2026-05-31 21:49:31
0fd41eef74391f0d,,unknown,0,0,,5,8,1.038584,0,,0,2026-05-31 21:49:31
0fd7d92330d787a5,,unknown,0,0,,,19,0.97691,0,,0,2026-05-31 21:49:31
0fdda899edef1202,,unknown,0,0,,12,,0.955402,0,,0,2026-05-31 21:49:31
0fddef2503190af0,,unknown,0,0,,19,,1.080868,0,,0,2026-05-31 21:49:31
0fe06a25aeedaa7f,,unknown,0,0,,9,,1.016151,0,,0,2026-05-31 21:49:31
0fe4627b355117a3,,unknown,0,0,,,,0.892394,0,,0,2026-05-31 21:49:31
0fef8f67bf6685ab,docs\documents-atlas-index.md#chunk-1240,unknown,0,0,,9,1,0.994832,0,,0,2026-05-31 21:49:31
0ff1ebf7a207a199,docs\documents-atlas-index.md#chunk-1260,unknown,0,0,,,12,0.89383,0,,0,2026-05-31 21:49:31
0ff5e0d6cdb9706a,docs\documents-atlas-index.md#chunk-1216,unknown,0,0,,,18,1.042935,0,,0,2026-05-31 21:49:31
10004a50adaf33f8,,unknown,0,0,,17,4,0.953307,0,,0,2026-05-31 21:49:31
100089e724684cd4,,unknown,0,0,,15,14,0.920183,0,,0,2026-05-31 21:49:31
1009a5009643b4be,,unknown,0,0,,9,19,0.83082,0,,0,2026-05-31 21:49:31
100a1b11028a3c27,,unknown,0,0,,19,,0.820056,0,,0,2026-05-31 21:49:31
100b7e49772285f1,,unknown,0,0,,17,11,0.820355,0,,0,2026-05-31 21:49:31
1015debbece5ab1b,,unknown,0,0,,10,13,1.14156,0,,0,2026-05-31 21:49:31
101b9da37f84770e,,unknown,0,0,,12,6,0.990971,0,,0,2026-05-31 21:49:31
101f3b896832662f,,unknown,0,0,,8,4,0.967221,0,,0,2026-05-31 21:49:31
1022976e1f5e64bd,,unknown,0,0,,12,19,0.999101,0,,0,2026-05-31 21:49:31
1025863611b6ab8a,,unknown,0,0,,11,14,0.860603,0,,0,2026-05-31 21:49:31
1029dcb7e3cfce3d,docs\documents-atlas-index.md#chunk-478,unknown,0,0,,14,3,1.01442,0,,0,2026-05-31 21:49:31
10303813f4b8f55d,,unknown,0,0,,19,9,0.967966,0,,0,2026-05-31 21:49:31
1042f351032611cd,,unknown,0,0,,9,19,0.828792,0,,0,2026-05-31 21:49:31
1044d1884eba64dd,,unknown,0,0,,10,19,0.9291,0,,0,2026-05-31 21:49:31
105161c9ddfefa5a,,unknown,0,0,,15,7,1.000412,0,,0,2026-05-31 21:49:31
1054d6ffc4eb9aee,,unknown,0,0,,12,19,1.10629,0,,0,2026-05-31 21:49:31
1057c996e0badd6a,,unknown,0,0,,14,6,0.952455,0,,0,2026-05-31 21:49:31
105a67c981791c3d,,unknown,0,0,,14,12,0.909275,0,,0,2026-05-31 21:49:31
106816dd1ac3bb36,docs\documents-atlas-index.md#chunk-1074,unknown,0,0,,13,13,1.01892,0,,0,2026-05-31 21:49:31
106a3103f6f25d8f,,unknown,0,0,,11,7,0.949642,0,,0,2026-05-31 21:49:31
106b49de07df5041,docs\documents-atlas-index.md#chunk-569,unknown,0,0,,18,9,0.987969,0,,0,2026-05-31 21:49:31
10711e6382a646c6,,unknown,0,0,,13,11,0.944859,0,,0,2026-05-31 21:49:31
10755556f6047f0e,,unknown,0,0,,9,8,0.842641,0,,0,2026-05-31 21:49:31
1079a94c79ac6abe,docs\documents-atlas-index.md#chunk-1015,unknown,0,0,,11,19,0.897867,0,,0,2026-05-31 21:49:31
1088e967913f623b,docs\documents-atlas-index.md#chunk-224,unknown,0,0,,19,5,0.864734,0,,0,2026-05-31 21:49:31
10a0369ec9a25901,,unknown,0,0,,,2,0.873153,0,,0,2026-05-31 21:49:31
10a067f602b8c548,,unknown,0,0,,,12,0.957862,0,,0,2026-05-31 21:49:31
10a3cb1bbdd3380c,,unknown,0,0,,8,,0.953693,0,,0,2026-05-31 21:49:31
10a76cfe697f9e00,,unknown,0,0,,,4,0.991642,0,,0,2026-05-31 21:49:31
10ab427b5c5cc72c,,unknown,0,0,,,,0.991995,0,,0,2026-05-31 21:49:31
10b15027ef28a744,,unknown,0,0,,,4,0.798042,0,,0,2026-05-31 21:49:31
10b2cfe8030b5679,,unknown,0,0,,,5,1.071545,0,,0,2026-05-31 21:49:31
10bb8010d05a78fc,,unknown,0,0,,8,5,1.064056,0,,0,2026-05-31 21:49:31
10c1404192a66b77,,unknown,0,0,,,4,0.869392,0,,0,2026-05-31 21:49:31
10c28242cde41ffe,,unknown,0,0,,10,19,0.981367,0,,0,2026-05-31 21:49:31
10c5aa193af0df59,,unknown,0,0,,5,12,0.919601,0,,0,2026-05-31 21:49:31
10c7ad9a2265cae5,,unknown,0,0,,6,13,0.943934,0,,0,2026-05-31 21:49:31
10d564e3afa45942,docs\documents-atlas-index.md#chunk-786,unknown,0,0,,,5,0.94079,0,,0,2026-05-31 21:49:31
10dd1ddf01cf866d,,unknown,0,0,,6,,1.076461,0,,0,2026-05-31 21:49:31
10f1238cf611b0ef,,unknown,0,0,,,5,1.041398,0,,0,2026-05-31 21:49:31
10fac6827039c17b,,unknown,0,0,,,17,0.890578,0,,0,2026-05-31 21:49:31
1115e87ee034eff5,,unknown,0,0,,10,17,0.981174,0,,0,2026-05-31 21:49:31
112519e066ca1363,,unknown,0,0,,19,7,0.950062,0,,0,2026-05-31 21:49:31
1132fad3778c0ba3,,unknown,0,0,,19,2,0.961414,0,,0,2026-05-31 21:49:31
11366891dc3079f1,,unknown,0,0,,19,8,0.924518,0,,0,2026-05-31 21:49:31
113a964200f9c4b4,,unknown,0,0,,19,12,0.954424,0,,0,2026-05-31 21:49:31
113c26c6d6cf3d4d,,unknown,0,0,,13,5,0.948372,0,,0,2026-05-31 21:49:31
114ca7114327cf43,,unknown,0,0,,9,12,0.970183,0,,0,2026-05-31 21:49:31
114cf364ae6fea89,,unknown,0,0,,18,3,0.865982,0,,0,2026-05-31 21:49:31
114f7cf3eeeffab7,,unknown,0,0,,14,,0.981365,0,,0,2026-05-31 21:49:31
11517d390d57538c,,unknown,0,0,,,,0.879514,0,,0,2026-05-31 21:49:31
115dfae01e578367,,unknown,0,0,,17,5,1.015198,0,,0,2026-05-31 21:49:31
11661a6e0498bd22,,unknown,0,0,,12,11,0.993983,0,,0,2026-05-31 21:49:31
1169b7d310e83396,docs\documents-atlas-index.md#chunk-389,unknown,0,0,,12,14,0.960329,0,,0,2026-05-31 21:49:31
1176b084c9acc07a,,unknown,0,0,,19,6,0.953275,0,,0,2026-05-31 21:49:31
1178f0104a8a9f56,,unknown,0,0,,19,3,0.805761,0,,0,2026-05-31 21:49:31
117b568864e4ccfa,,unknown,0,0,,14,14,0.909198,0,,0,2026-05-31 21:49:31
118a3d798f014580,,unknown,0,0,,4,,0.90639,0,,0,2026-05-31 21:49:31
118d895b9258c482,,unknown,0,0,,19,10,0.881412,0,,0,2026-05-31 21:49:31
119000460da5b340,,unknown,0,0,,,,0.928993,0,,0,2026-05-31 21:49:31
1195866bc6d85ca9,docs\documents-atlas-index.md#chunk-460,unknown,0,0,,12,16,0.932304,0,,0,2026-05-31 21:49:31
119989cb1eb3f118,docs\compiler-landscape.md#chunk-1,unknown,0,0,,16,11,0.98372,0,,0,2026-05-31 21:49:31
1199cb5bc47f6581,,unknown,0,0,,19,5,0.854214,0,,0,2026-05-31 21:49:31
11ad942cfcb87bb6,,unknown,0,0,,7,2,1.001824,0,,0,2026-05-31 21:49:31
11b03503eb383756,,unknown,0,0,,,3,0.760309,0,,0,2026-05-31 21:49:31
11b1d4ce4b32e4dd,,unknown,0,0,,4,19,1.026371,0,,0,2026-05-31 21:49:31
11c0c6c7b3b17dcc,,unknown,0,0,,8,18,0.971038,0,,0,2026-05-31 21:49:31
11c7cc8ccc438d6c,,unknown,0,0,,6,7,0.912482,0,,0,2026-05-31 21:49:31
11d19fb8658dffbb,,unknown,0,0,,,9,1.079608,0,,0,2026-05-31 21:49:31
11d23813440ec73a,,unknown,0,0,,,1,0.89402,0,,0,2026-05-31 21:49:31
11dbc5d3e9552393,,unknown,0,0,,,13,0.95809,0,,0,2026-05-31 21:49:31
11dcf5adf0a98ce4,,unknown,0,0,,8,12,1.200835,0,,0,2026-05-31 21:49:31
11de2a087e7f4f7c,,unknown,0,0,,7,1,0.879471,0,,0,2026-05-31 21:49:31
11f18da6ddb4b04b,docs\CODEBASE_DIRECTORY_MAP.md#chunk-24,unknown,0,0,,1,7,0.99451,0,,0,2026-05-31 21:49:31
11f2741e5b2304b1,,unknown,0,0,,,,0.919887,0,,0,2026-05-31 21:49:31
11f64c1fbbf68ad0,,unknown,0,0,,4,,0.938657,0,,0,2026-05-31 21:49:31
11fad90b9e10ef40,,unknown,0,0,,,13,0.942737,0,,0,2026-05-31 21:49:31
11fd3326bc3ef839,,unknown,0,0,,,4,0.952609,0,,0,2026-05-31 21:49:31
11ff9cf33d7536fc,,unknown,0,0,,6,2,1.081735,0,,0,2026-05-31 21:49:31
12096184574e874f,,unknown,0,0,,19,6,0.810882,0,,0,2026-05-31 21:49:31
1214d2327c456791,,unknown,0,0,,7,19,0.864871,0,,0,2026-05-31 21:49:31
1218120a4c9b8ff6,docs\documents-atlas-index.md#chunk-357,unknown,0,0,,19,4,0.992761,0,,0,2026-05-31 21:49:31
121d2a4f1e747cf0,,unknown,0,0,,6,1,1.101063,0,,0,2026-05-31 21:49:31
121f3bacb9bf9a1f,,unknown,0,0,,12,4,0.946302,0,,0,2026-05-31 21:49:31
123a812bf148cc0c,,unknown,0,0,,12,9,1.011719,0,,0,2026-05-31 21:49:31
12413e815165fb57,,unknown,0,0,,10,11,0.874743,0,,0,2026-05-31 21:49:31
12479198e1b0182c,,unknown,0,0,,13,11,0.919595,0,,0,2026-05-31 21:49:31
126a3ea5b0223d0d,,unknown,0,0,,9,6,0.861279,0,,0,2026-05-31 21:49:31
126d95b1729686bd,,unknown,0,0,,17,15,0.812732,0,,0,2026-05-31 21:49:31
128182a949dd1f1c,,unknown,0,0,,12,14,0.951853,0,,0,2026-05-31 21:49:31
128aec6f8c646010,,unknown,0,0,,7,,1.001114,0,,0,2026-05-31 21:49:31
129ece7b5995cfd4,,unknown,0,0,,11,11,1.018232,0,,0,2026-05-31 21:49:31
12a11db4d4581498,,unknown,0,0,,,6,0.795847,0,,0,2026-05-31 21:49:31
12a6d207ab40c1cd,docs\documents-atlas-index.md#chunk-1109,unknown,0,0,,3,19,0.988787,0,,0,2026-05-31 21:49:31
12b0b0bea179c3d9,docs\documents-atlas-index.md#chunk-877,unknown,0,0,,,13,1.076857,0,,0,2026-05-31 21:49:31
12b21e94c1a0bd9e,docs\documents-atlas-index.md#chunk-307,unknown,0,0,,5,7,0.895943,0,,0,2026-05-31 21:49:31
12b95c11eda030b1,,unknown,0,0,,3,,0.897386,0,,0,2026-05-31 21:49:31
12bc3f9c36f2b1bf,docs\documents-atlas-index.md#chunk-691,unknown,0,0,,4,,1.077386,0,,0,2026-05-31 21:49:31
12c40285301c3f6b,,unknown,0,0,,6,16,0.969036,0,,0,2026-05-31 21:49:31
12c4242007e0eef9,,unknown,0,0,,9,13,1.006435,0,,0,2026-05-31 21:49:31
12cb47c829b24000,,unknown,0,0,,3,1,0.956141,0,,0,2026-05-31 21:49:31
12cbeeef54abfadf,docs\documents-atlas-index.md#chunk-1111,unknown,0,0,,12,,1.234846,0,,0,2026-05-31 21:49:31
12cf61abee7a2eba,,unknown,0,0,,10,6,1.137322,0,,0,2026-05-31 21:49:31
12d8f84c79d0766b,,unknown,0,0,,6,19,0.874711,0,,0,2026-05-31 21:49:31
12e068bc6a3a3643,,unknown,0,0,,,,0.906446,0,,0,2026-05-31 21:49:31
12e68b09311a8882,,unknown,0,0,,,,0.706368,0,,0,2026-05-31 21:49:31
12fb944dcf0630c2,docs\documents-atlas-index.md#chunk-22,unknown,0,0,,,3,0.970985,0,,0,2026-05-31 21:49:31
12ff884539d87486,,unknown,0,0,,4,,0.770596,0,,0,2026-05-31 21:49:31
13023353a3b74e4d,,unknown,0,0,,11,10,0.970772,0,,0,2026-05-31 21:49:31
1306348815c26e84,,unknown,0,0,,12,13,0.863438,0,,0,2026-05-31 21:49:31
1308e9832cfa0639,,unknown,0,0,,19,5,0.900485,0,,0,2026-05-31 21:49:31
130e8b16a4c51896,,unknown,0,0,,10,3,0.830671,0,,0,2026-05-31 21:49:31
130ef7761f268483,,unknown,0,0,,18,5,0.92831,0,,0,2026-05-31 21:49:31
13194a5c294b4e3e,,unknown,0,0,,12,9,0.97136,0,,0,2026-05-31 21:49:31
13251c1207971ff4,docs\documents-atlas-index.md#chunk-1225,unknown,0,0,,11,12,0.945517,0,,0,2026-05-31 21:49:31
132b57028ed49051,,unknown,0,0,,6,,1.005931,0,,0,2026-05-31 21:49:31
13330098a01b7a7f,,unknown,0,0,,19,6,0.921825,0,,0,2026-05-31 21:49:31
133ab9983bbe065b,,unknown,0,0,,17,3,0.925095,0,,0,2026-05-31 21:49:31
13405b2c33eccfcf,,unknown,0,0,,12,13,1.03967,0,,0,2026-05-31 21:49:31
13440320cbb614ed,,unknown,0,0,,13,17,0.986357,0,,0,2026-05-31 21:49:31
134da0189ba05253,docs\CODEBASE_DIRECTORY_MAP.md#chunk-5,unknown,0,0,,17,5,1.015047,0,,0,2026-05-31 21:49:31
13505c35cf060bef,docs\documents-atlas-index.md#chunk-172,unknown,0,0,,11,5,1.015183,0,,0,2026-05-31 21:49:31
1358c23416f386db,,unknown,0,0,,10,19,0.88582,0,,0,2026-05-31 21:49:31
135984503004897a,,unknown,0,0,,9,17,0.83736,0,,0,2026-05-31 21:49:31
1362022b25c959e6,,unknown,0,0,,14,16,0.942642,0,,0,2026-05-31 21:49:31
1362c2fc9ff4974e,,unknown,0,0,,9,19,0.912178,0,,0,2026-05-31 21:49:31
1369e11eaf338d08,,unknown,0,0,,9,18,0.922482,0,,0,2026-05-31 21:49:31
136c9f2d44d0af2f,docs\documents-atlas-index.md#chunk-535,unknown,0,0,,10,11,0.926232,0,,0,2026-05-31 21:49:31
136df9e8e90e98f1,,unknown,0,0,,19,4,0.846421,0,,0,2026-05-31 21:49:31
1370dfc0dccbd3de,,unknown,0,0,,13,1,1.088778,0,,0,2026-05-31 21:49:31
1373bc81a7c3e9f0,,unknown,0,0,,12,10,1.001068,0,,0,2026-05-31 21:49:31
137725075407f21c,,unknown,0,0,,19,11,0.891951,0,,0,2026-05-31 21:49:31
137846df9cbf73c1,,unknown,0,0,,19,9,1.023833,0,,0,2026-05-31 21:49:31
137ebb8586f488f5,,unknown,0,0,,12,,0.911582,0,,0,2026-05-31 21:49:31
137fd951671fb692,,unknown,0,0,,19,6,0.8355,0,,0,2026-05-31 21:49:31
1388bf205e8eb6fb,,unknown,0,0,,19,5,0.989422,0,,0,2026-05-31 21:49:31
13902ce6975af6a0,docs\documents-atlas-index.md#chunk-1159,unknown,0,0,,18,10,0.88872,0,,0,2026-05-31 21:49:31
1394e1523c097a1a,,unknown,0,0,,7,19,0.70701,0,,0,2026-05-31 21:49:31
139d544b821b13eb,,unknown,0,0,,19,15,0.934967,0,,0,2026-05-31 21:49:31
13b3c67bd2ce3b52,,unknown,0,0,,9,8,1.041313,0,,0,2026-05-31 21:49:31
13b90e7199a82d03,,unknown,0,0,,4,2,0.75132,0,,0,2026-05-31 21:49:31
13ba39f0ca793b46,docs\documents-atlas-index.md#chunk-491,unknown,0,0,,7,6,0.853382,0,,0,2026-05-31 21:49:31
13bc81c7d32cc051,,unknown,0,0,,19,8,0.988641,0,,0,2026-05-31 21:49:31
13c5774fe1652847,,unknown,0,0,,,4,0.805715,0,,0,2026-05-31 21:49:31
13cd919805ac0254,docs\documents-atlas-index.md#chunk-522,unknown,0,0,,6,,0.94952,0,,0,2026-05-31 21:49:31
13e1f97b97bb7e91,docs\documents-atlas-index.md#chunk-114,unknown,0,0,,,,0.977876,0,,0,2026-05-31 21:49:31
13e8beb9bc2842d1,,unknown,0,0,,,7,0.982683,0,,0,2026-05-31 21:49:31
13ee15660bcbc5b1,,unknown,0,0,,,,0.995687,0,,0,2026-05-31 21:49:31
13eeb1faf970c183,,unknown,0,0,,,13,1.022672,0,,0,2026-05-31 21:49:31
13f176bee14e73b7,docs\documents-atlas-index.md#chunk-601,unknown,0,0,,,4,1.086603,0,,0,2026-05-31 21:49:31
13fc3b6c6dc436e9,docs\documents-atlas-index.md#chunk-578,unknown,0,0,,3,,0.921734,0,,0,2026-05-31 21:49:31
13fce09a7e9cc720,,unknown,0,0,,,,1.035453,0,,0,2026-05-31 21:49:31
1413020cf2e88f69,,unknown,0,0,,12,11,0.969258,0,,0,2026-05-31 21:49:31
14131e446776e2d4,,unknown,0,0,,18,10,0.868017,0,,0,2026-05-31 21:49:31
14158d0ecfa7ec2b,,unknown,0,0,,11,9,1.036132,0,,0,2026-05-31 21:49:31
141677d4d14149ad,,unknown,0,0,,18,12,0.909971,0,,0,2026-05-31 21:49:31
1416998ffbe674bc,,unknown,0,0,,14,19,0.915805,0,,0,2026-05-31 21:49:31
14195b308be913d7,,unknown,0,0,,8,,0.940577,0,,0,2026-05-31 21:49:31
142bb8b02e8c8656,,unknown,0,0,,19,4,0.862032,0,,0,2026-05-31 21:49:31
143178db2dd7aaed,,unknown,0,0,,14,19,0.963201,0,,0,2026-05-31 21:49:31
1435a0f149e86fff,,unknown,0,0,,10,19,0.894491,0,,0,2026-05-31 21:49:31
1437c381a83875cc,,unknown,0,0,,9,19,0.769216,0,,0,2026-05-31 21:49:31
143973049e417fcd,,unknown,0,0,,11,19,0.756809,0,,0,2026-05-31 21:49:31
145ab60f413f8449,,unknown,0,0,,19,5,0.885243,0,,0,2026-05-31 21:49:31
145bf1d77495ead4,,unknown,0,0,,14,12,0.943637,0,,0,2026-05-31 21:49:31
145d3ad4cc439179,,unknown,0,0,,10,2,0.939878,0,,0,2026-05-31 21:49:31
14602de6ac646dc7,,unknown,0,0,,13,8,0.949169,0,,0,2026-05-31 21:49:31
146355ad22bfc725,,unknown,0,0,,18,11,0.971371,0,,0,2026-05-31 21:49:31
146c73d657e23573,,unknown,0,0,,16,13,0.906848,0,,0,2026-05-31 21:49:31
14700e6ed62a2c0d,,unknown,0,0,,10,7,0.954722,0,,0,2026-05-31 21:49:31
1473c9c14aae30ea,,unknown,0,0,,19,5,1.00453,0,,0,2026-05-31 21:49:31
14772bf180f8f790,,unknown,0,0,,18,10,0.987462,0,,0,2026-05-31 21:49:31
1486837af504d26c,,unknown,0,0,,19,10,0.920438,0,,0,2026-05-31 21:49:31
14869a86635aff11,,unknown,0,0,,19,5,0.843683,0,,0,2026-05-31 21:49:31
14a0d68f22f24155,,unknown,0,0,,,,0.958556,0,,0,2026-05-31 21:49:31
14a76baa05a23e99,,unknown,0,0,,4,2,0.92879,0,,0,2026-05-31 21:49:31
14af73fed33b2f32,docs\documents-atlas-index.md#chunk-665,unknown,0,0,,9,7,1.098003,0,,0,2026-05-31 21:49:31
14b9a2c8950cbacc,,unknown,0,0,,1,19,1.003203,0,,0,2026-05-31 21:49:31
14ba688ec5960ce8,,unknown,0,0,,6,4,0.936452,0,,0,2026-05-31 21:49:31
14c8e9d8cd71b2f3,,unknown,0,0,,,13,0.97696,0,,0,2026-05-31 21:49:31
14c93cde4e6300b3,docs\documents-atlas-index.md#chunk-960,unknown,0,0,,,,0.960476,0,,0,2026-05-31 21:49:31
14cd2e4c06743dae,,unknown,0,0,,5,3,1.008141,0,,0,2026-05-31 21:49:31
14d35fc1b8dace05,,unknown,0,0,,,9,0.991184,0,,0,2026-05-31 21:49:31
14d65e91f6d55148,,unknown,0,0,,5,3,0.784817,0,,0,2026-05-31 21:49:31
14e3041d2b5cc0e2,,unknown,0,0,,,,0.967271,0,,0,2026-05-31 21:49:31
14ef76faa3c09b75,,unknown,0,0,,6,6,0.97947,0,,0,2026-05-31 21:49:31
14f5a63f4a32a398,,unknown,0,0,,1,17,0.889436,0,,0,2026-05-31 21:49:31
14f7da46b3ddcdff,,unknown,0,0,,10,8,1.111123,0,,0,2026-05-31 21:49:31
14fe8240f00c16ee,,unknown,0,0,,9,5,1.001433,0,,0,2026-05-31 21:49:31
15004663304ba27a,,unknown,0,0,,19,9,0.855229,0,,0,2026-05-31 21:49:31
1516c8574dcefa87,,unknown,0,0,,19,4,0.906675,0,,0,2026-05-31 21:49:31
152c44231582d59f,,unknown,0,0,,19,12,0.887921,0,,0,2026-05-31 21:49:31
153795c429f24658,,unknown,0,0,,16,13,0.823526,0,,0,2026-05-31 21:49:31
153c89f0cbcec577,,unknown,0,0,,18,8,0.933699,0,,0,2026-05-31 21:49:31
1540e32d40d8d950,,unknown,0,0,,10,14,0.964033,0,,0,2026-05-31 21:49:31
154c8228dd2dc0bd,,unknown,0,0,,19,6,1.014159,0,,0,2026-05-31 21:49:31
15531c0a766379c4,docs\documents-atlas-index.md#chunk-1273,unknown,0,0,,,,0.936844,0,,0,2026-05-31 21:49:31
1556783e4fbf1f4c,,unknown,0,0,,12,18,0.997724,0,,0,2026-05-31 21:49:31
15616238455c8f8d,,unknown,0,0,,11,17,0.882721,0,,0,2026-05-31 21:49:31
156c3ab3d973107c,,unknown,0,0,,9,4,0.890662,0,,0,2026-05-31 21:49:31
15787a0872d2742c,,unknown,0,0,,6,,0.908562,0,,0,2026-05-31 21:49:31
157946b831d4efcd,,unknown,0,0,,15,15,0.86226,0,,0,2026-05-31 21:49:31
15a11f6f8f9b6017,,unknown,0,0,,,,0.774774,0,,0,2026-05-31 21:49:31
15a849d38fa723db,docs\documents-atlas-index.md#chunk-135,unknown,0,0,,15,16,1.017518,0,,0,2026-05-31 21:49:31
15a93e6751cb361f,,unknown,0,0,,5,,0.863272,0,,0,2026-05-31 21:49:31
15aa0125958376ee,docs\documents-atlas-index.md#chunk-510,unknown,0,0,,17,18,0.975697,0,,0,2026-05-31 21:49:31
15b0bd4725cad244,docs\documents-atlas-index.md#chunk-1299,unknown,0,0,,,,0.968593,0,,0,2026-05-31 21:49:31
15b591cdd03c8a59,,unknown,0,0,,,7,0.947142,0,,0,2026-05-31 21:49:31
15bd8f86f021df9d,docs\documents-atlas-index.md#chunk-27,unknown,0,0,,6,7,0.819417,0,,0,2026-05-31 21:49:31
15bf455935cb637e,,unknown,0,0,,6,,0.939802,0,,0,2026-05-31 21:49:31
15c4972827abedcd,,unknown,0,0,,12,14,1.014715,0,,0,2026-05-31 21:49:31
15ccc2715debf598,,unknown,0,0,,,,1.079098,0,,0,2026-05-31 21:49:31
15d2a80ad34c2d07,,unknown,0,0,,7,7,1.005671,0,,0,2026-05-31 21:49:31
15de4492d60b803e,,unknown,0,0,,8,5,0.907291,0,,0,2026-05-31 21:49:31
15df4665412163d3,,unknown,0,0,,,1,0.975814,0,,0,2026-05-31 21:49:31
15df647ee80c8240,,unknown,0,0,,4,1,1.020586,0,,0,2026-05-31 21:49:31
15e2ad5c29ed739f,,unknown,0,0,,5,,0.940474,0,,0,2026-05-31 21:49:31
15e67ed88d232525,,unknown,0,0,,,3,0.809313,0,,0,2026-05-31 21:49:31
15f01dd906ff7089,,unknown,0,0,,,,0.983047,0,,0,2026-05-31 21:49:31
15f87a51179ed88a,docs\documents-atlas-index.md#chunk-846,unknown,0,0,,1,,0.878288,0,,0,2026-05-31 21:49:31
1602732bc52ac11e,,unknown,0,0,,19,8,0.937877,0,,0,2026-05-31 21:49:31
16081c4f092765da,docs\documents-atlas-index.md#chunk-369,unknown,0,0,,15,15,0.987936,0,,0,2026-05-31 21:49:31
160970e0f805a6e5,,unknown,0,0,,18,10,0.898354,0,,0,2026-05-31 21:49:31
160f3d1685431166,,unknown,0,0,,15,8,0.87909,0,,0,2026-05-31 21:49:31
161a62c75a9d329d,,unknown,0,0,,19,6,0.965917,0,,0,2026-05-31 21:49:31
162517cc7aab2991,,unknown,0,0,,19,9,0.979259,0,,0,2026-05-31 21:49:31
16370a2eec67171d,,unknown,0,0,,5,,0.907698,0,,0,2026-05-31 21:49:31
1637ff54da295383,docs\documents-atlas-index.md#chunk-413,unknown,0,0,,17,5,0.878784,0,,0,2026-05-31 21:49:31
1647778618fe0284,docs\documents-atlas-index.md#chunk-158,unknown,0,0,,19,7,0.849843,0,,0,2026-05-31 21:49:31
16581e0db4107c3a,,unknown,0,0,,8,7,0.917392,0,,0,2026-05-31 21:49:31
165f00164d86e252,,unknown,0,0,,18,8,0.971696,0,,0,2026-05-31 21:49:31
1660392606a1e2d4,,unknown,0,0,,19,12,0.913709,0,,0,2026-05-31 21:49:31
1663252c06acf3fb,,unknown,0,0,,16,15,0.938722,0,,0,2026-05-31 21:49:31
16646268dae4b3a5,,unknown,0,0,,19,10,0.888184,0,,0,2026-05-31 21:49:31
167b15567ca758b0,,unknown,0,0,,19,13,0.916629,0,,0,2026-05-31 21:49:31
167cf5f677a43966,,unknown,0,0,,14,12,0.95072,0,,0,2026-05-31 21:49:31
167d8070d3a10c7a,,unknown,0,0,,10,6,0.879923,0,,0,2026-05-31 21:49:31
16815f640e0909f8,,unknown,0,0,,,,0.950773,0,,0,2026-05-31 21:49:31
1681ea860da7f0e5,,unknown,0,0,,18,8,1.1266,0,,0,2026-05-31 21:49:31
168472aa912196df,,unknown,0,0,,13,18,0.819563,0,,0,2026-05-31 21:49:31
168aed56c97bfe24,,unknown,0,0,,15,3,0.82748,0,,0,2026-05-31 21:49:31
16a0ce30a44a63f9,,unknown,0,0,,4,2,0.921444,0,,0,2026-05-31 21:49:31
16aee29782807b61,,unknown,0,0,,5,14,0.83767,0,,0,2026-05-31 21:49:31
16bfcefd53893497,,unknown,0,0,,6,3,1.010597,0,,0,2026-05-31 21:49:31
16c73886e6686dd0,,unknown,0,0,,1,6,0.793977,0,,0,2026-05-31 21:49:31
16cfaa17cded3321,,unknown,0,0,,10,,0.862955,0,,0,2026-05-31 21:49:31
16d061250dbe33c8,,unknown,0,0,,,,0.917317,0,,0,2026-05-31 21:49:31
16db8f5fd4767c13,,unknown,0,0,,6,4,0.720439,0,,0,2026-05-31 21:49:31
16f22b28aa9fa242,,unknown,0,0,,1,,0.758646,0,,0,2026-05-31 21:49:31
16f3f31e446e7800,,unknown,0,0,,,,0.995012,0,,0,2026-05-31 21:49:31
16f46d01585fb300,,unknown,0,0,,,,0.81837,0,,0,2026-05-31 21:49:31
16ffdce23cd05202,,unknown,0,0,,10,,1.022425,0,,0,2026-05-31 21:49:31
171118d4458abc48,,unknown,0,0,,19,9,0.895696,0,,0,2026-05-31 21:49:31
171583c4bef3d361,docs\documents-atlas-index.md#chunk-858,unknown,0,0,,18,10,0.966067,0,,0,2026-05-31 21:49:31
171efaca7fb56f20,,unknown,0,0,,13,,1.037939,0,,0,2026-05-31 21:49:31
17349070027773c5,,unknown,0,0,,19,11,0.88566,0,,0,2026-05-31 21:49:31
173adb38a5a29b53,,unknown,0,0,,12,,0.78001,0,,0,2026-05-31 21:49:31
173af6a1c4bfccd8,,unknown,0,0,,17,,0.93901,0,,0,2026-05-31 21:49:31
173ca778044ef73f,docs\documents-atlas-index.md#chunk-463,unknown,0,0,,19,6,0.911601,0,,0,2026-05-31 21:49:31
174ce032b51ff4d4,,unknown,0,0,,19,6,0.947956,0,,0,2026-05-31 21:49:31
1767db1a86e4729e,docs\documents-atlas-index.md#chunk-1069,unknown,0,0,,10,14,0.959448,0,,0,2026-05-31 21:49:31
176c5b43dbab7444,,unknown,0,0,,13,,0.759296,0,,0,2026-05-31 21:49:31
1771d131e3c669a7,,unknown,0,0,,10,18,0.95203,0,,0,2026-05-31 21:49:31
1788ec4051f73744,,unknown,0,0,,11,12,0.890374,0,,0,2026-05-31 21:49:31
178adbb70388a98e,,unknown,0,0,,11,11,0.971578,0,,0,2026-05-31 21:49:31
179529347c320414,,unknown,0,0,,,,0.833802,0,,0,2026-05-31 21:49:31
179e9280756cd36a,,unknown,0,0,,19,8,0.853274,0,,0,2026-05-31 21:49:31
179faea6a7f5120a,,unknown,0,0,,12,,0.909616,0,,0,2026-05-31 21:49:31
17a7b369a2023450,,unknown,0,0,,,6,0.901043,0,,0,2026-05-31 21:49:31
17abf241cf5ac8e1,,unknown,0,0,,18,3,1.011946,0,,0,2026-05-31 21:49:31
17ad2d51d68785ca,,unknown,0,0,,7,4,0.822641,0,,0,2026-05-31 21:49:31
17ae0ce588ed1ab8,,unknown,0,0,,9,,1.035556,0,,0,2026-05-31 21:49:31
17af85ed8c48ce54,,unknown,0,0,,,13,0.964729,0,,0,2026-05-31 21:49:31
17b2f902c9497e25,,unknown,0,0,,5,13,0.773822,0,,0,2026-05-31 21:49:31
17bbe9234e5179ee,,unknown,0,0,,6,18,0.909077,0,,0,2026-05-31 21:49:31
17beb9fc705ef115,,unknown,0,0,,19,7,1.083398,0,,0,2026-05-31 21:49:31
17c4334e53b9dd59,,unknown,0,0,,,,0.904197,0,,0,2026-05-31 21:49:31
17cd03f156875b41,,unknown,0,0,,5,6,0.938001,0,,0,2026-05-31 21:49:31
17cff96e3627b85d,,unknown,0,0,,,17,0.919542,0,,0,2026-05-31 21:49:31
17d116f05dbd2a0c,,unknown,0,0,,10,8,1.072543,0,,0,2026-05-31 21:49:31
17d20dc1739dd4ee,,unknown,0,0,,17,11,1.07259,0,,0,2026-05-31 21:49:31
17dd26e164548391,,unknown,0,0,,,5,0.915736,0,,0,2026-05-31 21:49:31
17dd6c1ba99f9f9b,,unknown,0,0,,8,4,0.861924,0,,0,2026-05-31 21:49:31
17ed55c33721b5dd,,unknown,0,0,,18,14,0.983508,0,,0,2026-05-31 21:49:31
17eddc3f15f5df51,,unknown,0,0,,6,1,1.091234,0,,0,2026-05-31 21:49:31
17f0ee1f1370bb61,,unknown,0,0,,,11,0.878757,0,,0,2026-05-31 21:49:31
17fd5871ec7f5504,,unknown,0,0,,6,2,0.834141,0,,0,2026-05-31 21:49:31
180249e7cc7ac8aa,,unknown,0,0,,19,9,0.933104,0,,0,2026-05-31 21:49:31
180273f3b65490cf,,unknown,0,0,,18,14,0.869651,0,,0,2026-05-31 21:49:31
1804fa9f117d79ad,docs\documents-atlas-index.md#chunk-299,unknown,0,0,,19,5,1.029405,0,,0,2026-05-31 21:49:31
180aedad89404422,docs\documents-atlas-index.md#chunk-116,unknown,0,0,,15,9,1.012586,0,,0,2026-05-31 21:49:31
180df8d0b5499eb6,,unknown,0,0,,19,,0.912598,0,,0,2026-05-31 21:49:31
181067044c88e1ce,,unknown,0,0,,19,11,0.955131,0,,0,2026-05-31 21:49:31
1814c662aeb5a51d,,unknown,0,0,,10,15,0.965546,0,,0,2026-05-31 21:49:31
181a527264ce9b52,,unknown,0,0,,19,2,0.862158,0,,0,2026-05-31 21:49:31
181d259c8a03257d,docs\documents-atlas-index.md#chunk-174,unknown,0,0,,13,18,0.995391,0,,0,2026-05-31 21:49:31
18274927370f5633,,unknown,0,0,,19,7,0.795912,0,,0,2026-05-31 21:49:31
183faa86a06f2dc7,,unknown,0,0,,18,,0.698403,0,,0,2026-05-31 21:49:31
1842f867c21ee466,,unknown,0,0,,19,6,0.79977,0,,0,2026-05-31 21:49:31
184527071c7d7557,,unknown,0,0,,19,6,0.817642,0,,0,2026-05-31 21:49:31
184a9c3e0cd96249,docs\documents-atlas-index.md#chunk-866,unknown,0,0,,6,,0.945517,0,,0,2026-05-31 21:49:31
185f55fd4fa4b58b,,unknown,0,0,,16,13,1.007669,0,,0,2026-05-31 21:49:31
187477d02a5fde73,,unknown,0,0,,19,7,0.901674,0,,0,2026-05-31 21:49:31
1884062a61afb48d,docs\documents-atlas-index.md#chunk-288,unknown,0,0,,19,11,0.957961,0,,0,2026-05-31 21:49:31
1885d62d61575fa1,,unknown,0,0,,10,19,0.83468,0,,0,2026-05-31 21:49:31
188c99df650b8cd1,,unknown,0,0,,19,,0.913008,0,,0,2026-05-31 21:49:31
188de46dc9c5c47f,,unknown,0,0,,14,10,1.03789,0,,0,2026-05-31 21:49:31
189f1161892c9c1b,,unknown,0,0,,19,2,0.907247,0,,0,2026-05-31 21:49:31
18a3b410e7d660d7,,unknown,0,0,,,5,1.028531,0,,0,2026-05-31 21:49:31
18a7ce1aac33176f,,unknown,0,0,,5,3,0.884334,0,,0,2026-05-31 21:49:31
18ae7d21fd1cf9c6,,unknown,0,0,,10,2,1.00781,0,,0,2026-05-31 21:49:31
18ae7e8b3c50e56d,docs\documents-atlas-index.md#chunk-687,unknown,0,0,,3,1,0.903756,0,,0,2026-05-31 21:49:31
18b43a64c3070fbe,,unknown,0,0,,6,7,0.868655,0,,0,2026-05-31 21:49:31
18d2fb26fc8ee14e,,unknown,0,0,,1,6,1.010168,0,,0,2026-05-31 21:49:31
18dbb7c55c8bf9c9,,unknown,0,0,,19,5,1.071431,0,,0,2026-05-31 21:49:31
18e34468ec82916b,,unknown,0,0,,,4,0.76079,0,,0,2026-05-31 21:49:31
18f92ac2d8a52dc8,,unknown,0,0,,6,6,0.934444,0,,0,2026-05-31 21:49:31
18f9a385ad16dba7,,unknown,0,0,,1,13,0.839468,0,,0,2026-05-31 21:49:31
190682459b685603,docs\documents-atlas-index.md#chunk-1304,unknown,0,0,,19,8,0.798813,0,,0,2026-05-31 21:49:31
190ad542f9feaade,,unknown,0,0,,17,,0.96733,0,,0,2026-05-31 21:49:31
1912c979ae78faf8,,unknown,0,0,,8,16,0.888,0,,0,2026-05-31 21:49:31
19172a2cd893415f,,unknown,0,0,,6,3,0.910453,0,,0,2026-05-31 21:49:31
191de9445f0ccca8,,unknown,0,0,,18,3,0.917173,0,,0,2026-05-31 21:49:31
191f015bebb2e1c0,,unknown,0,0,,19,10,1.040914,0,,0,2026-05-31 21:49:31
1924986b3b8b0301,,unknown,0,0,,19,5,0.849177,0,,0,2026-05-31 21:49:31
1928af6dcb72f5c0,,unknown,0,0,,19,8,1.041879,0,,0,2026-05-31 21:49:31
192f8114cafce7e0,docs\CODEBASE_DIRECTORY_MAP.md#chunk-15,unknown,0,0,,19,8,0.965469,0,,0,2026-05-31 21:49:31
193a95500e4387d5,,unknown,0,0,,19,13,0.891637,0,,0,2026-05-31 21:49:31
193b7f2a2735cbc3,,unknown,0,0,,15,10,1.013928,0,,0,2026-05-31 21:49:31
193beed2bed8ce37,,unknown,0,0,,12,,0.873501,0,,0,2026-05-31 21:49:31
193e3cf4d1622654,,unknown,0,0,,15,9,0.966115,0,,0,2026-05-31 21:49:31
1943246bf12aa220,,unknown,0,0,,19,8,0.905644,0,,0,2026-05-31 21:49:31
1959cb27a852706a,,unknown,0,0,,10,10,0.890152,0,,0,2026-05-31 21:49:31
1964b76933ed9be4,,unknown,0,0,,19,2,0.937452,0,,0,2026-05-31 21:49:31
1966d3452b96c6d0,,unknown,0,0,,9,18,0.942741,0,,0,2026-05-31 21:49:31
196ab5a3094c6f9f,,unknown,0,0,,19,,0.874915,0,,0,2026-05-31 21:49:31
196cf79c586e89d8,docs\documents-atlas-index.md#chunk-541,unknown,0,0,,19,5,0.883417,0,,0,2026-05-31 21:49:31
196f05fe298a9141,docs\documents-atlas-index.md#chunk-697,unknown,0,0,,18,9,0.952152,0,,0,2026-05-31 21:49:31
1972b6c92ff372e6,,unknown,0,0,,11,18,0.97295,0,,0,2026-05-31 21:49:31
197807c30509d5fc,,unknown,0,0,,18,14,0.79458,0,,0,2026-05-31 21:49:31
19846393852029ab,docs\documents-atlas-index.md#chunk-1047,unknown,0,0,,10,19,0.733572,0,,0,2026-05-31 21:49:31
198a4ff10c473f81,,unknown,0,0,,16,1,0.978681,0,,0,2026-05-31 21:49:31
198b801234fadede,,unknown,0,0,,15,16,0.985613,0,,0,2026-05-31 21:49:31
199873fe37ecd09a,,unknown,0,0,,18,12,0.935505,0,,0,2026-05-31 21:49:31
199c3a4d5805bb25,,unknown,0,0,,12,9,0.910146,0,,0,2026-05-31 21:49:31
199c85613a2dee57,,unknown,0,0,,19,3,0.846317,0,,0,2026-05-31 21:49:31
199fba4f8336dcde,,unknown,0,0,,10,14,1.055318,0,,0,2026-05-31 21:49:31
19a67606de2ddbed,,unknown,0,0,,1,6,0.995131,0,,0,2026-05-31 21:49:31
19a8ca09f5a05f1f,,unknown,0,0,,8,6,0.812738,0,,0,2026-05-31 21:49:31
19ab3e27efbf2105,docs\documents-atlas-index.md#chunk-85,unknown,0,0,,8,,0.829124,0,,0,2026-05-31 21:49:31
19b093b6859f03cf,,unknown,0,0,,16,16,0.994641,0,,0,2026-05-31 21:49:31
19b703c1ce7c4e64,,unknown,0,0,,,7,0.93995,0,,0,2026-05-31 21:49:31
19b7cc0390ace50b,,unknown,0,0,,6,,0.995437,0,,0,2026-05-31 21:49:31
19b8063ed3cd5c91,,unknown,0,0,,6,,0.948984,0,,0,2026-05-31 21:49:31
19d19c425665d2f6,,unknown,0,0,,,1,0.794119,0,,0,2026-05-31 21:49:31
19d30ec18cd6a8f8,,unknown,0,0,,,5,0.980428,0,,0,2026-05-31 21:49:31
19dd32f4bb4759cf,docs\documents-atlas-index.md#chunk-838,unknown,0,0,,7,5,1.068621,0,,0,2026-05-31 21:49:31
19fab27283266519,,unknown,0,0,,,17,0.826038,0,,0,2026-05-31 21:49:31
19fba33fbb799997,,unknown,0,0,,5,3,0.909739,0,,0,2026-05-31 21:49:31
1a040e57cbff0e70,,unknown,0,0,,15,,0.896364,0,,0,2026-05-31 21:49:31
1a05d44d8a5c6f33,,unknown,0,0,,19,3,0.978841,0,,0,2026-05-31 21:49:31
1a06dd33fe8fb4fb,,unknown,0,0,,15,1,1.039454,0,,0,2026-05-31 21:49:31
1a0d9fe2f4c26ce8,,unknown,0,0,,14,,0.969114,0,,0,2026-05-31 21:49:31
1a1c4d2f01240d7a,,unknown,0,0,,14,14,1.098294,0,,0,2026-05-31 21:49:31
1a207f3697420432,,unknown,0,0,,2,1,0.954716,0,,0,2026-05-31 21:49:31
1a20d9c7ec705475,docs\documents-atlas-index.md#chunk-129,unknown,0,0,,4,16,1.025539,0,,0,2026-05-31 21:49:31
1a22b10c3e36a237,docs\documents-atlas-index.md#chunk-84,unknown,0,0,,4,19,1.014209,0,,0,2026-05-31 21:49:31
1a28507ecc2658ff,,unknown,0,0,,14,19,0.96043,0,,0,2026-05-31 21:49:31
1a295a18b6c197c9,,unknown,0,0,,17,11,0.95406,0,,0,2026-05-31 21:49:31
1a4040425271b26c,,unknown,0,0,,18,14,0.866229,0,,0,2026-05-31 21:49:31
1a57d364b6ae73b4,,unknown,0,0,,18,1,0.937276,0,,0,2026-05-31 21:49:31
1a5b0997c223a51e,,unknown,0,0,,16,10,0.848244,0,,0,2026-05-31 21:49:31
1a5b6ce6b1026b56,docs\documents-atlas-index.md#chunk-256,unknown,0,0,,15,,0.952109,0,,0,2026-05-31 21:49:31
1a5e01e57b89df65,docs\documents-atlas-index.md#chunk-511,unknown,0,0,,17,11,0.904044,0,,0,2026-05-31 21:49:31
1a5f2abd4c991c1a,,unknown,0,0,,11,1,1.037733,0,,0,2026-05-31 21:49:31
1a632b0f2dcf186e,,unknown,0,0,,5,,1.104758,0,,0,2026-05-31 21:49:31
1a83e233d4f0c15a,,unknown,0,0,,10,15,1.04294,0,,0,2026-05-31 21:49:31
1a85389b4f8e0d38,,unknown,0,0,,19,3,0.929991,0,,0,2026-05-31 21:49:31
1a9d317b3423d9e6,,unknown,0,0,,18,13,0.907395,0,,0,2026-05-31 21:49:31
1aa636a83351fa43,,unknown,0,0,,,12,0.894972,0,,0,2026-05-31 21:49:31
1aa6c0c064bb1e6d,,unknown,0,0,,,19,0.921052,0,,0,2026-05-31 21:49:31
1aa8f5b085d34a76,,unknown,0,0,,,19,0.870398,0,,0,2026-05-31 21:49:31
1ab3b9f9cb4d367a,,unknown,0,0,,,18,0.998555,0,,0,2026-05-31 21:49:31
1aba375aae1b96d5,docs\documents-atlas-index.md#chunk-202,unknown,0,0,,,,1.001375,0,,0,2026-05-31 21:49:31
1abf5cc15f93e1ae,docs\documents-atlas-index.md#chunk-425,unknown,0,0,,,15,1.106828,0,,0,2026-05-31 21:49:31
1ac3f2f7f62cbd2d,,unknown,0,0,,,18,0.905536,0,,0,2026-05-31 21:49:31
1acabc37a2b9d51e,,unknown,0,0,,9,1,0.980572,0,,0,2026-05-31 21:49:31
1ad40b81cf0913ac,,unknown,0,0,,2,1,0.956698,0,,0,2026-05-31 21:49:31
1ad92807f8ad527a,,unknown,0,0,,6,,0.99468,0,,0,2026-05-31 21:49:31
1ae5dc5a24a4da88,,unknown,0,0,,5,12,0.986218,0,,0,2026-05-31 21:49:31
1af38448b7f8c51b,,unknown,0,0,,1,7,0.934726,0,,0,2026-05-31 21:49:31
1af385596cc18421,,unknown,0,0,,,,0.78122,0,,0,2026-05-31 21:49:31
1af8b2a9bd4949b5,docs\documents-atlas-index.md#chunk-79,unknown,0,0,,,18,0.986798,0,,0,2026-05-31 21:49:31
1afa113587eaf636,,unknown,0,0,,2,,0.954228,0,,0,2026-05-31 21:49:31
1afede8a0ae6ad1f,,unknown,0,0,,8,,1.084799,0,,0,2026-05-31 21:49:31
1b00e3b825711164,,unknown,0,0,,16,14,0.927597,0,,0,2026-05-31 21:49:31
1b05bac0853d03aa,,unknown,0,0,,19,,1.050384,0,,0,2026-05-31 21:49:31
1b0a080f747be195,,unknown,0,0,,18,11,0.900793,0,,0,2026-05-31 21:49:31
1b0d487d68185b72,,unknown,0,0,,15,12,0.967249,0,,0,2026-05-31 21:49:31
1b1c6f13858e3ae4,,unknown,0,0,,19,,0.794244,0,,0,2026-05-31 21:49:31
1b1e9d3ed7d2b060,,unknown,0,0,,16,10,1.019571,0,,0,2026-05-31 21:49:31
1b20950215d8d500,,unknown,0,0,,19,12,0.978551,0,,0,2026-05-31 21:49:31
1b20aa7814bf4508,,unknown,0,0,,19,3,0.95457,0,,0,2026-05-31 21:49:31
1b2ea903d4be66af,,unknown,0,0,,16,,0.941452,0,,0,2026-05-31 21:49:31
1b320a3823973431,,unknown,0,0,,2,,0.933532,0,,0,2026-05-31 21:49:31
1b338076f414a58e,,unknown,0,0,,19,11,0.864788,0,,0,2026-05-31 21:49:31
1b3925edc8848aa4,,unknown,0,0,,17,14,0.946251,0,,0,2026-05-31 21:49:31
1b418cbfdabf788f,,unknown,0,0,,13,,1.054115,0,,0,2026-05-31 21:49:31
1b433954b2c78a7e,,unknown,0,0,,13,15,0.897289,0,,0,2026-05-31 21:49:31
1b46176002c260ed,docs\documents-atlas-index.md#chunk-1228,unknown,0,0,,17,17,0.794615,0,,0,2026-05-31 21:49:31
1b58187fa018f025,,unknown,0,0,,18,11,0.915604,0,,0,2026-05-31 21:49:31
1b6ac47f34b5830f,,unknown,0,0,,15,19,1.017262,0,,0,2026-05-31 21:49:31
1b6b8e8123a89438,,unknown,0,0,,15,,0.901465,0,,0,2026-05-31 21:49:31
1b8662369d523299,,unknown,0,0,,17,14,0.858176,0,,0,2026-05-31 21:49:31
1b8d4860dc835524,docs\documents-atlas-index.md#chunk-1151,unknown,0,0,,16,8,0.954527,0,,0,2026-05-31 21:49:31
1b9418cc8f1c20b5,docs\documents-atlas-index.md#chunk-1291,unknown,0,0,,17,14,0.999369,0,,0,2026-05-31 21:49:31
1ba309e4fd1957f5,,unknown,0,0,,,7,1.015602,0,,0,2026-05-31 21:49:31
1baaa8ac56ba21ee,,unknown,0,0,,17,17,1.11909,0,,0,2026-05-31 21:49:31
1bac1d1b7ba791db,,unknown,0,0,,4,,0.951493,0,,0,2026-05-31 21:49:31
1bb42add20aebd92,,unknown,0,0,,,10,1.153627,0,,0,2026-05-31 21:49:31
1bb7be36567479c1,,unknown,0,0,,2,1,0.922257,0,,0,2026-05-31 21:49:31
1bb7d4a900fea184,docs\documents-atlas-index.md#chunk-249,unknown,0,0,,,16,1.039567,0,,0,2026-05-31 21:49:31
1bb7ec8aa0d2c7ac,,unknown,0,0,,7,11,1.080497,0,,0,2026-05-31 21:49:31
1bb830dd53acf835,docs\documents-atlas-index.md#chunk-1089,unknown,0,0,,18,12,1.053726,0,,0,2026-05-31 21:49:31
1bb88cabe05a06b8,,unknown,0,0,,16,9,1.097544,0,,0,2026-05-31 21:49:31
1bc70408beb0dc24,docs\documents-atlas-index.md#chunk-273,unknown,0,0,,2,9,0.964873,0,,0,2026-05-31 21:49:31
1bc78e2f528e2750,,unknown,0,0,,1,,0.85341,0,,0,2026-05-31 21:49:31
1bcae4dda670ece2,,unknown,0,0,,,13,1.028058,0,,0,2026-05-31 21:49:31
1bcdd90310275faf,,unknown,0,0,,1,19,0.985345,0,,0,2026-05-31 21:49:31
1bd4d5b6f01d69ba,,unknown,0,0,,,19,1.055156,0,,0,2026-05-31 21:49:31
1bd5a1fa6b80d625,,unknown,0,0,,,16,0.936937,0,,0,2026-05-31 21:49:31
1bd9687edf9bb35b,,unknown,0,0,,1,,0.999581,0,,0,2026-05-31 21:49:31
1bdb74ff1585d001,,unknown,0,0,,,13,1.066704,0,,0,2026-05-31 21:49:31
1be24f6e624b7283,,unknown,0,0,,1,,0.841052,0,,0,2026-05-31 21:49:31
1be72fd2b4b02669,,unknown,0,0,,5,6,0.982615,0,,0,2026-05-31 21:49:31
1be812ba5ed25943,docs\documents-atlas-index.md#chunk-717,unknown,0,0,,,,1.01188,0,,0,2026-05-31 21:49:31
1bea7ab4b398a430,,unknown,0,0,,,9,0.922916,0,,0,2026-05-31 21:49:31
1bef2c13c1c6880b,,unknown,0,0,,7,2,0.919567,0,,0,2026-05-31 21:49:31
1c0c1c3d0b143ecd,,unknown,0,0,,14,19,1.077437,0,,0,2026-05-31 21:49:31
1c2c92068a65b8c2,,unknown,0,0,,19,12,0.91079,0,,0,2026-05-31 21:49:31
1c2ebb7aa9d7fb7a,,unknown,0,0,,12,,1.010426,0,,0,2026-05-31 21:49:31
1c361455f8c34889,,unknown,0,0,,16,12,0.915458,0,,0,2026-05-31 21:49:31
1c377ad2893f64cf,docs\documents-atlas-index.md#chunk-989,unknown,0,0,,17,15,0.912386,0,,0,2026-05-31 21:49:31
1c3781fd8fc00a2d,,unknown,0,0,,14,19,0.89381,0,,0,2026-05-31 21:49:31
1c3bc258ea09710d,docs\documents-atlas-index.md#chunk-259,unknown,0,0,,14,2,0.983486,0,,0,2026-05-31 21:49:31
1c403dea6093f2dc,,unknown,0,0,,17,15,0.949656,0,,0,2026-05-31 21:49:31
1c43db819a9be618,,unknown,0,0,,19,5,0.931817,0,,0,2026-05-31 21:49:31
1c48c7609aa093cd,,unknown,0,0,,11,18,0.897203,0,,0,2026-05-31 21:49:31
1c4a2948995d806c,,unknown,0,0,,19,1,0.928497,0,,0,2026-05-31 21:49:31
1c4b5fc2bd50665e,,unknown,0,0,,12,1,0.947588,0,,0,2026-05-31 21:49:31
1c4de2e9ae122f2d,,unknown,0,0,,14,1,1.073309,0,,0,2026-05-31 21:49:31
1c4ee336efbc171a,docs\documents-atlas-index.md#chunk-466,unknown,0,0,,15,,0.933723,0,,0,2026-05-31 21:49:31
1c590d160f77b80f,,unknown,0,0,,16,10,0.99943,0,,0,2026-05-31 21:49:31
1c648b52a461e4bd,,unknown,0,0,,17,11,0.947066,0,,0,2026-05-31 21:49:31
1c6c3980955fa622,docs\documents-atlas-index.md#chunk-542,unknown,0,0,,18,10,0.843683,0,,0,2026-05-31 21:49:31
1c6e12bf180d50e3,,unknown,0,0,,17,14,0.967137,0,,0,2026-05-31 21:49:31
1c86efdc8f799b7d,,unknown,0,0,,5,18,1.034646,0,,0,2026-05-31 21:49:31
1c8d23047222174a,,unknown,0,0,,18,16,0.860966,0,,0,2026-05-31 21:49:31
1c92c5452f33ba36,,unknown,0,0,,1,19,0.827148,0,,0,2026-05-31 21:49:31
1c9e21022f942d0b,,unknown,0,0,,2,19,1.046062,0,,0,2026-05-31 21:49:31
1ca8cd85b4662aab,,unknown,0,0,,7,9,0.920303,0,,0,2026-05-31 21:49:31
1cbb477c2aeecc4a,,unknown,0,0,,2,,1.132392,0,,0,2026-05-31 21:49:31
1cc4f6f132fe255e,,unknown,0,0,,,19,1.056471,0,,0,2026-05-31 21:49:31
1cc801f7dc5bdff2,docs\CODEBASE_DIRECTORY_MAP.md#chunk-25,unknown,0,0,,,10,1.113925,0,,0,2026-05-31 21:49:31
1cc91e533f964d06,,unknown,0,0,,1,,0.802319,0,,0,2026-05-31 21:49:31
1cc935205563d1a9,docs\documents-atlas-index.md#chunk-122,unknown,0,0,,,1,0.922187,0,,0,2026-05-31 21:49:31
1ccaca2f51716f76,,unknown,0,0,,5,2,1.026015,0,,0,2026-05-31 21:49:31
1cd3b6f303ddeb60,,unknown,0,0,,,16,0.988654,0,,0,2026-05-31 21:49:31
1cd8776bbdd4623d,,unknown,0,0,,5,,0.923579,0,,0,2026-05-31 21:49:31
1cd90db942b978e5,docs\documents-atlas-index.md#chunk-456,unknown,0,0,,,,1.026126,0,,0,2026-05-31 21:49:31
1cdf33e85233d6a4,,unknown,0,0,,18,13,0.972495,0,,0,2026-05-31 21:49:31
1ce1242bc734b63a,,unknown,0,0,,,6,0.905132,0,,0,2026-05-31 21:49:31
1ce65fdbfbeb6ee6,,unknown,0,0,,11,,1.139647,0,,0,2026-05-31 21:49:31
1cee2c27fb0c85b3,,unknown,0,0,,10,,0.965748,0,,0,2026-05-31 21:49:31
1cef3955cd39ef9e,,unknown,0,0,,3,9,0.988528,0,,0,2026-05-31 21:49:31
1cf9b4fd52addbe6,docs\documents-atlas-index.md#chunk-765,unknown,0,0,,,16,1.164495,0,,0,2026-05-31 21:49:31
1cfa3c146c67e68b,,unknown,0,0,,2,,0.878556,0,,0,2026-05-31 21:49:31
1cfe33fbccfd5dbd,,unknown,0,0,,13,,1.129053,0,,0,2026-05-31 21:49:31
1d08996344e708c2,,unknown,0,0,,17,17,0.837971,0,,0,2026-05-31 21:49:31
1d0fef04f6b46ad9,,unknown,0,0,,14,,0.932701,0,,0,2026-05-31 21:49:31
1d10b169974df60c,,unknown,0,0,,4,19,0.953523,0,,0,2026-05-31 21:49:31
1d153134cf2c9419,,unknown,0,0,,19,6,0.899934,0,,0,2026-05-31 21:49:31
1d2f2250b36f1085,docs\documents-atlas-index.md#chunk-967,unknown,0,0,,19,1,0.889024,0,,0,2026-05-31 21:49:31
1d31d1bfaa444892,,unknown,0,0,,17,9,1.039422,0,,0,2026-05-31 21:49:31
1d408e8414817a46,,unknown,0,0,,11,12,0.895292,0,,0,2026-05-31 21:49:31
1d44a51117a38c16,,unknown,0,0,,10,15,0.883004,0,,0,2026-05-31 21:49:31
1d45f7bdd2a359cc,,unknown,0,0,,15,18,0.938849,0,,0,2026-05-31 21:49:31
1d49b5d35fda8c18,,unknown,0,0,,17,,0.96582,0,,0,2026-05-31 21:49:31
1d50cd71a43784f3,,unknown,0,0,,18,1,1.028653,0,,0,2026-05-31 21:49:31
1d5ab0b85e8ed675,,unknown,0,0,,19,6,0.991684,0,,0,2026-05-31 21:49:31
1d5c102395c14ecd,docs\documents-atlas-index.md#chunk-480,unknown,0,0,,18,19,0.844775,0,,0,2026-05-31 21:49:31
1d5c725f667e0801,,unknown,0,0,,19,3,0.976782,0,,0,2026-05-31 21:49:31
1d5c75e38d1c259f,,unknown,0,0,,17,14,1.009396,0,,0,2026-05-31 21:49:31
1d5fa92a48102e20,,unknown,0,0,,8,17,1.009833,0,,0,2026-05-31 21:49:31
1d63b4eaa558c5d9,,unknown,0,0,,18,12,0.937519,0,,0,2026-05-31 21:49:31
1d63b7d3b404297d,docs\documents-atlas-index.md#chunk-247,unknown,0,0,,5,19,0.909159,0,,0,2026-05-31 21:49:31
1d6fc9c4277c4749,,unknown,0,0,,19,,0.885695,0,,0,2026-05-31 21:49:31
1d7877f511395d67,,unknown,0,0,,17,13,0.857818,0,,0,2026-05-31 21:49:31
1d793f5ae751264d,,unknown,0,0,,15,10,1.006249,0,,0,2026-05-31 21:49:31
1d7e7cfbe026e317,,unknown,0,0,,16,10,1.014554,0,,0,2026-05-31 21:49:31
1d8900413682dd74,,unknown,0,0,,14,13,0.906,0,,0,2026-05-31 21:49:31
1d895a6f8946ab19,docs\documents-atlas-index.md#chunk-240,unknown,0,0,,12,11,0.908045,0,,0,2026-05-31 21:49:31
1d8dd693e16ef5e5,,unknown,0,0,,19,2,0.928861,0,,0,2026-05-31 21:49:31
1d9ce8abf541c8e6,docs\documents-atlas-index.md#chunk-1154,unknown,0,0,,17,11,1.007493,0,,0,2026-05-31 21:49:31
1da58741b7249bbc,,unknown,0,0,,3,19,0.928685,0,,0,2026-05-31 21:49:31
1da5cfbe59d1f339,,unknown,0,0,,,12,1.036371,0,,0,2026-05-31 21:49:31
1db8ad7a9039d045,,unknown,0,0,,,13,0.958293,0,,0,2026-05-31 21:49:31
1dcc5303c85b2674,docs\documents-atlas-index.md#chunk-1082,unknown,0,0,,6,2,0.969654,0,,0,2026-05-31 21:49:31
1dcc7b7563b1fb1d,,unknown,0,0,,7,8,1.006869,0,,0,2026-05-31 21:49:31
1dd9b884c98d11f7,,unknown,0,0,,18,1,1.061329,0,,0,2026-05-31 21:49:31
1ddd4a44f06c46c8,,unknown,0,0,,19,,0.99151,0,,0,2026-05-31 21:49:31
1ddfb270988bda2e,,unknown,0,0,,,19,0.913848,0,,0,2026-05-31 21:49:31
1dee9df3e3d46cb1,,unknown,0,0,,11,,1.007191,0,,0,2026-05-31 21:49:31
1df10e7ede670c0b,,unknown,0,0,,5,5,1.005099,0,,0,2026-05-31 21:49:31
1df76ca0ff51b5f9,,unknown,0,0,,1,9,1.008395,0,,0,2026-05-31 21:49:31
1df7bbca16ecb1c4,,unknown,0,0,,,16,1.29044,0,,0,2026-05-31 21:49:31
1dfbec9e89b5f306,,unknown,0,0,,4,,1.011932,0,,0,2026-05-31 21:49:31
1dfca2b2c787705e,,unknown,0,0,,,19,0.958236,0,,0,2026-05-31 21:49:31
1dfdbf32da612a41,,unknown,0,0,,10,,0.86266,0,,0,2026-05-31 21:49:31
1e08ad58d1ae3a0b,,unknown,0,0,,15,,0.882862,0,,0,2026-05-31 21:49:31
1e0fc3f26a1fb5a5,,unknown,0,0,,18,3,1.035104,0,,0,2026-05-31 21:49:31
1e163f3de2cc6e7c,,unknown,0,0,,12,5,1.027109,0,,0,2026-05-31 21:49:31
1e1991b01a17346c,,unknown,0,0,,16,15,0.914028,0,,0,2026-05-31 21:49:31
1e1d297a93aee982,docs\documents-atlas-index.md#chunk-622,unknown,0,0,,18,11,0.971964,0,,0,2026-05-31 21:49:31
1e233d75bf150d57,,unknown,0,0,,12,5,0.969563,0,,0,2026-05-31 21:49:31
1e32497db36ae05c,,unknown,0,0,,19,10,0.920475,0,,0,2026-05-31 21:49:31
1e33a64f14c94533,,unknown,0,0,,13,15,0.998047,0,,0,2026-05-31 21:49:31
1e33bc70f0884816,,unknown,0,0,,14,6,0.939666,0,,0,2026-05-31 21:49:31
1e4788b37fc48ae7,docs\documents-atlas-index.md#chunk-294,unknown,0,0,,15,16,0.943405,0,,0,2026-05-31 21:49:31
1e571bdb6fd57ab6,,unknown,0,0,,16,14,1.036609,0,,0,2026-05-31 21:49:31
1e59c8b07a63356a,,unknown,0,0,,4,19,0.838179,0,,0,2026-05-31 21:49:31
1e6027aeb007cc8a,,unknown,0,0,,16,11,1.024707,0,,0,2026-05-31 21:49:31
1e64477eb0e43482,,unknown,0,0,,16,12,1.013365,0,,0,2026-05-31 21:49:31
1e656538fa328475,,unknown,0,0,,17,9,0.898909,0,,0,2026-05-31 21:49:31
1e66f7a2f8555da5,docs\documents-atlas-index.md#chunk-283,unknown,0,0,,8,16,0.971662,0,,0,2026-05-31 21:49:31
1e723856b83bee16,,unknown,0,0,,19,8,0.871951,0,,0,2026-05-31 21:49:31
1e7339943b21212e,,unknown,0,0,,8,19,0.904079,0,,0,2026-05-31 21:49:31
1e7ac8f14929b9b7,,unknown,0,0,,18,13,0.89416,0,,0,2026-05-31 21:49:31
1e7b5e148d1f737e,docs\documents-atlas-index.md#chunk-1097,unknown,0,0,,17,1,0.932195,0,,0,2026-05-31 21:49:31
1e80af37312a764d,docs\documents-atlas-index.md#chunk-633,unknown,0,0,,18,4,1.03123,0,,0,2026-05-31 21:49:31
1e851c0e93cb272d,docs\documents-atlas-index.md#chunk-82,unknown,0,0,,5,,1.02816,0,,0,2026-05-31 21:49:31
1e888b11861d1338,,unknown,0,0,,19,3,0.869705,0,,0,2026-05-31 21:49:31
1e88afce00bd7111,,unknown,0,0,,19,5,1.105425,0,,0,2026-05-31 21:49:31
1e88ed6eb8277cdc,,unknown,0,0,,11,19,0.965323,0,,0,2026-05-31 21:49:31
1e8b91a035514582,,unknown,0,0,,18,13,0.884384,0,,0,2026-05-31 21:49:31
1e952467f29f1e7b,,unknown,0,0,,19,1,0.917002,0,,0,2026-05-31 21:49:31
1e984f62a83fc79a,,unknown,0,0,,16,9,0.863101,0,,0,2026-05-31 21:49:31
1ea7813e676a3451,,unknown,0,0,,,,0.920846,0,,0,2026-05-31 21:49:31
1ea9cfe6796e4354,,unknown,0,0,,,12,0.977096,0,,0,2026-05-31 21:49:31
1eab0b6064d289a8,docs\documents-atlas-index.md#chunk-861,unknown,0,0,,4,,0.961763,0,,0,2026-05-31 21:49:31
1eb299887c824024,,unknown,0,0,,,,0.753597,0,,0,2026-05-31 21:49:31
1ec50137ebc5271b,,unknown,0,0,,5,,1.015611,0,,0,2026-05-31 21:49:31
1ed2176f4aa9547e,,unknown,0,0,,,,0.949733,0,,0,2026-05-31 21:49:31
1ed35ad50f6947a8,,unknown,0,0,,,,0.929439,0,,0,2026-05-31 21:49:31
1ed755108105caf8,,unknown,0,0,,,16,0.921197,0,,0,2026-05-31 21:49:31
1ee2a040d79f207b,docs\documents-atlas-index.md#chunk-1138,unknown,0,0,,,19,1.025569,0,,0,2026-05-31 21:49:31
1ef020ca23062ad1,,unknown,0,0,,15,16,1.106952,0,,0,2026-05-31 21:49:31
1ef85486f3857c6d,,unknown,0,0,,6,8,0.875498,0,,0,2026-05-31 21:49:31
1f0ef67f7143f830,,unknown,0,0,,17,10,1.069629,0,,0,2026-05-31 21:49:31
1f1330e53173b8ed,docs\documents-atlas-index.md#chunk-609,unknown,0,0,,17,15,0.839328,0,,0,2026-05-31 21:49:31
1f198475ff9bafc2,,unknown,0,0,,19,1,0.930381,0,,0,2026-05-31 21:49:31
1f1b9f5f51869c5f,,unknown,0,0,,12,11,1.052529,0,,0,2026-05-31 21:49:31
1f2b32a027e6f01f,,unknown,0,0,,19,14,0.888579,0,,0,2026-05-31 21:49:31
1f3988bbbfbb263e,,unknown,0,0,,17,14,1.066507,0,,0,2026-05-31 21:49:31
1f3d51f5f3bf30e1,,unknown,0,0,,17,,1.037874,0,,0,2026-05-31 21:49:31
1f4556068910321f,,unknown,0,0,,18,16,0.882278,0,,0,2026-05-31 21:49:31
1f532cb2179996ad,docs\documents-atlas-index.md#chunk-540,unknown,0,0,,18,16,0.876646,0,,0,2026-05-31 21:49:31
1f550e955e95c646,,unknown,0,0,,17,10,0.921324,0,,0,2026-05-31 21:49:31
1f5ad40871b64633,,unknown,0,0,,13,14,1.026989,0,,0,2026-05-31 21:49:31
1f5eed7b60ba0948,,unknown,0,0,,19,,0.964577,0,,0,2026-05-31 21:49:31
1f66438838b3c578,,unknown,0,0,,18,13,0.844048,0,,0,2026-05-31 21:49:31
1f668db3e96c7536,,unknown,0,0,,17,8,0.848932,0,,0,2026-05-31 21:49:31
1f678b2df923ebdf,docs\documents-atlas-index.md#chunk-1226,unknown,0,0,,16,11,1.065745,0,,0,2026-05-31 21:49:31
1f6c90688ec8c50c,,unknown,0,0,,17,14,0.935717,0,,0,2026-05-31 21:49:31
1f790b9b051d40ca,,unknown,0,0,,18,16,0.954812,0,,0,2026-05-31 21:49:31
1f84f5f0ab406d50,,unknown,0,0,,4,16,0.973992,0,,0,2026-05-31 21:49:31
1f8575b734ef80fe,,unknown,0,0,,18,16,0.80022,0,,0,2026-05-31 21:49:31
1f87c9ad8af3bae7,,unknown,0,0,,14,19,1.039747,0,,0,2026-05-31 21:49:31
1f9464764c5a59bb,,unknown,0,0,,17,17,0.86889,0,,0,2026-05-31 21:49:31
1f97032a5dcaafba,,unknown,0,0,,14,19,0.98881,0,,0,2026-05-31 21:49:31
1f99175ac964f641,docs\documents-atlas-index.md#chunk-232,unknown,0,0,,17,10,0.899947,0,,0,2026-05-31 21:49:31
1f9c9b59020fb2f1,,unknown,0,0,,18,11,1.001809,0,,0,2026-05-31 21:49:31
1fa919732acb9dbe,,unknown,0,0,,15,18,1.018108,0,,0,2026-05-31 21:49:31
1faa5ab8af18ff68,,unknown,0,0,,2,10,0.94187,0,,0,2026-05-31 21:49:31
1faba7691958bdb3,,unknown,0,0,,,19,0.868564,0,,0,2026-05-31 21:49:31
1fb2779aeaaa2f4c,,unknown,0,0,,8,,1.074648,0,,0,2026-05-31 21:49:31
1fb4a774646a3a20,,unknown,0,0,,,19,0.862418,0,,0,2026-05-31 21:49:31
1fb514bd900ceff4,,unknown,0,0,,17,13,1.116929,0,,0,2026-05-31 21:49:31
1fbeac0324a5a5be,,unknown,0,0,,,19,1.06952,0,,0,2026-05-31 21:49:31
1fbec2984d8ca7b7,,unknown,0,0,,,19,1.045691,0,,0,2026-05-31 21:49:31
1fc1cddd7e90a328,,unknown,0,0,,,13,0.928053,0,,0,2026-05-31 21:49:31
1fc4cb1ec564a178,,unknown,0,0,,1,9,0.922831,0,,0,2026-05-31 21:49:31
1fc52a127c0f2940,,unknown,0,0,,1,,0.872686,0,,0,2026-05-31 21:49:31
1fd01a295e3aa969,,unknown,0,0,,1,,0.803651,0,,0,2026-05-31 21:49:31
1fdb7a57d96eb7e2,,unknown,0,0,,15,1,1.065165,0,,0,2026-05-31 21:49:31
1ff008f2ec128b48,,unknown,0,0,,,10,0.875474,0,,0,2026-05-31 21:49:31
1ff0fcae9ac82ad3,docs\documents-atlas-index.md#chunk-396,unknown,0,0,,,16,1.160427,0,,0,2026-05-31 21:49:31
1ff217c2bfa301cc,,unknown,0,0,,17,17,1.135184,0,,0,2026-05-31 21:49:31
20067c03092697e3,,unknown,0,0,,18,10,0.938707,0,,0,2026-05-31 21:49:31
2007b74c96326fc8,,unknown,0,0,,10,19,0.788858,0,,0,2026-05-31 21:49:31
2007c8b9fb5b9181,,unknown,0,0,,19,5,0.87028,0,,0,2026-05-31 21:49:31
201c169fe5a2ddee,,unknown,0,0,,14,12,1.009622,0,,0,2026-05-31 21:49:31
2033ecff25b9ad9a,,unknown,0,0,,10,13,0.991709,0,,0,2026-05-31 21:49:31
203a5d3f3a5c5aed,,unknown,0,0,,19,1,1.048297,0,,0,2026-05-31 21:49:31
2042783e047815f1,,unknown,0,0,,13,17,0.958305,0,,0,2026-05-31 21:49:31
204320d1a378cbc1,,unknown,0,0,,19,10,0.899359,0,,0,2026-05-31 21:49:31
2045bd92ae9c6942,,unknown,0,0,,18,4,0.753431,0,,0,2026-05-31 21:49:31
2046c79f9893fa15,,unknown,0,0,,9,15,0.878282,0,,0,2026-05-31 21:49:31
204b90562f254e66,,unknown,0,0,,10,16,0.890199,0,,0,2026-05-31 21:49:31
204c6b0dab9a2d13,,unknown,0,0,,15,3,0.834367,0,,0,2026-05-31 21:49:31
204db00582d7e9bd,,unknown,0,0,,12,16,1.01011,0,,0,2026-05-31 21:49:31
2050bdfad99ddf74,,unknown,0,0,,19,5,1.015148,0,,0,2026-05-31 21:49:31
2056f41c3d0e0653,,unknown,0,0,,19,5,0.919406,0,,0,2026-05-31 21:49:31
205d0f177ea377f8,,unknown,0,0,,8,,0.961165,0,,0,2026-05-31 21:49:31
206298c621c2f6e1,,unknown,0,0,,19,12,0.923451,0,,0,2026-05-31 21:49:31
206b6bfd56f23122,docs\documents-atlas-index.md#chunk-90,unknown,0,0,,15,10,1.071241,0,,0,2026-05-31 21:49:31
2074ce51a01e3981,,unknown,0,0,,18,4,0.796308,0,,0,2026-05-31 21:49:31
2074fbf6021475d1,,unknown,0,0,,14,12,1.118495,0,,0,2026-05-31 21:49:31
20881199a1b56492,,unknown,0,0,,13,9,0.832581,0,,0,2026-05-31 21:49:31
209bcf82e3c7a9f0,,unknown,0,0,,12,,0.968119,0,,0,2026-05-31 21:49:31
20a69c946a709762,,unknown,0,0,,,1,0.672143,0,,0,2026-05-31 21:49:31
20af9501efaf62ad,,unknown,0,0,,10,,1.034169,0,,0,2026-05-31 21:49:31
20b8c7d140193cd1,,unknown,0,0,,6,15,0.913414,0,,0,2026-05-31 21:49:31
20cb704be5a71d60,,unknown,0,0,,6,3,0.921435,0,,0,2026-05-31 21:49:31
20d37413cf7f9b9f,,unknown,0,0,,8,5,0.948191,0,,0,2026-05-31 21:49:31
20d9d6e53a96c15c,,unknown,0,0,,1,16,0.810944,0,,0,2026-05-31 21:49:31
20dcd0b3c6e3474c,,unknown,0,0,,9,3,1.030861,0,,0,2026-05-31 21:49:31
20e77ab1da913b13,,unknown,0,0,,3,7,0.802552,0,,0,2026-05-31 21:49:31
20e7cadd8abda707,,unknown,0,0,,,,1.092443,0,,0,2026-05-31 21:49:31
20f12f97db16df5a,,unknown,0,0,,3,8,0.776063,0,,0,2026-05-31 21:49:31
20f3eb61fe57d2ac,docs\documents-atlas-index.md#chunk-878,unknown,0,0,,1,8,1.017032,0,,0,2026-05-31 21:49:31
2101fd311968600a,,unknown,0,0,,8,16,0.951893,0,,0,2026-05-31 21:49:31
21020318ca559d80,,unknown,0,0,,16,7,0.900629,0,,0,2026-05-31 21:49:31
210be5d30ae8c0f1,,unknown,0,0,,19,12,1.10581,0,,0,2026-05-31 21:49:31
211fb22b05447e83,,unknown,0,0,,10,16,0.930031,0,,0,2026-05-31 21:49:31
21225cb316b64788,,unknown,0,0,,14,11,0.909642,0,,0,2026-05-31 21:49:31
2134527dcc268490,,unknown,0,0,,19,8,0.908275,0,,0,2026-05-31 21:49:31
213c9fa67ebf0fb5,,unknown,0,0,,17,,0.940757,0,,0,2026-05-31 21:49:31
213d20b739d3ee4f,,unknown,0,0,,14,14,0.99431,0,,0,2026-05-31 21:49:31
21407c8a8d1ae22d,,unknown,0,0,,19,7,1.011752,0,,0,2026-05-31 21:49:31
21417ec1801b29aa,,unknown,0,0,,17,13,0.994046,0,,0,2026-05-31 21:49:31
2145e441cb3b1d42,,unknown,0,0,,18,4,0.847793,0,,0,2026-05-31 21:49:31
214aea9af7df2a02,docs\documents-atlas-index.md#chunk-437,unknown,0,0,,14,,0.933445,0,,0,2026-05-31 21:49:31
214d093f44202fd3,,unknown,0,0,,12,16,1.004551,0,,0,2026-05-31 21:49:31
214f860371afd6b7,docs\documents-atlas-index.md#chunk-685,unknown,0,0,,19,11,0.967514,0,,0,2026-05-31 21:49:31
21547061c3a54f68,docs\documents-atlas-index.md#chunk-1237,unknown,0,0,,11,10,0.867414,0,,0,2026-05-31 21:49:31
216ea817a4896c8c,docs\documents-atlas-index.md#chunk-295,unknown,0,0,,11,6,0.845325,0,,0,2026-05-31 21:49:31
217bec9cf59a4afb,,unknown,0,0,,18,,0.933722,0,,0,2026-05-31 21:49:31
21817dd813d6e954,,unknown,0,0,,17,11,0.909407,0,,0,2026-05-31 21:49:31
218a9776b38cbc4b,,unknown,0,0,,14,6,0.868594,0,,0,2026-05-31 21:49:31
218d39fd6422eaf3,,unknown,0,0,,19,12,0.966879,0,,0,2026-05-31 21:49:31
218e7412f2ad2c91,,unknown,0,0,,17,,0.858967,0,,0,2026-05-31 21:49:31
2193a4fa5a253dad,,unknown,0,0,,10,19,0.763996,0,,0,2026-05-31 21:49:31
219857ecfc02b2cf,,unknown,0,0,,16,11,0.99556,0,,0,2026-05-31 21:49:31
219f8e285dfec00f,,unknown,0,0,,14,5,1.001811,0,,0,2026-05-31 21:49:31
21b288dc71f95d0e,,unknown,0,0,,8,14,1.027259,0,,0,2026-05-31 21:49:31
21b53741dfc6b4d5,,unknown,0,0,,,1,0.8966,0,,0,2026-05-31 21:49:31
21b54415f28a9c42,,unknown,0,0,,5,6,0.897344,0,,0,2026-05-31 21:49:31
21c65da7985858ab,,unknown,0,0,,4,4,0.972163,0,,0,2026-05-31 21:49:31
21cb5ba3e32cfa1e,,unknown,0,0,,8,7,1.006196,0,,0,2026-05-31 21:49:31
21ce41af8a8415a4,,unknown,0,0,,,3,1.069287,0,,0,2026-05-31 21:49:31
21d0c83381292521,,unknown,0,0,,,3,0.865818,0,,0,2026-05-31 21:49:31
21d2b8ebe80291ca,,unknown,0,0,,8,18,1.022454,0,,0,2026-05-31 21:49:31
21d7b44a53d5cedc,,unknown,0,0,,8,17,0.932731,0,,0,2026-05-31 21:49:31
21d87c585fe1717a,docs\documents-atlas-index.md#chunk-675,unknown,0,0,,3,,0.813343,0,,0,2026-05-31 21:49:31
21d88ad80cc09822,docs\documents-atlas-index.md#chunk-916,unknown,0,0,,,,0.875364,0,,0,2026-05-31 21:49:31
21dce9124077957d,,unknown,0,0,,3,19,0.887135,0,,0,2026-05-31 21:49:31
21ed1e47587c4116,,unknown,0,0,,4,,0.848235,0,,0,2026-05-31 21:49:31
21f1c1d1519335fb,docs\documents-atlas-index.md#chunk-971,unknown,0,0,,6,19,0.979643,0,,0,2026-05-31 21:49:31
21f3f991e2c65bf3,docs\documents-atlas-index.md#chunk-447,unknown,0,0,,7,11,0.962013,0,,0,2026-05-31 21:49:31
21f4c6ca4a832177,,unknown,0,0,,2,17,0.97449,0,,0,2026-05-31 21:49:31
21f819f393cd93f7,,unknown,0,0,,,,1.02468,0,,0,2026-05-31 21:49:31
21f8c9e889d3b34a,,unknown,0,0,,,15,0.891848,0,,0,2026-05-31 21:49:31
2213a394460d2965,,unknown,0,0,,19,5,0.749944,0,,0,2026-05-31 21:49:31
221e1f45f46f4c90,,unknown,0,0,,19,1,0.77517,0,,0,2026-05-31 21:49:31
2248249632842bce,,unknown,0,0,,11,19,0.736409,0,,0,2026-05-31 21:49:31
224dcb8677da7e08,docs\documents-atlas-index.md#chunk-1010,unknown,0,0,,17,,0.821714,0,,0,2026-05-31 21:49:31
22515be1edca8a99,,unknown,0,0,,14,2,0.906278,0,,0,2026-05-31 21:49:31
22578cdedaab3cbf,,unknown,0,0,,13,3,1.111648,0,,0,2026-05-31 21:49:31
2258106b6dc65ca9,,unknown,0,0,,12,19,0.91978,0,,0,2026-05-31 21:49:31
22711122ee5da86b,,unknown,0,0,,19,8,0.885089,0,,0,2026-05-31 21:49:31
227ef9ab6d783fb8,,unknown,0,0,,11,19,1.003977,0,,0,2026-05-31 21:49:31
227fcd2a1d667ded,,unknown,0,0,,11,19,0.97871,0,,0,2026-05-31 21:49:31
228626800c547fd9,docs\documents-atlas-index.md#chunk-497,unknown,0,0,,11,17,0.881146,0,,0,2026-05-31 21:49:31
22942d9cc943b68f,,unknown,0,0,,16,10,0.901154,0,,0,2026-05-31 21:49:31
229a14d58b31a4da,,unknown,0,0,,19,13,0.957847,0,,0,2026-05-31 21:49:31
229dab5bd6a9310e,,unknown,0,0,,10,3,0.933664,0,,0,2026-05-31 21:49:31
22abec0ed0f314a5,,unknown,0,0,,7,1,1.102897,0,,0,2026-05-31 21:49:31
22bf33afbb1737b9,docs\documents-atlas-index.md#chunk-1295,unknown,0,0,,,5,1.052034,0,,0,2026-05-31 21:49:31
22c168c47ce36521,docs\documents-atlas-index.md#chunk-582,unknown,0,0,,,,0.857108,0,,0,2026-05-31 21:49:31
22c4361e2f54b2bc,,unknown,0,0,,,,0.993663,0,,0,2026-05-31 21:49:31
22d99eb0776ec4bd,,unknown,0,0,,,5,1.037226,0,,0,2026-05-31 21:49:31
22e7841dd2ffdbe8,,unknown,0,0,,,4,1.079969,0,,0,2026-05-31 21:49:31
22ed44b56afaed4a,,unknown,0,0,,10,8,1.100972,0,,0,2026-05-31 21:49:31
22f0887b050a888f,,unknown,0,0,,,,0.889953,0,,0,2026-05-31 21:49:31
22f601f78bc2e354,,unknown,0,0,,,5,0.907207,0,,0,2026-05-31 21:49:31
230fc52e05c06629,,unknown,0,0,,12,14,1.038641,0,,0,2026-05-31 21:49:31
231a66cc929c34c5,,unknown,0,0,,19,11,0.970006,0,,0,2026-05-31 21:49:31
231ce98c7e3054e4,,unknown,0,0,,11,19,0.997748,0,,0,2026-05-31 21:49:31
231fde66871c31a8,,unknown,0,0,,18,3,0.920085,0,,0,2026-05-31 21:49:31
233d85830bf01bea,docs\documents-atlas-index.md#chunk-248,unknown,0,0,,14,19,0.930124,0,,0,2026-05-31 21:49:31
233e8a5fb0a6a95b,,unknown,0,0,,14,9,0.973644,0,,0,2026-05-31 21:49:31
2340edefbbc182ba,,unknown,0,0,,10,18,1.141301,0,,0,2026-05-31 21:49:31
2346dafbdb4e8776,,unknown,0,0,,19,5,0.926472,0,,0,2026-05-31 21:49:31
23578447df62dd2b,,unknown,0,0,,7,14,0.90607,0,,0,2026-05-31 21:49:31
2359d07d4564a8f4,,unknown,0,0,,10,17,0.902242,0,,0,2026-05-31 21:49:31
235cfb6b4d7c5444,,unknown,0,0,,18,4,0.873473,0,,0,2026-05-31 21:49:31
235e58a0a06dca56,,unknown,0,0,,17,8,0.902245,0,,0,2026-05-31 21:49:31
235ed5a0265a3bf4,,unknown,0,0,,19,,0.878944,0,,0,2026-05-31 21:49:31
2362a8342b52288f,,unknown,0,0,,8,19,0.758641,0,,0,2026-05-31 21:49:31
23634b5d52a11adc,,unknown,0,0,,13,18,0.987228,0,,0,2026-05-31 21:49:31
23667176a8cfa656,,unknown,0,0,,19,8,0.858295,0,,0,2026-05-31 21:49:31
237319e0cdfa23db,,unknown,0,0,,19,9,1.078101,0,,0,2026-05-31 21:49:31
237892db50bc4f46,,unknown,0,0,,14,12,1.041821,0,,0,2026-05-31 21:49:31
237e3fed71c53f6a,,unknown,0,0,,11,10,1.041902,0,,0,2026-05-31 21:49:31
2384a25081ff4cf5,,unknown,0,0,,19,2,0.944167,0,,0,2026-05-31 21:49:31
2386ec9c49622dad,,unknown,0,0,,9,19,0.826099,0,,0,2026-05-31 21:49:31
23921adf59455e4c,,unknown,0,0,,10,13,0.919838,0,,0,2026-05-31 21:49:31
2393eb2a1c4affb4,docs\documents-atlas-index.md#chunk-853,unknown,0,0,,19,5,1.010802,0,,0,2026-05-31 21:49:31
23977941ecc50832,,unknown,0,0,,8,,0.869429,0,,0,2026-05-31 21:49:31
23a98e102d85329e,,unknown,0,0,,1,,0.742143,0,,0,2026-05-31 21:49:31
23af5fad5ffe2e17,,unknown,0,0,,8,,1.032816,0,,0,2026-05-31 21:49:31
23b279e18039b34e,,unknown,0,0,,,15,0.847052,0,,0,2026-05-31 21:49:31
23b47e203383b9e2,,unknown,0,0,,,1,0.823948,0,,0,2026-05-31 21:49:31
23bbed09f8b51c53,,unknown,0,0,,9,2,0.812803,0,,0,2026-05-31 21:49:31
23be1948231e860e,,unknown,0,0,,5,2,1.004074,0,,0,2026-05-31 21:49:31
23c20bbfb16e39a9,,unknown,0,0,,4,4,1.048228,0,,0,2026-05-31 21:49:31
23c312634a3e3754,,unknown,0,0,,,,0.772362,0,,0,2026-05-31 21:49:31
23c56a96d7382658,,unknown,0,0,,4,4,0.59295,0,,0,2026-05-31 21:49:31
23cf0a652a45cd56,,unknown,0,0,,3,5,0.817488,0,,0,2026-05-31 21:49:31
23d791b35b8e0c90,docs\documents-atlas-index.md#chunk-903,unknown,0,0,,,4,0.993756,0,,0,2026-05-31 21:49:31
23db920541e206cc,docs\documents-atlas-index.md#chunk-1279,unknown,0,0,,17,18,1.018264,0,,0,2026-05-31 21:49:31
23e50ebb92a9251c,,unknown,0,0,,4,2,0.995805,0,,0,2026-05-31 21:49:31
23e52e36706785bb,,unknown,0,0,,3,2,0.866968,0,,0,2026-05-31 21:49:31
23f61b37fad477d2,,unknown,0,0,,3,,0.830697,0,,0,2026-05-31 21:49:31
23fb2d6e707a29fa,,unknown,0,0,,4,,1.007438,0,,0,2026-05-31 21:49:31
23fc5cfeac498396,docs\documents-atlas-index.md#chunk-1090,unknown,0,0,,4,4,0.95945,0,,0,2026-05-31 21:49:31
2409d41ec7d460db,,unknown,0,0,,12,19,0.956835,0,,0,2026-05-31 21:49:31
2416e165341ef777,,unknown,0,0,,19,6,0.860261,0,,0,2026-05-31 21:49:31
2420a2bb0bb79203,,unknown,0,0,,10,17,1.014221,0,,0,2026-05-31 21:49:31
242f4db90e932f81,,unknown,0,0,,12,4,0.971339,0,,0,2026-05-31 21:49:31
2436b44858386656,,unknown,0,0,,8,18,0.774799,0,,0,2026-05-31 21:49:31
243e4f127263681e,,unknown,0,0,,8,4,0.946513,0,,0,2026-05-31 21:49:31
244a8d736bbb5632,,unknown,0,0,,16,1,0.855089,0,,0,2026-05-31 21:49:31
244d778ae370530d,,unknown,0,0,,15,10,0.899974,0,,0,2026-05-31 21:49:31
244ffc42a235971f,,unknown,0,0,,11,4,0.931561,0,,0,2026-05-31 21:49:31
24558973f260237f,,unknown,0,0,,13,9,0.874636,0,,0,2026-05-31 21:49:31
2455ec76be2bdcd9,,unknown,0,0,,18,4,0.900511,0,,0,2026-05-31 21:49:31
2457675daaead4ee,,unknown,0,0,,19,9,0.98563,0,,0,2026-05-31 21:49:31
245e284e8854cb26,,unknown,0,0,,12,11,0.881691,0,,0,2026-05-31 21:49:31
245eb1fa299fee05,,unknown,0,0,,19,5,1.05039,0,,0,2026-05-31 21:49:31
24666a74e8176b2f,,unknown,0,0,,9,6,0.767727,0,,0,2026-05-31 21:49:31
246ffd759059ce5f,,unknown,0,0,,10,11,0.923498,0,,0,2026-05-31 21:49:31
2489f4793288309d,,unknown,0,0,,9,19,0.747255,0,,0,2026-05-31 21:49:31
2498a1ef0be5acc9,,unknown,0,0,,11,18,1.015297,0,,0,2026-05-31 21:49:31
249d57ab15081bfa,,unknown,0,0,,13,18,0.907804,0,,0,2026-05-31 21:49:31
24a80af444088123,,unknown,0,0,,,5,0.837239,0,,0,2026-05-31 21:49:31
24ad8cca21e59afc,docs\documents-atlas-index.md#chunk-20,unknown,0,0,,7,2,1.092521,0,,0,2026-05-31 21:49:31
24b8f406aa8e1aa9,,unknown,0,0,,18,3,0.991608,0,,0,2026-05-31 21:49:31
24c52ad1fd040635,,unknown,0,0,,,6,0.848814,0,,0,2026-05-31 21:49:31
24c73856457a8219,,unknown,0,0,,,,0.696095,0,,0,2026-05-31 21:49:31
24c7abf438751307,,unknown,0,0,,,12,0.85225,0,,0,2026-05-31 21:49:31
24c82b6631e17ac0,,unknown,0,0,,4,,0.835122,0,,0,2026-05-31 21:49:31
24d96b25a18b39af,,unknown,0,0,,6,4,0.830839,0,,0,2026-05-31 21:49:31
24ddf3313f4d1bd2,,unknown,0,0,,18,1,1.074572,0,,0,2026-05-31 21:49:31
24fd10a6d089a315,docs\documents-atlas-index.md#chunk-841,unknown,0,0,,,8,0.902747,0,,0,2026-05-31 21:49:31
24fd80e3c20a600c,docs\documents-atlas-index.md#chunk-289,unknown,0,0,,10,6,1.057631,0,,0,2026-05-31 21:49:31
24fe019bc53a43cb,,unknown,0,0,,7,3,1.083555,0,,0,2026-05-31 21:49:31
2502dd4e55e17e2d,,unknown,0,0,,10,14,0.976416,0,,0,2026-05-31 21:49:31
250796d04662af87,,unknown,0,0,,13,12,0.843574,0,,0,2026-05-31 21:49:31
251d0b0507258111,,unknown,0,0,,16,9,0.993712,0,,0,2026-05-31 21:49:31
251ebea4c17596b0,,unknown,0,0,,16,2,0.93213,0,,0,2026-05-31 21:49:31
2520600a8d4c0ce1,docs\documents-atlas-index.md#chunk-1051,unknown,0,0,,19,4,1.017673,0,,0,2026-05-31 21:49:31
252e89e5b50208a3,,unknown,0,0,,17,11,0.864446,0,,0,2026-05-31 21:49:31
25328295f268e46e,,unknown,0,0,,19,9,0.801838,0,,0,2026-05-31 21:49:31
2534c2452d28a177,,unknown,0,0,,6,18,0.870996,0,,0,2026-05-31 21:49:31
2541f7a5aa3fe33d,,unknown,0,0,,19,6,0.925837,0,,0,2026-05-31 21:49:31
255520c53a762e2b,,unknown,0,0,,8,19,0.825866,0,,0,2026-05-31 21:49:31
2556942dd6c3685a,,unknown,0,0,,12,15,0.943903,0,,0,2026-05-31 21:49:31
255c5267cc84ba79,,unknown,0,0,,14,7,0.849804,0,,0,2026-05-31 21:49:31
255decdb32875b49,docs\documents-atlas-index.md#chunk-1073,unknown,0,0,,19,,1.006495,0,,0,2026-05-31 21:49:31
256b74fc54b45000,,unknown,0,0,,16,13,0.984121,0,,0,2026-05-31 21:49:31
256d5dc94eb4296d,,unknown,0,0,,10,1,0.995678,0,,0,2026-05-31 21:49:31
256e3b5d76aa74ca,,unknown,0,0,,15,6,1.049709,0,,0,2026-05-31 21:49:31
2576fbf58b847195,,unknown,0,0,,17,5,0.97314,0,,0,2026-05-31 21:49:31
2577cd8380e4bb08,,unknown,0,0,,9,12,0.850582,0,,0,2026-05-31 21:49:31
257f7db86bd8a607,,unknown,0,0,,16,10,0.99265,0,,0,2026-05-31 21:49:31
2597758e4ffecaad,,unknown,0,0,,14,19,0.993798,0,,0,2026-05-31 21:49:31
2598ae6295f5e2fb,,unknown,0,0,,11,14,0.98099,0,,0,2026-05-31 21:49:31
259a550b99760e7b,,unknown,0,0,,11,19,0.82891,0,,0,2026-05-31 21:49:31
259bf97184851109,,unknown,0,0,,18,5,0.870296,0,,0,2026-05-31 21:49:31
25ada4d647aeae80,,unknown,0,0,,,15,1.064421,0,,0,2026-05-31 21:49:31
25b14ba80cfaef00,,unknown,0,0,,,10,0.989986,0,,0,2026-05-31 21:49:31
25b68a00ba7586f1,docs\documents-atlas-index.md#chunk-851,unknown,0,0,,,2,0.79649,0,,0,2026-05-31 21:49:31
25b6a5716f2ca897,,unknown,0,0,,,15,0.824047,0,,0,2026-05-31 21:49:31
25b70f756bba1dab,,unknown,0,0,,7,,0.975217,0,,0,2026-05-31 21:49:31
25b78714626f3fe0,,unknown,0,0,,,,0.934824,0,,0,2026-05-31 21:49:31
25b9fcd2e2de29b0,,unknown,0,0,,12,,1.072005,0,,0,2026-05-31 21:49:31
25c7cd1bd4b28a14,,unknown,0,0,,6,3,0.880364,0,,0,2026-05-31 21:49:31
25cbb67f9bd6dc5b,,unknown,0,0,,1,17,1.002804,0,,0,2026-05-31 21:49:31
25cc120c06f52ef7,,unknown,0,0,,4,,1.119434,0,,0,2026-05-31 21:49:31
25ccb73b77024fc3,,unknown,0,0,,8,17,1.015567,0,,0,2026-05-31 21:49:31
25d0e587165e5bc2,,unknown,0,0,,7,18,0.974236,0,,0,2026-05-31 21:49:31
25d4f2138ed186a4,,unknown,0,0,,6,18,0.997324,0,,0,2026-05-31 21:49:31
25d6d18263e9ff7e,,unknown,0,0,,1,17,0.812722,0,,0,2026-05-31 21:49:31
25e974186be2f3a5,,unknown,0,0,,,,0.826307,0,,0,2026-05-31 21:49:31
25eb9d65a3710c1b,,unknown,0,0,,7,5,0.719932,0,,0,2026-05-31 21:49:31
25ecc6595b35a529,,unknown,0,0,,1,15,0.860152,0,,0,2026-05-31 21:49:31
25ef45a42f184ede,,unknown,0,0,,,19,1.04943,0,,0,2026-05-31 21:49:31
25f40f1b34e2b9e3,,unknown,0,0,,,,0.934133,0,,0,2026-05-31 21:49:31
25f83ea34b8ac73f,,unknown,0,0,,,,0.9301,0,,0,2026-05-31 21:49:31
25f9b05ae7819915,,unknown,0,0,,,6,0.834863,0,,0,2026-05-31 21:49:31
25fa7a67aed57f65,,unknown,0,0,,8,3,0.671718,0,,0,2026-05-31 21:49:31
25fd5e2d41a3b317,,unknown,0,0,,4,,0.934268,0,,0,2026-05-31 21:49:31
25fe0602832dcc2c,,unknown,0,0,,8,7,1.053086,0,,0,2026-05-31 21:49:31
2602e86ea978f669,,unknown,0,0,,19,8,0.885402,0,,0,2026-05-31 21:49:31
260e7354ed35c2d7,docs\documents-atlas-index.md#chunk-763,unknown,0,0,,19,10,0.912574,0,,0,2026-05-31 21:49:31
2616ddf2e5a9b78f,,unknown,0,0,,12,10,0.9296,0,,0,2026-05-31 21:49:31
261edd6cae4f95f2,docs\documents-atlas-index.md#chunk-392,unknown,0,0,,18,3,0.926956,0,,0,2026-05-31 21:49:31
262076dd8d7c1de0,,unknown,0,0,,19,5,0.991906,0,,0,2026-05-31 21:49:31
2622830e2e0a1766,,unknown,0,0,,19,6,0.948238,0,,0,2026-05-31 21:49:31
2635016d2e474740,,unknown,0,0,,,,0.858077,0,,0,2026-05-31 21:49:31
2638a28e1ce6c28d,,unknown,0,0,,11,18,0.939507,0,,0,2026-05-31 21:49:31
263bd44cdc6b13c7,,unknown,0,0,,19,4,0.918102,0,,0,2026-05-31 21:49:31
264b9ab42c572c13,,unknown,0,0,,15,,0.941254,0,,0,2026-05-31 21:49:31
264cf38e1650eac8,,unknown,0,0,,11,16,0.917122,0,,0,2026-05-31 21:49:31
2652645193468a76,,unknown,0,0,,11,13,0.767529,0,,0,2026-05-31 21:49:31
2660fc343f40573a,,unknown,0,0,,7,18,0.849322,0,,0,2026-05-31 21:49:31
266a25ea2cd6c64a,,unknown,0,0,,16,13,0.984413,0,,0,2026-05-31 21:49:31
266b0c9f495e6484,,unknown,0,0,,19,5,0.925987,0,,0,2026-05-31 21:49:31
266f869fbd81608d,,unknown,0,0,,15,10,0.947913,0,,0,2026-05-31 21:49:31
267d6e0fe509ea2c,,unknown,0,0,,9,6,0.964416,0,,0,2026-05-31 21:49:31
268204e35b1a4b35,docs\documents-atlas-index.md#chunk-305,unknown,0,0,,19,5,0.938155,0,,0,2026-05-31 21:49:31
268c5b3799aef95b,,unknown,0,0,,14,6,0.868395,0,,0,2026-05-31 21:49:31
269721be848ffd53,,unknown,0,0,,19,9,0.918636,0,,0,2026-05-31 21:49:31
26a1bf6b346d13ff,,unknown,0,0,,,,1.065757,0,,0,2026-05-31 21:49:31
26a1e7ec92511f5b,,unknown,0,0,,6,19,0.844321,0,,0,2026-05-31 21:49:31
26a3d6a7b7b6fb74,docs\CODEBASE_DIRECTORY_MAP.md#chunk-34,unknown,0,0,,,12,0.845811,0,,0,2026-05-31 21:49:31
26a5a96233704bfe,,unknown,0,0,,8,18,0.771972,0,,0,2026-05-31 21:49:31
26a5bf5ef927b088,,unknown,0,0,,,7,0.831468,0,,0,2026-05-31 21:49:31
26abde473daf7546,,unknown,0,0,,9,,0.878169,0,,0,2026-05-31 21:49:31
26b18e3a1564f2a5,,unknown,0,0,,,,0.905799,0,,0,2026-05-31 21:49:31
26b22d14dd35ca2a,,unknown,0,0,,3,8,0.784197,0,,0,2026-05-31 21:49:31
26b5152b49c28ce9,,unknown,0,0,,,,0.946005,0,,0,2026-05-31 21:49:31
26b6c0be73b388b6,,unknown,0,0,,8,17,1.021894,0,,0,2026-05-31 21:49:31
26bc8855ff8b2eb7,,unknown,0,0,,17,1,0.897679,0,,0,2026-05-31 21:49:31
26bff3f109d9722e,,unknown,0,0,,,19,0.936741,0,,0,2026-05-31 21:49:31
26ccc9ed8cc22219,,unknown,0,0,,6,,1.085194,0,,0,2026-05-31 21:49:31
26cdceba671dcc54,,unknown,0,0,,,13,1.104599,0,,0,2026-05-31 21:49:31
26d077283e3a511b,,unknown,0,0,,,,0.842383,0,,0,2026-05-31 21:49:31
26d1b0d80c320b61,,unknown,0,0,,2,18,0.886214,0,,0,2026-05-31 21:49:31
26d4fc0042495664,,unknown,0,0,,,3,0.823094,0,,0,2026-05-31 21:49:31
26d925576025bd04,docs\documents-atlas-index.md#chunk-177,unknown,0,0,,,11,0.768323,0,,0,2026-05-31 21:49:31
26ebd35db86a2619,,unknown,0,0,,7,2,1.010442,0,,0,2026-05-31 21:49:31
26ee146c83c9ade8,,unknown,0,0,,4,,1.0081,0,,0,2026-05-31 21:49:31
26f36cd7f694965d,,unknown,0,0,,5,7,0.816063,0,,0,2026-05-31 21:49:31
26f3bad060b27f19,,unknown,0,0,,7,11,0.954162,0,,0,2026-05-31 21:49:31
26f7a7737a5f4b41,,unknown,0,0,,1,18,0.841013,0,,0,2026-05-31 21:49:31
2704e301d3b8df7c,,unknown,0,0,,9,14,0.92217,0,,0,2026-05-31 21:49:31
270dbb48fc1da04e,,unknown,0,0,,15,3,0.868531,0,,0,2026-05-31 21:49:31
27138193b7d6745c,,unknown,0,0,,13,11,0.862592,0,,0,2026-05-31 21:49:31
2719829f500c4566,,unknown,0,0,,19,7,0.921624,0,,0,2026-05-31 21:49:31
272b890931af941a,docs\documents-atlas-index.md#chunk-482,unknown,0,0,,15,6,0.927046,0,,0,2026-05-31 21:49:31
272bea3f68acc0cc,,unknown,0,0,,19,5,1.103436,0,,0,2026-05-31 21:49:31
2730c3f3e5074274,,unknown,0,0,,18,7,0.901334,0,,0,2026-05-31 21:49:31
2735b7e688eb17ee,,unknown,0,0,,15,16,0.969461,0,,0,2026-05-31 21:49:31
2737061c6eccda34,,unknown,0,0,,19,6,1.022534,0,,0,2026-05-31 21:49:31
27448c1168af836e,,unknown,0,0,,15,6,0.945874,0,,0,2026-05-31 21:49:31
274516ff333a9d61,,unknown,0,0,,18,9,0.987353,0,,0,2026-05-31 21:49:31
274bb04dd70d0168,,unknown,0,0,,19,5,0.937707,0,,0,2026-05-31 21:49:31
274beff24736015c,,unknown,0,0,,14,3,1.062226,0,,0,2026-05-31 21:49:31
274d213e05a467da,,unknown,0,0,,16,18,0.869612,0,,0,2026-05-31 21:49:31
27508847e45b0355,,unknown,0,0,,19,7,0.720235,0,,0,2026-05-31 21:49:31
275b1f5e8c0b0060,,unknown,0,0,,19,5,0.974289,0,,0,2026-05-31 21:49:31
275d654bf147d55e,docs\documents-atlas-index.md#chunk-1171,unknown,0,0,,16,10,0.894044,0,,0,2026-05-31 21:49:31
2766ddb6098f43b7,,unknown,0,0,,19,5,0.908025,0,,0,2026-05-31 21:49:31
27712c68f91e9c5b,,unknown,0,0,,12,6,0.820754,0,,0,2026-05-31 21:49:31
2777ef1b462d0c95,,unknown,0,0,,19,3,0.86983,0,,0,2026-05-31 21:49:31
2778af1bbde2c35f,,unknown,0,0,,8,,1.040656,0,,0,2026-05-31 21:49:31
278261676b16da18,docs\documents-atlas-index.md#chunk-719,unknown,0,0,,5,14,0.86481,0,,0,2026-05-31 21:49:31
279956be3c0cf139,,unknown,0,0,,19,9,0.918343,0,,0,2026-05-31 21:49:31
27a6dcea2a534ac2,,unknown,0,0,,6,15,1.054454,0,,0,2026-05-31 21:49:31
27a871cb0a008680,,unknown,0,0,,,3,0.906569,0,,0,2026-05-31 21:49:31
27adfcca2eda1ff2,,unknown,0,0,,12,,1.083158,0,,0,2026-05-31 21:49:31
27afc49fd39cc667,,unknown,0,0,,19,6,1.044331,0,,0,2026-05-31 21:49:31
27ba8464241217ce,,unknown,0,0,,4,2,0.957533,0,,0,2026-05-31 21:49:31
27c293c0ebbf211b,,unknown,0,0,,11,7,1.065474,0,,0,2026-05-31 21:49:31
27c6a2faf8bea9ff,,unknown,0,0,,14,15,1.124214,0,,0,2026-05-31 21:49:31
27c90c7a0f5eed3e,,unknown,0,0,,1,,0.964319,0,,0,2026-05-31 21:49:31
27d72508eba9d4a3,,unknown,0,0,,,1,0.912731,0,,0,2026-05-31 21:49:31
27dc226f39ece25c,docs\visualization-stack.md#chunk-3,unknown,0,0,,4,,1.078034,0,,0,2026-05-31 21:49:31
27e35d4ae27ac756,,unknown,0,0,,1,5,0.871288,0,,0,2026-05-31 21:49:31
27ee310a78e34512,,unknown,0,0,,3,,0.940649,0,,0,2026-05-31 21:49:31
27f0c44d14c57230,docs\documents-atlas-index.md#chunk-1220,unknown,0,0,,,,0.928371,0,,0,2026-05-31 21:49:31
27f4c193ec5d7b06,docs\documents-atlas-index.md#chunk-1008,unknown,0,0,,3,13,0.91427,0,,0,2026-05-31 21:49:31
27fc2804958a792e,,unknown,0,0,,4,1,0.841154,0,,0,2026-05-31 21:49:31
280cf791b45cdbfd,,unknown,0,0,,18,1,0.955202,0,,0,2026-05-31 21:49:31
280d55f267c39ad6,,unknown,0,0,,15,14,0.896308,0,,0,2026-05-31 21:49:31
280fee1de17e42c5,docs\documents-atlas-index.md#chunk-328,unknown,0,0,,18,3,0.982463,0,,0,2026-05-31 21:49:31
2813dbb4f2edf921,docs\documents-atlas-index.md#chunk-725,unknown,0,0,,18,6,0.956667,0,,0,2026-05-31 21:49:31
28149b90867a1eab,,unknown,0,0,,19,1,0.83393,0,,0,2026-05-31 21:49:31
2815a46d544c30be,docs\documents-atlas-index.md#chunk-614,unknown,0,0,,10,19,0.926619,0,,0,2026-05-31 21:49:31
281cb1657b03dd19,docs\documents-atlas-index.md#chunk-770,unknown,0,0,,1,19,0.91968,0,,0,2026-05-31 21:49:31
28287213c752c846,,unknown,0,0,,19,9,0.772915,0,,0,2026-05-31 21:49:31
283a2cb298149e0a,docs\documents-atlas-index.md#chunk-383,unknown,0,0,,10,7,0.916864,0,,0,2026-05-31 21:49:31
283d8670956b42cb,,unknown,0,0,,19,13,0.85834,0,,0,2026-05-31 21:49:31
283f70776e7fea1a,,unknown,0,0,,19,3,0.97628,0,,0,2026-05-31 21:49:31
285d7377bea94248,,unknown,0,0,,8,,0.921608,0,,0,2026-05-31 21:49:31
285f78c4db61a117,docs\documents-atlas-index.md#chunk-792,unknown,0,0,,17,9,0.868844,0,,0,2026-05-31 21:49:31
28637919f1ae74e6,,unknown,0,0,,19,7,0.831244,0,,0,2026-05-31 21:49:31
28652de5c297c701,,unknown,0,0,,18,10,0.846677,0,,0,2026-05-31 21:49:31
286845d60827005e,,unknown,0,0,,16,14,0.806093,0,,0,2026-05-31 21:49:31
28697b5624e0fbfb,,unknown,0,0,,12,13,0.931401,0,,0,2026-05-31 21:49:31
286cac39f56913f2,,unknown,0,0,,16,2,0.905144,0,,0,2026-05-31 21:49:31
286fd7696ea3c7cb,,unknown,0,0,,11,18,0.950219,0,,0,2026-05-31 21:49:31
2877d4a284f5b392,,unknown,0,0,,14,12,0.92547,0,,0,2026-05-31 21:49:31
287a6d936be74cdd,,unknown,0,0,,12,,0.92294,0,,0,2026-05-31 21:49:31
287f1b5ea8101570,,unknown,0,0,,7,3,0.916787,0,,0,2026-05-31 21:49:31
2881c37e05a469d2,docs\documents-atlas-index.md#chunk-1264,unknown,0,0,,11,18,0.958231,0,,0,2026-05-31 21:49:31
2881fca7006b3786,,unknown,0,0,,19,5,0.90272,0,,0,2026-05-31 21:49:31
288329384b42e5f6,,unknown,0,0,,19,11,0.87278,0,,0,2026-05-31 21:49:31
2884a02bb53e1c48,,unknown,0,0,,19,5,0.930451,0,,0,2026-05-31 21:49:31
28863e458c3a1d71,,unknown,0,0,,19,3,0.856842,0,,0,2026-05-31 21:49:31
288948148ed024e8,,unknown,0,0,,,,0.922869,0,,0,2026-05-31 21:49:31
28936151e31768aa,,unknown,0,0,,19,11,0.90057,0,,0,2026-05-31 21:49:31
289beb4427a1c538,,unknown,0,0,,11,11,0.957758,0,,0,2026-05-31 21:49:31
28a73b5092c6f529,,unknown,0,0,,,1,0.816165,0,,0,2026-05-31 21:49:31
28a8399492ad2705,docs\documents-atlas-index.md#chunk-944,unknown,0,0,,,,0.837972,0,,0,2026-05-31 21:49:31
28ac20421514880b,,unknown,0,0,,4,3,0.893465,0,,0,2026-05-31 21:49:31
28b6942e95bdaeaa,,unknown,0,0,,12,14,1.027413,0,,0,2026-05-31 21:49:31
28ba1c8d66b18175,,unknown,0,0,,4,,0.833536,0,,0,2026-05-31 21:49:31
28ba462aa7b14aa8,,unknown,0,0,,7,2,0.97163,0,,0,2026-05-31 21:49:31
28bed1bf83f579b5,,unknown,0,0,,15,16,1.138937,0,,0,2026-05-31 21:49:31
28c32f3ee9b6328b,,unknown,0,0,,4,1,0.859946,0,,0,2026-05-31 21:49:31
28c4c5a0792c598d,,unknown,0,0,,,19,0.866548,0,,0,2026-05-31 21:49:31
28c5618c04b5e7a9,,unknown,0,0,,,,0.905275,0,,0,2026-05-31 21:49:31
28cb3664db2d55fc,docs\documents-atlas-index.md#chunk-694,unknown,0,0,,10,2,0.995293,0,,0,2026-05-31 21:49:31
28e0a6276dcf7d95,,unknown,0,0,,,,0.952684,0,,0,2026-05-31 21:49:31
28e34a5d75d99db1,,unknown,0,0,,3,,0.908482,0,,0,2026-05-31 21:49:31
28e6d0128d7c7742,,unknown,0,0,,,,0.930917,0,,0,2026-05-31 21:49:31
28e763c28b66ff8f,,unknown,0,0,,,15,0.819322,0,,0,2026-05-31 21:49:31
28ec18128e2e492f,,unknown,0,0,,2,,0.904425,0,,0,2026-05-31 21:49:31
28f05f183439c55c,,unknown,0,0,,,2,0.80225,0,,0,2026-05-31 21:49:31
28f6b3983a3f3b07,,unknown,0,0,,1,18,0.918152,0,,0,2026-05-31 21:49:31
28f8af8591abee62,,unknown,0,0,,7,10,0.9641,0,,0,2026-05-31 21:49:31
291076b672834860,,unknown,0,0,,18,12,0.784271,0,,0,2026-05-31 21:49:31
29176cb3a0783abe,,unknown,0,0,,13,10,0.964533,0,,0,2026-05-31 21:49:31
29190b0fc39fb725,,unknown,0,0,,19,8,0.890727,0,,0,2026-05-31 21:49:31
292aea19094a73d5,,unknown,0,0,,18,3,0.775358,0,,0,2026-05-31 21:49:31
292df557c81468e2,,unknown,0,0,,18,3,0.958567,0,,0,2026-05-31 21:49:31
2933309956899c3e,,unknown,0,0,,9,18,0.722316,0,,0,2026-05-31 21:49:31
29365731cadcb08b,,unknown,0,0,,19,7,0.951561,0,,0,2026-05-31 21:49:31
29394f52ba724110,,unknown,0,0,,16,7,0.863059,0,,0,2026-05-31 21:49:31
2941ac9e55418563,,unknown,0,0,,10,12,0.917711,0,,0,2026-05-31 21:49:31
294e0bac0427188b,,unknown,0,0,,16,10,0.973057,0,,0,2026-05-31 21:49:31
29592b6ea338af8f,,unknown,0,0,,11,9,0.952079,0,,0,2026-05-31 21:49:31
295dc08b5ce36cb8,,unknown,0,0,,11,19,0.925869,0,,0,2026-05-31 21:49:31
29623a0ddc1a1f5d,,unknown,0,0,,11,6,1.007306,0,,0,2026-05-31 21:49:31
29660dff91adbcc1,,unknown,0,0,,18,11,1.070755,0,,0,2026-05-31 21:49:31
2971895e9e7730fd,,unknown,0,0,,11,19,0.885102,0,,0,2026-05-31 21:49:31
298465f91306958a,,unknown,0,0,,16,14,0.776335,0,,0,2026-05-31 21:49:31
2984ddf55ae6e1a6,,unknown,0,0,,18,10,1.072375,0,,0,2026-05-31 21:49:31
29940dfd87503f7a,docs\documents-atlas-index.md#chunk-961,unknown,0,0,,11,14,0.940794,0,,0,2026-05-31 21:49:31
2999879b6b639245,,unknown,0,0,,,,0.814812,0,,0,2026-05-31 21:49:31
299ac25c4f630eed,,unknown,0,0,,10,19,0.808968,0,,0,2026-05-31 21:49:31
29a34f8421757a3f,,unknown,0,0,,5,6,0.790409,0,,0,2026-05-31 21:49:31
29a552f1f92f3420,docs\documents-atlas-index.md#chunk-631,unknown,0,0,,,6,0.981324,0,,0,2026-05-31 21:49:31
29a60d2f86f617ab,,unknown,0,0,,4,,0.953803,0,,0,2026-05-31 21:49:31
29accd7230ec7548,,unknown,0,0,,9,,0.911177,0,,0,2026-05-31 21:49:31
29b5fcb824f29457,docs\documents-atlas-index.md#chunk-606,unknown,0,0,,,12,0.972357,0,,0,2026-05-31 21:49:31
29be3ed647909b25,,unknown,0,0,,5,6,0.816588,0,,0,2026-05-31 21:49:31
29bf9619bcd565fa,,unknown,0,0,,8,,0.955612,0,,0,2026-05-31 21:49:31
29c1ec7923fb852c,,unknown,0,0,,6,,0.959279,0,,0,2026-05-31 21:49:31
29d78a1d5291e09f,,unknown,0,0,,,2,0.841178,0,,0,2026-05-31 21:49:31
29eb0ca96ae225d5,,unknown,0,0,,6,,0.981539,0,,0,2026-05-31 21:49:31
29ece9cf1f05a8df,,unknown,0,0,,1,19,1.029805,0,,0,2026-05-31 21:49:31
29ed5e0dabc4b387,,unknown,0,0,,4,,0.894476,0,,0,2026-05-31 21:49:31
29ff91312f73a2ef,docs\documents-atlas-index.md#chunk-894,unknown,0,0,,1,19,1.007637,0,,0,2026-05-31 21:49:31
2a076de874053afa,,unknown,0,0,,17,15,0.892052,0,,0,2026-05-31 21:49:31
2a0e7f18ac4a9176,,unknown,0,0,,16,2,0.797988,0,,0,2026-05-31 21:49:31
2a28919afc646c75,,unknown,0,0,,15,8,0.976546,0,,0,2026-05-31 21:49:31
2a2f3209b5341b77,docs\documents-atlas-index.md#chunk-440,unknown,0,0,,19,,0.905183,0,,0,2026-05-31 21:49:31
2a327b69910e1e99,docs\documents-atlas-index.md#chunk-1266,unknown,0,0,,19,1,0.784906,0,,0,2026-05-31 21:49:31
2a43a612e16052c3,,unknown,0,0,,19,10,1.013051,0,,0,2026-05-31 21:49:31
2a450ac15112acac,,unknown,0,0,,17,13,0.973809,0,,0,2026-05-31 21:49:31
2a48f9c61712af49,,unknown,0,0,,,16,0.835543,0,,0,2026-05-31 21:49:31
2a4f84c2f26b4a87,docs\documents-atlas-index.md#chunk-459,unknown,0,0,,19,,0.824091,0,,0,2026-05-31 21:49:31
2a57a761c4e886e6,,unknown,0,0,,14,15,0.930357,0,,0,2026-05-31 21:49:31
2a644c38337cb57d,,unknown,0,0,,18,10,0.873124,0,,0,2026-05-31 21:49:31
2a64c13b4d3b0c8c,,unknown,0,0,,9,19,0.904307,0,,0,2026-05-31 21:49:31
2a68fa1a61a9a109,,unknown,0,0,,11,12,1.002549,0,,0,2026-05-31 21:49:31
2a6abe234b753de1,,unknown,0,0,,17,,0.927775,0,,0,2026-05-31 21:49:31
2a723e96d7901150,,unknown,0,0,,6,1,0.917815,0,,0,2026-05-31 21:49:31
2a7cd37216185419,,unknown,0,0,,,19,0.9695,0,,0,2026-05-31 21:49:31
2a806036378c6611,,unknown,0,0,,19,7,0.925092,0,,0,2026-05-31 21:49:31
2a82312349bbfc66,,unknown,0,0,,13,12,0.934094,0,,0,2026-05-31 21:49:31
2a859ef22241b657,,unknown,0,0,,17,11,0.872566,0,,0,2026-05-31 21:49:31
2a86ac45e700ef57,,unknown,0,0,,5,11,0.898809,0,,0,2026-05-31 21:49:31
2a89a7da4291b0e7,,unknown,0,0,,18,13,0.890391,0,,0,2026-05-31 21:49:31
2a8c55d9aa53e57a,,unknown,0,0,,17,11,0.857308,0,,0,2026-05-31 21:49:31
2a8ec48c55751070,docs\documents-atlas-index.md#chunk-1277,unknown,0,0,,13,15,1.043062,0,,0,2026-05-31 21:49:31
2a9a32a09bcfe418,,unknown,0,0,,18,11,0.989304,0,,0,2026-05-31 21:49:31
2a9c6da5fe477520,docs\KARPATHY_PIPELINE_ARCHITECTURE.md#chunk-1,unknown,0,0,,12,,0.863237,0,,0,2026-05-31 21:49:31
2a9daf51e87c873f,,unknown,0,0,,15,1,0.784843,0,,0,2026-05-31 21:49:31
2aa057de24d678d3,,unknown,0,0,,17,15,1.025748,0,,0,2026-05-31 21:49:31
2aa13d6ef3212af2,docs\documents-atlas-index.md#chunk-1137,unknown,0,0,,2,5,1.002748,0,,0,2026-05-31 21:49:31
2aa8fd19442f44db,,unknown,0,0,,3,,1.084397,0,,0,2026-05-31 21:49:31
2aaced53a892830d,,unknown,0,0,,9,2,0.882379,0,,0,2026-05-31 21:49:31
2ace247b07525ca8,docs\documents-atlas-index.md#chunk-943,unknown,0,0,,1,2,1.038227,0,,0,2026-05-31 21:49:31
2ad3cf147061848c,,unknown,0,0,,,17,0.87596,0,,0,2026-05-31 21:49:31
2ad7b037db800d19,,unknown,0,0,,2,18,0.87777,0,,0,2026-05-31 21:49:31
2ae56acfdd4ae104,,unknown,0,0,,,9,1.065548,0,,0,2026-05-31 21:49:31
2aed9eed40a5ccad,,unknown,0,0,,17,15,1.160602,0,,0,2026-05-31 21:49:31
2af96575f64e1c0c,,unknown,0,0,,8,7,0.955289,0,,0,2026-05-31 21:49:31
2afdfb7e7bacf9bd,,unknown,0,0,,12,,1.073344,0,,0,2026-05-31 21:49:31
2b01d94caf476384,docs\documents-atlas-index.md#chunk-1244,unknown,0,0,,18,6,1.003964,0,,0,2026-05-31 21:49:31
2b10e727c0cafa38,,unknown,0,0,,19,2,0.992092,0,,0,2026-05-31 21:49:31
2b1df3de79ef2f9c,,unknown,0,0,,19,,1.0734,0,,0,2026-05-31 21:49:31
2b20c83037b93c63,,unknown,0,0,,10,15,0.96976,0,,0,2026-05-31 21:49:31
2b2d46820cb5997d,,unknown,0,0,,17,16,0.959094,0,,0,2026-05-31 21:49:31
2b32207ec5a4087a,,unknown,0,0,,16,15,0.904153,0,,0,2026-05-31 21:49:31
2b33871a80aa66ef,,unknown,0,0,,17,17,0.858513,0,,0,2026-05-31 21:49:31
2b33f2e53c08319c,,unknown,0,0,,4,19,0.921815,0,,0,2026-05-31 21:49:31
2b37df787527e70e,,unknown,0,0,,11,12,0.957264,0,,0,2026-05-31 21:49:31
2b3b13e7c999a2be,docs\documents-atlas-index.md#chunk-831,unknown,0,0,,18,14,0.857844,0,,0,2026-05-31 21:49:31
2b3f65c19c997082,docs\documents-atlas-index.md#chunk-1242,unknown,0,0,,17,11,0.887809,0,,0,2026-05-31 21:49:31
2b3fd9ba6b9087ab,,unknown,0,0,,14,19,0.956497,0,,0,2026-05-31 21:49:31
2b48fb2a5ed18f52,,unknown,0,0,,10,14,0.977493,0,,0,2026-05-31 21:49:31
2b628137398f76f9,,unknown,0,0,,17,15,0.875248,0,,0,2026-05-31 21:49:31
2b641a56cc94a61b,,unknown,0,0,,16,10,0.955697,0,,0,2026-05-31 21:49:31
2b73b921c4defef2,,unknown,0,0,,19,1,0.976617,0,,0,2026-05-31 21:49:31
2b74146353af6d94,docs\documents-atlas-index.md#chunk-734,unknown,0,0,,19,1,0.961507,0,,0,2026-05-31 21:49:31
2b7455cf74ace630,,unknown,0,0,,18,12,1.016574,0,,0,2026-05-31 21:49:31
2b749179759e7749,,unknown,0,0,,19,8,0.834239,0,,0,2026-05-31 21:49:31
2b79edd8ab256635,,unknown,0,0,,12,,0.881863,0,,0,2026-05-31 21:49:31
2b8070a47c7392a6,docs\documents-atlas-index.md#chunk-1025,unknown,0,0,,17,15,0.880208,0,,0,2026-05-31 21:49:31
2b8b62080269cd66,,unknown,0,0,,14,11,0.941497,0,,0,2026-05-31 21:49:31
2b97a6e803af8ff1,,unknown,0,0,,19,,1.041682,0,,0,2026-05-31 21:49:31
2b9bb79e86059958,,unknown,0,0,,5,18,1.028838,0,,0,2026-05-31 21:49:31
2ba4b51d60479f04,,unknown,0,0,,3,18,0.863495,0,,0,2026-05-31 21:49:31
2ba5065bd3f2fd13,,unknown,0,0,,,8,1.039854,0,,0,2026-05-31 21:49:31
2bb40da7210631a9,,unknown,0,0,,1,3,1.032368,0,,0,2026-05-31 21:49:31
2bc506beb0b43883,,unknown,0,0,,,5,1.024855,0,,0,2026-05-31 21:49:31
2bd3b3261f386966,,unknown,0,0,,1,18,0.773379,0,,0,2026-05-31 21:49:31
2bd886822f6ce5ac,,unknown,0,0,,,19,0.990721,0,,0,2026-05-31 21:49:31
2bdcfb492af1c158,,unknown,0,0,,3,,1.071762,0,,0,2026-05-31 21:49:31
2bde52bb4e0d6359,,unknown,0,0,,,,1.055598,0,,0,2026-05-31 21:49:31
2be8a4d330cc64a9,,unknown,0,0,,,19,1.042744,0,,0,2026-05-31 21:49:31
2c0a7b1300e2f663,,unknown,0,0,,19,12,0.955171,0,,0,2026-05-31 21:49:31
2c0c002d681f3bad,,unknown,0,0,,17,16,0.977725,0,,0,2026-05-31 21:49:31
2c0f751275f1dcfe,,unknown,0,0,,19,18,0.885139,0,,0,2026-05-31 21:49:31
2c10a7bb07ad425c,,unknown,0,0,,16,15,1.040473,0,,0,2026-05-31 21:49:31
2c1be3730210e0be,,unknown,0,0,,19,17,1.011569,0,,0,2026-05-31 21:49:31
2c1e2742a0aff8df,docs\documents-atlas-index.md#chunk-1,unknown,0,0,,19,14,0.986218,0,,0,2026-05-31 21:49:31
2c2b29861d26c539,,unknown,0,0,,18,11,0.876466,0,,0,2026-05-31 21:49:31
2c35a26eda97f4da,,unknown,0,0,,12,19,1.023488,0,,0,2026-05-31 21:49:31
2c3ba479f84a781a,,unknown,0,0,,18,1,0.834179,0,,0,2026-05-31 21:49:31
2c3ddaef00d4aade,docs\documents-atlas-index.md#chunk-574,unknown,0,0,,15,16,1.101774,0,,0,2026-05-31 21:49:31
2c407921f5a4188a,docs\documents-atlas-index.md#chunk-321,unknown,0,0,,16,15,0.956239,0,,0,2026-05-31 21:49:31
2c44c539436fa830,,unknown,0,0,,19,6,0.893918,0,,0,2026-05-31 21:49:31
2c451fefe21d9056,,unknown,0,0,,17,9,0.958378,0,,0,2026-05-31 21:49:31
2c566042af0e89a4,,unknown,0,0,,18,3,0.911365,0,,0,2026-05-31 21:49:31
2c5bcf3cef892c8a,,unknown,0,0,,13,,0.912905,0,,0,2026-05-31 21:49:31
2c5d2006beb0fb68,,unknown,0,0,,13,,1.051351,0,,0,2026-05-31 21:49:31
2c61a285d0e8165f,,unknown,0,0,,9,17,0.942195,0,,0,2026-05-31 21:49:31
2c89b0011e9dfca4,docs\documents-atlas-index.md#chunk-865,unknown,0,0,,19,2,0.976527,0,,0,2026-05-31 21:49:31
2cac341b8f69d772,,unknown,0,0,,,1,0.951802,0,,0,2026-05-31 21:49:31
2cb172f8f4e0bf16,,unknown,0,0,,,12,0.998849,0,,0,2026-05-31 21:49:31
2cb1776221302bee,,unknown,0,0,,4,19,0.88981,0,,0,2026-05-31 21:49:31
2cb4a758be1b1850,docs\documents-atlas-index.md#chunk-833,unknown,0,0,,18,4,0.957538,0,,0,2026-05-31 21:49:31
2cb66de4e00543c4,docs\documents-atlas-index.md#chunk-812,unknown,0,0,,2,7,1.02974,0,,0,2026-05-31 21:49:31
2cbf5ba6b04445a0,,unknown,0,0,,7,5,1.001545,0,,0,2026-05-31 21:49:31
2cbf98427da94d1d,,unknown,0,0,,8,,0.968369,0,,0,2026-05-31 21:49:31
2cc4fc556d336ae2,,unknown,0,0,,3,15,0.925493,0,,0,2026-05-31 21:49:31
2ccad17762a5e2de,,unknown,0,0,,,19,0.986176,0,,0,2026-05-31 21:49:31
2cce50f9f1a08d89,,unknown,0,0,,9,7,1.035117,0,,0,2026-05-31 21:49:31
2cd489f7e02256d0,,unknown,0,0,,,7,1.009023,0,,0,2026-05-31 21:49:31
2cdeefb5d7a74051,,unknown,0,0,,11,,0.923162,0,,0,2026-05-31 21:49:31
2ce99cf8098af48c,,unknown,0,0,,,15,1.021141,0,,0,2026-05-31 21:49:31
2cea4032bc401838,,unknown,0,0,,1,2,0.887033,0,,0,2026-05-31 21:49:31
2ceeafad40716e80,docs\documents-atlas-index.md#chunk-1217,unknown,0,0,,,13,1.093269,0,,0,2026-05-31 21:49:31
2cef9023aaf81e3a,,unknown,0,0,,9,1,0.918509,0,,0,2026-05-31 21:49:31
2cf2d13b16361f81,,unknown,0,0,,5,19,0.91679,0,,0,2026-05-31 21:49:31
2cf635234aa38554,docs\documents-atlas-index.md#chunk-906,unknown,0,0,,,,0.817604,0,,0,2026-05-31 21:49:31
2cf7b94350250d44,,unknown,0,0,,,19,0.753708,0,,0,2026-05-31 21:49:31
2cfccc82b3471f97,docs\documents-atlas-index.md#chunk-980,unknown,0,0,,10,2,0.903384,0,,0,2026-05-31 21:49:31
2cfd455242f686fd,,unknown,0,0,,17,17,0.988323,0,,0,2026-05-31 21:49:31
2d01246bc6aaf3ee,,unknown,0,0,,18,14,1.037343,0,,0,2026-05-31 21:49:31
2d07841e5d1d06c4,,unknown,0,0,,19,5,0.980387,0,,0,2026-05-31 21:49:31
2d0ab2301fa58966,,unknown,0,0,,15,,1.047363,0,,0,2026-05-31 21:49:31
2d11f17c6252f69c,,unknown,0,0,,4,19,0.914873,0,,0,2026-05-31 21:49:31
2d13cdb61abfdf2f,,unknown,0,0,,15,,1.101961,0,,0,2026-05-31 21:49:31
2d1ff9c0c7a1c472,,unknown,0,0,,17,11,1.037185,0,,0,2026-05-31 21:49:31
2d2225f9014d9a85,,unknown,0,0,,17,13,0.916106,0,,0,2026-05-31 21:49:31
2d38f922c01fd1de,,unknown,0,0,,19,6,1.032974,0,,0,2026-05-31 21:49:31
2d42d447a24e2cb5,,unknown,0,0,,19,1,0.894469,0,,0,2026-05-31 21:49:31
2d453915250a967c,,unknown,0,0,,17,14,0.844082,0,,0,2026-05-31 21:49:31
2d4c144f9487bf3c,,unknown,0,0,,17,14,0.919299,0,,0,2026-05-31 21:49:31
2d547cb24137003f,docs\documents-atlas-index.md#chunk-280,unknown,0,0,,17,15,0.954836,0,,0,2026-05-31 21:49:31
2d54f941fc49ff5c,,unknown,0,0,,4,19,0.877767,0,,0,2026-05-31 21:49:31
2d58d443df23e733,,unknown,0,0,,1,16,0.94804,0,,0,2026-05-31 21:49:31
2d6095cfa51c0f57,,unknown,0,0,,18,9,1.038116,0,,0,2026-05-31 21:49:31
2d71a9729f3f295b,,unknown,0,0,,18,4,0.887855,0,,0,2026-05-31 21:49:31
2d74212fe4213e30,,unknown,0,0,,14,10,1.021295,0,,0,2026-05-31 21:49:31
2d76b128e9a8f4f8,,unknown,0,0,,19,10,1.025071,0,,0,2026-05-31 21:49:31
2d7bd08cfe54c365,,unknown,0,0,,17,9,1.014465,0,,0,2026-05-31 21:49:31
2d9843dda80254c6,,unknown,0,0,,18,13,0.899055,0,,0,2026-05-31 21:49:31
2d9c14711ad260b1,docs\documents-atlas-index.md#chunk-708,unknown,0,0,,18,17,0.99564,0,,0,2026-05-31 21:49:31
2da233eaa0193854,,unknown,0,0,,,6,0.978638,0,,0,2026-05-31 21:49:31
2da8acbcbe5458a3,,unknown,0,0,,,10,1.029738,0,,0,2026-05-31 21:49:31
2db60e40340f08e8,docs\documents-atlas-index.md#chunk-627,unknown,0,0,,,,0.991064,0,,0,2026-05-31 21:49:31
2dbd787d4ad83b7d,,unknown,0,0,,5,,1.012155,0,,0,2026-05-31 21:49:31
2dbead3a3224bcb3,,unknown,0,0,,,13,1.086467,0,,0,2026-05-31 21:49:31
2dd1e4f2c691c4c0,,unknown,0,0,,,15,0.977099,0,,0,2026-05-31 21:49:31
2dd883ca75277a22,,unknown,0,0,,,16,0.910671,0,,0,2026-05-31 21:49:31
2dda0b49817c760f,docs\documents-atlas-index.md#chunk-428,unknown,0,0,,5,,0.938196,0,,0,2026-05-31 21:49:31
2dda6f6360b803b0,,unknown,0,0,,4,,0.957997,0,,0,2026-05-31 21:49:31
2ddfe00766924275,,unknown,0,0,,,19,0.936922,0,,0,2026-05-31 21:49:31
2de2ef74ac306412,,unknown,0,0,,2,9,0.93494,0,,0,2026-05-31 21:49:31
2de8df0b3d217e67,,unknown,0,0,,3,15,0.98853,0,,0,2026-05-31 21:49:31
2df0c7537ce7513f,,unknown,0,0,,2,19,0.898966,0,,0,2026-05-31 21:49:31
2df1cd5a6135aa7d,,unknown,0,0,,1,17,0.957297,0,,0,2026-05-31 21:49:31
2df8fdac890d4120,,unknown,0,0,,,,1.10201,0,,0,2026-05-31 21:49:31
2df9ab3a50e10fe7,,unknown,0,0,,5,,1.055845,0,,0,2026-05-31 21:49:31
2dfbf5d40326417e,,unknown,0,0,,,19,0.883149,0,,0,2026-05-31 21:49:31
2e09ba1bf8c0f494,,unknown,0,0,,14,10,1.015305,0,,0,2026-05-31 21:49:31
2e123cc2fc40bf95,,unknown,0,0,,16,10,0.976229,0,,0,2026-05-31 21:49:31
2e1b81d49744fc6a,,unknown,0,0,,17,13,0.919365,0,,0,2026-05-31 21:49:31
2e1c17fcf36bb14e,,unknown,0,0,,18,11,0.959053,0,,0,2026-05-31 21:49:31
2e23cb069caf2b9d,,unknown,0,0,,15,,0.912238,0,,0,2026-05-31 21:49:31
2e27b29726f43c50,,unknown,0,0,,10,15,0.871199,0,,0,2026-05-31 21:49:31
2e27e81d79228973,,unknown,0,0,,8,17,0.887739,0,,0,2026-05-31 21:49:31
2e321228b9c5ebc5,,unknown,0,0,,19,12,0.971864,0,,0,2026-05-31 21:49:31
2e34288a042d0dcb,,unknown,0,0,,13,18,0.945662,0,,0,2026-05-31 21:49:31
2e35c3b090114517,,unknown,0,0,,,19,0.940753,0,,0,2026-05-31 21:49:31
2e35cd0afc97dc96,,unknown,0,0,,13,1,1.046842,0,,0,2026-05-31 21:49:31
2e3d7f88ff4af076,docs\documents-atlas-index.md#chunk-504,unknown,0,0,,15,1,0.92533,0,,0,2026-05-31 21:49:31
2e5169df4c6817f9,,unknown,0,0,,17,15,0.935373,0,,0,2026-05-31 21:49:31
2e56f56a8548b444,,unknown,0,0,,3,17,0.95025,0,,0,2026-05-31 21:49:31
2e5799d025f3b6ee,,unknown,0,0,,18,16,0.830783,0,,0,2026-05-31 21:49:31
2e5f846d4247d019,docs\documents-atlas-index.md#chunk-815,unknown,0,0,,18,13,0.904199,0,,0,2026-05-31 21:49:31
2e65b1d7a9eba505,,unknown,0,0,,19,9,1.030869,0,,0,2026-05-31 21:49:31
2e786a34922d9372,,unknown,0,0,,19,3,0.900183,0,,0,2026-05-31 21:49:31
2e8a205dc6d717a7,,unknown,0,0,,19,15,0.945646,0,,0,2026-05-31 21:49:31
2e955439cf592ef4,,unknown,0,0,,19,1,1.002228,0,,0,2026-05-31 21:49:31
2e9a0bed59742d90,,unknown,0,0,,16,11,0.992765,0,,0,2026-05-31 21:49:31
2e9c8e7bb164bd5b,,unknown,0,0,,10,5,0.997182,0,,0,2026-05-31 21:49:31
2e9d8696258cfc83,,unknown,0,0,,19,,0.866155,0,,0,2026-05-31 21:49:31
2e9e50b244a28062,,unknown,0,0,,18,15,0.954204,0,,0,2026-05-31 21:49:31
2e9f0cc0313fac97,,unknown,0,0,,19,,0.914599,0,,0,2026-05-31 21:49:31
2ea89dd21e8aebc3,,unknown,0,0,,,12,1.057432,0,,0,2026-05-31 21:49:31
2eab6cb4769ed5e5,,unknown,0,0,,17,11,1.052655,0,,0,2026-05-31 21:49:31
2ead5ce745e48e37,,unknown,0,0,,8,1,0.934683,0,,0,2026-05-31 21:49:31
2eb5f5fbad041531,,unknown,0,0,,1,14,1.006683,0,,0,2026-05-31 21:49:31
2ebce4419d714a7a,,unknown,0,0,,1,19,0.817684,0,,0,2026-05-31 21:49:31
2ec077be14076f79,,unknown,0,0,,,16,0.88737,0,,0,2026-05-31 21:49:31
2ec97c835a7eaa4a,,unknown,0,0,,1,,0.940285,0,,0,2026-05-31 21:49:31
2eca41cb30d3b62c,,unknown,0,0,,17,15,1.038803,0,,0,2026-05-31 21:49:31
2ed3163b9763a2ad,,unknown,0,0,,17,16,1.026207,0,,0,2026-05-31 21:49:31
2ed75e6a83d72e6c,,unknown,0,0,,5,,0.966409,0,,0,2026-05-31 21:49:31
2ed9ad007d39bdd2,,unknown,0,0,,1,13,0.939969,0,,0,2026-05-31 21:49:31
2eda9953c5a7af09,,unknown,0,0,,3,9,0.887673,0,,0,2026-05-31 21:49:31
2ee442ecdaa444ac,,unknown,0,0,,16,17,1.143559,0,,0,2026-05-31 21:49:31
2ee6af904fa0d95f,,unknown,0,0,,,18,0.976577,0,,0,2026-05-31 21:49:31
2eeb3770e72164a7,docs\documents-atlas-index.md#chunk-486,unknown,0,0,,3,4,0.914185,0,,0,2026-05-31 21:49:31
2eec8b10470913ae,,unknown,0,0,,5,1,1.003355,0,,0,2026-05-31 21:49:31
2ef42c7ff8ad6fed,,unknown,0,0,,7,,1.09487,0,,0,2026-05-31 21:49:31
2ef47fd70d232b37,,unknown,0,0,,,12,0.859199,0,,0,2026-05-31 21:49:31
2efbc4b7c3046b1a,,unknown,0,0,,,19,0.950777,0,,0,2026-05-31 21:49:31
2efe04be42c39894,,unknown,0,0,,17,15,1.052116,0,,0,2026-05-31 21:49:31
2f0bbe6f63dc48cb,,unknown,0,0,,16,,1.034036,0,,0,2026-05-31 21:49:31
2f0ec1681f6ebd83,,unknown,0,0,,19,,0.929213,0,,0,2026-05-31 21:49:31
2f1a0d9cecf2c417,,unknown,0,0,,11,,1.088006,0,,0,2026-05-31 21:49:31
2f1b9585d9cfe5d5,,unknown,0,0,,19,10,0.956848,0,,0,2026-05-31 21:49:31
2f1d8b8442785803,,unknown,0,0,,19,,0.866456,0,,0,2026-05-31 21:49:31
2f26d46fbffe4ba4,,unknown,0,0,,19,1,0.993517,0,,0,2026-05-31 21:49:31
2f28f7fbacf3d0b7,,unknown,0,0,,17,11,1.147131,0,,0,2026-05-31 21:49:31
2f2d48a69a063de3,,unknown,0,0,,18,15,0.940816,0,,0,2026-05-31 21:49:31
2f31a755849caf7b,,unknown,0,0,,4,19,0.910762,0,,0,2026-05-31 21:49:31
2f34c2d1db52c671,,unknown,0,0,,19,9,0.979358,0,,0,2026-05-31 21:49:31
2f3d0b9d3832dd23,docs\documents-atlas-index.md#chunk-318,unknown,0,0,,16,10,1.009386,0,,0,2026-05-31 21:49:31
2f3f4bc5aa1cfb2d,,unknown,0,0,,15,,0.987128,0,,0,2026-05-31 21:49:31
2f552bcff4274163,docs\documents-atlas-index.md#chunk-857,unknown,0,0,,16,10,1.008812,0,,0,2026-05-31 21:49:31
2f5a583330d9b997,docs\documents-atlas-index.md#chunk-962,unknown,0,0,,19,14,0.880789,0,,0,2026-05-31 21:49:31
2f625257c8f883b1,,unknown,0,0,,18,14,0.890557,0,,0,2026-05-31 21:49:31
2f634095ba6f0ab1,,unknown,0,0,,19,1,0.896117,0,,0,2026-05-31 21:49:31
2f66a006ac553335,docs\documents-atlas-index.md#chunk-310,unknown,0,0,,4,18,0.987849,0,,0,2026-05-31 21:49:31
2f6cf0be91bfe2f0,,unknown,0,0,,18,13,1.119311,0,,0,2026-05-31 21:49:31
2f8296e50a2267a9,,unknown,0,0,,17,15,0.904319,0,,0,2026-05-31 21:49:31
2f8bf57a47caaaa1,,unknown,0,0,,19,,0.995514,0,,0,2026-05-31 21:49:31
2f8f2d4e2fb959f7,,unknown,0,0,,18,15,1.103529,0,,0,2026-05-31 21:49:31
2fa3da12ddcdfe84,,unknown,0,0,,12,,0.995926,0,,0,2026-05-31 21:49:31
2fae2391a9de0339,,unknown,0,0,,9,,0.999016,0,,0,2026-05-31 21:49:31
2fb09d95377859e8,,unknown,0,0,,,,0.84728,0,,0,2026-05-31 21:49:31
2fb2c87764e2627e,,unknown,0,0,,,19,0.872243,0,,0,2026-05-31 21:49:31
2fb641ae98b2ba66,docs\documents-atlas-index.md#chunk-1189,unknown,0,0,,,16,0.953831,0,,0,2026-05-31 21:49:31
2fc1221b829ae48e,docs\documents-atlas-index.md#chunk-695,unknown,0,0,,,,1.052245,0,,0,2026-05-31 21:49:31
2fc777115ce40273,,unknown,0,0,,,,0.857401,0,,0,2026-05-31 21:49:31
2fd5256cddf6d253,,unknown,0,0,,1,,0.98868,0,,0,2026-05-31 21:49:31
2fdccbf20017268b,,unknown,0,0,,,19,0.982161,0,,0,2026-05-31 21:49:31
2fdd97f283a24dde,,unknown,0,0,,17,17,1.019958,0,,0,2026-05-31 21:49:31
2fe9c15b2c7bcb45,,unknown,0,0,,,16,0.936695,0,,0,2026-05-31 21:49:31
2ff6856fe12a70cf,,unknown,0,0,,,,1.102658,0,,0,2026-05-31 21:49:31
3010c2a3f143b9c3,,unknown,0,0,,19,10,0.941917,0,,0,2026-05-31 21:49:31
301215a5bc580723,,unknown,0,0,,19,8,0.888885,0,,0,2026-05-31 21:49:31
3016b015adc21f23,,unknown,0,0,,9,15,0.99784,0,,0,2026-05-31 21:49:31
301e789f56a17d4e,,unknown,0,0,,12,16,0.917366,0,,0,2026-05-31 21:49:31
30229c3853ea5cd8,docs\documents-atlas-index.md#chunk-424,unknown,0,0,,19,2,0.932664,0,,0,2026-05-31 21:49:31
302d0d1d33df2524,docs\documents-atlas-index.md#chunk-958,unknown,0,0,,18,5,1.023049,0,,0,2026-05-31 21:49:31
3035217776856f4b,,unknown,0,0,,9,18,0.778601,0,,0,2026-05-31 21:49:31
304351eef02b15e5,,unknown,0,0,,19,8,1.011307,0,,0,2026-05-31 21:49:31
30439ede2fbf859a,docs\documents-atlas-index.md#chunk-435,unknown,0,0,,19,5,1.055278,0,,0,2026-05-31 21:49:31
30475f68d41f75a2,,unknown,0,0,,18,6,0.778474,0,,0,2026-05-31 21:49:31
3048aae4340f12f3,,unknown,0,0,,19,5,0.965512,0,,0,2026-05-31 21:49:31
30505b751ed19e55,,unknown,0,0,,7,,0.965542,0,,0,2026-05-31 21:49:31
305ad26cf4698bc5,,unknown,0,0,,10,17,0.973327,0,,0,2026-05-31 21:49:31
306166e89884c34b,,unknown,0,0,,18,12,0.819657,0,,0,2026-05-31 21:49:31
3068fe911b5bf516,docs\documents-atlas-index.md#chunk-941,unknown,0,0,,19,5,0.901812,0,,0,2026-05-31 21:49:31
30703547f4069815,,unknown,0,0,,19,8,0.822875,0,,0,2026-05-31 21:49:31
3071103c43bd001f,,unknown,0,0,,14,15,1.029898,0,,0,2026-05-31 21:49:31
3074cab6b83ca4ca,,unknown,0,0,,19,7,0.962674,0,,0,2026-05-31 21:49:31
3086389124defc42,,unknown,0,0,,19,7,0.928074,0,,0,2026-05-31 21:49:31
308f9febd65c6d29,,unknown,0,0,,16,,0.95029,0,,0,2026-05-31 21:49:31
30919d23d0afef9f,,unknown,0,0,,12,7,0.911549,0,,0,2026-05-31 21:49:31
30958f5202c22e4e,,unknown,0,0,,10,12,0.885091,0,,0,2026-05-31 21:49:31
3095a5c260c88dd4,,unknown,0,0,,10,17,0.907003,0,,0,2026-05-31 21:49:31
3099b42140aafdc3,,unknown,0,0,,19,2,0.971869,0,,0,2026-05-31 21:49:31
309e3c9d303182ed,,unknown,0,0,,15,14,1.071783,0,,0,2026-05-31 21:49:31
30a5d86d2e774b8e,,unknown,0,0,,6,19,0.791199,0,,0,2026-05-31 21:49:31
30a7d1849f4fd3cf,,unknown,0,0,,1,19,1.008023,0,,0,2026-05-31 21:49:31
30b078b19cda2eb8,,unknown,0,0,,,,1.103354,0,,0,2026-05-31 21:49:31
30c5bfc9f82cba65,,unknown,0,0,,,10,0.846918,0,,0,2026-05-31 21:49:31
30cdf05e654ce3ca,,unknown,0,0,,1,19,1.177498,0,,0,2026-05-31 21:49:31
30d1df35bb99a37a,,unknown,0,0,,1,8,0.901699,0,,0,2026-05-31 21:49:31
30d7617ad45b9317,,unknown,0,0,,,3,0.872749,0,,0,2026-05-31 21:49:31
30e1c169ebd99eb8,,unknown,0,0,,7,15,1.030414,0,,0,2026-05-31 21:49:31
30e36bddcb535bbb,,unknown,0,0,,5,7,1.000596,0,,0,2026-05-31 21:49:31
30e4887753b21e8e,,unknown,0,0,,7,17,0.828139,0,,0,2026-05-31 21:49:31
30f929aef97733a5,,unknown,0,0,,,5,0.955162,0,,0,2026-05-31 21:49:31
30fa3659d29983a8,,unknown,0,0,,5,4,0.918251,0,,0,2026-05-31 21:49:31
30fcd0cb8d8de7c4,,unknown,0,0,,,15,1.187154,0,,0,2026-05-31 21:49:31
311478de671a1800,,unknown,0,0,,19,7,0.918752,0,,0,2026-05-31 21:49:31
31228286d21d42c9,,unknown,0,0,,19,7,0.897914,0,,0,2026-05-31 21:49:31
312d5f8c7e33868c,,unknown,0,0,,7,,0.956609,0,,0,2026-05-31 21:49:31
31359f5abbea4828,,unknown,0,0,,8,,0.906465,0,,0,2026-05-31 21:49:31
3135b1361fec464c,,unknown,0,0,,19,5,1.053247,0,,0,2026-05-31 21:49:31
31460746db2719dd,docs\ARCHITECTURE_GUIDE_V1.md#chunk-1,unknown,0,0,,10,19,0.866841,0,,0,2026-05-31 21:49:31
315251a74de48664,,unknown,0,0,,16,12,0.959461,0,,0,2026-05-31 21:49:31
315884e80a6632b5,,unknown,0,0,,17,13,0.888795,0,,0,2026-05-31 21:49:31
31590523d45df5a7,,unknown,0,0,,19,8,0.846664,0,,0,2026-05-31 21:49:31
315d2df4476f3b32,docs\documents-atlas-index.md#chunk-656,unknown,0,0,,19,,0.864686,0,,0,2026-05-31 21:49:31
316bed5aa1dbba69,,unknown,0,0,,14,3,0.957692,0,,0,2026-05-31 21:49:31
316f05f140e116f8,docs\documents-atlas-index.md#chunk-131,unknown,0,0,,19,14,0.970372,0,,0,2026-05-31 21:49:31
31712a3fba456dea,,unknown,0,0,,11,19,1.027318,0,,0,2026-05-31 21:49:31
3172477a5784872f,,unknown,0,0,,10,19,0.817926,0,,0,2026-05-31 21:49:31
31738fb1236de934,docs\documents-atlas-index.md#chunk-1269,unknown,0,0,,18,8,0.881729,0,,0,2026-05-31 21:49:31
317b3d1ba67cf9eb,,unknown,0,0,,15,8,1.009263,0,,0,2026-05-31 21:49:31
317da9b604f47aab,,unknown,0,0,,12,17,0.958128,0,,0,2026-05-31 21:49:31
318ae061ed564b4d,docs\documents-atlas-index.md#chunk-565,unknown,0,0,,7,19,0.868065,0,,0,2026-05-31 21:49:31
318fbb0c172bc8d8,docs\documents-atlas-index.md#chunk-156,unknown,0,0,,19,5,1.02702,0,,0,2026-05-31 21:49:31
3191c941f0c0d8fb,,unknown,0,0,,11,15,0.999847,0,,0,2026-05-31 21:49:31
319320e5ddf03d65,,unknown,0,0,,10,8,0.99849,0,,0,2026-05-31 21:49:31
31ab081390c8a9b6,,unknown,0,0,,,1,0.89462,0,,0,2026-05-31 21:49:31
31acb250ee62ba21,,unknown,0,0,,,13,0.872161,0,,0,2026-05-31 21:49:31
31b66a57c0799839,,unknown,0,0,,5,5,0.624469,0,,0,2026-05-31 21:49:31
31ba8a7cc925ddec,,unknown,0,0,,6,6,0.924027,0,,0,2026-05-31 21:49:31
31bbc40c2b05dbd7,,unknown,0,0,,1,19,1.057959,0,,0,2026-05-31 21:49:31
31c00241ac71c50a,,unknown,0,0,,,6,0.836683,0,,0,2026-05-31 21:49:31
31c161830b669249,,unknown,0,0,,,,0.776202,0,,0,2026-05-31 21:49:31
31c433f8a136ae5f,,unknown,0,0,,,11,0.785066,0,,0,2026-05-31 21:49:31
31c6ad8ab74306f1,,unknown,0,0,,,5,0.982661,0,,0,2026-05-31 21:49:31
31c6c51347ef13e1,docs\documents-atlas-index.md#chunk-711,unknown,0,0,,,,1.074022,0,,0,2026-05-31 21:49:31
31cab1f48df9cff2,,unknown,0,0,,,15,1.138474,0,,0,2026-05-31 21:49:31
31d305958c603e42,,unknown,0,0,,,3,0.77867,0,,0,2026-05-31 21:49:31
31d4214233d157b4,,unknown,0,0,,,,0.909247,0,,0,2026-05-31 21:49:31
31d91783a4ec6ff3,,unknown,0,0,,10,7,1.004674,0,,0,2026-05-31 21:49:31
31db1d1c223ac15e,,unknown,0,0,,3,1,1.062665,0,,0,2026-05-31 21:49:31
31e14628ac14eda4,,unknown,0,0,,,7,0.805651,0,,0,2026-05-31 21:49:31
31e6e84ad1fdfd49,docs\documents-atlas-index.md#chunk-1175,unknown,0,0,,7,11,1.052688,0,,0,2026-05-31 21:49:31
31e9cb9839700a56,,unknown,0,0,,6,13,0.799768,0,,0,2026-05-31 21:49:31
31f02fec2f79c08a,,unknown,0,0,,,2,1.007425,0,,0,2026-05-31 21:49:31
31f82a1f29c1e629,,unknown,0,0,,,,0.885387,0,,0,2026-05-31 21:49:31
32032a6c07c708c8,,unknown,0,0,,14,14,1.021985,0,,0,2026-05-31 21:49:31
32058fc1eeeb955c,,unknown,0,0,,14,3,1.001548,0,,0,2026-05-31 21:49:31
3205fbe50223c92c,,unknown,0,0,,10,13,0.983449,0,,0,2026-05-31 21:49:31
3207284517fa9bfb,,unknown,0,0,,14,16,0.8499,0,,0,2026-05-31 21:49:31
320958b7d63b46dd,,unknown,0,0,,19,8,0.88196,0,,0,2026-05-31 21:49:31
3229228dd158e91b,,unknown,0,0,,19,10,0.86886,0,,0,2026-05-31 21:49:31
3229918aea1700ee,,unknown,0,0,,12,19,0.89728,0,,0,2026-05-31 21:49:31
322a8ce8e8182d64,,unknown,0,0,,11,5,0.857308,0,,0,2026-05-31 21:49:31
323c0291d50f88bc,,unknown,0,0,,19,3,0.939352,0,,0,2026-05-31 21:49:31
323fe957a9f6e1cc,docs\documents-atlas-index.md#chunk-528,unknown,0,0,,13,11,0.991417,0,,0,2026-05-31 21:49:31
3254bf1a7a817f81,,unknown,0,0,,8,14,0.92538,0,,0,2026-05-31 21:49:31
3255536595989391,,unknown,0,0,,19,8,0.786987,0,,0,2026-05-31 21:49:31
3255c1109c2f7356,,unknown,0,0,,19,5,0.770161,0,,0,2026-05-31 21:49:31
3256954e97e10883,,unknown,0,0,,12,14,0.897906,0,,0,2026-05-31 21:49:31
325c85c32db15fc6,,unknown,0,0,,14,13,1.024863,0,,0,2026-05-31 21:49:31
325e576d3ec02af9,,unknown,0,0,,14,19,1.005338,0,,0,2026-05-31 21:49:31
3260ab37cd06798a,,unknown,0,0,,7,17,0.920547,0,,0,2026-05-31 21:49:31
326921ad4f03f4be,,unknown,0,0,,17,13,0.927075,0,,0,2026-05-31 21:49:31
3275f2688be0298e,,unknown,0,0,,9,19,0.801298,0,,0,2026-05-31 21:49:31
328a7afb7d30ec9c,docs\documents-atlas-index.md#chunk-1039,unknown,0,0,,15,10,1.03933,0,,0,2026-05-31 21:49:31
328b9b2343133da8,,unknown,0,0,,19,,0.879428,0,,0,2026-05-31 21:49:31
328bdbfd6934e465,,unknown,0,0,,16,10,1.021296,0,,0,2026-05-31 21:49:31
328d679025759064,,unknown,0,0,,19,11,0.82217,0,,0,2026-05-31 21:49:31
329a91e30d7bcb01,docs\documents-atlas-index.md#chunk-628,unknown,0,0,,18,7,0.969715,0,,0,2026-05-31 21:49:31
329f0ec6da736d07,docs\documents-atlas-index.md#chunk-44,unknown,0,0,,11,3,0.86524,0,,0,2026-05-31 21:49:31
32a3ba8495bb2a01,,unknown,0,0,,7,,0.909444,0,,0,2026-05-31 21:49:31
32a91bb2f585a77f,,unknown,0,0,,4,8,0.83896,0,,0,2026-05-31 21:49:31
32b0f37420c7561f,docs\documents-atlas-index.md#chunk-1092,unknown,0,0,,6,19,0.873902,0,,0,2026-05-31 21:49:31
32b174755775d92c,,unknown,0,0,,1,18,0.829613,0,,0,2026-05-31 21:49:31
32b88ac36972b3f0,,unknown,0,0,,,5,0.903003,0,,0,2026-05-31 21:49:31
32b9934d871246df,,unknown,0,0,,10,19,0.885605,0,,0,2026-05-31 21:49:31
32c5c5301b2e436b,,unknown,0,0,,1,18,0.892546,0,,0,2026-05-31 21:49:31
32da5a1f40449c77,,unknown,0,0,,4,2,0.849278,0,,0,2026-05-31 21:49:31
32dbd90ea65ac92b,,unknown,0,0,,9,7,1.041836,0,,0,2026-05-31 21:49:31
32dc3990f2bb7bb9,,unknown,0,0,,10,6,0.95857,0,,0,2026-05-31 21:49:31
32e3e9d3f332091d,,unknown,0,0,,4,16,0.896402,0,,0,2026-05-31 21:49:31
32efe87f728c1ce2,,unknown,0,0,,19,,1.07599,0,,0,2026-05-31 21:49:31
32f320a8220341a6,,unknown,0,0,,,5,0.961021,0,,0,2026-05-31 21:49:31
32fa2c0f74d833fe,docs\documents-atlas-index.md#chunk-1215,unknown,0,0,,4,,0.939439,0,,0,2026-05-31 21:49:31
3302cddc6ec846f0,,unknown,0,0,,12,14,1.10077,0,,0,2026-05-31 21:49:31
3310a43d347a7d10,,unknown,0,0,,19,5,0.923801,0,,0,2026-05-31 21:49:31
3312f88b412ae1cb,,unknown,0,0,,9,19,1.009524,0,,0,2026-05-31 21:49:31
33141584e8d30225,,unknown,0,0,,19,9,0.916068,0,,0,2026-05-31 21:49:31
331458233aaf4d40,,unknown,0,0,,19,3,0.888337,0,,0,2026-05-31 21:49:31
33184c006a286aa7,,unknown,0,0,,18,3,0.92888,0,,0,2026-05-31 21:49:31
332b1ac5fdb7b8e5,,unknown,0,0,,16,10,1.009748,0,,0,2026-05-31 21:49:31
333052856155a802,docs\documents-atlas-index.md#chunk-508,unknown,0,0,,18,10,0.877869,0,,0,2026-05-31 21:49:31
3331341775195b76,docs\documents-atlas-index.md#chunk-1166,unknown,0,0,,10,15,0.798939,0,,0,2026-05-31 21:49:31
3339f812d89af14e,,unknown,0,0,,19,6,0.875655,0,,0,2026-05-31 21:49:31
3342a2b5ca1e9055,,unknown,0,0,,19,5,0.84525,0,,0,2026-05-31 21:49:31
3352cf8d61f82bb3,,unknown,0,0,,11,14,1.037364,0,,0,2026-05-31 21:49:31
3362e3b0a2cf0e57,docs\documents-atlas-index.md#chunk-1308,unknown,0,0,,19,4,0.987322,0,,0,2026-05-31 21:49:31
3363f90921b8f538,,unknown,0,0,,10,13,0.935595,0,,0,2026-05-31 21:49:31
336d48000ad2e6d8,,unknown,0,0,,19,12,1.042433,0,,0,2026-05-31 21:49:31
3372f74292f3968e,docs\visualization-stack.md#chunk-1,unknown,0,0,,9,19,0.833834,0,,0,2026-05-31 21:49:31
3376933d5582ed97,docs\documents-atlas-index.md#chunk-423,unknown,0,0,,10,14,0.817703,0,,0,2026-05-31 21:49:31
337c3b05abf4b502,docs\CODEBASE_DIRECTORY_MAP.md#chunk-29,unknown,0,0,,9,,0.964014,0,,0,2026-05-31 21:49:31
3383f4b7ab4304ec,,unknown,0,0,,9,19,0.89882,0,,0,2026-05-31 21:49:31
3385becf0d389a71,docs\documents-atlas-index.md#chunk-566,unknown,0,0,,8,14,1.01143,0,,0,2026-05-31 21:49:31
339c5adcf55b375c,,unknown,0,0,,13,6,0.918956,0,,0,2026-05-31 21:49:31
33a7f164e371bf6a,,unknown,0,0,,5,14,0.788626,0,,0,2026-05-31 21:49:31
33b6ecca966e0dc6,,unknown,0,0,,8,12,1.118839,0,,0,2026-05-31 21:49:31
33ba543ca5655d09,docs\documents-atlas-index.md#chunk-105,unknown,0,0,,5,5,0.811643,0,,0,2026-05-31 21:49:31
33baeb131928cb9a,,unknown,0,0,,6,11,0.914466,0,,0,2026-05-31 21:49:31
33c110bf3d746ece,,unknown,0,0,,10,19,0.937133,0,,0,2026-05-31 21:49:31
33d309d7ea05d469,,unknown,0,0,,,8,0.770327,0,,0,2026-05-31 21:49:31
33d42a6305c5c3bd,,unknown,0,0,,,1,1.062873,0,,0,2026-05-31 21:49:31
33d7b13fcc9a71df,docs\documents-atlas-index.md#chunk-824,unknown,0,0,,9,19,1.031796,0,,0,2026-05-31 21:49:31
33dea0d3edcbadb0,,unknown,0,0,,13,,1.052032,0,,0,2026-05-31 21:49:31
33dfee3ea5f09be9,,unknown,0,0,,9,1,1.013613,0,,0,2026-05-31 21:49:31
33e18b8b03a0bf89,,unknown,0,0,,1,6,0.884946,0,,0,2026-05-31 21:49:31
33e61944020394d5,,unknown,0,0,,,,0.82694,0,,0,2026-05-31 21:49:31
34012a8abb3510dc,,unknown,0,0,,15,9,1.09602,0,,0,2026-05-31 21:49:31
3405ba7bbc6081de,,unknown,0,0,,10,18,0.968793,0,,0,2026-05-31 21:49:31
340f28f9ed10f622,,unknown,0,0,,17,10,0.945612,0,,0,2026-05-31 21:49:31
342027ac772f8182,,unknown,0,0,,19,8,0.957311,0,,0,2026-05-31 21:49:31
342fd3a9135b4203,,unknown,0,0,,19,5,0.886979,0,,0,2026-05-31 21:49:31
34387af511dff0b0,,unknown,0,0,,18,11,0.976274,0,,0,2026-05-31 21:49:31
343e7ece9374e95c,,unknown,0,0,,16,10,0.984242,0,,0,2026-05-31 21:49:31
344e5435b667c730,,unknown,0,0,,19,10,0.826155,0,,0,2026-05-31 21:49:31
34521b56ede8da50,,unknown,0,0,,12,7,0.942344,0,,0,2026-05-31 21:49:31
3453443dc0fb902f,,unknown,0,0,,19,8,1.053884,0,,0,2026-05-31 21:49:31
345c8f3e867d5766,,unknown,0,0,,18,5,0.868479,0,,0,2026-05-31 21:49:31
345fa8bdfea01f4b,,unknown,0,0,,12,1,1.025219,0,,0,2026-05-31 21:49:31
3462439c2cdcd948,docs\documents-atlas-index.md#chunk-1191,unknown,0,0,,19,8,0.93166,0,,0,2026-05-31 21:49:31
3466ddcd62a8fbe2,,unknown,0,0,,10,13,1.007784,0,,0,2026-05-31 21:49:31
346a19c23dddfa5a,,unknown,0,0,,15,10,1.034308,0,,0,2026-05-31 21:49:31
3475e9bb6bef252f,,unknown,0,0,,19,5,1.070744,0,,0,2026-05-31 21:49:31
347704967ff7ccd8,,unknown,0,0,,12,13,0.873723,0,,0,2026-05-31 21:49:31
3477c8702c9b01e9,,unknown,0,0,,19,5,0.890084,0,,0,2026-05-31 21:49:31
347d4f32c86d7c6b,,unknown,0,0,,12,4,0.780184,0,,0,2026-05-31 21:49:31
348097735762af80,,unknown,0,0,,9,13,0.760393,0,,0,2026-05-31 21:49:31
348d73f7934e7db2,docs\documents-atlas-index.md#chunk-788,unknown,0,0,,19,,0.93168,0,,0,2026-05-31 21:49:31
349fe485bfaf44a1,,unknown,0,0,,17,3,0.96123,0,,0,2026-05-31 21:49:31
34a045365c538695,,unknown,0,0,,,,0.678306,0,,0,2026-05-31 21:49:31
34b7e8530590289a,,unknown,0,0,,6,19,0.71959,0,,0,2026-05-31 21:49:31
34b98936fa07ce7f,,unknown,0,0,,2,9,0.780274,0,,0,2026-05-31 21:49:31
34bf1ebd10e1b30b,docs\documents-atlas-index.md#chunk-320,unknown,0,0,,5,2,1.116794,0,,0,2026-05-31 21:49:31
34bfc08212c99344,,unknown,0,0,,6,,0.991461,0,,0,2026-05-31 21:49:31
34c8c37c09e7abd4,,unknown,0,0,,7,15,0.974654,0,,0,2026-05-31 21:49:31
34d44692066e02e2,,unknown,0,0,,,,0.881217,0,,0,2026-05-31 21:49:31
34d96cc539244f0a,,unknown,0,0,,5,8,0.850968,0,,0,2026-05-31 21:49:31
34e1672f63b9af8d,,unknown,0,0,,8,14,0.962579,0,,0,2026-05-31 21:49:31
34e44465110a7a02,,unknown,0,0,,,,0.829625,0,,0,2026-05-31 21:49:31
34f0d51932d671eb,,unknown,0,0,,8,18,0.981863,0,,0,2026-05-31 21:49:31
3501ec8d4cc786e3,,unknown,0,0,,11,16,0.973704,0,,0,2026-05-31 21:49:31
35085ae6861eaafa,,unknown,0,0,,18,11,0.953456,0,,0,2026-05-31 21:49:31
3511a2e936d04369,docs\documents-atlas-index.md#chunk-449,unknown,0,0,,11,15,0.915512,0,,0,2026-05-31 21:49:31
3519faa5f01062c0,,unknown,0,0,,17,8,0.997634,0,,0,2026-05-31 21:49:31
351c77032a486c44,,unknown,0,0,,19,3,0.93355,0,,0,2026-05-31 21:49:31
352dbb08cf5196b3,,unknown,0,0,,12,,0.929677,0,,0,2026-05-31 21:49:31
3539664b7ede52dd,,unknown,0,0,,14,19,0.965731,0,,0,2026-05-31 21:49:31
3543423d11f46f16,,unknown,0,0,,12,14,0.948012,0,,0,2026-05-31 21:49:31
35439b8be70887cd,,unknown,0,0,,15,9,0.932083,0,,0,2026-05-31 21:49:31
354da4693bbf3233,,unknown,0,0,,19,3,0.923819,0,,0,2026-05-31 21:49:31
354e9a9aa3fdba86,,unknown,0,0,,14,5,0.925256,0,,0,2026-05-31 21:49:31
3552c73f41397974,,unknown,0,0,,9,17,0.901491,0,,0,2026-05-31 21:49:31
3557481b4536bd16,,unknown,0,0,,11,13,0.830038,0,,0,2026-05-31 21:49:31
3563a849b3cd28cf,,unknown,0,0,,19,5,0.9728,0,,0,2026-05-31 21:49:31
3564490b636d5d6d,,unknown,0,0,,11,16,0.875574,0,,0,2026-05-31 21:49:31
35698dc6cb835c09,,unknown,0,0,,10,6,0.793033,0,,0,2026-05-31 21:49:31
356f9705c32aa32f,,unknown,0,0,,19,8,0.876227,0,,0,2026-05-31 21:49:31
356fc36cee18bb8c,docs\CODEBASE_DIRECTORY_MAP.md#chunk-13,unknown,0,0,,7,19,0.955062,0,,0,2026-05-31 21:49:31
357ca205a8a660e8,,unknown,0,0,,17,3,0.963583,0,,0,2026-05-31 21:49:31
358a9b046278c784,,unknown,0,0,,15,9,0.81962,0,,0,2026-05-31 21:49:31
358c94d75e6bf6e7,,unknown,0,0,,19,9,0.918498,0,,0,2026-05-31 21:49:31
359b402def2a87cc,,unknown,0,0,,19,6,0.974599,0,,0,2026-05-31 21:49:31
359ca3e12afabb6a,,unknown,0,0,,17,,1.060358,0,,0,2026-05-31 21:49:31
35b564ce489ce9f8,,unknown,0,0,,19,11,1.036384,0,,0,2026-05-31 21:49:31
35c5dbafe30b5049,docs\documents-atlas-index.md#chunk-329,unknown,0,0,,,6,1.057028,0,,0,2026-05-31 21:49:31
35c7b0b38eb7c76e,,unknown,0,0,,,18,0.870961,0,,0,2026-05-31 21:49:31
35c9061111b926a2,,unknown,0,0,,,,0.87359,0,,0,2026-05-31 21:49:31
35cc64a35c44a0bd,,unknown,0,0,,,19,1.015828,0,,0,2026-05-31 21:49:31
35d1cd944f5956a3,,unknown,0,0,,,,0.883089,0,,0,2026-05-31 21:49:31
35d4b20dff065283,,unknown,0,0,,,3,0.917062,0,,0,2026-05-31 21:49:31
35d9e7fc06644f40,,unknown,0,0,,6,15,0.866681,0,,0,2026-05-31 21:49:31
35dbf67eb3506add,,unknown,0,0,,10,19,0.979103,0,,0,2026-05-31 21:49:31
35dc423bc5fcb7a7,,unknown,0,0,,15,8,1.058101,0,,0,2026-05-31 21:49:31
35dfe63044db7baf,,unknown,0,0,,18,,1.099166,0,,0,2026-05-31 21:49:31
35e310b870377733,,unknown,0,0,,,5,0.885963,0,,0,2026-05-31 21:49:31
35ede9f34d21823a,,unknown,0,0,,2,19,0.900719,0,,0,2026-05-31 21:49:31
35f58ceffe0ecc9f,,unknown,0,0,,1,9,1.046827,0,,0,2026-05-31 21:49:31
35faf2513ba2d3f7,,unknown,0,0,,,17,1.051135,0,,0,2026-05-31 21:49:31
36033c158db8c257,,unknown,0,0,,,,0.900596,0,,0,2026-05-31 21:49:31
36192647eeaec690,docs\documents-atlas-index.md#chunk-530,unknown,0,0,,19,7,0.907729,0,,0,2026-05-31 21:49:31
361b0c81590ee93c,docs\documents-atlas-index.md#chunk-897,unknown,0,0,,17,7,0.955684,0,,0,2026-05-31 21:49:31
36258d15ea222e42,,unknown,0,0,,9,6,0.880507,0,,0,2026-05-31 21:49:31
36299ff042588b22,,unknown,0,0,,11,11,0.839086,0,,0,2026-05-31 21:49:31
3629e5b10c29c54d,,unknown,0,0,,2,19,0.926673,0,,0,2026-05-31 21:49:31
3637c8dcae34efc2,,unknown,0,0,,10,17,1.029183,0,,0,2026-05-31 21:49:31
363dcea0e7180dcc,docs\documents-atlas-index.md#chunk-994,unknown,0,0,,14,1,0.980231,0,,0,2026-05-31 21:49:31
363e1405b7f4ee4c,,unknown,0,0,,12,9,0.927969,0,,0,2026-05-31 21:49:31
3644ee61e9a5ba1a,,unknown,0,0,,10,11,0.934058,0,,0,2026-05-31 21:49:31
3655daeefba51b87,,unknown,0,0,,12,,0.996917,0,,0,2026-05-31 21:49:31
3658cc37c104335c,,unknown,0,0,,12,6,0.845081,0,,0,2026-05-31 21:49:31
36788a4b7a7392cc,,unknown,0,0,,11,19,0.89973,0,,0,2026-05-31 21:49:31
367b8cc36f52c55d,,unknown,0,0,,16,10,0.949441,0,,0,2026-05-31 21:49:31
367f313f60e5c1f6,,unknown,0,0,,19,12,0.951502,0,,0,2026-05-31 21:49:31
36824d62a4691fab,,unknown,0,0,,10,7,0.86055,0,,0,2026-05-31 21:49:31
3682a59b7a1eb6f2,,unknown,0,0,,19,6,0.950913,0,,0,2026-05-31 21:49:31
368c4d4ebcfbe999,,unknown,0,0,,10,,0.937447,0,,0,2026-05-31 21:49:31
369ec52655c8d55f,,unknown,0,0,,12,13,0.948459,0,,0,2026-05-31 21:49:31
36ae3c10636650a8,,unknown,0,0,,4,2,0.89104,0,,0,2026-05-31 21:49:31
36affac2786079e1,,unknown,0,0,,,15,0.984547,0,,0,2026-05-31 21:49:31
36b8bfd4246c4969,,unknown,0,0,,,15,1.001383,0,,0,2026-05-31 21:49:31
36c578e1e4f8abf9,,unknown,0,0,,,10,0.982262,0,,0,2026-05-31 21:49:31
36d390067f85d84b,,unknown,0,0,,,1,0.854367,0,,0,2026-05-31 21:49:31
36d7de596aced028,,unknown,0,0,,1,,0.893094,0,,0,2026-05-31 21:49:31
36daafcb77bd5781,,unknown,0,0,,8,,0.980456,0,,0,2026-05-31 21:49:31
36edfe565085a463,,unknown,0,0,,4,5,0.956076,0,,0,2026-05-31 21:49:31
36eea0c8e240ce0c,,unknown,0,0,,,14,0.906414,0,,0,2026-05-31 21:49:31
36f2ad70cd654bfd,,unknown,0,0,,7,7,0.938188,0,,0,2026-05-31 21:49:31
36f2af4e0f042217,,unknown,0,0,,,,0.86602,0,,0,2026-05-31 21:49:31
36f5b7bf67503054,,unknown,0,0,,2,16,0.923567,0,,0,2026-05-31 21:49:31
36f650acbd7c7dc7,,unknown,0,0,,,5,1.022211,0,,0,2026-05-31 21:49:31
36fac1eb7cec3f5a,,unknown,0,0,,10,,1.080377,0,,0,2026-05-31 21:49:31
37008847548f792d,,unknown,0,0,,19,7,0.82494,0,,0,2026-05-31 21:49:31
370e329b633326cf,,unknown,0,0,,16,19,0.912417,0,,0,2026-05-31 21:49:31
37138ca25d43b795,,unknown,0,0,,18,10,0.917564,0,,0,2026-05-31 21:49:31
371549b7d8a6dfe3,,unknown,0,0,,18,11,0.914997,0,,0,2026-05-31 21:49:31
3716191d65ca71fd,,unknown,0,0,,15,18,0.943129,0,,0,2026-05-31 21:49:31
3716c2378d083025,,unknown,0,0,,7,18,0.787815,0,,0,2026-05-31 21:49:31
3719b3896cea795c,,unknown,0,0,,19,5,0.905435,0,,0,2026-05-31 21:49:31
371f1f2138b3a1b4,,unknown,0,0,,19,12,0.951859,0,,0,2026-05-31 21:49:31
372a802a899626c0,,unknown,0,0,,19,13,0.869714,0,,0,2026-05-31 21:49:31
372b6e1fc0633961,,unknown,0,0,,7,3,0.927282,0,,0,2026-05-31 21:49:31
372fdc188a04e9eb,,unknown,0,0,,17,3,1.058912,0,,0,2026-05-31 21:49:31
375044b87e050d08,,unknown,0,0,,7,16,0.898899,0,,0,2026-05-31 21:49:31
37525556e54d5fb0,,unknown,0,0,,19,2,0.82503,0,,0,2026-05-31 21:49:31
375832776ccb9173,,unknown,0,0,,19,7,0.860203,0,,0,2026-05-31 21:49:31
37632b75c80c16cf,,unknown,0,0,,17,6,0.966262,0,,0,2026-05-31 21:49:31
3764fc3e2a48eb54,,unknown,0,0,,8,14,0.997417,0,,0,2026-05-31 21:49:31
377121abfe00e807,,unknown,0,0,,17,10,0.946812,0,,0,2026-05-31 21:49:31
378e8571570755cc,,unknown,0,0,,19,15,0.826185,0,,0,2026-05-31 21:49:31
379a07c83109b9ef,docs\documents-atlas-index.md#chunk-1310,unknown,0,0,,19,13,0.909844,0,,0,2026-05-31 21:49:31
37a1207f6369d0ec,,unknown,0,0,,,3,0.994035,0,,0,2026-05-31 21:49:31
37a1f21f72ca808a,,unknown,0,0,,9,16,1.061728,0,,0,2026-05-31 21:49:31
37a4615bb007a3a4,,unknown,0,0,,,6,0.895223,0,,0,2026-05-31 21:49:31
37b1ac0f91e21a64,docs\documents-atlas-index.md#chunk-901,unknown,0,0,,4,,0.976644,0,,0,2026-05-31 21:49:31
37b44f7590df59fc,,unknown,0,0,,5,,0.972584,0,,0,2026-05-31 21:49:31
37c36cf7d9074f2c,,unknown,0,0,,5,8,0.843826,0,,0,2026-05-31 21:49:31
37c41d5e6e21dc0b,,unknown,0,0,,1,6,0.87002,0,,0,2026-05-31 21:49:31
37c72a8b9dd3d329,docs\documents-atlas-index.md#chunk-509,unknown,0,0,,1,,0.752401,0,,0,2026-05-31 21:49:31
37cbb06e353cc2be,,unknown,0,0,,1,19,1.087635,0,,0,2026-05-31 21:49:31
37cfaed9cf82f0a1,,unknown,0,0,,,12,1.05987,0,,0,2026-05-31 21:49:31
37d18f3d76f6dc51,,unknown,0,0,,3,,0.940566,0,,0,2026-05-31 21:49:31
37d78d55f46d3701,,unknown,0,0,,4,4,0.790888,0,,0,2026-05-31 21:49:31
37e869ba0c1aaff6,,unknown,0,0,,,11,1.059916,0,,0,2026-05-31 21:49:31
37f20f59892e7144,,unknown,0,0,,,,0.687315,0,,0,2026-05-31 21:49:31
37f3a097af2a6585,,unknown,0,0,,,4,0.947029,0,,0,2026-05-31 21:49:31
37f99447405e0ded,,unknown,0,0,,6,19,0.958117,0,,0,2026-05-31 21:49:31
37fbb2a0be29852e,,unknown,0,0,,2,17,1.002394,0,,0,2026-05-31 21:49:31
380843be83afb7eb,docs\documents-atlas-index.md#chunk-869,unknown,0,0,,17,14,0.953981,0,,0,2026-05-31 21:49:31
380fbae55e6f397f,,unknown,0,0,,17,3,0.937873,0,,0,2026-05-31 21:49:31
3816fd1e98e8ea72,,unknown,0,0,,10,12,0.91984,0,,0,2026-05-31 21:49:31
381b24c4451baa7f,,unknown,0,0,,18,11,0.985515,0,,0,2026-05-31 21:49:31
3825c285ce2b935a,,unknown,0,0,,19,5,0.855402,0,,0,2026-05-31 21:49:31
38269b997b9b5b2c,,unknown,0,0,,16,4,0.809426,0,,0,2026-05-31 21:49:31
382a823ca7db35bd,docs\documents-atlas-index.md#chunk-879,unknown,0,0,,19,15,0.983327,0,,0,2026-05-31 21:49:31
3834712239715d88,,unknown,0,0,,9,17,0.773445,0,,0,2026-05-31 21:49:31
384db96df9ed9772,,unknown,0,0,,19,4,0.890285,0,,0,2026-05-31 21:49:31
3855983dce20b814,,unknown,0,0,,19,8,0.929057,0,,0,2026-05-31 21:49:31
3856b36dface8a52,,unknown,0,0,,19,4,0.971582,0,,0,2026-05-31 21:49:31
38575d2edca5b743,,unknown,0,0,,5,,0.915231,0,,0,2026-05-31 21:49:31
38605e4a4b4cc825,,unknown,0,0,,19,7,0.905893,0,,0,2026-05-31 21:49:31
38682b97b66f1016,,unknown,0,0,,18,6,0.763891,0,,0,2026-05-31 21:49:31
3878439e84a4eddd,,unknown,0,0,,14,19,0.888455,0,,0,2026-05-31 21:49:31
38786bc1272356ac,,unknown,0,0,,16,14,0.902262,0,,0,2026-05-31 21:49:31
388c9bd1a193607a,,unknown,0,0,,11,5,0.882108,0,,0,2026-05-31 21:49:31
38927c0c07922b7c,,unknown,0,0,,9,15,0.875391,0,,0,2026-05-31 21:49:31
389625f539617f13,,unknown,0,0,,12,12,0.827585,0,,0,2026-05-31 21:49:31
389c35223f3cc709,,unknown,0,0,,19,6,0.854104,0,,0,2026-05-31 21:49:31
38a502c621acc026,,unknown,0,0,,18,10,0.997786,0,,0,2026-05-31 21:49:31
38bd49e22bb4f94b,,unknown,0,0,,,17,1.01166,0,,0,2026-05-31 21:49:31
38c08d14c321094a,,unknown,0,0,,5,5,0.696055,0,,0,2026-05-31 21:49:31
38c711bd5e8783c0,,unknown,0,0,,,,0.980867,0,,0,2026-05-31 21:49:31
38cab0ffa7319ad5,,unknown,0,0,,6,14,1.049599,0,,0,2026-05-31 21:49:31
38cb766008fddc80,,unknown,0,0,,6,,0.971032,0,,0,2026-05-31 21:49:31
38d537bfc4afc93e,,unknown,0,0,,,6,1.084891,0,,0,2026-05-31 21:49:31
38d90262c3c609e8,,unknown,0,0,,,4,0.941968,0,,0,2026-05-31 21:49:31
38e162bed543ae92,,unknown,0,0,,,10,0.854643,0,,0,2026-05-31 21:49:31
38e9eaad9c1ca143,,unknown,0,0,,,13,1.039888,0,,0,2026-05-31 21:49:31
39018f7576ff8e83,,unknown,0,0,,19,2,0.864843,0,,0,2026-05-31 21:49:31
39074bcf16f0cafe,,unknown,0,0,,14,14,1.060747,0,,0,2026-05-31 21:49:31
3907c506e019fcff,,unknown,0,0,,9,18,0.895854,0,,0,2026-05-31 21:49:31
390f754a9a371b28,,unknown,0,0,,19,3,0.905502,0,,0,2026-05-31 21:49:31
39108acd33ecf4d3,,unknown,0,0,,18,11,1.006536,0,,0,2026-05-31 21:49:31
39149169fdf2847f,,unknown,0,0,,12,16,0.955151,0,,0,2026-05-31 21:49:31
391a21e12b32c7e7,,unknown,0,0,,19,12,0.888817,0,,0,2026-05-31 21:49:31
3923e3ad5a072f0e,,unknown,0,0,,8,19,0.818189,0,,0,2026-05-31 21:49:31
3925249c6b28e45d,,unknown,0,0,,19,9,0.908262,0,,0,2026-05-31 21:49:31
3929ee5868d590b6,,unknown,0,0,,11,12,0.98034,0,,0,2026-05-31 21:49:31
3938621709094d3b,,unknown,0,0,,9,18,0.772601,0,,0,2026-05-31 21:49:31
3938a6b6d0a1ca9d,,unknown,0,0,,9,14,0.909688,0,,0,2026-05-31 21:49:31
393964b9cf443459,,unknown,0,0,,17,9,0.865563,0,,0,2026-05-31 21:49:31
394888d55d623291,,unknown,0,0,,18,10,0.838216,0,,0,2026-05-31 21:49:31
39580149ee9cac78,,unknown,0,0,,19,6,0.869564,0,,0,2026-05-31 21:49:31
395d1acbd25f980b,,unknown,0,0,,13,6,1.002785,0,,0,2026-05-31 21:49:31
39603ba82d5b2ed7,,unknown,0,0,,19,1,0.937621,0,,0,2026-05-31 21:49:31
3965098d63f23249,docs\documents-atlas-index.md#chunk-875,unknown,0,0,,15,13,0.882916,0,,0,2026-05-31 21:49:31
398cdaf20d117029,docs\documents-atlas-index.md#chunk-893,unknown,0,0,,12,,0.991872,0,,0,2026-05-31 21:49:31
398d52aed2c30b7e,,unknown,0,0,,14,16,1.001202,0,,0,2026-05-31 21:49:31
398df4b3e0c06d57,,unknown,0,0,,14,1,0.962122,0,,0,2026-05-31 21:49:31
39902e5a4c79ce19,,unknown,0,0,,,2,0.932763,0,,0,2026-05-31 21:49:31
3994d4979243c456,,unknown,0,0,,6,16,0.831534,0,,0,2026-05-31 21:49:31
39aa8a4f228b68d4,,unknown,0,0,,4,,0.988513,0,,0,2026-05-31 21:49:31
39b3c79e8a576889,docs\documents-atlas-index.md#chunk-376,unknown,0,0,,,,0.738929,0,,0,2026-05-31 21:49:31
39b64c0b0bdc1c04,docs\documents-atlas-index.md#chunk-1041,unknown,0,0,,2,,0.890931,0,,0,2026-05-31 21:49:31
39b9adaa2f23b28d,,unknown,0,0,,,15,0.944211,0,,0,2026-05-31 21:49:31
39ba0756cc36d17e,,unknown,0,0,,4,6,0.908556,0,,0,2026-05-31 21:49:31
39ce8372dfedb9b2,,unknown,0,0,,10,,1.041821,0,,0,2026-05-31 21:49:31
39d2a653359d24bf,,unknown,0,0,,6,19,0.8995,0,,0,2026-05-31 21:49:31
39d6b93dc07feb29,docs\documents-atlas-index.md#chunk-277,unknown,0,0,,,9,0.970833,0,,0,2026-05-31 21:49:31
39ea626b297fbee6,,unknown,0,0,,,1,1.009738,0,,0,2026-05-31 21:49:31
39ec4c0aa09de61d,,unknown,0,0,,6,4,0.977451,0,,0,2026-05-31 21:49:31
39ed28c92f3100b2,,unknown,0,0,,,3,1.031528,0,,0,2026-05-31 21:49:31
39f02e5820b561ea,,unknown,0,0,,3,,0.942872,0,,0,2026-05-31 21:49:31
39fe2f0df9797890,docs\documents-atlas-index.md#chunk-591,unknown,0,0,,5,3,0.734713,0,,0,2026-05-31 21:49:31
3a09399b35577f91,,unknown,0,0,,13,15,0.898209,0,,0,2026-05-31 21:49:31
3a0d23dbada3370c,,unknown,0,0,,16,10,1.076433,0,,0,2026-05-31 21:49:31
3a10ae32d848d48c,,unknown,0,0,,16,8,1.005366,0,,0,2026-05-31 21:49:31
3a141f783018bb6b,,unknown,0,0,,13,12,0.931735,0,,0,2026-05-31 21:49:31
3a21070df9f41207,docs\documents-atlas-index.md#chunk-701,unknown,0,0,,18,12,0.99404,0,,0,2026-05-31 21:49:31
3a23ff8dceb1b820,docs\documents-atlas-index.md#chunk-806,unknown,0,0,,12,,1.037512,0,,0,2026-05-31 21:49:31
3a24a4519532a5ac,,unknown,0,0,,9,19,0.907632,0,,0,2026-05-31 21:49:31
3a28c1cd78886643,,unknown,0,0,,16,13,0.961899,0,,0,2026-05-31 21:49:31
3a29eb3c89939dbd,,unknown,0,0,,11,19,0.901605,0,,0,2026-05-31 21:49:31
3a2a8c543ac20ca3,,unknown,0,0,,15,,0.911138,0,,0,2026-05-31 21:49:31
3a30398cf6df1ba2,,unknown,0,0,,19,1,1.015322,0,,0,2026-05-31 21:49:31
3a37895ff055f7b0,,unknown,0,0,,19,11,0.913701,0,,0,2026-05-31 21:49:31
3a41c080a3d0a15d,,unknown,0,0,,13,13,1.060374,0,,0,2026-05-31 21:49:31
3a43d8cac37ffe1f,,unknown,0,0,,17,9,1.099433,0,,0,2026-05-31 21:49:31
3a44d6506db8432e,docs\documents-atlas-index.md#chunk-1062,unknown,0,0,,8,19,0.925508,0,,0,2026-05-31 21:49:31
3a47585baea96692,,unknown,0,0,,16,9,0.964039,0,,0,2026-05-31 21:49:31
3a5926a69e072da8,,unknown,0,0,,15,16,0.913784,0,,0,2026-05-31 21:49:31
3a5d1f2b79f08ef9,,unknown,0,0,,19,18,1.064175,0,,0,2026-05-31 21:49:31
3a640d5cf0938fe8,,unknown,0,0,,13,10,1.019143,0,,0,2026-05-31 21:49:31
3a6a1133bafe282c,,unknown,0,0,,14,2,0.959302,0,,0,2026-05-31 21:49:31
3a6be91ccdb1b6c0,docs\documents-atlas-index.md#chunk-146,unknown,0,0,,12,,1.131478,0,,0,2026-05-31 21:49:31
3a6f6f7abd7c9235,,unknown,0,0,,15,3,0.872927,0,,0,2026-05-31 21:49:31
3a720a577b5d2e21,docs\documents-atlas-index.md#chunk-521,unknown,0,0,,19,1,0.874964,0,,0,2026-05-31 21:49:31
3a768bb76f984a46,,unknown,0,0,,13,10,0.946794,0,,0,2026-05-31 21:49:31
3a79ee77a87ca257,,unknown,0,0,,18,6,0.833169,0,,0,2026-05-31 21:49:31
3a7cdf3b0ff8fbf4,docs\documents-atlas-index.md#chunk-928,unknown,0,0,,14,,1.123891,0,,0,2026-05-31 21:49:31
3a7cfc7b656bba64,,unknown,0,0,,19,,0.959046,0,,0,2026-05-31 21:49:31
3a840896f6d18090,,unknown,0,0,,18,12,0.898532,0,,0,2026-05-31 21:49:31
3a84c6458641c743,,unknown,0,0,,1,18,0.798766,0,,0,2026-05-31 21:49:31
3a85026fe579b1a0,,unknown,0,0,,19,11,0.844995,0,,0,2026-05-31 21:49:31
3a88b58f05e3d100,,unknown,0,0,,13,13,0.98593,0,,0,2026-05-31 21:49:31
3a890bd9f647e6a7,,unknown,0,0,,17,11,0.815643,0,,0,2026-05-31 21:49:31
3a8ec76662871b96,,unknown,0,0,,19,,0.864793,0,,0,2026-05-31 21:49:31
3a908cf37947f7e7,,unknown,0,0,,17,13,0.806871,0,,0,2026-05-31 21:49:31
3a919a2118e3acd8,,unknown,0,0,,13,13,0.981986,0,,0,2026-05-31 21:49:31
3a92cbe2b4206cf5,,unknown,0,0,,19,,1.042189,0,,0,2026-05-31 21:49:31
3a932024d4e72781,,unknown,0,0,,16,12,0.953638,0,,0,2026-05-31 21:49:31
3a93945c31d43b60,,unknown,0,0,,13,15,0.950179,0,,0,2026-05-31 21:49:31
3a9d1bec34f52a12,,unknown,0,0,,15,12,1.093004,0,,0,2026-05-31 21:49:31
3aa9581078db9a8c,docs\documents-atlas-index.md#chunk-1197,unknown,0,0,,6,,0.883562,0,,0,2026-05-31 21:49:31
3aae4aba7fe002c6,,unknown,0,0,,4,,1.062013,0,,0,2026-05-31 21:49:31
3aaf56dfcac5e655,,unknown,0,0,,,10,1.110549,0,,0,2026-05-31 21:49:31
3abcd7236dc97995,,unknown,0,0,,10,,0.998539,0,,0,2026-05-31 21:49:31
3abe0152331aca33,,unknown,0,0,,,1,1.036903,0,,0,2026-05-31 21:49:31
3ac345ea64b894da,,unknown,0,0,,17,17,0.920635,0,,0,2026-05-31 21:49:31
3acaadbdc905a7b8,,unknown,0,0,,,10,1.042131,0,,0,2026-05-31 21:49:31
3ae38855994ca060,,unknown,0,0,,,,0.836128,0,,0,2026-05-31 21:49:31
3ae47f9fef69b00a,,unknown,0,0,,1,2,0.911693,0,,0,2026-05-31 21:49:31
3ae6cdd49eee8838,,unknown,0,0,,10,,0.973886,0,,0,2026-05-31 21:49:31
3aecf1526b0de9c5,,unknown,0,0,,1,19,1.081816,0,,0,2026-05-31 21:49:31
3aee19fa32f149d1,,unknown,0,0,,17,15,1.058178,0,,0,2026-05-31 21:49:31
3aeeef85d51f1430,,unknown,0,0,,11,2,0.97185,0,,0,2026-05-31 21:49:31
3aff02c4b200b8c9,,unknown,0,0,,18,12,1.031004,0,,0,2026-05-31 21:49:31
3b04185203b057ea,,unknown,0,0,,17,17,0.795384,0,,0,2026-05-31 21:49:31
3b06c8c8d4504c7e,docs\documents-atlas-index.md#chunk-987,unknown,0,0,,7,18,0.942854,0,,0,2026-05-31 21:49:31
3b191c1026fda9c0,,unknown,0,0,,19,12,1.006247,0,,0,2026-05-31 21:49:31
3b1debee3f51fd7a,,unknown,0,0,,2,19,1.114518,0,,0,2026-05-31 21:49:31
3b22623069c73a18,,unknown,0,0,,13,13,0.946039,0,,0,2026-05-31 21:49:31
3b24f46c69ac3cc9,,unknown,0,0,,13,19,0.976881,0,,0,2026-05-31 21:49:31
3b265f16a6da1d98,,unknown,0,0,,15,,0.900859,0,,0,2026-05-31 21:49:31
3b33685820cfce0d,,unknown,0,0,,16,15,0.995706,0,,0,2026-05-31 21:49:31
3b33e0592d305896,,unknown,0,0,,5,19,0.855623,0,,0,2026-05-31 21:49:31
3b346b1e43920d45,,unknown,0,0,,11,12,0.953059,0,,0,2026-05-31 21:49:31
3b376c7166c9447e,,unknown,0,0,,16,15,0.880299,0,,0,2026-05-31 21:49:31
3b3af14680c77a9b,,unknown,0,0,,12,16,0.935318,0,,0,2026-05-31 21:49:31
3b411f6fdd61fca0,,unknown,0,0,,16,10,1.102494,0,,0,2026-05-31 21:49:31
3b43e99990ce3995,,unknown,0,0,,19,3,0.892383,0,,0,2026-05-31 21:49:31
3b5095b6ff1c5352,,unknown,0,0,,18,7,0.888399,0,,0,2026-05-31 21:49:31
3b575d3937d9d3d2,,unknown,0,0,,19,12,0.980163,0,,0,2026-05-31 21:49:31
3b58c85902885be4,,unknown,0,0,,9,18,0.856815,0,,0,2026-05-31 21:49:31
3b6e01fe283824e3,docs\documents-atlas-index.md#chunk-298,unknown,0,0,,17,15,0.892877,0,,0,2026-05-31 21:49:31
3b720aa2b121efd6,docs\documents-atlas-index.md#chunk-1150,unknown,0,0,,17,11,0.891103,0,,0,2026-05-31 21:49:31
3b7853045d6fc45b,,unknown,0,0,,19,8,1.005794,0,,0,2026-05-31 21:49:31
3b8885f2c4043255,,unknown,0,0,,17,11,0.88777,0,,0,2026-05-31 21:49:31
3b97be7c9bb23915,docs\documents-atlas-index.md#chunk-48,unknown,0,0,,8,,0.936274,0,,0,2026-05-31 21:49:31
3b9daa5f1443a446,docs\documents-atlas-index.md#chunk-1210,unknown,0,0,,16,10,1.024562,0,,0,2026-05-31 21:49:31
3ba039274ad2fe78,,unknown,0,0,,,1,0.881432,0,,0,2026-05-31 21:49:31
3ba0933ddce2d03b,,unknown,0,0,,,2,1.015626,0,,0,2026-05-31 21:49:31
3ba2a1eb14152756,,unknown,0,0,,,19,0.953602,0,,0,2026-05-31 21:49:31
3ba36da39e8c42fa,,unknown,0,0,,17,15,1.121701,0,,0,2026-05-31 21:49:31
3baec056127416a3,,unknown,0,0,,,19,0.949094,0,,0,2026-05-31 21:49:31
3baf8e1990c043d2,,unknown,0,0,,6,,1.021918,0,,0,2026-05-31 21:49:31
3bb111e327c029ae,,unknown,0,0,,17,17,0.874872,0,,0,2026-05-31 21:49:31
3bc3f3701a55f163,,unknown,0,0,,,17,0.788808,0,,0,2026-05-31 21:49:31
3bcd8bb6406e9fc8,,unknown,0,0,,19,,1.000897,0,,0,2026-05-31 21:49:31
3bd3b222cb61921b,,unknown,0,0,,2,18,0.845715,0,,0,2026-05-31 21:49:31
3bdebb0534b40207,,unknown,0,0,,6,,0.961293,0,,0,2026-05-31 21:49:31
3be3e39edcdd69e6,,unknown,0,0,,,,1.13355,0,,0,2026-05-31 21:49:31
3be58b456f938d7c,,unknown,0,0,,,18,0.850145,0,,0,2026-05-31 21:49:31
3bedd4b21093952c,,unknown,0,0,,,19,0.913799,0,,0,2026-05-31 21:49:31
3bf4c08473970610,,unknown,0,0,,,19,0.857577,0,,0,2026-05-31 21:49:31
3bf96c646c2cddee,docs\documents-atlas-index.md#chunk-1152,unknown,0,0,,1,,1.058655,0,,0,2026-05-31 21:49:31
3c02f5f9afebc6e1,docs\documents-atlas-index.md#chunk-568,unknown,0,0,,19,9,1.058738,0,,0,2026-05-31 21:49:31
3c08fd154c21efbb,,unknown,0,0,,5,19,1.010721,0,,0,2026-05-31 21:49:31
3c0c4ad769d7417c,,unknown,0,0,,18,15,0.932302,0,,0,2026-05-31 21:49:31
3c12f2e52ede7b8b,,unknown,0,0,,8,19,1.068032,0,,0,2026-05-31 21:49:31
3c1ab1e4013b67f3,,unknown,0,0,,19,,0.990924,0,,0,2026-05-31 21:49:31
3c2ae0ee2b5c9134,,unknown,0,0,,19,5,1.083179,0,,0,2026-05-31 21:49:31
3c2f49d122d12483,,unknown,0,0,,18,15,0.975437,0,,0,2026-05-31 21:49:31
3c30e08687275bd4,,unknown,0,0,,9,18,0.812666,0,,0,2026-05-31 21:49:31
3c375e73b0ab6713,,unknown,0,0,,15,2,0.888637,0,,0,2026-05-31 21:49:31
3c3984b88f74ee98,,unknown,0,0,,,16,0.920535,0,,0,2026-05-31 21:49:31
3c399e8372c11f29,docs\documents-atlas-index.md#chunk-465,unknown,0,0,,11,11,0.933934,0,,0,2026-05-31 21:49:31
3c3f06807df533a0,,unknown,0,0,,18,15,0.989633,0,,0,2026-05-31 21:49:31
3c407fec83d6f1e1,,unknown,0,0,,18,13,1.046325,0,,0,2026-05-31 21:49:31
3c477ebc8f3a5e7b,,unknown,0,0,,19,1,1.057194,0,,0,2026-05-31 21:49:31
3c4fabdb4618aed2,,unknown,0,0,,19,,1.123349,0,,0,2026-05-31 21:49:31
3c501dcc615802f8,,unknown,0,0,,17,15,0.960153,0,,0,2026-05-31 21:49:31
3c5a78f82ad14b05,docs\documents-atlas-index.md#chunk-1200,unknown,0,0,,14,13,0.974547,0,,0,2026-05-31 21:49:31
3c67c22dc6ee3a46,,unknown,0,0,,19,1,0.98849,0,,0,2026-05-31 21:49:31
3c6a66105297f87e,,unknown,0,0,,19,14,0.885268,0,,0,2026-05-31 21:49:31
3c737233b967ad98,,unknown,0,0,,19,10,0.847371,0,,0,2026-05-31 21:49:31
3c79dedf1d34a989,,unknown,0,0,,,15,1.023507,0,,0,2026-05-31 21:49:31
3c7c6c340c92a994,docs\documents-atlas-index.md#chunk-51,unknown,0,0,,16,10,0.952346,0,,0,2026-05-31 21:49:31
3c8fa7c6209c7a90,,unknown,0,0,,19,,0.887492,0,,0,2026-05-31 21:49:31
3c91367720482b40,,unknown,0,0,,13,14,0.923696,0,,0,2026-05-31 21:49:31
3c9baf58f122007d,,unknown,0,0,,11,1,0.932487,0,,0,2026-05-31 21:49:31
3ca80d63456e3678,,unknown,0,0,,1,,0.83093,0,,0,2026-05-31 21:49:31
3caf4947f75e5915,docs\documents-atlas-index.md#chunk-472,unknown,0,0,,7,2,0.912966,0,,0,2026-05-31 21:49:31
3cbd8c024eb26931,docs\documents-atlas-index.md#chunk-3,unknown,0,0,,3,,0.885455,0,,0,2026-05-31 21:49:31
3cbe7172e53e0555,,unknown,0,0,,8,2,0.957073,0,,0,2026-05-31 21:49:31
3cc6db48b12b079a,,unknown,0,0,,9,1,0.929745,0,,0,2026-05-31 21:49:31
3cc7fb47b033c807,docs\documents-atlas-index.md#chunk-1017,unknown,0,0,,2,10,0.839275,0,,0,2026-05-31 21:49:31
3ccee64f2bbf87c5,,unknown,0,0,,13,,1.154825,0,,0,2026-05-31 21:49:31
3ceb4f966e8a8cc9,docs\documents-atlas-index.md#chunk-1101,unknown,0,0,,16,,0.923065,0,,0,2026-05-31 21:49:31
3cec653ba1a54d0e,,unknown,0,0,,8,5,1.006819,0,,0,2026-05-31 21:49:31
3ced0d87ab6688e5,,unknown,0,0,,5,1,0.960403,0,,0,2026-05-31 21:49:31
3cf089b7bc74e5d9,,unknown,0,0,,,10,0.965155,0,,0,2026-05-31 21:49:31
3cffefa9d78a2ac3,,unknown,0,0,,16,,0.946628,0,,0,2026-05-31 21:49:31
3d03ef9d67129c70,docs\documents-atlas-index.md#chunk-260,unknown,0,0,,8,14,0.980279,0,,0,2026-05-31 21:49:31
3d059f5a4e4db1e7,,unknown,0,0,,18,8,1.01208,0,,0,2026-05-31 21:49:31
3d10723d2673cdc1,,unknown,0,0,,14,15,0.936292,0,,0,2026-05-31 21:49:31
3d19769270d59db4,,unknown,0,0,,17,17,0.810169,0,,0,2026-05-31 21:49:31
3d24c154cfd4a8bf,,unknown,0,0,,13,17,1.045689,0,,0,2026-05-31 21:49:31
3d35cd8f8217d880,,unknown,0,0,,17,10,0.999309,0,,0,2026-05-31 21:49:31
3d38963e984bf855,,unknown,0,0,,19,8,0.843293,0,,0,2026-05-31 21:49:31
3d40bad0ff07c92a,docs\documents-atlas-index.md#chunk-844,unknown,0,0,,3,13,1.053378,0,,0,2026-05-31 21:49:31
3d4304db62900145,docs\documents-atlas-index.md#chunk-1158,unknown,0,0,,17,14,0.908287,0,,0,2026-05-31 21:49:31
3d585bc684a245d6,,unknown,0,0,,18,15,0.861487,0,,0,2026-05-31 21:49:31
3d600e25ecb265c1,,unknown,0,0,,10,,1.064923,0,,0,2026-05-31 21:49:31
3d698851ba272472,,unknown,0,0,,16,8,0.901592,0,,0,2026-05-31 21:49:31
3d7405c86e7f958b,,unknown,0,0,,17,15,0.93261,0,,0,2026-05-31 21:49:31
3d8324f85219a04d,docs\documents-atlas-index.md#chunk-374,unknown,0,0,,18,14,0.811529,0,,0,2026-05-31 21:49:31
3d84d0d852deaec0,,unknown,0,0,,15,14,1.076002,0,,0,2026-05-31 21:49:31
3d9128683ea5656c,,unknown,0,0,,17,17,0.856264,0,,0,2026-05-31 21:49:31
3d914115175f598b,,unknown,0,0,,16,15,0.879283,0,,0,2026-05-31 21:49:31
3da96a9d5d046469,,unknown,0,0,,1,,0.775258,0,,0,2026-05-31 21:49:31
3dac83eda877f319,docs\documents-atlas-index.md#chunk-739,unknown,0,0,,,9,0.999102,0,,0,2026-05-31 21:49:31
3daffdfa82c779ab,,unknown,0,0,,12,,1.186494,0,,0,2026-05-31 21:49:31
3db52fe6a07653ea,docs\documents-atlas-index.md#chunk-30,unknown,0,0,,6,7,1.023094,0,,0,2026-05-31 21:49:31
3db76e83b53f5cd5,docs\documents-atlas-index.md#chunk-111,unknown,0,0,,19,,0.965768,0,,0,2026-05-31 21:49:31
3dc0db8e90a751b5,,unknown,0,0,,3,,1.085398,0,,0,2026-05-31 21:49:31
3dc1b902b490e235,,unknown,0,0,,,13,0.877563,0,,0,2026-05-31 21:49:31
3dc56c72a323e7db,,unknown,0,0,,2,7,0.983532,0,,0,2026-05-31 21:49:31
3dcbe8a1aa2024d1,,unknown,0,0,,,15,1.067879,0,,0,2026-05-31 21:49:31
3dcc374c5a8039b6,,unknown,0,0,,,,0.924465,0,,0,2026-05-31 21:49:31
3dcc7f3ca78d0adc,docs\documents-atlas-index.md#chunk-787,unknown,0,0,,10,2,1.086196,0,,0,2026-05-31 21:49:31
3dcd1df2fdb5fbb4,,unknown,0,0,,12,,1.033402,0,,0,2026-05-31 21:49:31
3dd585278ac21ef1,,unknown,0,0,,,,0.979516,0,,0,2026-05-31 21:49:31
3ddacc7eeb74c8f6,,unknown,0,0,,10,,1.055211,0,,0,2026-05-31 21:49:31
3ddadcc0ee709808,docs\documents-atlas-index.md#chunk-700,unknown,0,0,,11,,0.955763,0,,0,2026-05-31 21:49:31
3ddd51265e0e961b,,unknown,0,0,,2,,1.033867,0,,0,2026-05-31 21:49:31
3de06eaeb65e00e8,,unknown,0,0,,2,1,1.172341,0,,0,2026-05-31 21:49:31
3de1255d417191dc,,unknown,0,0,,17,17,0.962884,0,,0,2026-05-31 21:49:31
3de32259fceac8b3,,unknown,0,0,,,,1.045549,0,,0,2026-05-31 21:49:31
3df15f1aac6f354f,,unknown,0,0,,1,,1.009954,0,,0,2026-05-31 21:49:31
3df4eae1ced72d79,,unknown,0,0,,11,,0.949391,0,,0,2026-05-31 21:49:31
3e047055ac0c0853,docs\documents-atlas-index.md#chunk-1004,unknown,0,0,,19,4,0.89052,0,,0,2026-05-31 21:49:31
3e071c74fa6d3189,,unknown,0,0,,16,5,0.816542,0,,0,2026-05-31 21:49:31
3e0c09ead8996b0a,,unknown,0,0,,17,14,0.98024,0,,0,2026-05-31 21:49:31
3e0e08b107e1c9e1,,unknown,0,0,,19,14,0.903906,0,,0,2026-05-31 21:49:31
3e0f7f163d3c0c8c,,unknown,0,0,,17,,0.873382,0,,0,2026-05-31 21:49:31
3e18c88c56f9d2a3,,unknown,0,0,,15,15,1.024875,0,,0,2026-05-31 21:49:31
3e1b307446ce1270,,unknown,0,0,,19,,0.978998,0,,0,2026-05-31 21:49:31
3e1f5b8041cc48ac,,unknown,0,0,,18,16,0.976643,0,,0,2026-05-31 21:49:31
3e2148cb47eb1991,,unknown,0,0,,17,14,1.017894,0,,0,2026-05-31 21:49:31
3e218102f80cc918,,unknown,0,0,,19,8,0.910873,0,,0,2026-05-31 21:49:31
3e29cb11a80977bd,,unknown,0,0,,16,2,0.988678,0,,0,2026-05-31 21:49:31
3e2e8b0c683b4671,,unknown,0,0,,19,,0.932182,0,,0,2026-05-31 21:49:31
3e357c548a436e66,,unknown,0,0,,15,4,0.909308,0,,0,2026-05-31 21:49:31
3e382b50c12ec488,docs\documents-atlas-index.md#chunk-729,unknown,0,0,,17,8,0.878166,0,,0,2026-05-31 21:49:31
3e436980d2fdd2f4,,unknown,0,0,,19,12,0.9794,0,,0,2026-05-31 21:49:31
3e4eed81e41fb8ef,,unknown,0,0,,19,,0.989479,0,,0,2026-05-31 21:49:31
3e64dc181345fea4,docs\documents-atlas-index.md#chunk-385,unknown,0,0,,8,14,0.964297,0,,0,2026-05-31 21:49:31
3e6f19cc593080d2,,unknown,0,0,,18,14,0.88234,0,,0,2026-05-31 21:49:31
3ea0a715c17a06c0,docs\documents-atlas-index.md#chunk-467,unknown,0,0,,19,3,1.077368,0,,0,2026-05-31 21:49:31
3ea4a50a0e570d03,,unknown,0,0,,4,18,0.921529,0,,0,2026-05-31 21:49:31
3ea7f37b31a882a4,,unknown,0,0,,,19,0.988735,0,,0,2026-05-31 21:49:31
3ebb8b373a9445c4,docs\documents-atlas-index.md#chunk-931,unknown,0,0,,2,,0.905978,0,,0,2026-05-31 21:49:31
3ebcbdd5319e126c,docs\documents-atlas-index.md#chunk-909,unknown,0,0,,12,,1.067718,0,,0,2026-05-31 21:49:31
3ebd808041d20a0a,,unknown,0,0,,,19,1.032634,0,,0,2026-05-31 21:49:31
3ec430c0ac4d3792,,unknown,0,0,,,6,1.08935,0,,0,2026-05-31 21:49:31
3ecbcb2442f3c808,,unknown,0,0,,,13,1.098396,0,,0,2026-05-31 21:49:31
3ed4bb4e36e7b50c,,unknown,0,0,,1,17,1.024119,0,,0,2026-05-31 21:49:31
3edba55759547dc1,,unknown,0,0,,,19,0.929788,0,,0,2026-05-31 21:49:31
3edc2295781830de,,unknown,0,0,,17,17,0.996246,0,,0,2026-05-31 21:49:31
3ef13a3e12790bc1,,unknown,0,0,,,,0.991458,0,,0,2026-05-31 21:49:31
3ef30f3dff53e8d4,,unknown,0,0,,,2,0.990961,0,,0,2026-05-31 21:49:31
3ef3808ebc5a0d51,docs\documents-atlas-index.md#chunk-282,unknown,0,0,,1,,0.99562,0,,0,2026-05-31 21:49:31
3f07ef7207752902,,unknown,0,0,,8,14,0.982453,0,,0,2026-05-31 21:49:31
3f0c169fed130d47,,unknown,0,0,,14,4,1.059701,0,,0,2026-05-31 21:49:31
3f1784f72fef1d2f,docs\documents-atlas-index.md#chunk-134,unknown,0,0,,16,15,1.036985,0,,0,2026-05-31 21:49:31
3f1bb7b3fda25d89,,unknown,0,0,,13,,0.877594,0,,0,2026-05-31 21:49:31
3f272c729770e5f0,,unknown,0,0,,19,12,0.8855,0,,0,2026-05-31 21:49:31
3f2e0349afbffd1a,,unknown,0,0,,15,1,1.025005,0,,0,2026-05-31 21:49:31
3f36853383bce090,,unknown,0,0,,19,12,0.898133,0,,0,2026-05-31 21:49:31
3f370e8e385c274c,docs\documents-atlas-index.md#chunk-914,unknown,0,0,,17,15,1.036626,0,,0,2026-05-31 21:49:31
3f38e370f9685b23,,unknown,0,0,,18,2,0.891278,0,,0,2026-05-31 21:49:31
3f3c4c71b3b5a085,,unknown,0,0,,16,10,0.94309,0,,0,2026-05-31 21:49:31
3f3fb54f8f239b29,,unknown,0,0,,8,17,1.040595,0,,0,2026-05-31 21:49:31
3f454952bfb27f18,,unknown,0,0,,12,7,0.93312,0,,0,2026-05-31 21:49:31
3f4ca05853f7ed2f,docs\ARCHITECTURE_GUIDE_V1.md#chunk-2,unknown,0,0,,11,15,1.05781,0,,0,2026-05-31 21:49:31
3f4de27aecc00951,,unknown,0,0,,12,,1.034779,0,,0,2026-05-31 21:49:31
3f564a95c0fd2b21,,unknown,0,0,,17,,0.839659,0,,0,2026-05-31 21:49:31
3f5c3efcd855010b,docs\documents-atlas-index.md#chunk-620,unknown,0,0,,16,10,1.035377,0,,0,2026-05-31 21:49:31
3f63a979fe83432c,,unknown,0,0,,4,19,0.916731,0,,0,2026-05-31 21:49:31
3f7d4f74fee2cebe,,unknown,0,0,,12,,0.996314,0,,0,2026-05-31 21:49:31
3f7f6815ce0b825d,,unknown,0,0,,16,3,0.913462,0,,0,2026-05-31 21:49:31
3f8172b35a59d086,,unknown,0,0,,17,11,0.923035,0,,0,2026-05-31 21:49:31
3f819b43aa72b1e3,,unknown,0,0,,17,10,0.986813,0,,0,2026-05-31 21:49:31
3f828f1a0122dae9,,unknown,0,0,,17,13,1.045086,0,,0,2026-05-31 21:49:31
3f904011a0a713e1,,unknown,0,0,,18,14,1.022472,0,,0,2026-05-31 21:49:31
3f96da0aff16fa17,docs\documents-atlas-index.md#chunk-1160,unknown,0,0,,3,11,1.001431,0,,0,2026-05-31 21:49:31
3fa7067568ed1539,,unknown,0,0,,,,0.90541,0,,0,2026-05-31 21:49:31
3fb2c04b01df9c2e,,unknown,0,0,,3,18,1.031646,0,,0,2026-05-31 21:49:31
3fb38a047382cb35,,unknown,0,0,,2,9,0.8065,0,,0,2026-05-31 21:49:31
3fc2bbaa2300f905,,unknown,0,0,,,13,0.98954,0,,0,2026-05-31 21:49:31
3fc94d4f1b674d70,,unknown,0,0,,1,,0.826366,0,,0,2026-05-31 21:49:31
3fd8ae3a2a7f6291,,unknown,0,0,,1,,0.96819,0,,0,2026-05-31 21:49:31
3fd8e0b5be304331,,unknown,0,0,,1,16,0.976973,0,,0,2026-05-31 21:49:31
3fda55ee114eb951,,unknown,0,0,,18,12,1.117412,0,,0,2026-05-31 21:49:31
3fe9fb641d911725,,unknown,0,0,,1,,0.873062,0,,0,2026-05-31 21:49:31
3fff4c69a42d46ea,docs\documents-atlas-index.md#chunk-610,unknown,0,0,,10,2,1.012485,0,,0,2026-05-31 21:49:31
400936d9d57f4c9e,,unknown,0,0,,17,7,0.916552,0,,0,2026-05-31 21:49:31
400ad4dec7f64e15,,unknown,0,0,,11,12,1.052169,0,,0,2026-05-31 21:49:31
4010198257d64ab8,,unknown,0,0,,13,15,0.857885,0,,0,2026-05-31 21:49:31
402b949c7e7dd1a4,,unknown,0,0,,19,8,0.960707,0,,0,2026-05-31 21:49:31
4043e3ec2c29ac1f,,unknown,0,0,,7,19,0.870306,0,,0,2026-05-31 21:49:31
4047443f403f9eca,,unknown,0,0,,12,19,0.912252,0,,0,2026-05-31 21:49:31
4048df4587374300,,unknown,0,0,,18,6,0.876881,0,,0,2026-05-31 21:49:31
40519560372db126,,unknown,0,0,,19,7,0.844316,0,,0,2026-05-31 21:49:31
4059243990b7a557,,unknown,0,0,,19,11,0.891938,0,,0,2026-05-31 21:49:31
405c24ef6e2ba059,,unknown,0,0,,19,9,0.937601,0,,0,2026-05-31 21:49:31
405cae73882e587a,,unknown,0,0,,17,3,0.901909,0,,0,2026-05-31 21:49:31
4065bff5a8875bd1,,unknown,0,0,,9,12,0.935871,0,,0,2026-05-31 21:49:31
406bb05fccb078d3,docs\documents-atlas-index.md#chunk-1271,unknown,0,0,,11,18,1.08411,0,,0,2026-05-31 21:49:31
406e74d78cda6bd6,,unknown,0,0,,17,,0.979367,0,,0,2026-05-31 21:49:31
4070e2e0c58d09b2,,unknown,0,0,,19,5,0.943898,0,,0,2026-05-31 21:49:31
4074daf533ddd3cb,,unknown,0,0,,19,7,1.078656,0,,0,2026-05-31 21:49:31
4088a55e0f3e923a,,unknown,0,0,,9,19,0.943031,0,,0,2026-05-31 21:49:31
408958cceac8fa18,,unknown,0,0,,14,10,0.932181,0,,0,2026-05-31 21:49:31
408f8089ff17f648,,unknown,0,0,,19,8,0.859179,0,,0,2026-05-31 21:49:31
4090dc1f9727f22f,docs\documents-atlas-index.md#chunk-710,unknown,0,0,,8,15,0.981846,0,,0,2026-05-31 21:49:31
40994b91c1bd1f1b,,unknown,0,0,,12,5,0.833603,0,,0,2026-05-31 21:49:31
40a00e91025a0eb6,,unknown,0,0,,,,0.997638,0,,0,2026-05-31 21:49:31
40a0893a2c12d9a9,,unknown,0,0,,,,0.850658,0,,0,2026-05-31 21:49:31
40af1502644b420a,docs\documents-atlas-index.md#chunk-1249,unknown,0,0,,4,1,0.988727,0,,0,2026-05-31 21:49:31
40b1f0a79c7418c3,,unknown,0,0,,2,18,0.96389,0,,0,2026-05-31 21:49:31
40b337176916f316,,unknown,0,0,,,3,0.78181,0,,0,2026-05-31 21:49:31
40b52266bad4cec8,,unknown,0,0,,,5,0.975313,0,,0,2026-05-31 21:49:31
40ba24b3f8fdddd8,,unknown,0,0,,14,7,1.082751,0,,0,2026-05-31 21:49:31
40c4486acc58ccde,docs\documents-atlas-index.md#chunk-809,unknown,0,0,,,7,0.942497,0,,0,2026-05-31 21:49:31
40db9533a5b24949,,unknown,0,0,,6,3,0.806294,0,,0,2026-05-31 21:49:31
40defd9e64852aaf,,unknown,0,0,,7,4,0.992879,0,,0,2026-05-31 21:49:31
40e0f31757cd7870,,unknown,0,0,,,,0.986682,0,,0,2026-05-31 21:49:31
40e1d6132f0a7fb2,,unknown,0,0,,6,19,1.066429,0,,0,2026-05-31 21:49:31
40ef3b056c775d76,,unknown,0,0,,5,1,0.747211,0,,0,2026-05-31 21:49:31
40fa162f05604a6c,,unknown,0,0,,5,3,0.979524,0,,0,2026-05-31 21:49:31
40ffcca0de2af4b8,,unknown,0,0,,12,,1.115272,0,,0,2026-05-31 21:49:31
410395cbdbdf556b,,unknown,0,0,,19,7,1.036689,0,,0,2026-05-31 21:49:31
4114f6b4b5939643,,unknown,0,0,,18,7,0.851072,0,,0,2026-05-31 21:49:31
411805d563cf9e7c,,unknown,0,0,,15,14,1.028217,0,,0,2026-05-31 21:49:31
411db8b8e88ea8a2,,unknown,0,0,,19,6,0.924753,0,,0,2026-05-31 21:49:31
41280629c679af89,,unknown,0,0,,13,9,0.824564,0,,0,2026-05-31 21:49:31
41288d7b03178058,docs\documents-atlas-index.md#chunk-529,unknown,0,0,,3,1,0.900656,0,,0,2026-05-31 21:49:31
4129e98a104cf427,,unknown,0,0,,19,6,0.935582,0,,0,2026-05-31 21:49:31
412bd1dc7f8fe39e,,unknown,0,0,,19,6,1.07383,0,,0,2026-05-31 21:49:31
41302748262c8ca4,,unknown,0,0,,19,7,0.918343,0,,0,2026-05-31 21:49:31
413fddfa9756431c,,unknown,0,0,,13,7,1.020319,0,,0,2026-05-31 21:49:31
41426c3f653844a2,,unknown,0,0,,,,0.922458,0,,0,2026-05-31 21:49:31
41534ee2dabd6e5a,,unknown,0,0,,13,3,0.99474,0,,0,2026-05-31 21:49:31
4153c403b00dee88,,unknown,0,0,,19,6,0.899733,0,,0,2026-05-31 21:49:31
416465164f0f96cd,,unknown,0,0,,19,6,0.901262,0,,0,2026-05-31 21:49:31
416bfc2940fd5736,,unknown,0,0,,17,1,0.941888,0,,0,2026-05-31 21:49:31
41726319b6156676,,unknown,0,0,,19,8,0.806272,0,,0,2026-05-31 21:49:31
4172eaf802a37cee,,unknown,0,0,,10,17,0.962155,0,,0,2026-05-31 21:49:31
417cc6f0727f8a6f,,unknown,0,0,,19,,0.896468,0,,0,2026-05-31 21:49:31
4181a98b9aa8038d,,unknown,0,0,,9,19,0.822921,0,,0,2026-05-31 21:49:31
41869e6ec50dc9fc,,unknown,0,0,,19,8,1.019947,0,,0,2026-05-31 21:49:31
41956dda4bb5812e,,unknown,0,0,,15,10,1.043844,0,,0,2026-05-31 21:49:31
419a1962711cc205,docs\documents-atlas-index.md#chunk-190,unknown,0,0,,19,8,0.865094,0,,0,2026-05-31 21:49:31
419fee1418b07c0d,,unknown,0,0,,9,3,0.970925,0,,0,2026-05-31 21:49:31
41a2d76164fb706b,,unknown,0,0,,,,1.020371,0,,0,2026-05-31 21:49:31
41a524808fc545c3,,unknown,0,0,,,,0.85829,0,,0,2026-05-31 21:49:31
41ae090a72404519,,unknown,0,0,,3,1,0.866064,0,,0,2026-05-31 21:49:31
41b5089a6d14a42a,,unknown,0,0,,,2,0.834478,0,,0,2026-05-31 21:49:31
41bd7e91b46fabeb,,unknown,0,0,,9,5,0.952874,0,,0,2026-05-31 21:49:31
41bde443e4527d13,,unknown,0,0,,7,7,0.915051,0,,0,2026-05-31 21:49:31
41bf81d1abe906b5,,unknown,0,0,,10,1,1.035485,0,,0,2026-05-31 21:49:31
41d6bd813674efc5,,unknown,0,0,,,12,0.855836,0,,0,2026-05-31 21:49:31
41d7941b4370a0f3,,unknown,0,0,,,1,0.914055,0,,0,2026-05-31 21:49:31
41e30dc8bc95fe7a,,unknown,0,0,,1,9,0.847085,0,,0,2026-05-31 21:49:31
41e59ed66e5f1497,,unknown,0,0,,,,0.89058,0,,0,2026-05-31 21:49:31
41f1f5f4528516b7,,unknown,0,0,,6,19,0.919845,0,,0,2026-05-31 21:49:31
41fd988c8092375b,,unknown,0,0,,4,3,0.925552,0,,0,2026-05-31 21:49:31
4201f998ab0d2e10,,unknown,0,0,,19,4,0.82867,0,,0,2026-05-31 21:49:31
420c8062532e9198,,unknown,0,0,,19,6,0.829312,0,,0,2026-05-31 21:49:31
420d60abe2a6c531,,unknown,0,0,,18,11,0.975447,0,,0,2026-05-31 21:49:31
42190cdcd40fcc7d,docs\documents-atlas-index.md#chunk-1129,unknown,0,0,,15,9,1.049507,0,,0,2026-05-31 21:49:31
422ed1bb38c27e65,,unknown,0,0,,12,15,0.961744,0,,0,2026-05-31 21:49:31
4234d06b78cbbb28,,unknown,0,0,,11,13,0.981205,0,,0,2026-05-31 21:49:31
423bad7330150ef3,,unknown,0,0,,19,,0.919611,0,,0,2026-05-31 21:49:31
4240be67e099a08c,,unknown,0,0,,10,11,0.967293,0,,0,2026-05-31 21:49:31
424144866bac7aae,,unknown,0,0,,12,18,0.967266,0,,0,2026-05-31 21:49:31
42451f16aad10655,,unknown,0,0,,8,,0.863921,0,,0,2026-05-31 21:49:31
424d10e46b959488,,unknown,0,0,,17,10,0.909595,0,,0,2026-05-31 21:49:31
4252a09157c7f341,,unknown,0,0,,11,13,0.979563,0,,0,2026-05-31 21:49:31
425badd5fc14c51c,docs\documents-atlas-index.md#chunk-996,unknown,0,0,,12,1,0.99332,0,,0,2026-05-31 21:49:31
4267b6a6fe020b6d,,unknown,0,0,,7,19,0.886288,0,,0,2026-05-31 21:49:31
4269b24d7f4d473d,,unknown,0,0,,19,5,0.920004,0,,0,2026-05-31 21:49:31
426d549ca51c7d49,docs\documents-atlas-index.md#chunk-42,unknown,0,0,,19,4,0.860993,0,,0,2026-05-31 21:49:31
426ff832dd5c91df,docs\documents-atlas-index.md#chunk-1261,unknown,0,0,,17,3,0.925553,0,,0,2026-05-31 21:49:31
427a43784b76b81f,docs\documents-atlas-index.md#chunk-910,unknown,0,0,,16,10,0.899574,0,,0,2026-05-31 21:49:31
427b2005140d5041,,unknown,0,0,,19,6,0.950965,0,,0,2026-05-31 21:49:31
4280880f6dda8dfc,,unknown,0,0,,12,19,0.981479,0,,0,2026-05-31 21:49:31
428783bfba56a2a4,,unknown,0,0,,19,10,0.959888,0,,0,2026-05-31 21:49:31
42994d0b950932a0,,unknown,0,0,,,,0.981704,0,,0,2026-05-31 21:49:31
429e16a482133b76,,unknown,0,0,,13,10,0.863846,0,,0,2026-05-31 21:49:31
42ad37da96f45d67,,unknown,0,0,,6,3,0.986195,0,,0,2026-05-31 21:49:31
42c309bf435cdc7b,,unknown,0,0,,,11,1.04228,0,,0,2026-05-31 21:49:31
42c5da121d04ddd8,docs\documents-atlas-index.md#chunk-409,unknown,0,0,,,15,0.972177,0,,0,2026-05-31 21:49:31
42ca8b7e00cc082b,,unknown,0,0,,5,,0.939522,0,,0,2026-05-31 21:49:31
42d1d4e0e7989d12,,unknown,0,0,,,12,0.811639,0,,0,2026-05-31 21:49:31
42d2b628f56e1a91,,unknown,0,0,,8,9,0.90018,0,,0,2026-05-31 21:49:31
42e4bba6c9019fc2,,unknown,0,0,,,10,0.905213,0,,0,2026-05-31 21:49:31
42ee4d726aaaf55e,docs\documents-atlas-index.md#chunk-1306,unknown,0,0,,6,,0.983451,0,,0,2026-05-31 21:49:31
431fd1508ccdebe5,docs\documents-atlas-index.md#chunk-138,unknown,0,0,,18,1,1.015446,0,,0,2026-05-31 21:49:31
43257f6266bc013e,,unknown,0,0,,15,6,0.979412,0,,0,2026-05-31 21:49:31
432b01bc475fb779,,unknown,0,0,,18,11,0.886499,0,,0,2026-05-31 21:49:31
432d9b829e0e453f,docs\documents-atlas-index.md#chunk-468,unknown,0,0,,17,4,0.870952,0,,0,2026-05-31 21:49:31
433f3a5f24e2e27a,,unknown,0,0,,14,11,1.009698,0,,0,2026-05-31 21:49:31
4349b753267c2662,,unknown,0,0,,19,5,0.739856,0,,0,2026-05-31 21:49:31
435aceaa585e2a42,docs\documents-atlas-index.md#chunk-990,unknown,0,0,,19,,0.910873,0,,0,2026-05-31 21:49:31
435d5a42008235ad,,unknown,0,0,,17,13,0.959116,0,,0,2026-05-31 21:49:31
4366de2660aef438,,unknown,0,0,,19,5,0.921872,0,,0,2026-05-31 21:49:31
43797da21da81291,docs\documents-atlas-index.md#chunk-38,unknown,0,0,,6,,0.953917,0,,0,2026-05-31 21:49:31
4381ad3a6b89a2fd,,unknown,0,0,,9,19,0.971309,0,,0,2026-05-31 21:49:31
4381e4fcea17ec2f,,unknown,0,0,,6,17,0.979669,0,,0,2026-05-31 21:49:31
438311028babc4a3,,unknown,0,0,,19,8,0.964622,0,,0,2026-05-31 21:49:31
438385f1878d42c5,docs\documents-atlas-index.md#chunk-534,unknown,0,0,,18,12,0.871899,0,,0,2026-05-31 21:49:31
43876ebab47b3253,,unknown,0,0,,19,7,0.875343,0,,0,2026-05-31 21:49:31
4389a6464979acee,,unknown,0,0,,9,19,0.723612,0,,0,2026-05-31 21:49:31
438c1382b12762e3,docs\documents-atlas-index.md#chunk-1182,unknown,0,0,,19,10,0.932251,0,,0,2026-05-31 21:49:31
439230e32acb9dab,docs\documents-atlas-index.md#chunk-643,unknown,0,0,,14,17,1.022868,0,,0,2026-05-31 21:49:31
439ab3ef290263bb,docs\documents-atlas-index.md#chunk-1312,unknown,0,0,,10,19,0.964902,0,,0,2026-05-31 21:49:31
439d91b7d22d8a44,,unknown,0,0,,19,2,0.852949,0,,0,2026-05-31 21:49:31
43aa32750fb7bcea,,unknown,0,0,,1,19,1.004825,0,,0,2026-05-31 21:49:31
43b4a05aecb16a8a,docs\documents-atlas-index.md#chunk-1105,unknown,0,0,,7,17,0.912221,0,,0,2026-05-31 21:49:31
43b7ff3f4ac17cb7,,unknown,0,0,,4,,1.048388,0,,0,2026-05-31 21:49:31
43bbb94cbdc515da,,unknown,0,0,,10,,1.000093,0,,0,2026-05-31 21:49:31
43c2b9d611ef94d3,docs\documents-atlas-index.md#chunk-921,unknown,0,0,,19,7,1.10237,0,,0,2026-05-31 21:49:31
43ce8953f37fb72e,docs\documents-atlas-index.md#chunk-662,unknown,0,0,,7,5,0.941941,0,,0,2026-05-31 21:49:31
43db4e657859e4e7,,unknown,0,0,,,1,0.855179,0,,0,2026-05-31 21:49:31
43e502c02c465a82,,unknown,0,0,,,14,0.931114,0,,0,2026-05-31 21:49:31
43e68e7454910b51,,unknown,0,0,,3,4,0.760706,0,,0,2026-05-31 21:49:31
43f6a3b63efc367e,,unknown,0,0,,,19,1.015339,0,,0,2026-05-31 21:49:31
4402d8ba00634341,docs\documents-atlas-index.md#chunk-171,unknown,0,0,,10,16,0.991318,0,,0,2026-05-31 21:49:31
440e30099f328504,,unknown,0,0,,18,7,0.920599,0,,0,2026-05-31 21:49:31
4416effc7d9aecf3,,unknown,0,0,,19,5,1.049843,0,,0,2026-05-31 21:49:31
4421da53fa0d7f67,,unknown,0,0,,18,4,0.827458,0,,0,2026-05-31 21:49:31
4426cefac74487a2,,unknown,0,0,,18,6,1.002569,0,,0,2026-05-31 21:49:31
442c846e7ed48ae1,,unknown,0,0,,14,19,1.025244,0,,0,2026-05-31 21:49:31
4433cc4918d1ec47,,unknown,0,0,,9,12,0.865861,0,,0,2026-05-31 21:49:31
4433dad3f1c66174,,unknown,0,0,,13,8,1.004121,0,,0,2026-05-31 21:49:31
4436b4d2aa5793ef,,unknown,0,0,,9,19,0.924696,0,,0,2026-05-31 21:49:31
443f7fafa31bad16,,unknown,0,0,,15,8,0.961079,0,,0,2026-05-31 21:49:31
443f906df3580b71,docs\KARPATHY_PIPELINE_ARCHITECTURE.md#chunk-2,unknown,0,0,,13,8,0.935743,0,,0,2026-05-31 21:49:31
4441f49cccd6292b,,unknown,0,0,,9,19,0.940593,0,,0,2026-05-31 21:49:31
444aae80e3fe8b9d,,unknown,0,0,,14,1,0.785122,0,,0,2026-05-31 21:49:31
444d139dda271287,,unknown,0,0,,17,9,0.938313,0,,0,2026-05-31 21:49:31
4450cfa11e2588f7,,unknown,0,0,,19,5,1.006488,0,,0,2026-05-31 21:49:31
4452006a149696b7,docs\documents-atlas-index.md#chunk-1099,unknown,0,0,,15,15,0.819669,0,,0,2026-05-31 21:49:31
4457a043abc4f07e,,unknown,0,0,,7,17,0.986972,0,,0,2026-05-31 21:49:31
4457e09fc9475640,,unknown,0,0,,9,17,0.888023,0,,0,2026-05-31 21:49:31
445e10cb101628ed,,unknown,0,0,,16,16,0.963629,0,,0,2026-05-31 21:49:31
44637be50a106d94,,unknown,0,0,,8,12,0.933811,0,,0,2026-05-31 21:49:31
446f52c01822d941,,unknown,0,0,,18,11,0.896155,0,,0,2026-05-31 21:49:31
4478e7965b7141e3,,unknown,0,0,,9,19,0.8369,0,,0,2026-05-31 21:49:31
447d99c99a200624,docs\documents-atlas-index.md#chunk-670,unknown,0,0,,17,10,0.884608,0,,0,2026-05-31 21:49:31
4480a2bcfd496811,,unknown,0,0,,18,7,1.02298,0,,0,2026-05-31 21:49:31
44832fee921d5824,,unknown,0,0,,18,9,0.879027,0,,0,2026-05-31 21:49:31
4485476fd7bd3633,,unknown,0,0,,19,7,0.886847,0,,0,2026-05-31 21:49:31
4487a95f87f6a7aa,docs\documents-atlas-index.md#chunk-550,unknown,0,0,,12,18,0.849394,0,,0,2026-05-31 21:49:31
448ce736f999cda8,docs\documents-atlas-index.md#chunk-587,unknown,0,0,,18,2,0.872014,0,,0,2026-05-31 21:49:31
449f303058dcab07,,unknown,0,0,,19,2,0.978784,0,,0,2026-05-31 21:49:31
44acef4e1ce844a4,,unknown,0,0,,4,,1.044702,0,,0,2026-05-31 21:49:31
44afd211261a445f,,unknown,0,0,,,19,0.970368,0,,0,2026-05-31 21:49:31
44bb1511e099732a,,unknown,0,0,,7,5,0.81877,0,,0,2026-05-31 21:49:31
44c2d88ec8c6f277,,unknown,0,0,,,7,0.989902,0,,0,2026-05-31 21:49:31
44c5bd4f468d7f4b,,unknown,0,0,,8,10,0.977202,0,,0,2026-05-31 21:49:31
44cb277be5e34b77,,unknown,0,0,,6,3,0.892362,0,,0,2026-05-31 21:49:31
44d03c42d546e33f,docs\documents-atlas-index.md#chunk-746,unknown,0,0,,3,7,0.8311,0,,0,2026-05-31 21:49:31
44d503662114ca19,,unknown,0,0,,,11,0.852675,0,,0,2026-05-31 21:49:31
44dfcc4b47b311ef,docs\documents-atlas-index.md#chunk-766,unknown,0,0,,6,1,1.093708,0,,0,2026-05-31 21:49:31
44e44b6be8718e35,,unknown,0,0,,4,6,0.712919,0,,0,2026-05-31 21:49:31
44fbf69fd2d687a1,,unknown,0,0,,6,1,1.05405,0,,0,2026-05-31 21:49:31
44fdb3202f5f9786,,unknown,0,0,,,,0.986548,0,,0,2026-05-31 21:49:31
450e8ab8dbbe3ff7,,unknown,0,0,,15,,0.857825,0,,0,2026-05-31 21:49:31
4513b1609783370c,,unknown,0,0,,8,18,0.767349,0,,0,2026-05-31 21:49:31
45142b8f01b61bd6,,unknown,0,0,,13,15,0.975738,0,,0,2026-05-31 21:49:31
451865e779a286f1,,unknown,0,0,,16,14,0.770274,0,,0,2026-05-31 21:49:31
451b299ec6357829,,unknown,0,0,,17,9,0.876904,0,,0,2026-05-31 21:49:31
452155daaae27238,,unknown,0,0,,17,10,1.004955,0,,0,2026-05-31 21:49:31
452234f202d0b773,,unknown,0,0,,18,12,0.879069,0,,0,2026-05-31 21:49:31
45225ce715b8d059,,unknown,0,0,,17,11,0.933127,0,,0,2026-05-31 21:49:31
452b07cf818d1ba4,,unknown,0,0,,19,,0.959763,0,,0,2026-05-31 21:49:31
4532ec16b6f2907a,,unknown,0,0,,11,10,0.908152,0,,0,2026-05-31 21:49:31
4539ea33d02601ce,,unknown,0,0,,10,18,0.958218,0,,0,2026-05-31 21:49:31
453cf5c6de26eb3b,docs\documents-atlas-index.md#chunk-1318,unknown,0,0,,13,4,1.025031,0,,0,2026-05-31 21:49:31
4540c97ccaa061d3,,unknown,0,0,,10,18,1.007937,0,,0,2026-05-31 21:49:31
45421f9f9d6320df,,unknown,0,0,,11,19,1.018687,0,,0,2026-05-31 21:49:31
45427998d4c492f3,docs\documents-atlas-index.md#chunk-1169,unknown,0,0,,19,10,0.85117,0,,0,2026-05-31 21:49:31
4545692e71019a23,,unknown,0,0,,10,14,0.871781,0,,0,2026-05-31 21:49:31
454dad71f19dd347,docs\documents-atlas-index.md#chunk-859,unknown,0,0,,18,5,0.801337,0,,0,2026-05-31 21:49:31
455ed4c87c044144,,unknown,0,0,,18,7,1.002433,0,,0,2026-05-31 21:49:31
4560eec3782519c3,,unknown,0,0,,18,6,0.955264,0,,0,2026-05-31 21:49:31
456634422e08f317,,unknown,0,0,,19,9,0.8839,0,,0,2026-05-31 21:49:31
45674de77bba6e75,,unknown,0,0,,16,4,0.887107,0,,0,2026-05-31 21:49:31
4567c65590f09cc6,,unknown,0,0,,11,18,0.809162,0,,0,2026-05-31 21:49:31
45730b84d0223661,,unknown,0,0,,4,4,0.908585,0,,0,2026-05-31 21:49:31
457d2b926b454622,,unknown,0,0,,5,1,0.811288,0,,0,2026-05-31 21:49:31
4581e4612a964ad5,,unknown,0,0,,8,19,0.803114,0,,0,2026-05-31 21:49:31
4585e8fd3db590d1,,unknown,0,0,,11,18,0.988518,0,,0,2026-05-31 21:49:31
459bdadfd2e80c51,,unknown,0,0,,12,,0.978301,0,,0,2026-05-31 21:49:31
459db024cbf6ff74,,unknown,0,0,,12,,1.000724,0,,0,2026-05-31 21:49:31
459fbe57adb41677,,unknown,0,0,,12,,0.729128,0,,0,2026-05-31 21:49:31
45ae0ee2d5f0431e,,unknown,0,0,,8,4,0.907037,0,,0,2026-05-31 21:49:31
45ae82da60ba0806,,unknown,0,0,,6,,1.057976,0,,0,2026-05-31 21:49:31
45b490964270620a,,unknown,0,0,,3,19,0.811262,0,,0,2026-05-31 21:49:31
45baec734558995b,,unknown,0,0,,6,4,0.842208,0,,0,2026-05-31 21:49:31
45c1fc738db3891f,,unknown,0,0,,5,,0.887659,0,,0,2026-05-31 21:49:31
45c25f7316a9a0ba,docs\documents-atlas-index.md#chunk-924,unknown,0,0,,,,0.984707,0,,0,2026-05-31 21:49:31
45c5236292af1c9d,docs\documents-atlas-index.md#chunk-2,unknown,0,0,,10,8,1.011858,0,,0,2026-05-31 21:49:31
45c5eab1934da589,,unknown,0,0,,,12,0.892791,0,,0,2026-05-31 21:49:31
45d8ea223ee43ecf,,unknown,0,0,,7,17,1.014815,0,,0,2026-05-31 21:49:31
45deb505985ecc35,docs\documents-atlas-index.md#chunk-1093,unknown,0,0,,,15,0.953858,0,,0,2026-05-31 21:49:31
45e6f6f715b695d7,,unknown,0,0,,,19,1.010701,0,,0,2026-05-31 21:49:31
46031e4864991682,,unknown,0,0,,18,8,0.797875,0,,0,2026-05-31 21:49:31
460646a9f162cd7d,,unknown,0,0,,15,11,0.871998,0,,0,2026-05-31 21:49:31
46083452b20c0eb8,,unknown,0,0,,19,2,0.810462,0,,0,2026-05-31 21:49:31
461587f46253f264,,unknown,0,0,,18,12,0.769465,0,,0,2026-05-31 21:49:31
461ce0e9706d39bf,,unknown,0,0,,19,4,0.999279,0,,0,2026-05-31 21:49:31
461f4c7d61533ab9,,unknown,0,0,,14,12,0.987311,0,,0,2026-05-31 21:49:31
46342340e02dea33,docs\documents-atlas-index.md#chunk-120,unknown,0,0,,19,8,0.853454,0,,0,2026-05-31 21:49:31
4637824564ebc105,docs\documents-atlas-index.md#chunk-733,unknown,0,0,,19,8,0.854716,0,,0,2026-05-31 21:49:31
463bc646d3c209a7,,unknown,0,0,,14,2,0.915821,0,,0,2026-05-31 21:49:31
4643e3b6e7c0946f,,unknown,0,0,,10,18,0.942172,0,,0,2026-05-31 21:49:31
464d7512bb8a9d86,,unknown,0,0,,19,1,0.717781,0,,0,2026-05-31 21:49:31
464e3ed17c29056f,,unknown,0,0,,15,9,0.985046,0,,0,2026-05-31 21:49:31
4651c885d8ad9f38,docs\ARCHITECTURE_GUIDE_V2_ENHANCED_BITS_INTEGRATION.md#chunk-1,unknown,0,0,,19,4,0.791222,0,,0,2026-05-31 21:49:31
46523a2355570016,docs\CODEBASE_DIRECTORY_MAP.md#chunk-31,unknown,0,0,,,,0.82596,0,,0,2026-05-31 21:49:31
46534d65d47c76dc,,unknown,0,0,,19,7,0.855365,0,,0,2026-05-31 21:49:31
465a86b53fee7563,docs\documents-atlas-index.md#chunk-953,unknown,0,0,,18,5,0.996947,0,,0,2026-05-31 21:49:31
4660761fc6c3a2d9,,unknown,0,0,,19,11,0.949307,0,,0,2026-05-31 21:49:31
4664d336a7ecaf07,,unknown,0,0,,19,6,0.879327,0,,0,2026-05-31 21:49:31
466ff0a40ecacde8,,unknown,0,0,,17,,1.010641,0,,0,2026-05-31 21:49:31
46788f4a20aae269,,unknown,0,0,,19,8,0.962522,0,,0,2026-05-31 21:49:31
46790807e75bd4b1,,unknown,0,0,,19,8,0.833894,0,,0,2026-05-31 21:49:31
468178ef25dfebe8,,unknown,0,0,,19,12,1.063708,0,,0,2026-05-31 21:49:31
4685baf2ba3ad171,,unknown,0,0,,19,5,0.901171,0,,0,2026-05-31 21:49:31
4686b5523b7a99af,docs\documents-atlas-index.md#chunk-748,unknown,0,0,,9,19,0.880472,0,,0,2026-05-31 21:49:31
46908a243f025602,,unknown,0,0,,,,0.829941,0,,0,2026-05-31 21:49:31
46952292f4c33f65,,unknown,0,0,,11,9,0.865798,0,,0,2026-05-31 21:49:31
469937f9a0a3c428,docs\documents-atlas-index.md#chunk-676,unknown,0,0,,17,11,0.814693,0,,0,2026-05-31 21:49:31
469d45bb2a1f27ea,,unknown,0,0,,16,16,1.010908,0,,0,2026-05-31 21:49:31
46a419ede3d37a54,,unknown,0,0,,,7,0.96751,0,,0,2026-05-31 21:49:31
46a44fadbf611c41,,unknown,0,0,,2,8,0.859891,0,,0,2026-05-31 21:49:31
46ac1cf12a75a16f,,unknown,0,0,,3,4,1.038307,0,,0,2026-05-31 21:49:31
46ad715434e73a19,,unknown,0,0,,6,2,0.884598,0,,0,2026-05-31 21:49:31
46ae248a2c40d5d3,docs\documents-atlas-index.md#chunk-576,unknown,0,0,,,1,0.943848,0,,0,2026-05-31 21:49:31
46b4073ad289b8a8,,unknown,0,0,,,5,0.856545,0,,0,2026-05-31 21:49:31
46b57cf6f28f8007,docs\CODEBASE_DIRECTORY_MAP.md#chunk-12,unknown,0,0,,5,5,0.928536,0,,0,2026-05-31 21:49:31
46bc8c8437b134ea,,unknown,0,0,,6,1,0.937326,0,,0,2026-05-31 21:49:31
46c224ba8c53bfcc,,unknown,0,0,,5,17,0.962964,0,,0,2026-05-31 21:49:31
46cc791fe9292846,,unknown,0,0,,3,3,0.827758,0,,0,2026-05-31 21:49:31
46d7484a6931d120,docs\documents-atlas-index.md#chunk-603,unknown,0,0,,,3,0.798297,0,,0,2026-05-31 21:49:31
46e004acea08df3b,,unknown,0,0,,,10,0.905824,0,,0,2026-05-31 21:49:31
46e9d6213fa0ed86,,unknown,0,0,,1,16,0.833465,0,,0,2026-05-31 21:49:31
46ed426585e736b0,docs\documents-atlas-index.md#chunk-455,unknown,0,0,,4,,0.961185,0,,0,2026-05-31 21:49:31
46ef5dba2166d3cd,,unknown,0,0,,17,13,1.088986,0,,0,2026-05-31 21:49:31
46f8804c67ad25be,docs\documents-atlas-index.md#chunk-1085,unknown,0,0,,,,1.026253,0,,0,2026-05-31 21:49:31
46fed3821e9f3a21,,unknown,0,0,,18,,1.006642,0,,0,2026-05-31 21:49:31
4703df81f226eb80,,unknown,0,0,,8,11,0.930078,0,,0,2026-05-31 21:49:31
4707fac10826f2c7,,unknown,0,0,,18,10,0.97691,0,,0,2026-05-31 21:49:31
4712595380d7ebe7,,unknown,0,0,,13,13,0.882838,0,,0,2026-05-31 21:49:31
471f8f3965b67b8a,,unknown,0,0,,11,5,0.861249,0,,0,2026-05-31 21:49:31
4726a84ed4391954,,unknown,0,0,,19,7,0.86608,0,,0,2026-05-31 21:49:31
4732f713a7a6906d,,unknown,0,0,,9,17,0.939992,0,,0,2026-05-31 21:49:31
4734525ac348501a,,unknown,0,0,,19,8,0.934258,0,,0,2026-05-31 21:49:31
4734897036a10f77,,unknown,0,0,,12,14,0.806488,0,,0,2026-05-31 21:49:31
4743bfa5f1a17b0e,,unknown,0,0,,10,11,0.964784,0,,0,2026-05-31 21:49:31
474e6afa1ad9cc0e,,unknown,0,0,,13,10,1.050543,0,,0,2026-05-31 21:49:31
476c9470f21d29e8,docs\documents-atlas-index.md#chunk-136,unknown,0,0,,19,2,0.862885,0,,0,2026-05-31 21:49:31
476d02cecb45b46d,,unknown,0,0,,16,10,0.967862,0,,0,2026-05-31 21:49:31
4775f75ee6803009,,unknown,0,0,,9,17,0.969336,0,,0,2026-05-31 21:49:31
477a4d9d330e9bb6,,unknown,0,0,,19,,0.882375,0,,0,2026-05-31 21:49:31
477b2fe311b106c0,,unknown,0,0,,17,13,0.999673,0,,0,2026-05-31 21:49:31
478babde00029002,,unknown,0,0,,16,10,1.03491,0,,0,2026-05-31 21:49:31
478e832cc954f2e0,,unknown,0,0,,19,10,0.939523,0,,0,2026-05-31 21:49:31
479684c9f4036d52,,unknown,0,0,,12,10,0.829424,0,,0,2026-05-31 21:49:31
4799c7c88391b1eb,docs\documents-atlas-index.md#chunk-371,unknown,0,0,,8,18,0.838312,0,,0,2026-05-31 21:49:31
47a2cd7f089084eb,,unknown,0,0,,8,18,0.968807,0,,0,2026-05-31 21:49:31
47a9804d4bfca893,,unknown,0,0,,,,0.923861,0,,0,2026-05-31 21:49:31
47b2bef30783da35,docs\CODEBASE_DIRECTORY_MAP.md#chunk-23,unknown,0,0,,,12,0.757766,0,,0,2026-05-31 21:49:31
47b466d6958dfd61,,unknown,0,0,,,12,0.890725,0,,0,2026-05-31 21:49:31
47c1ca98e3529447,,unknown,0,0,,3,7,0.779144,0,,0,2026-05-31 21:49:31
47c44e358e7b136c,docs\documents-atlas-index.md#chunk-956,unknown,0,0,,1,,0.752542,0,,0,2026-05-31 21:49:31
47d147feab779b6d,,unknown,0,0,,,7,0.90024,0,,0,2026-05-31 21:49:31
47d1485f88192371,,unknown,0,0,,,,0.80329,0,,0,2026-05-31 21:49:31
47d22075a05ac3c5,docs\documents-atlas-index.md#chunk-966,unknown,0,0,,,4,0.92981,0,,0,2026-05-31 21:49:31
47d3b56301a4107a,,unknown,0,0,,6,19,0.849739,0,,0,2026-05-31 21:49:31
47d93eb56363e1d9,,unknown,0,0,,,8,0.935425,0,,0,2026-05-31 21:49:31
47d98c3670728e88,,unknown,0,0,,3,5,0.70574,0,,0,2026-05-31 21:49:31
47ddb1f2f2f0dfba,,unknown,0,0,,,15,1.097436,0,,0,2026-05-31 21:49:31
47dddc35e2f6f0af,,unknown,0,0,,10,2,1.065897,0,,0,2026-05-31 21:49:31
47ecc9fd8285489d,,unknown,0,0,,,19,1.008192,0,,0,2026-05-31 21:49:31
47edfa1f650cdc09,,unknown,0,0,,6,7,1.089115,0,,0,2026-05-31 21:49:31
47ef57eacda974ad,,unknown,0,0,,8,,1.060975,0,,0,2026-05-31 21:49:31
47f123df3f32a020,docs\documents-atlas-index.md#chunk-952,unknown,0,0,,,3,0.956075,0,,0,2026-05-31 21:49:31
47f38bc9055d3752,,unknown,0,0,,,,0.858231,0,,0,2026-05-31 21:49:31
47fdc780b948ab02,,unknown,0,0,,,13,0.830154,0,,0,2026-05-31 21:49:31
47fe156f2b4c6880,,unknown,0,0,,,,0.871607,0,,0,2026-05-31 21:49:31
4805432837ae69c2,,unknown,0,0,,19,7,0.908441,0,,0,2026-05-31 21:49:31
48088b2ea21c3e58,,unknown,0,0,,14,6,0.91138,0,,0,2026-05-31 21:49:31
480f598f1330f32e,,unknown,0,0,,16,12,0.988377,0,,0,2026-05-31 21:49:31
480fdbb3803e7a83,,unknown,0,0,,19,,0.79097,0,,0,2026-05-31 21:49:31
481fc60e667c5fdd,,unknown,0,0,,11,19,0.935898,0,,0,2026-05-31 21:49:31
484c89f983c7666b,,unknown,0,0,,17,14,0.81719,0,,0,2026-05-31 21:49:31
484e925db7be1752,,unknown,0,0,,19,6,0.943512,0,,0,2026-05-31 21:49:31
48588d79ec1155be,docs\documents-atlas-index.md#chunk-1055,unknown,0,0,,8,4,0.916368,0,,0,2026-05-31 21:49:31
485df4d37ee8fe29,,unknown,0,0,,11,13,1.040047,0,,0,2026-05-31 21:49:31
485fd4d8ea9754a1,,unknown,0,0,,17,3,0.932048,0,,0,2026-05-31 21:49:31
487124340af6caa0,docs\documents-atlas-index.md#chunk-698,unknown,0,0,,13,14,0.946077,0,,0,2026-05-31 21:49:31
4873823992ef8319,,unknown,0,0,,19,7,0.890232,0,,0,2026-05-31 21:49:31
4874b6e6bf721b0f,docs\documents-atlas-index.md#chunk-657,unknown,0,0,,7,18,0.819707,0,,0,2026-05-31 21:49:31
487537a4f3da1d0b,docs\documents-atlas-index.md#chunk-5,unknown,0,0,,12,8,0.948077,0,,0,2026-05-31 21:49:31
48a6d9cd228bc9bc,docs\documents-atlas-index.md#chunk-286,unknown,0,0,,,16,1.028174,0,,0,2026-05-31 21:49:31
48aca123846abf9b,,unknown,0,0,,1,19,0.879201,0,,0,2026-05-31 21:49:31
48b95c4f901b9f4a,,unknown,0,0,,5,3,0.860559,0,,0,2026-05-31 21:49:31
48bce56010cac7ff,,unknown,0,0,,,19,1.167669,0,,0,2026-05-31 21:49:31
48c43346e8110de5,docs\CODEBASE_INDEXING_PIPELINE.md#chunk-3,unknown,0,0,,1,6,0.947089,0,,0,2026-05-31 21:49:31
48c4bc3ec1b624ca,,unknown,0,0,,6,1,1.009306,0,,0,2026-05-31 21:49:31
48d445f8287a68f2,,unknown,0,0,,,,0.9723,0,,0,2026-05-31 21:49:31
48d7121571d1786e,,unknown,0,0,,,,0.868441,0,,0,2026-05-31 21:49:31
48d80f786f3a1728,docs\documents-atlas-index.md#chunk-642,unknown,0,0,,1,,0.710375,0,,0,2026-05-31 21:49:31
48d90f49fb6f583d,,unknown,0,0,,5,,0.862011,0,,0,2026-05-31 21:49:31
48da6b910da05ad1,,unknown,0,0,,6,,0.911302,0,,0,2026-05-31 21:49:31
48dc80b0085fc4b2,,unknown,0,0,,19,11,0.99338,0,,0,2026-05-31 21:49:31
48e63e4c01737043,,unknown,0,0,,,,0.745229,0,,0,2026-05-31 21:49:31
48e9d3dbdce30750,,unknown,0,0,,,5,1.058378,0,,0,2026-05-31 21:49:31
48ecf39ef21eadea,,unknown,0,0,,9,7,1.131331,0,,0,2026-05-31 21:49:31
48f17582d2f25463,,unknown,0,0,,,4,0.824428,0,,0,2026-05-31 21:49:31
48f35eb1036660ea,,unknown,0,0,,,5,1.068512,0,,0,2026-05-31 21:49:31
48f40665dd849fe8,,unknown,0,0,,,5,0.865348,0,,0,2026-05-31 21:49:31
48f76794ac6f3a0e,,unknown,0,0,,8,5,0.845728,0,,0,2026-05-31 21:49:31
4901075e501ecc68,,unknown,0,0,,19,8,0.974539,0,,0,2026-05-31 21:49:31
4908f91ae22ab566,,unknown,0,0,,19,6,0.822676,0,,0,2026-05-31 21:49:31
4915df02f55808a8,,unknown,0,0,,17,6,0.88894,0,,0,2026-05-31 21:49:31
491afe3819c7cf1f,,unknown,0,0,,10,11,0.961968,0,,0,2026-05-31 21:49:31
492441ccee9b09c7,docs\documents-atlas-index.md#chunk-1037,unknown,0,0,,19,7,0.954463,0,,0,2026-05-31 21:49:31
492d4ba388b694a6,,unknown,0,0,,19,12,0.878666,0,,0,2026-05-31 21:49:31
4930d2753c445b9d,,unknown,0,0,,8,19,0.695514,0,,0,2026-05-31 21:49:31
49322066915bcaf4,,unknown,0,0,,19,10,0.872452,0,,0,2026-05-31 21:49:31
49333665ab58eac4,,unknown,0,0,,19,8,0.897232,0,,0,2026-05-31 21:49:31
49496a066a052ee5,,unknown,0,0,,4,,0.906798,0,,0,2026-05-31 21:49:31
4954bf6a6437b39f,,unknown,0,0,,10,13,0.896948,0,,0,2026-05-31 21:49:31
495887bd0117cb9e,,unknown,0,0,,14,14,0.866536,0,,0,2026-05-31 21:49:31
4961cfd9d3ee404a,,unknown,0,0,,14,3,0.986338,0,,0,2026-05-31 21:49:31
496a0579061bd32a,,unknown,0,0,,19,9,0.862777,0,,0,2026-05-31 21:49:31
496e8e8d960d74ad,docs\documents-atlas-index.md#chunk-332,unknown,0,0,,19,3,0.979901,0,,0,2026-05-31 21:49:31
497036c79ebf4d4b,,unknown,0,0,,13,14,0.956288,0,,0,2026-05-31 21:49:31
4970d4ecb361bb1f,,unknown,0,0,,8,16,0.940652,0,,0,2026-05-31 21:49:31
4970eaa86e0a887d,docs\documents-atlas-index.md#chunk-1161,unknown,0,0,,19,5,0.929936,0,,0,2026-05-31 21:49:31
4976471254df25cf,,unknown,0,0,,16,16,0.928995,0,,0,2026-05-31 21:49:31
497816bfae2706a6,,unknown,0,0,,19,10,0.917156,0,,0,2026-05-31 21:49:31
49835fb78e19795f,,unknown,0,0,,16,10,0.914471,0,,0,2026-05-31 21:49:31
49885b0961b0b4c1,,unknown,0,0,,19,12,0.890269,0,,0,2026-05-31 21:49:31
499c3f98187e2a72,,unknown,0,0,,19,,0.761391,0,,0,2026-05-31 21:49:31
499e82111e13a048,,unknown,0,0,,18,8,0.921768,0,,0,2026-05-31 21:49:31
49a0a4780efd6ca6,,unknown,0,0,,7,16,0.994069,0,,0,2026-05-31 21:49:31
49a9899a93869a8e,docs\documents-atlas-index.md#chunk-59,unknown,0,0,,6,19,0.720953,0,,0,2026-05-31 21:49:31
49abd60c1d2d3e92,,unknown,0,0,,19,3,1.049416,0,,0,2026-05-31 21:49:31
49bb837558cbc2e5,docs\documents-atlas-index.md#chunk-139,unknown,0,0,,19,11,1.006534,0,,0,2026-05-31 21:49:31
49be24f32ddda45c,,unknown,0,0,,,,1.123088,0,,0,2026-05-31 21:49:31
49beac73f0ffad2c,docs\documents-atlas-index.md#chunk-545,unknown,0,0,,11,2,0.887767,0,,0,2026-05-31 21:49:31
49c1b3bf4c28a4aa,,unknown,0,0,,1,19,0.985713,0,,0,2026-05-31 21:49:31
49cdb485de506b67,docs\documents-atlas-index.md#chunk-141,unknown,0,0,,4,14,0.88583,0,,0,2026-05-31 21:49:31
49d988f0dfb0ffb9,,unknown,0,0,,,10,0.941319,0,,0,2026-05-31 21:49:31
49dc56f5ea411cd3,,unknown,0,0,,1,7,0.993133,0,,0,2026-05-31 21:49:31
49ebe71c546bab16,,unknown,0,0,,,13,0.931024,0,,0,2026-05-31 21:49:31
49ee9cd90429282e,,unknown,0,0,,6,4,0.896482,0,,0,2026-05-31 21:49:31
49eff1a1d8a753b6,,unknown,0,0,,12,1,1.085352,0,,0,2026-05-31 21:49:31
4a02e6c302572ac3,,unknown,0,0,,8,19,0.935547,0,,0,2026-05-31 21:49:31
4a1080c3bd6a2e01,docs\documents-atlas-index.md#chunk-337,unknown,0,0,,19,1,0.961137,0,,0,2026-05-31 21:49:31
4a11f58cdbaa8cbc,,unknown,0,0,,13,19,1.03815,0,,0,2026-05-31 21:49:31
4a1415bd5c60d580,,unknown,0,0,,18,12,0.947726,0,,0,2026-05-31 21:49:31
4a21dd969e0abeda,,unknown,0,0,,19,1,1.054196,0,,0,2026-05-31 21:49:31
4a47d75400f0a7e2,,unknown,0,0,,15,15,0.964699,0,,0,2026-05-31 21:49:31
4a4d1e946364b035,docs\documents-atlas-index.md#chunk-1245,unknown,0,0,,16,10,0.873647,0,,0,2026-05-31 21:49:31
4a4e0a97be1c4e7a,,unknown,0,0,,15,,0.826562,0,,0,2026-05-31 21:49:31
4a551299233a6d38,,unknown,0,0,,19,1,0.90715,0,,0,2026-05-31 21:49:31
4a5f63929c11b46a,,unknown,0,0,,19,13,0.932832,0,,0,2026-05-31 21:49:31
4a619e2f239ab186,,unknown,0,0,,19,8,0.99315,0,,0,2026-05-31 21:49:31
4a6c380055766f31,,unknown,0,0,,19,,0.940435,0,,0,2026-05-31 21:49:31
4a7967e8e09f97db,docs\documents-atlas-index.md#chunk-1030,unknown,0,0,,17,15,0.798886,0,,0,2026-05-31 21:49:31
4a8130b3b99f6a82,,unknown,0,0,,17,8,0.868336,0,,0,2026-05-31 21:49:31
4a828899f4de70fd,,unknown,0,0,,18,16,0.898218,0,,0,2026-05-31 21:49:31
4a8fb07b0e0d9199,docs\CODEBASE_DIRECTORY_MAP.md#chunk-19,unknown,0,0,,19,3,0.965335,0,,0,2026-05-31 21:49:31
4a998ba7e5f44ea6,,unknown,0,0,,12,,0.943536,0,,0,2026-05-31 21:49:31
4a9d59aae57af05d,,unknown,0,0,,16,10,0.945338,0,,0,2026-05-31 21:49:31
4aa20cbfadd092a2,,unknown,0,0,,2,1,1.062987,0,,0,2026-05-31 21:49:31
4aa340f11c5160c1,docs\documents-atlas-index.md#chunk-452,unknown,0,0,,,19,0.99858,0,,0,2026-05-31 21:49:31
4aa8d780aef63db2,,unknown,0,0,,11,,1.021936,0,,0,2026-05-31 21:49:31
4aa9e6645a118d42,docs\documents-atlas-index.md#chunk-1156,unknown,0,0,,1,19,0.73,0,,0,2026-05-31 21:49:31
4ac3eb61a5cecaca,,unknown,0,0,,12,,1.100348,0,,0,2026-05-31 21:49:31
4ac620c005cda325,,unknown,0,0,,18,12,1.0851,0,,0,2026-05-31 21:49:31
4ac74350bca6adcd,,unknown,0,0,,,18,0.995043,0,,0,2026-05-31 21:49:31
4acc605bf1779421,docs\documents-atlas-index.md#chunk-157,unknown,0,0,,3,3,0.965511,0,,0,2026-05-31 21:49:31
4acda60082938136,,unknown,0,0,,,17,0.885521,0,,0,2026-05-31 21:49:31
4acf3ff05bcdaf46,,unknown,0,0,,13,,0.994898,0,,0,2026-05-31 21:49:31
4ad4088a49a0261e,,unknown,0,0,,,,0.950936,0,,0,2026-05-31 21:49:31
4ae01b87ec3fb1da,,unknown,0,0,,1,,1.00774,0,,0,2026-05-31 21:49:31
4ae57dc795f8d1e2,,unknown,0,0,,17,13,1.031742,0,,0,2026-05-31 21:49:31
4ae65eac90b80095,,unknown,0,0,,3,,1.012454,0,,0,2026-05-31 21:49:31
4af5abf60a68528d,docs\documents-atlas-index.md#chunk-1016,unknown,0,0,,,18,0.887754,0,,0,2026-05-31 21:49:31
4afbe8f9b5b4e6ff,docs\documents-atlas-index.md#chunk-562,unknown,0,0,,,19,1.091992,0,,0,2026-05-31 21:49:31
4aff38477111b311,,unknown,0,0,,,3,0.951838,0,,0,2026-05-31 21:49:31
4b082d09a536918e,,unknown,0,0,,16,10,0.935826,0,,0,2026-05-31 21:49:31
4b1251cab6c8e1ac,,unknown,0,0,,17,15,0.902483,0,,0,2026-05-31 21:49:31
4b17d2ad24d98a11,,unknown,0,0,,11,15,1.011734,0,,0,2026-05-31 21:49:31
4b1aeeba626b1ead,docs\documents-atlas-index.md#chunk-1061,unknown,0,0,,19,,1.033584,0,,0,2026-05-31 21:49:31
4b1f285211e184c8,,unknown,0,0,,19,17,0.854071,0,,0,2026-05-31 21:49:31
4b25d3efdfb5722c,,unknown,0,0,,13,19,1.155541,0,,0,2026-05-31 21:49:31
4b26a1d80406d7da,,unknown,0,0,,17,16,0.894662,0,,0,2026-05-31 21:49:31
4b2d71be13abcbd3,docs\documents-atlas-index.md#chunk-972,unknown,0,0,,19,14,0.995225,0,,0,2026-05-31 21:49:31
4b304d9e24460b8f,,unknown,0,0,,13,15,0.972819,0,,0,2026-05-31 21:49:31
4b3c7c645ca4fbc7,,unknown,0,0,,14,,0.984861,0,,0,2026-05-31 21:49:31
4b436d075342abf3,,unknown,0,0,,14,12,0.904032,0,,0,2026-05-31 21:49:31
4b4c9e7e15d0e8c3,,unknown,0,0,,18,13,0.975222,0,,0,2026-05-31 21:49:31
4b56eb2cc7108b8e,,unknown,0,0,,9,17,0.934076,0,,0,2026-05-31 21:49:31
4b571bc44f152774,docs\documents-atlas-index.md#chunk-1005,unknown,0,0,,17,11,0.982522,0,,0,2026-05-31 21:49:31
4b5a461d644ea1e4,,unknown,0,0,,19,13,0.967125,0,,0,2026-05-31 21:49:31
4b5df4339f030721,docs\documents-atlas-index.md#chunk-933,unknown,0,0,,17,3,0.990278,0,,0,2026-05-31 21:49:31
4b5f4067a651a834,,unknown,0,0,,17,10,0.825012,0,,0,2026-05-31 21:49:31
4b6101080d6bcae3,,unknown,0,0,,19,10,1.020108,0,,0,2026-05-31 21:49:31
4b64b7f87b92e5f5,,unknown,0,0,,1,19,0.980769,0,,0,2026-05-31 21:49:31
4b666214e2ce6be2,,unknown,0,0,,19,1,0.929035,0,,0,2026-05-31 21:49:31
4b6742d72636d9d4,,unknown,0,0,,18,13,0.784649,0,,0,2026-05-31 21:49:31
4b68ad051e396d01,,unknown,0,0,,15,,0.966473,0,,0,2026-05-31 21:49:31
4b6e4c01b3274420,,unknown,0,0,,13,5,0.876652,0,,0,2026-05-31 21:49:31
4b75dfc8b49c634c,docs\documents-atlas-index.md#chunk-246,unknown,0,0,,15,2,0.98165,0,,0,2026-05-31 21:49:31
4b762161fe1ccc83,docs\documents-atlas-index.md#chunk-647,unknown,0,0,,19,6,0.998568,0,,0,2026-05-31 21:49:31
4b7a285d271d7b6c,,unknown,0,0,,19,,1.002782,0,,0,2026-05-31 21:49:31
4b81c576c38161d8,,unknown,0,0,,13,17,0.937131,0,,0,2026-05-31 21:49:31
4b8c1029916ce710,,unknown,0,0,,18,9,0.861665,0,,0,2026-05-31 21:49:31
4b9655034d06e2da,,unknown,0,0,,17,16,0.930915,0,,0,2026-05-31 21:49:31
4b9eca0f9bbb1d94,,unknown,0,0,,14,,0.960718,0,,0,2026-05-31 21:49:31
4bbad93cfb7d0d69,,unknown,0,0,,13,,1.010405,0,,0,2026-05-31 21:49:31
4bbdd5190498a327,,unknown,0,0,,,17,0.882349,0,,0,2026-05-31 21:49:31
4bcd2e5d3b137a0d,,unknown,0,0,,5,1,0.978328,0,,0,2026-05-31 21:49:31
4bdad3a8d4e09d47,,unknown,0,0,,11,,1.012684,0,,0,2026-05-31 21:49:31
4bdd93a79d30acb8,,unknown,0,0,,,16,1.005181,0,,0,2026-05-31 21:49:31
4be07683245046d6,,unknown,0,0,,,,0.858159,0,,0,2026-05-31 21:49:31
4be4b91b524a12a7,,unknown,0,0,,,,1.050551,0,,0,2026-05-31 21:49:31
4be82ee1261e5acc,,unknown,0,0,,17,15,1.116404,0,,0,2026-05-31 21:49:31
4bef745892565cb9,,unknown,0,0,,,19,0.958683,0,,0,2026-05-31 21:49:31
4c00b7e5064a3329,,unknown,0,0,,19,7,0.965305,0,,0,2026-05-31 21:49:31
4c02cc997aa54925,,unknown,0,0,,12,,0.918908,0,,0,2026-05-31 21:49:31
4c08c620e036e2cf,docs\documents-atlas-index.md#chunk-959,unknown,0,0,,18,13,1.013794,0,,0,2026-05-31 21:49:31
4c12de5d27d13d86,,unknown,0,0,,10,14,1.006661,0,,0,2026-05-31 21:49:31
4c31a9c99839a257,,unknown,0,0,,17,11,0.86797,0,,0,2026-05-31 21:49:31
4c3452cc0cc1a1ea,,unknown,0,0,,17,16,0.986646,0,,0,2026-05-31 21:49:31
4c4472c1bba3d76b,,unknown,0,0,,17,12,0.962977,0,,0,2026-05-31 21:49:31
4c5744caee46b4e6,,unknown,0,0,,17,11,0.987081,0,,0,2026-05-31 21:49:31
4c5b7182b16640d1,,unknown,0,0,,19,13,0.862975,0,,0,2026-05-31 21:49:31
4c67121d612bd017,docs\documents-atlas-index.md#chunk-1145,unknown,0,0,,19,10,0.892498,0,,0,2026-05-31 21:49:31
4c68f20de7e38c64,,unknown,0,0,,10,15,0.973091,0,,0,2026-05-31 21:49:31
4c70e5dac2f619d8,,unknown,0,0,,15,16,1.03134,0,,0,2026-05-31 21:49:31
4c72b53beaafe5c6,,unknown,0,0,,19,5,1.032102,0,,0,2026-05-31 21:49:31
4c77f90ad1286172,,unknown,0,0,,19,8,0.998424,0,,0,2026-05-31 21:49:31
4c7a458ee3699557,,unknown,0,0,,17,10,0.839142,0,,0,2026-05-31 21:49:31
4c8861e038c6c6fc,,unknown,0,0,,18,16,0.768949,0,,0,2026-05-31 21:49:31
4c8eb94d3f4c0e5b,docs\documents-atlas-index.md#chunk-8,unknown,0,0,,19,,0.973922,0,,0,2026-05-31 21:49:31
4c92d10cf076453f,,unknown,0,0,,9,19,0.895976,0,,0,2026-05-31 21:49:31
4c94e6fc94f67509,,unknown,0,0,,13,15,1.003495,0,,0,2026-05-31 21:49:31
4cb80b0aff66f87b,,unknown,0,0,,1,2,0.86227,0,,0,2026-05-31 21:49:31
4cc196a4c3fd0200,,unknown,0,0,,15,7,1.125876,0,,0,2026-05-31 21:49:31
4cc41229d652f4c3,,unknown,0,0,,,6,0.952228,0,,0,2026-05-31 21:49:31
4cc46835a20273da,docs\documents-atlas-index.md#chunk-1294,unknown,0,0,,3,19,0.953671,0,,0,2026-05-31 21:49:31
4cd3736d9ef64182,,unknown,0,0,,,,0.868152,0,,0,2026-05-31 21:49:31
4ce486204a729bce,,unknown,0,0,,1,19,0.810924,0,,0,2026-05-31 21:49:31
4ce8069ae8689dc3,,unknown,0,0,,,6,0.966658,0,,0,2026-05-31 21:49:31
4cece238a34855bf,,unknown,0,0,,,19,1.005313,0,,0,2026-05-31 21:49:31
4cee5237d696b125,docs\documents-atlas-index.md#chunk-1135,unknown,0,0,,,6,0.894083,0,,0,2026-05-31 21:49:31
4cf2c74fdcbc510c,docs\documents-atlas-index.md#chunk-661,unknown,0,0,,10,,1.11249,0,,0,2026-05-31 21:49:31
4cf6af79d45e4745,,unknown,0,0,,9,1,0.907179,0,,0,2026-05-31 21:49:31
4cf81747f73c3fe3,,unknown,0,0,,19,1,1.02567,0,,0,2026-05-31 21:49:31
4cf9e26fbabd1ac1,,unknown,0,0,,13,,1.098961,0,,0,2026-05-31 21:49:31
4d00d7f1bdefeae3,,unknown,0,0,,19,2,1.078108,0,,0,2026-05-31 21:49:31
4d01932d7076fac3,,unknown,0,0,,18,13,0.972709,0,,0,2026-05-31 21:49:31
4d01943614025336,,unknown,0,0,,18,13,0.88534,0,,0,2026-05-31 21:49:31
4d01f7b6f2be3385,,unknown,0,0,,19,4,1.004085,0,,0,2026-05-31 21:49:31
4d0284bf25b0d015,docs\documents-atlas-index.md#chunk-641,unknown,0,0,,18,13,0.952912,0,,0,2026-05-31 21:49:31
4d03c182a1ef5912,,unknown,0,0,,19,2,0.937333,0,,0,2026-05-31 21:49:31
4d03ddaef85d2af0,,unknown,0,0,,19,,1.046337,0,,0,2026-05-31 21:49:31
4d09615ff66f46fd,docs\documents-atlas-index.md#chunk-1084,unknown,0,0,,18,16,0.966562,0,,0,2026-05-31 21:49:31
4d0b1c1abfabeca6,,unknown,0,0,,14,,1.000571,0,,0,2026-05-31 21:49:31
4d0dc09274171dcf,,unknown,0,0,,11,19,0.876185,0,,0,2026-05-31 21:49:31
4d0e5ba10f709c6d,,unknown,0,0,,15,,1.046053,0,,0,2026-05-31 21:49:31
4d10b15f71c17a61,,unknown,0,0,,11,16,0.967059,0,,0,2026-05-31 21:49:31
4d11e8227999d986,,unknown,0,0,,1,19,0.845938,0,,0,2026-05-31 21:49:31
4d12ad5f22d5d74e,docs\documents-atlas-index.md#chunk-379,unknown,0,0,,12,13,1.050407,0,,0,2026-05-31 21:49:31
4d146d43b0e7cf06,,unknown,0,0,,12,10,0.923724,0,,0,2026-05-31 21:49:31
4d25b5e3b0035c57,,unknown,0,0,,7,15,0.936641,0,,0,2026-05-31 21:49:31
4d33533fbb4bf78a,,unknown,0,0,,19,8,0.963924,0,,0,2026-05-31 21:49:31
4d368dedf2524d6f,,unknown,0,0,,13,10,1.067652,0,,0,2026-05-31 21:49:31
4d49956beda8ba86,,unknown,0,0,,14,11,0.96491,0,,0,2026-05-31 21:49:31
4d53a3255f3209ae,,unknown,0,0,,9,19,0.844043,0,,0,2026-05-31 21:49:31
4d5aac1a29bbc886,,unknown,0,0,,19,,1.044803,0,,0,2026-05-31 21:49:31
4d6218fc3df76c66,,unknown,0,0,,15,16,0.986539,0,,0,2026-05-31 21:49:31
4d638283f5f85742,,unknown,0,0,,18,12,0.883825,0,,0,2026-05-31 21:49:31
4d670c5fb337c9e7,,unknown,0,0,,17,11,0.952991,0,,0,2026-05-31 21:49:31
4d6b2cf349389261,,unknown,0,0,,17,11,0.890281,0,,0,2026-05-31 21:49:31
4d6d13c2b0157b4d,,unknown,0,0,,17,14,0.922651,0,,0,2026-05-31 21:49:31
4d726d5111a799c1,,unknown,0,0,,17,13,0.948944,0,,0,2026-05-31 21:49:31
4d7979ed9d391145,,unknown,0,0,,17,14,0.964418,0,,0,2026-05-31 21:49:31
4d79fe9830065178,,unknown,0,0,,9,12,0.976303,0,,0,2026-05-31 21:49:31
4d7f47fab1e8eb75,,unknown,0,0,,16,11,0.99312,0,,0,2026-05-31 21:49:31
4d81da4060843212,,unknown,0,0,,9,12,0.970219,0,,0,2026-05-31 21:49:31
4d8f8bb26968761a,,unknown,0,0,,17,13,0.919145,0,,0,2026-05-31 21:49:31
4d92c73b78247258,,unknown,0,0,,9,19,0.830836,0,,0,2026-05-31 21:49:31
4d974c918fa5ef2f,,unknown,0,0,,10,11,0.952457,0,,0,2026-05-31 21:49:31
4da837277c11a5b0,,unknown,0,0,,,1,0.929396,0,,0,2026-05-31 21:49:31
4dabd533f2047244,,unknown,0,0,,,17,1.00991,0,,0,2026-05-31 21:49:31
4db05344e8a0eed8,,unknown,0,0,,,10,1.017117,0,,0,2026-05-31 21:49:31
4db39e5815a4bb60,,unknown,0,0,,3,9,0.882055,0,,0,2026-05-31 21:49:31
4db4dd0d2199930c,,unknown,0,0,,3,17,0.977964,0,,0,2026-05-31 21:49:31
4dc3fc281f923078,,unknown,0,0,,1,,0.913835,0,,0,2026-05-31 21:49:31
4dc7e35bd9a9608d,,unknown,0,0,,3,18,0.971548,0,,0,2026-05-31 21:49:31
4dc87cf9d0527f41,,unknown,0,0,,3,9,0.888781,0,,0,2026-05-31 21:49:31
4dcca9dcd683e11d,,unknown,0,0,,,15,1.07355,0,,0,2026-05-31 21:49:31
4dcfe3737b924122,,unknown,0,0,,,19,0.933293,0,,0,2026-05-31 21:49:31
4dd17a367011ddc8,,unknown,0,0,,1,9,0.931438,0,,0,2026-05-31 21:49:31
4dd65712b50c8018,,unknown,0,0,,,2,0.971695,0,,0,2026-05-31 21:49:31
4ded9d866503dea9,,unknown,0,0,,3,9,0.929359,0,,0,2026-05-31 21:49:31
4df083bf35ec1001,,unknown,0,0,,,,1.13172,0,,0,2026-05-31 21:49:31
4df7df5fde1d3318,,unknown,0,0,,5,,0.962962,0,,0,2026-05-31 21:49:31
4dfe44a326040abd,,unknown,0,0,,17,17,0.997502,0,,0,2026-05-31 21:49:31
4e0492b1ca56c23c,docs\documents-atlas-index.md#chunk-446,unknown,0,0,,17,11,0.911593,0,,0,2026-05-31 21:49:31
4e0afb2587be84c5,,unknown,0,0,,17,,0.930994,0,,0,2026-05-31 21:49:31
4e0d8d36e3081102,,unknown,0,0,,16,8,0.973053,0,,0,2026-05-31 21:49:31
4e1cc16d2df51d71,,unknown,0,0,,12,16,1.035048,0,,0,2026-05-31 21:49:31
4e1f3ba92b1fd7a2,,unknown,0,0,,19,,0.977777,0,,0,2026-05-31 21:49:31
4e2500cb55b3cab5,,unknown,0,0,,17,15,0.944479,0,,0,2026-05-31 21:49:31
4e28efc0f37f1808,docs\documents-atlas-index.md#chunk-140,unknown,0,0,,17,2,0.923105,0,,0,2026-05-31 21:49:31
4e2d356b53219f3e,,unknown,0,0,,14,18,0.97521,0,,0,2026-05-31 21:49:31
4e2d8a815c65268b,docs\documents-atlas-index.md#chunk-1193,unknown,0,0,,10,1,0.950453,0,,0,2026-05-31 21:49:31
4e2ebc8a3d3d4120,,unknown,0,0,,18,3,0.9941,0,,0,2026-05-31 21:49:31
4e583f29c4f9bc23,,unknown,0,0,,12,8,0.925692,0,,0,2026-05-31 21:49:31
4e595ce4b8993421,,unknown,0,0,,16,10,0.894071,0,,0,2026-05-31 21:49:31
4e65a5c340c3f468,,unknown,0,0,,16,13,0.947664,0,,0,2026-05-31 21:49:31
4e6aa15bdb70ef74,,unknown,0,0,,15,8,1.080751,0,,0,2026-05-31 21:49:31
4e6e61d8a496ff89,,unknown,0,0,,17,11,0.821208,0,,0,2026-05-31 21:49:31
4e73a751f81f93c5,,unknown,0,0,,19,4,0.887445,0,,0,2026-05-31 21:49:31
4e75cfa058ac4162,,unknown,0,0,,16,1,0.938423,0,,0,2026-05-31 21:49:31
4e91cef198b5523f,,unknown,0,0,,16,15,1.06223,0,,0,2026-05-31 21:49:31
4e935d9a4f93720d,,unknown,0,0,,2,,0.962861,0,,0,2026-05-31 21:49:31
4e958527aec68fe5,,unknown,0,0,,13,17,0.919608,0,,0,2026-05-31 21:49:31
4e9a5ef8524f114a,,unknown,0,0,,19,,1.046296,0,,0,2026-05-31 21:49:31
4e9cdb439f190c77,docs\documents-atlas-index.md#chunk-11,unknown,0,0,,15,,0.818717,0,,0,2026-05-31 21:49:31
4ea3b85a360cd98f,,unknown,0,0,,,19,0.941438,0,,0,2026-05-31 21:49:31
4ea54177887bcbb7,docs\documents-atlas-index.md#chunk-344,unknown,0,0,,,16,0.988541,0,,0,2026-05-31 21:49:31
4ea95bc717ea4efd,docs\documents-atlas-index.md#chunk-1120,unknown,0,0,,17,17,1.086565,0,,0,2026-05-31 21:49:31
4ea9adb806946715,,unknown,0,0,,,15,0.92181,0,,0,2026-05-31 21:49:31
4eb252e6bba7caf5,docs\documents-atlas-index.md#chunk-546,unknown,0,0,,,10,1.039151,0,,0,2026-05-31 21:49:31
4eb2e3826460dcc5,,unknown,0,0,,1,19,0.85754,0,,0,2026-05-31 21:49:31
4eb94b5f2a75b0de,,unknown,0,0,,1,,1.016983,0,,0,2026-05-31 21:49:31
4ebb2fb8d3ac80d4,,unknown,0,0,,12,,1.032575,0,,0,2026-05-31 21:49:31
4ebf13480930049b,,unknown,0,0,,,19,0.962302,0,,0,2026-05-31 21:49:31
4ebff083f42d3976,,unknown,0,0,,18,,0.977597,0,,0,2026-05-31 21:49:31
4ec1f3ed51276e9b,,unknown,0,0,,4,19,0.837494,0,,0,2026-05-31 21:49:31
4eca47ecddb3f2db,,unknown,0,0,,17,15,1.177102,0,,0,2026-05-31 21:49:31
4ecacac9a3e4e4ec,,unknown,0,0,,12,,1.141114,0,,0,2026-05-31 21:49:31
4ed4da62afccd0b3,,unknown,0,0,,12,,1.108892,0,,0,2026-05-31 21:49:31
4ed83aecabc772ac,,unknown,0,0,,8,,1.090129,0,,0,2026-05-31 21:49:31
4ee01851a55ad8e1,,unknown,0,0,,,4,1.038267,0,,0,2026-05-31 21:49:31
4eee909583c4bfc8,,unknown,0,0,,17,17,1.047489,0,,0,2026-05-31 21:49:31
4ef1b040a6d5b6de,,unknown,0,0,,,19,1.060904,0,,0,2026-05-31 21:49:31
4ef8b8d3d8010a20,,unknown,0,0,,,14,0.898292,0,,0,2026-05-31 21:49:31
4f00d4b856eea8c1,,unknown,0,0,,18,13,1.017005,0,,0,2026-05-31 21:49:31
4f023052299e1b1f,,unknown,0,0,,16,15,0.96039,0,,0,2026-05-31 21:49:31
4f0a0eff78a3257c,,unknown,0,0,,18,15,0.966149,0,,0,2026-05-31 21:49:31
4f0a1482e96c50f5,,unknown,0,0,,19,1,0.940362,0,,0,2026-05-31 21:49:31
4f1dd1c7c4365a99,,unknown,0,0,,19,,0.90667,0,,0,2026-05-31 21:49:31
4f1e1c853fe681a2,,unknown,0,0,,18,15,1.035447,0,,0,2026-05-31 21:49:31
4f23961e0770a380,docs\CODEBASE_INDEXING_PIPELINE.md#chunk-1,unknown,0,0,,18,13,0.893853,0,,0,2026-05-31 21:49:31
4f25a6ff05e82dcf,,unknown,0,0,,14,19,0.844961,0,,0,2026-05-31 21:49:31
4f335418c79263f1,,unknown,0,0,,18,13,0.886258,0,,0,2026-05-31 21:49:31
4f3d0464bddaff22,,unknown,0,0,,17,,1.002695,0,,0,2026-05-31 21:49:31
4f3de2419ba09da2,,unknown,0,0,,17,,0.9441,0,,0,2026-05-31 21:49:31
4f3f009e583d3304,,unknown,0,0,,18,11,0.988967,0,,0,2026-05-31 21:49:31
4f3fd20fce45ac55,,unknown,0,0,,15,3,1.107245,0,,0,2026-05-31 21:49:31
4f462298d14c7d49,,unknown,0,0,,19,1,0.832499,0,,0,2026-05-31 21:49:31
4f5514eb82f8d193,,unknown,0,0,,18,13,0.937043,0,,0,2026-05-31 21:49:31
4f5814de87c161e5,,unknown,0,0,,17,15,0.873364,0,,0,2026-05-31 21:49:31
4f5ea1dff8d85a2e,,unknown,0,0,,13,,1.073214,0,,0,2026-05-31 21:49:31
4f5ff14dd5851d4a,docs\CODEBASE_DIRECTORY_MAP.md#chunk-20,unknown,0,0,,9,17,0.990332,0,,0,2026-05-31 21:49:31
4f67796065fa67a9,,unknown,0,0,,18,16,0.835432,0,,0,2026-05-31 21:49:31
4f67bd5006ed44f8,,unknown,0,0,,18,,0.973023,0,,0,2026-05-31 21:49:31
4f68fca85bb70d51,,unknown,0,0,,12,,0.993542,0,,0,2026-05-31 21:49:31
4f6c6b81d3050aa9,,unknown,0,0,,19,,0.860367,0,,0,2026-05-31 21:49:31
4f70feae23382ca9,,unknown,0,0,,10,17,1.083582,0,,0,2026-05-31 21:49:31
4f73bbfa1c4691da,docs\documents-atlas-index.md#chunk-1081,unknown,0,0,,13,18,1.075824,0,,0,2026-05-31 21:49:31
4f74da4fbb92e29a,,unknown,0,0,,7,14,1.083653,0,,0,2026-05-31 21:49:31
4f74f2d4a58381f7,,unknown,0,0,,18,13,0.95704,0,,0,2026-05-31 21:49:31
4f758dbdaa45dd2f,,unknown,0,0,,16,10,1.095471,0,,0,2026-05-31 21:49:31
4f79c5d484acd21e,,unknown,0,0,,17,14,1.003619,0,,0,2026-05-31 21:49:31
4f7c05330a22989a,,unknown,0,0,,17,18,0.963469,0,,0,2026-05-31 21:49:31
4f7fb98cd7c7c75d,,unknown,0,0,,13,13,1.059101,0,,0,2026-05-31 21:49:31
4f814ba493261a93,,unknown,0,0,,15,12,0.919103,0,,0,2026-05-31 21:49:31
4f82a2d0ff37d3e8,,unknown,0,0,,18,10,1.078315,0,,0,2026-05-31 21:49:31
4f9dfb96d867df08,,unknown,0,0,,14,1,0.896711,0,,0,2026-05-31 21:49:31
4f9ee424a451b13c,,unknown,0,0,,16,10,1.035831,0,,0,2026-05-31 21:49:31
4faf43cd4159606e,,unknown,0,0,,17,15,1.009904,0,,0,2026-05-31 21:49:31
4fb29ea254568b9a,,unknown,0,0,,,18,0.941485,0,,0,2026-05-31 21:49:31
4fb8c4d0218487ca,,unknown,0,0,,,19,0.865569,0,,0,2026-05-31 21:49:31
4fba67a02a5b6e0f,,unknown,0,0,,,19,0.977408,0,,0,2026-05-31 21:49:31
4fc410d236c5c6a9,,unknown,0,0,,17,15,0.988404,0,,0,2026-05-31 21:49:31
4fd54302c7f1d25f,,unknown,0,0,,,5,1.074578,0,,0,2026-05-31 21:49:31
4fe780ce4813e013,,unknown,0,0,,,16,0.977049,0,,0,2026-05-31 21:49:31
4fecd8a1ea37173d,docs\error-analysis-architecture.md#chunk-4,unknown,0,0,,,19,0.986553,0,,0,2026-05-31 21:49:31
4ffe45228e2bb5b4,docs\documents-atlas-index.md#chunk-798,unknown,0,0,,,1,1.071397,0,,0,2026-05-31 21:49:31
5001a7282157fa56,,unknown,0,0,,9,14,0.799726,0,,0,2026-05-31 21:49:31
500595dcdc7af6c6,,unknown,0,0,,19,8,0.987061,0,,0,2026-05-31 21:49:31
500da9079068471c,,unknown,0,0,,9,18,0.899183,0,,0,2026-05-31 21:49:31
5022c7749999043d,,unknown,0,0,,9,19,0.764767,0,,0,2026-05-31 21:49:31
502444438bfb1c1d,,unknown,0,0,,19,3,0.973615,0,,0,2026-05-31 21:49:31
502a56a41692c450,,unknown,0,0,,18,11,0.809233,0,,0,2026-05-31 21:49:31
502b28e0f79a81e3,,unknown,0,0,,18,9,0.901913,0,,0,2026-05-31 21:49:31
502db142499e761b,,unknown,0,0,,19,5,0.929431,0,,0,2026-05-31 21:49:31
5033547a64469de2,,unknown,0,0,,12,19,0.897774,0,,0,2026-05-31 21:49:31
50381addb3b87e3c,,unknown,0,0,,11,9,0.97651,0,,0,2026-05-31 21:49:31
503a746ba3511e76,,unknown,0,0,,12,9,0.933339,0,,0,2026-05-31 21:49:31
503ce82cfa22efe1,,unknown,0,0,,19,6,1.053175,0,,0,2026-05-31 21:49:31
5052e136e4f6a116,,unknown,0,0,,19,8,1.012199,0,,0,2026-05-31 21:49:31
5053352809d24dc8,docs\documents-atlas-index.md#chunk-12,unknown,0,0,,12,16,0.809356,0,,0,2026-05-31 21:49:31
505c4e0a2dc41cc4,,unknown,0,0,,8,,1.016041,0,,0,2026-05-31 21:49:31
505e86d547ee4864,docs\documents-atlas-index.md#chunk-829,unknown,0,0,,19,7,0.937515,0,,0,2026-05-31 21:49:31
506c6c5bf7a8f19c,,unknown,0,0,,14,9,0.96045,0,,0,2026-05-31 21:49:31
5070fd3b6b743617,,unknown,0,0,,,,0.952404,0,,0,2026-05-31 21:49:31
507ffc08d92e8ff1,,unknown,0,0,,18,,0.812888,0,,0,2026-05-31 21:49:31
508e1e4e2e180270,,unknown,0,0,,4,,0.934836,0,,0,2026-05-31 21:49:31
508e25aa933359f8,,unknown,0,0,,18,13,0.941545,0,,0,2026-05-31 21:49:31
5096678916c3f1f8,,unknown,0,0,,19,12,0.872667,0,,0,2026-05-31 21:49:31
50983180f8b72040,,unknown,0,0,,19,8,0.898581,0,,0,2026-05-31 21:49:31
50a0caddc1c33e79,,unknown,0,0,,7,10,0.98272,0,,0,2026-05-31 21:49:31
50aab2bc1a45bc79,,unknown,0,0,,,15,0.882847,0,,0,2026-05-31 21:49:31
50ab384f2e13f0e2,,unknown,0,0,,,1,1.017695,0,,0,2026-05-31 21:49:31
50b1b953eff325f7,docs\documents-atlas-index.md#chunk-802,unknown,0,0,,,5,1.080674,0,,0,2026-05-31 21:49:31
50ba07e8c9bd7790,,unknown,0,0,,8,2,0.967181,0,,0,2026-05-31 21:49:31
50bcbd051646fa13,,unknown,0,0,,6,11,0.944723,0,,0,2026-05-31 21:49:31
50c39918665312d6,,unknown,0,0,,,,0.838167,0,,0,2026-05-31 21:49:31
50c675f225165174,,unknown,0,0,,,15,0.882497,0,,0,2026-05-31 21:49:31
50c84066de972ebc,,unknown,0,0,,7,19,0.961179,0,,0,2026-05-31 21:49:31
50c90d75d74926bc,,unknown,0,0,,5,5,0.84603,0,,0,2026-05-31 21:49:31
50cc1d10f6567e1b,,unknown,0,0,,7,5,0.739971,0,,0,2026-05-31 21:49:31
50ce034666637f47,,unknown,0,0,,4,5,0.821898,0,,0,2026-05-31 21:49:31
50da666ce2bee86b,,unknown,0,0,,5,2,1.044458,0,,0,2026-05-31 21:49:31
50de83c4773edff4,,unknown,0,0,,,15,1.039699,0,,0,2026-05-31 21:49:31
50e89f4f9d05e494,,unknown,0,0,,,2,0.756372,0,,0,2026-05-31 21:49:31
50ebb2f2d31416fc,docs\documents-atlas-index.md#chunk-699,unknown,0,0,,6,17,1.115094,0,,0,2026-05-31 21:49:31
50ebf6d959848418,docs\documents-atlas-index.md#chunk-450,unknown,0,0,,,15,0.869557,0,,0,2026-05-31 21:49:31
50edf7f7081a2b0a,,unknown,0,0,,,19,0.960875,0,,0,2026-05-31 21:49:31
50f4587369532830,,unknown,0,0,,,3,0.658785,0,,0,2026-05-31 21:49:31
50f574bf4c88e181,,unknown,0,0,,,3,0.899624,0,,0,2026-05-31 21:49:31
50f9ad97420e4acd,,unknown,0,0,,7,16,1.01913,0,,0,2026-05-31 21:49:31
5111ee759d4a161b,,unknown,0,0,,19,5,0.922136,0,,0,2026-05-31 21:49:31
5119ec31fc73e104,docs\documents-atlas-index.md#chunk-278,unknown,0,0,,18,6,0.884344,0,,0,2026-05-31 21:49:31
51204d27cc983e7b,,unknown,0,0,,10,6,0.867562,0,,0,2026-05-31 21:49:31
5128eaf436e7cb09,,unknown,0,0,,10,12,0.957824,0,,0,2026-05-31 21:49:31
51517a22834f2c18,,unknown,0,0,,19,4,0.83475,0,,0,2026-05-31 21:49:31
5155c891fb9c5163,docs\documents-atlas-index.md#chunk-1313,unknown,0,0,,19,5,0.787102,0,,0,2026-05-31 21:49:31
51565e8aac588d98,,unknown,0,0,,7,3,0.84221,0,,0,2026-05-31 21:49:31
5158fb438960c582,,unknown,0,0,,9,12,0.887472,0,,0,2026-05-31 21:49:31
515ba7e5f9aa2bc8,,unknown,0,0,,17,,0.88903,0,,0,2026-05-31 21:49:31
515ccbc6ff24f091,,unknown,0,0,,12,,1.048714,0,,0,2026-05-31 21:49:31
5168dc3ba4b082dc,,unknown,0,0,,11,16,0.999397,0,,0,2026-05-31 21:49:31
5169db3a7a1fdfd6,,unknown,0,0,,19,5,0.968798,0,,0,2026-05-31 21:49:31
516ab171c01d3f9b,,unknown,0,0,,18,1,0.900498,0,,0,2026-05-31 21:49:31
516b659ba9e0674d,,unknown,0,0,,12,8,0.997093,0,,0,2026-05-31 21:49:31
516c1adea0817f05,,unknown,0,0,,13,8,0.960697,0,,0,2026-05-31 21:49:31
516e94ade9198a4b,,unknown,0,0,,12,9,0.922863,0,,0,2026-05-31 21:49:31
517132f1a9760ca9,,unknown,0,0,,12,15,0.857945,0,,0,2026-05-31 21:49:31
517bd11f502dbe67,,unknown,0,0,,19,6,1.048055,0,,0,2026-05-31 21:49:31
51818ac1e9d5ea26,,unknown,0,0,,10,9,0.910936,0,,0,2026-05-31 21:49:31
5186e08794af55ba,,unknown,0,0,,12,18,0.912279,0,,0,2026-05-31 21:49:31
518c3eaa90dcfa36,docs\documents-atlas-index.md#chunk-619,unknown,0,0,,15,9,1.031116,0,,0,2026-05-31 21:49:31
51a7181eb5e88fe1,,unknown,0,0,,3,4,1.007569,0,,0,2026-05-31 21:49:31
51b9e41d398d1a1c,,unknown,0,0,,6,19,0.956886,0,,0,2026-05-31 21:49:31
51bdebe52a36f1df,,unknown,0,0,,,15,1.07192,0,,0,2026-05-31 21:49:31
51cb3b515bf831e0,,unknown,0,0,,3,,0.883442,0,,0,2026-05-31 21:49:31
51cd64409af08b58,,unknown,0,0,,6,,0.857057,0,,0,2026-05-31 21:49:31
51d723a643219c3f,,unknown,0,0,,4,16,0.866244,0,,0,2026-05-31 21:49:31
51de179d5f218efe,,unknown,0,0,,11,19,1.006235,0,,0,2026-05-31 21:49:31
51e120bd0ffecf00,,unknown,0,0,,,,1.142522,0,,0,2026-05-31 21:49:31
51e8fb6f4fec1b9c,,unknown,0,0,,8,,1.008223,0,,0,2026-05-31 21:49:31
51f04c8706d678bb,,unknown,0,0,,3,,0.954772,0,,0,2026-05-31 21:49:31
51f1af70f9ce18c1,,unknown,0,0,,9,,1.030412,0,,0,2026-05-31 21:49:31
51fc14ebb21377f4,docs\documents-atlas-index.md#chunk-696,unknown,0,0,,18,12,1.081667,0,,0,2026-05-31 21:49:31
521ec4c841067614,,unknown,0,0,,18,7,0.979734,0,,0,2026-05-31 21:49:31
522c82b9f2fe899d,,unknown,0,0,,15,8,0.896535,0,,0,2026-05-31 21:49:31
5234ea333badc613,,unknown,0,0,,19,5,0.954347,0,,0,2026-05-31 21:49:31
52396369901a1a04,,unknown,0,0,,19,7,0.867585,0,,0,2026-05-31 21:49:31
523ad723fc03feb5,docs\documents-atlas-index.md#chunk-1063,unknown,0,0,,17,3,0.987789,0,,0,2026-05-31 21:49:31
523eee2c65913b87,,unknown,0,0,,9,12,0.998595,0,,0,2026-05-31 21:49:31
52424e5cda8d4ca5,,unknown,0,0,,19,4,0.97371,0,,0,2026-05-31 21:49:31
525cb5e57ed3c1c8,,unknown,0,0,,19,12,1.047308,0,,0,2026-05-31 21:49:31
5270a12dc0ad4582,docs\documents-atlas-index.md#chunk-998,unknown,0,0,,19,5,0.971307,0,,0,2026-05-31 21:49:31
527b6c9d49d67ae6,,unknown,0,0,,8,,0.971565,0,,0,2026-05-31 21:49:31
527d0c8830d1d9ac,,unknown,0,0,,19,12,0.985786,0,,0,2026-05-31 21:49:31
528434ff648a1a9c,,unknown,0,0,,15,14,0.957331,0,,0,2026-05-31 21:49:31
52858ba0eb7dedac,docs\documents-atlas-index.md#chunk-128,unknown,0,0,,16,6,0.990256,0,,0,2026-05-31 21:49:31
5294db96b35e7080,,unknown,0,0,,19,5,0.790251,0,,0,2026-05-31 21:49:31
529601591834c2cb,,unknown,0,0,,19,13,0.856766,0,,0,2026-05-31 21:49:31
52a7d19e41e1eb5d,,unknown,0,0,,6,16,0.887701,0,,0,2026-05-31 21:49:31
52afde213b2c91a8,,unknown,0,0,,18,3,1.007018,0,,0,2026-05-31 21:49:31
52b438f391f86f08,,unknown,0,0,,7,11,0.921871,0,,0,2026-05-31 21:49:31
52c9b0f9623cfefb,,unknown,0,0,,1,19,0.971768,0,,0,2026-05-31 21:49:31
52ca1a590219bcbf,,unknown,0,0,,6,6,0.946686,0,,0,2026-05-31 21:49:31
52d6724c6f7fcfad,,unknown,0,0,,,,1.018824,0,,0,2026-05-31 21:49:31
52d940f691ef594f,,unknown,0,0,,10,8,1.043247,0,,0,2026-05-31 21:49:31
52e074c4b852541e,,unknown,0,0,,,6,0.910421,0,,0,2026-05-31 21:49:31
52eba146c563ed53,,unknown,0,0,,,13,0.791015,0,,0,2026-05-31 21:49:31
52ed0fa06a6df32b,,unknown,0,0,,4,2,1.095993,0,,0,2026-05-31 21:49:31
53043f3c56bc88d6,,unknown,0,0,,19,7,1.015506,0,,0,2026-05-31 21:49:31
5307c1da561ac04b,docs\documents-atlas-index.md#chunk-1230,unknown,0,0,,19,9,1.014042,0,,0,2026-05-31 21:49:31
531eb19f54735586,docs\documents-atlas-index.md#chunk-1282,unknown,0,0,,10,16,0.952383,0,,0,2026-05-31 21:49:31
532025ef82e11466,docs\documents-atlas-index.md#chunk-408,unknown,0,0,,16,13,0.935936,0,,0,2026-05-31 21:49:31
532621e75c68fff2,,unknown,0,0,,19,12,0.927767,0,,0,2026-05-31 21:49:31
5329eb75fe3f76ad,,unknown,0,0,,18,4,0.899558,0,,0,2026-05-31 21:49:31
5339b2195b89678a,,unknown,0,0,,7,19,0.675831,0,,0,2026-05-31 21:49:31
5340757a087a28fd,docs\documents-atlas-index.md#chunk-336,unknown,0,0,,13,18,0.89093,0,,0,2026-05-31 21:49:31
53428273173b42d1,,unknown,0,0,,19,7,0.87591,0,,0,2026-05-31 21:49:31
5342d3b84fa68c71,,unknown,0,0,,9,15,0.944477,0,,0,2026-05-31 21:49:31
5345d5d5d93e1fef,,unknown,0,0,,10,18,1.003894,0,,0,2026-05-31 21:49:31
5349c71faef7216b,docs\documents-atlas-index.md#chunk-773,unknown,0,0,,10,18,0.999871,0,,0,2026-05-31 21:49:31
535073eac45dce5f,,unknown,0,0,,19,9,0.986589,0,,0,2026-05-31 21:49:31
5363bfc0106b2e31,,unknown,0,0,,19,2,0.920295,0,,0,2026-05-31 21:49:31
53644f4324e93f8e,docs\documents-atlas-index.md#chunk-145,unknown,0,0,,11,12,0.888548,0,,0,2026-05-31 21:49:31
536b13bb5665015d,,unknown,0,0,,17,14,0.927977,0,,0,2026-05-31 21:49:31
536ffd00af95e098,,unknown,0,0,,12,,0.954845,0,,0,2026-05-31 21:49:31
5371e40b286a8b40,,unknown,0,0,,19,5,0.901322,0,,0,2026-05-31 21:49:31
53837450fcbae0f5,,unknown,0,0,,19,8,0.943277,0,,0,2026-05-31 21:49:31
53864ca518adf32d,,unknown,0,0,,16,10,0.975737,0,,0,2026-05-31 21:49:31
539901f01bb3d1b2,,unknown,0,0,,19,12,0.979204,0,,0,2026-05-31 21:49:31
539dacdf86be1244,,unknown,0,0,,19,5,1.05523,0,,0,2026-05-31 21:49:31
53a4ed9e7527a327,,unknown,0,0,,,6,0.882017,0,,0,2026-05-31 21:49:31
53b6f2272f5edfc1,,unknown,0,0,,1,19,0.983733,0,,0,2026-05-31 21:49:31
53b7635440b6c8c0,,unknown,0,0,,,1,0.903033,0,,0,2026-05-31 21:49:31
53beef1a61abb908,,unknown,0,0,,6,,1.04658,0,,0,2026-05-31 21:49:31
53c0cebe4c16afc4,,unknown,0,0,,,12,1.050291,0,,0,2026-05-31 21:49:31
53c7094d830b836e,,unknown,0,0,,,,0.866423,0,,0,2026-05-31 21:49:31
53d51dbb6ad078fa,,unknown,0,0,,,,1.094451,0,,0,2026-05-31 21:49:31
53d5db1124eed2e6,,unknown,0,0,,,,1.103529,0,,0,2026-05-31 21:49:31
53dd072aaa43ad4d,,unknown,0,0,,4,6,0.916572,0,,0,2026-05-31 21:49:31
53e6e688ae9c8e85,,unknown,0,0,,,7,0.899815,0,,0,2026-05-31 21:49:31
53ebbb01a6548bc0,docs\documents-atlas-index.md#chunk-301,unknown,0,0,,8,5,0.876919,0,,0,2026-05-31 21:49:31
53ebf4c879d77248,,unknown,0,0,,,17,0.997894,0,,0,2026-05-31 21:49:31
53fab1c06da832c3,,unknown,0,0,,,19,1.108397,0,,0,2026-05-31 21:49:31
53fd46a1609513fe,,unknown,0,0,,16,16,1.006837,0,,0,2026-05-31 21:49:31
53fd73cdaccf805c,,unknown,0,0,,8,,1.109136,0,,0,2026-05-31 21:49:31
540fffc1f98609d3,,unknown,0,0,,14,1,1.011807,0,,0,2026-05-31 21:49:31
54116e3ea21d59f4,,unknown,0,0,,19,7,0.990878,0,,0,2026-05-31 21:49:31
5414d4b405eb5d60,,unknown,0,0,,11,14,0.990624,0,,0,2026-05-31 21:49:31
542739003a3c5c3e,docs\documents-atlas-index.md#chunk-721,unknown,0,0,,19,4,0.884662,0,,0,2026-05-31 21:49:31
544afbf3b654cb79,,unknown,0,0,,14,3,0.904573,0,,0,2026-05-31 21:49:31
544eb604604ae83f,,unknown,0,0,,19,6,0.893495,0,,0,2026-05-31 21:49:31
54653b211513211a,,unknown,0,0,,11,11,0.952775,0,,0,2026-05-31 21:49:31
54653ec59c8c77bb,,unknown,0,0,,17,7,0.956038,0,,0,2026-05-31 21:49:31
5467f06636f5cb10,,unknown,0,0,,9,14,0.856486,0,,0,2026-05-31 21:49:31
546c8faf21e5dc40,,unknown,0,0,,13,10,1.042488,0,,0,2026-05-31 21:49:31
546fd307f1ce0670,,unknown,0,0,,19,3,0.879153,0,,0,2026-05-31 21:49:31
547e517c053a455f,,unknown,0,0,,17,14,1.026684,0,,0,2026-05-31 21:49:31
54868195882e685e,,unknown,0,0,,19,7,0.809258,0,,0,2026-05-31 21:49:31
5487b35e33428c87,,unknown,0,0,,9,18,0.732058,0,,0,2026-05-31 21:49:31
548c1a43ae50fb9b,,unknown,0,0,,10,5,0.876866,0,,0,2026-05-31 21:49:31
548e2a8f9f31855e,,unknown,0,0,,6,1,0.956451,0,,0,2026-05-31 21:49:31
54be815e1d6540d6,docs\documents-atlas-index.md#chunk-963,unknown,0,0,,,,0.902787,0,,0,2026-05-31 21:49:31
54c152835555af98,docs\documents-atlas-index.md#chunk-1206,unknown,0,0,,,11,0.738146,0,,0,2026-05-31 21:49:31
54c2699ec89de03d,,unknown,0,0,,,4,0.987095,0,,0,2026-05-31 21:49:31
54c5aa94606ae317,docs\documents-atlas-index.md#chunk-227,unknown,0,0,,,12,0.923603,0,,0,2026-05-31 21:49:31
54c67e29e630cb88,,unknown,0,0,,4,8,0.677334,0,,0,2026-05-31 21:49:31
54ca662015a092b0,,unknown,0,0,,3,,0.965002,0,,0,2026-05-31 21:49:31
54cdf802efa4041f,,unknown,0,0,,9,1,0.989725,0,,0,2026-05-31 21:49:31
54d2fe61a7a7b22a,,unknown,0,0,,6,9,0.941942,0,,0,2026-05-31 21:49:31
54d3e229814df9c3,,unknown,0,0,,,15,1.011575,0,,0,2026-05-31 21:49:31
54d533b139947706,,unknown,0,0,,,5,0.835816,0,,0,2026-05-31 21:49:31
54ead478387c27b9,,unknown,0,0,,19,3,1.067805,0,,0,2026-05-31 21:49:31
54eed9d628eedcc5,,unknown,0,0,,17,,1.127624,0,,0,2026-05-31 21:49:31
54efbbaef11e77c2,docs\documents-atlas-index.md#chunk-779,unknown,0,0,,11,2,1.139167,0,,0,2026-05-31 21:49:31
54f33f637570f029,,unknown,0,0,,,2,0.745469,0,,0,2026-05-31 21:49:31
54fa3e089296e55f,,unknown,0,0,,3,3,0.824016,0,,0,2026-05-31 21:49:31
54fea6866aabbc2d,docs\documents-atlas-index.md#chunk-797,unknown,0,0,,,17,1.033355,0,,0,2026-05-31 21:49:31
55067182952953a4,,unknown,0,0,,19,11,0.783336,0,,0,2026-05-31 21:49:31
5506b9c464010ed3,,unknown,0,0,,9,18,0.8364,0,,0,2026-05-31 21:49:31
55093ab9d89b9b6d,,unknown,0,0,,14,6,0.844328,0,,0,2026-05-31 21:49:31
550aea57d11de79d,,unknown,0,0,,15,5,0.887747,0,,0,2026-05-31 21:49:31
55131c61a412e08a,,unknown,0,0,,16,9,0.919722,0,,0,2026-05-31 21:49:31
5513d8df00fdd629,docs\documents-atlas-index.md#chunk-1316,unknown,0,0,,19,9,1.06109,0,,0,2026-05-31 21:49:31
5515f3982585e893,,unknown,0,0,,19,8,0.835982,0,,0,2026-05-31 21:49:31
5519891e890cd69a,docs\documents-atlas-index.md#chunk-314,unknown,0,0,,19,8,0.875873,0,,0,2026-05-31 21:49:31
551b25ea8bd7d219,,unknown,0,0,,18,11,0.982799,0,,0,2026-05-31 21:49:31
552417f1a139d5ea,,unknown,0,0,,18,12,0.832534,0,,0,2026-05-31 21:49:31
552bc689c390824e,,unknown,0,0,,9,18,0.903813,0,,0,2026-05-31 21:49:31
552f8fd3ab751dcf,,unknown,0,0,,12,2,0.979477,0,,0,2026-05-31 21:49:31
553396e41eb2aeea,,unknown,0,0,,14,19,0.955179,0,,0,2026-05-31 21:49:31
553e15acc4d38199,,unknown,0,0,,16,11,0.97035,0,,0,2026-05-31 21:49:31
55429fec4f2cfbfa,,unknown,0,0,,16,10,1.095945,0,,0,2026-05-31 21:49:31
55441c36c58e4b63,,unknown,0,0,,19,2,0.830348,0,,0,2026-05-31 21:49:31
5545455fa746fc75,,unknown,0,0,,12,11,0.88974,0,,0,2026-05-31 21:49:31
55459d09099c257a,,unknown,0,0,,19,5,0.855801,0,,0,2026-05-31 21:49:31
5550b0e7b4b681fe,,unknown,0,0,,11,18,1.025903,0,,0,2026-05-31 21:49:31
5552f32a6109e995,,unknown,0,0,,8,15,0.830976,0,,0,2026-05-31 21:49:31
555512880bf7cbe5,,unknown,0,0,,13,15,0.964041,0,,0,2026-05-31 21:49:31
5555ac18cef6d7b0,,unknown,0,0,,12,,0.995038,0,,0,2026-05-31 21:49:31
5559f096aaf66a7c,,unknown,0,0,,10,18,0.805959,0,,0,2026-05-31 21:49:31
556694b22cf9e0ee,docs\documents-atlas-index.md#chunk-636,unknown,0,0,,16,14,0.947765,0,,0,2026-05-31 21:49:31
5567aa19efcc2656,,unknown,0,0,,14,3,0.865751,0,,0,2026-05-31 21:49:31
556b4fbcd81b4e09,,unknown,0,0,,19,,0.928752,0,,0,2026-05-31 21:49:31
556c86494a07b8f9,,unknown,0,0,,19,10,0.827276,0,,0,2026-05-31 21:49:31
55711e7bf4856f23,,unknown,0,0,,7,6,0.856405,0,,0,2026-05-31 21:49:31
55731be2b3375dfc,docs\documents-atlas-index.md#chunk-407,unknown,0,0,,13,10,0.960928,0,,0,2026-05-31 21:49:31
557cd50175b7f103,,unknown,0,0,,12,11,0.992325,0,,0,2026-05-31 21:49:31
55884a6d212c3020,,unknown,0,0,,19,7,0.918792,0,,0,2026-05-31 21:49:31
5588a751efc3d064,,unknown,0,0,,18,7,0.999354,0,,0,2026-05-31 21:49:31
558902030bf03f68,,unknown,0,0,,11,13,0.946809,0,,0,2026-05-31 21:49:31
558d9da7cc0e9a46,,unknown,0,0,,15,,0.776932,0,,0,2026-05-31 21:49:31
558f5d676341b019,,unknown,0,0,,16,10,0.872432,0,,0,2026-05-31 21:49:31
55913e8ce188c813,,unknown,0,0,,17,9,0.907422,0,,0,2026-05-31 21:49:31
5594a0b33d597f57,,unknown,0,0,,7,16,0.855983,0,,0,2026-05-31 21:49:31
55a3ce0219600285,,unknown,0,0,,,2,0.860981,0,,0,2026-05-31 21:49:31
55aa8e136b64ed99,,unknown,0,0,,4,5,0.815424,0,,0,2026-05-31 21:49:31
55ab2614bc24d681,,unknown,0,0,,,5,0.831854,0,,0,2026-05-31 21:49:31
55b71911d35fa7eb,,unknown,0,0,,19,8,1.058565,0,,0,2026-05-31 21:49:31
55c092a85635b3eb,,unknown,0,0,,,19,0.925841,0,,0,2026-05-31 21:49:31
55c3cc78fcb5c371,,unknown,0,0,,,7,0.865389,0,,0,2026-05-31 21:49:31
55cfc5f23a8948a8,,unknown,0,0,,,19,0.991374,0,,0,2026-05-31 21:49:31
55d729b64fb8d7a0,,unknown,0,0,,,,0.941333,0,,0,2026-05-31 21:49:31
55d9b39857b624e8,,unknown,0,0,,7,17,0.900526,0,,0,2026-05-31 21:49:31
55e6563cb1a7ca6e,,unknown,0,0,,6,10,0.935073,0,,0,2026-05-31 21:49:31
55e69ffc3eab1f28,docs\documents-atlas-index.md#chunk-164,unknown,0,0,,5,,1.034629,0,,0,2026-05-31 21:49:31
55f03d9f9d5939a8,,unknown,0,0,,,,0.771267,0,,0,2026-05-31 21:49:31
55f4a11b982f1327,,unknown,0,0,,,,0.942021,0,,0,2026-05-31 21:49:31
55fc43d037a20495,,unknown,0,0,,6,,1.04981,0,,0,2026-05-31 21:49:31
55fc76ad2ae46e02,docs\CODEBASE_DIRECTORY_MAP.md#chunk-7,unknown,0,0,,6,,1.059933,0,,0,2026-05-31 21:49:31
55fdb85903528a4c,,unknown,0,0,,5,18,0.846306,0,,0,2026-05-31 21:49:31
55fdf9b24bd8f9ca,,unknown,0,0,,,19,1.011955,0,,0,2026-05-31 21:49:31
56016833ea3b7a71,,unknown,0,0,,19,4,0.775009,0,,0,2026-05-31 21:49:31
560b94e64312c9b4,,unknown,0,0,,19,12,0.767887,0,,0,2026-05-31 21:49:31
560f6d14e109d5f4,docs\CODEBASE_DIRECTORY_MAP.md#chunk-33,unknown,0,0,,17,9,0.924253,0,,0,2026-05-31 21:49:31
56102293c4053ffc,,unknown,0,0,,12,19,0.887528,0,,0,2026-05-31 21:49:31
5612bbaa8c2c5465,,unknown,0,0,,19,5,0.90434,0,,0,2026-05-31 21:49:31
561f01d6e6bbe699,,unknown,0,0,,18,9,0.900488,0,,0,2026-05-31 21:49:31
5625d805557663ac,,unknown,0,0,,9,19,0.760013,0,,0,2026-05-31 21:49:31
5630d29eee1128f5,,unknown,0,0,,10,19,0.912414,0,,0,2026-05-31 21:49:31
5633bb0218cb30f1,,unknown,0,0,,19,3,1.019594,0,,0,2026-05-31 21:49:31
5633f53258751d9c,,unknown,0,0,,8,19,0.674957,0,,0,2026-05-31 21:49:31
563599a8a651b420,,unknown,0,0,,18,10,0.717185,0,,0,2026-05-31 21:49:31
5644a2cc081518bd,,unknown,0,0,,10,19,0.837739,0,,0,2026-05-31 21:49:31
5647ca2e3162d203,docs\documents-atlas-index.md#chunk-94,unknown,0,0,,19,8,0.972662,0,,0,2026-05-31 21:49:31
5648f25ab7fb2081,,unknown,0,0,,19,5,0.962831,0,,0,2026-05-31 21:49:31
564ce68bd541ead4,docs\documents-atlas-index.md#chunk-47,unknown,0,0,,19,8,1.075182,0,,0,2026-05-31 21:49:31
565e0a8ad753fe02,,unknown,0,0,,13,8,0.919446,0,,0,2026-05-31 21:49:31
565e1b29620d02ce,,unknown,0,0,,19,3,0.980607,0,,0,2026-05-31 21:49:31
5661487d5ef4c7bc,,unknown,0,0,,14,19,0.905785,0,,0,2026-05-31 21:49:31
56694869379bfa2f,,unknown,0,0,,19,8,0.853764,0,,0,2026-05-31 21:49:31
566dbe27e13f852e,,unknown,0,0,,15,3,0.8759,0,,0,2026-05-31 21:49:31
566e1a037d39f95a,,unknown,0,0,,15,8,0.912624,0,,0,2026-05-31 21:49:31
5678f5af8a7ac8a5,,unknown,0,0,,19,7,0.948866,0,,0,2026-05-31 21:49:31
567e19249ee09c87,,unknown,0,0,,8,,0.940484,0,,0,2026-05-31 21:49:31
5688a8d813a9c2ab,docs\documents-atlas-index.md#chunk-1048,unknown,0,0,,15,15,0.860691,0,,0,2026-05-31 21:49:31
56919802ac29f358,,unknown,0,0,,19,8,0.848567,0,,0,2026-05-31 21:49:31
569cc7fdc3e175a2,,unknown,0,0,,15,12,1.063059,0,,0,2026-05-31 21:49:31
569db1b5cd204488,,unknown,0,0,,17,5,0.938698,0,,0,2026-05-31 21:49:31
56aaa36e0741fc36,,unknown,0,0,,1,17,0.894916,0,,0,2026-05-31 21:49:31
56adb7f62c0eda0d,docs\documents-atlas-index.md#chunk-600,unknown,0,0,,,17,0.973625,0,,0,2026-05-31 21:49:31
56c2318d321a636c,,unknown,0,0,,,,0.9397,0,,0,2026-05-31 21:49:31
56c9835179404b39,,unknown,0,0,,,5,0.744372,0,,0,2026-05-31 21:49:31
56c999ed792f63cb,,unknown,0,0,,17,15,0.918357,0,,0,2026-05-31 21:49:31
56cdacfd1db9e10a,,unknown,0,0,,8,,1.169196,0,,0,2026-05-31 21:49:31
56d720187b0d56b6,,unknown,0,0,,,,0.855338,0,,0,2026-05-31 21:49:31
56d7799167d1ab8e,docs\documents-atlas-index.md#chunk-1285,unknown,0,0,,5,14,0.835449,0,,0,2026-05-31 21:49:31
56d7edf1b0026aa0,docs\documents-atlas-index.md#chunk-197,unknown,0,0,,4,11,0.949856,0,,0,2026-05-31 21:49:31
56d94326b62f4300,,unknown,0,0,,,,0.805821,0,,0,2026-05-31 21:49:31
56dad104cc59e9ad,,unknown,0,0,,1,19,1.020791,0,,0,2026-05-31 21:49:31
56dbdda71e79e9f3,,unknown,0,0,,,15,1.026241,0,,0,2026-05-31 21:49:31
56dfed96cfd5535c,docs\documents-atlas-index.md#chunk-891,unknown,0,0,,10,,0.822323,0,,0,2026-05-31 21:49:31
56e9414cdb60f015,,unknown,0,0,,,3,0.838496,0,,0,2026-05-31 21:49:31
56ebdd357b010c4a,docs\CODEBASE_DIRECTORY_MAP.md#chunk-8,unknown,0,0,,8,3,0.872555,0,,0,2026-05-31 21:49:31
56fb76d53507092a,,unknown,0,0,,,19,0.902126,0,,0,2026-05-31 21:49:31
57094ab8d4b6afc9,,unknown,0,0,,15,11,0.893638,0,,0,2026-05-31 21:49:31
570c7a04dfff6241,,unknown,0,0,,14,2,0.863092,0,,0,2026-05-31 21:49:31
5710b1f5defe88eb,docs\documents-atlas-index.md#chunk-602,unknown,0,0,,19,5,1.038579,0,,0,2026-05-31 21:49:31
5713592b1bb5bca7,,unknown,0,0,,13,19,0.937062,0,,0,2026-05-31 21:49:31
5715740d899aaaaf,docs\documents-atlas-index.md#chunk-720,unknown,0,0,,12,19,0.915366,0,,0,2026-05-31 21:49:31
571c80487d24b8f6,,unknown,0,0,,19,10,0.94665,0,,0,2026-05-31 21:49:31
571d74ce8b657303,,unknown,0,0,,17,10,0.944199,0,,0,2026-05-31 21:49:31
571d9df293da3ccd,,unknown,0,0,,17,,0.970073,0,,0,2026-05-31 21:49:31
571da6062c92d585,,unknown,0,0,,19,6,0.992606,0,,0,2026-05-31 21:49:31
572401e38c26d7f8,,unknown,0,0,,19,11,0.875038,0,,0,2026-05-31 21:49:31
57253d39d539952a,,unknown,0,0,,12,8,0.837976,0,,0,2026-05-31 21:49:31
572fa8022a3047ab,,unknown,0,0,,10,19,0.872867,0,,0,2026-05-31 21:49:31
57333fb17c668289,docs\documents-atlas-index.md#chunk-183,unknown,0,0,,17,9,0.882145,0,,0,2026-05-31 21:49:31
574455b17911fe06,,unknown,0,0,,18,11,0.876038,0,,0,2026-05-31 21:49:31
5744840e9ecb708e,,unknown,0,0,,19,6,0.953699,0,,0,2026-05-31 21:49:31
574a8c724ae284dc,,unknown,0,0,,8,,0.999742,0,,0,2026-05-31 21:49:31
5755f210ddbc8d85,,unknown,0,0,,17,3,0.851294,0,,0,2026-05-31 21:49:31
57584d40b4682ba5,,unknown,0,0,,14,7,0.844687,0,,0,2026-05-31 21:49:31
578da29fab4a9b8e,,unknown,0,0,,17,3,0.913199,0,,0,2026-05-31 21:49:31
5790c083189e2c4e,,unknown,0,0,,8,19,0.794894,0,,0,2026-05-31 21:49:31
579be80be77d6984,,unknown,0,0,,19,4,0.831054,0,,0,2026-05-31 21:49:31
579c829face75b86,,unknown,0,0,,8,,0.937432,0,,0,2026-05-31 21:49:31
57a52b265c44e053,docs\documents-atlas-index.md#chunk-819,unknown,0,0,,,1,0.639824,0,,0,2026-05-31 21:49:31
57a8c8b9d9745f1e,,unknown,0,0,,5,15,0.743562,0,,0,2026-05-31 21:49:31
57ad57929f0808b3,,unknown,0,0,,,1,0.884379,0,,0,2026-05-31 21:49:31
57b485e3897a2d35,,unknown,0,0,,,9,0.882929,0,,0,2026-05-31 21:49:31
57b6f403595f9e7c,,unknown,0,0,,6,19,0.825181,0,,0,2026-05-31 21:49:31
57bfb0e6a7e2a715,,unknown,0,0,,,13,1.027419,0,,0,2026-05-31 21:49:31
57d7367d73e3c095,,unknown,0,0,,,,0.891772,0,,0,2026-05-31 21:49:31
57dd659fccbb8e19,,unknown,0,0,,8,,0.919127,0,,0,2026-05-31 21:49:31
57ec09725eb3bea7,,unknown,0,0,,,1,1.006581,0,,0,2026-05-31 21:49:31
57ef761cb05c8a7d,,unknown,0,0,,8,5,0.946886,0,,0,2026-05-31 21:49:31
57f0c466df16e8dd,docs\documents-atlas-index.md#chunk-32,unknown,0,0,,3,19,0.888013,0,,0,2026-05-31 21:49:31
57f253b1b7f99c92,,unknown,0,0,,,8,0.894032,0,,0,2026-05-31 21:49:31
57f39273898189f4,,unknown,0,0,,,3,0.827735,0,,0,2026-05-31 21:49:31
57f5796a3a44ab64,,unknown,0,0,,,3,0.708205,0,,0,2026-05-31 21:49:31
57f96e5340901f20,docs\documents-atlas-index.md#chunk-434,unknown,0,0,,4,5,0.728414,0,,0,2026-05-31 21:49:31
57f9ee408ea7cd96,,unknown,0,0,,,12,0.871528,0,,0,2026-05-31 21:49:31
5805793f487b36ba,,unknown,0,0,,13,18,0.876011,0,,0,2026-05-31 21:49:31
5807aad28ef02a77,,unknown,0,0,,12,,0.939486,0,,0,2026-05-31 21:49:31
580956519d4a29b1,,unknown,0,0,,19,6,0.804287,0,,0,2026-05-31 21:49:31
580bfc644ce48453,,unknown,0,0,,12,,0.907018,0,,0,2026-05-31 21:49:31
5810a0887554d830,,unknown,0,0,,8,16,0.858788,0,,0,2026-05-31 21:49:31
581734270dc6b662,,unknown,0,0,,19,9,0.94395,0,,0,2026-05-31 21:49:31
582a1ccbce284133,,unknown,0,0,,16,9,0.988993,0,,0,2026-05-31 21:49:31
584b1ab4aa95609a,,unknown,0,0,,11,3,0.913597,0,,0,2026-05-31 21:49:31
58560749fd3e0bb0,,unknown,0,0,,19,2,0.838264,0,,0,2026-05-31 21:49:31
5862aee2688554fa,,unknown,0,0,,10,18,0.938641,0,,0,2026-05-31 21:49:31
5867b4fe4ea31107,,unknown,0,0,,11,17,1.015236,0,,0,2026-05-31 21:49:31
5868c329a9382dab,,unknown,0,0,,10,19,0.669888,0,,0,2026-05-31 21:49:31
58750fbcbf738b77,,unknown,0,0,,12,7,0.924052,0,,0,2026-05-31 21:49:31
587ca3120696b73d,docs\UNIVERSAL_APP_READINESS_CHECKLIST.md#chunk-1,unknown,0,0,,1,19,0.950898,0,,0,2026-05-31 21:49:31
587cc34d19a90178,docs\documents-atlas-index.md#chunk-911,unknown,0,0,,13,15,0.978054,0,,0,2026-05-31 21:49:31
587e116c1dede14f,,unknown,0,0,,19,9,1.044595,0,,0,2026-05-31 21:49:31
5886a4ff553f6a08,,unknown,0,0,,19,5,0.992765,0,,0,2026-05-31 21:49:31
5889d79371832b62,,unknown,0,0,,8,16,0.726262,0,,0,2026-05-31 21:49:31
588d9f370d37c756,,unknown,0,0,,2,,0.863691,0,,0,2026-05-31 21:49:31
5898d9d2958681b7,,unknown,0,0,,16,13,0.865951,0,,0,2026-05-31 21:49:31
58a266c8831cd8d7,,unknown,0,0,,19,11,0.96268,0,,0,2026-05-31 21:49:31
58a2e850410443bc,,unknown,0,0,,6,19,0.802094,0,,0,2026-05-31 21:49:31
58abf396ee82728c,,unknown,0,0,,2,17,0.953894,0,,0,2026-05-31 21:49:31
58ae788d14499fe0,,unknown,0,0,,,3,0.985043,0,,0,2026-05-31 21:49:31
58b1a57848eb49c2,,unknown,0,0,,,,1.023232,0,,0,2026-05-31 21:49:31
58b1f7ebd4e27690,,unknown,0,0,,,12,1.005843,0,,0,2026-05-31 21:49:31
58bd5e057edb567f,,unknown,0,0,,7,,0.889351,0,,0,2026-05-31 21:49:31
58c4dfcb83a33142,docs\documents-atlas-index.md#chunk-372,unknown,0,0,,,5,1.004621,0,,0,2026-05-31 21:49:31
58cae32dd4a62e8e,,unknown,0,0,,8,5,1.004224,0,,0,2026-05-31 21:49:31
58d6c7895cebe296,,unknown,0,0,,,,0.940112,0,,0,2026-05-31 21:49:31
58d6fdbd254eb1d8,,unknown,0,0,,,13,1.173667,0,,0,2026-05-31 21:49:31
58d88f4720bc5bc4,,unknown,0,0,,4,,0.884872,0,,0,2026-05-31 21:49:31
58db982655be84c4,,unknown,0,0,,6,,0.956798,0,,0,2026-05-31 21:49:31
58dc13d640a1b12e,docs\documents-atlas-index.md#chunk-346,unknown,0,0,,16,14,1.026479,0,,0,2026-05-31 21:49:31
58e1bce66b3de968,,unknown,0,0,,,12,0.933493,0,,0,2026-05-31 21:49:31
58e388c2e2a6bd4d,docs\documents-atlas-index.md#chunk-1125,unknown,0,0,,,10,0.921265,0,,0,2026-05-31 21:49:31
58e7c6e2b39e6c3f,,unknown,0,0,,5,15,0.962493,0,,0,2026-05-31 21:49:31
58ee086bc5db7d57,,unknown,0,0,,7,2,0.960646,0,,0,2026-05-31 21:49:31
58f92d1f7b402347,,unknown,0,0,,,,0.776089,0,,0,2026-05-31 21:49:31
59011b0acce16cc4,,unknown,0,0,,8,,0.983101,0,,0,2026-05-31 21:49:31
590a0db9156a2fad,,unknown,0,0,,19,,0.990113,0,,0,2026-05-31 21:49:31
590ce25854cab05b,docs\documents-atlas-index.md#chunk-954,unknown,0,0,,19,6,0.947211,0,,0,2026-05-31 21:49:31
590f9074b749ebcf,,unknown,0,0,,19,12,0.945875,0,,0,2026-05-31 21:49:31
59168618b483a3f5,,unknown,0,0,,19,10,0.803833,0,,0,2026-05-31 21:49:31
59256cd6bb6ad13d,,unknown,0,0,,17,8,0.892628,0,,0,2026-05-31 21:49:31
593304b5a38bb5c9,,unknown,0,0,,19,10,0.886491,0,,0,2026-05-31 21:49:31
593900537ae8fb82,docs\documents-atlas-index.md#chunk-648,unknown,0,0,,12,12,0.945355,0,,0,2026-05-31 21:49:31
593fc8cd44fefeab,,unknown,0,0,,14,14,1.128463,0,,0,2026-05-31 21:49:31
594a982c904852c6,,unknown,0,0,,19,11,0.829383,0,,0,2026-05-31 21:49:31
594a9d620e160c17,docs\visualization-stack.md#chunk-2,unknown,0,0,,8,1,0.900128,0,,0,2026-05-31 21:49:31
59524284d4d6a7a8,,unknown,0,0,,19,12,0.810607,0,,0,2026-05-31 21:49:31
595d36657ef123fd,,unknown,0,0,,17,18,0.939191,0,,0,2026-05-31 21:49:31
595f9dc0bac7d286,,unknown,0,0,,12,,0.883675,0,,0,2026-05-31 21:49:31
59773239cb5d9410,,unknown,0,0,,19,6,0.749638,0,,0,2026-05-31 21:49:31
597948a27c00bf12,,unknown,0,0,,,13,0.870023,0,,0,2026-05-31 21:49:31
597b8cd9aca81758,,unknown,0,0,,11,,0.807014,0,,0,2026-05-31 21:49:31
5980997534e8096f,,unknown,0,0,,13,15,0.852211,0,,0,2026-05-31 21:49:31
598555c1c6b9e96c,,unknown,0,0,,18,12,0.843053,0,,0,2026-05-31 21:49:31
5986075bd6867970,,unknown,0,0,,19,8,0.833253,0,,0,2026-05-31 21:49:31
598b9460d082b54f,,unknown,0,0,,16,11,0.88668,0,,0,2026-05-31 21:49:31
598c7e443a1f1ebc,docs\documents-atlas-index.md#chunk-1307,unknown,0,0,,17,1,0.92523,0,,0,2026-05-31 21:49:31
598f9390f94069da,,unknown,0,0,,19,11,0.857234,0,,0,2026-05-31 21:49:31
599a49e2e30a5548,,unknown,0,0,,17,8,0.838121,0,,0,2026-05-31 21:49:31
599e7a3f8fc7e53b,,unknown,0,0,,7,,0.993472,0,,0,2026-05-31 21:49:31
599efcf5a55da6c0,docs\documents-atlas-index.md#chunk-319,unknown,0,0,,18,6,0.934171,0,,0,2026-05-31 21:49:31
599fec4047ba8d0f,,unknown,0,0,,15,,0.872057,0,,0,2026-05-31 21:49:31
59a02c53e00ef0a9,docs\documents-atlas-index.md#chunk-1278,unknown,0,0,,1,5,0.986364,0,,0,2026-05-31 21:49:31
59a7e6f56185a096,,unknown,0,0,,,15,0.817683,0,,0,2026-05-31 21:49:31
59bfee0264628e53,,unknown,0,0,,7,7,0.92427,0,,0,2026-05-31 21:49:31
59cbe15b80b332d8,,unknown,0,0,,12,17,1.140934,0,,0,2026-05-31 21:49:31
59d078882f5b4458,,unknown,0,0,,,,0.742429,0,,0,2026-05-31 21:49:31
59d72f383cf88df1,,unknown,0,0,,1,,0.875838,0,,0,2026-05-31 21:49:31
59d9409d4225b660,,unknown,0,0,,,3,0.845735,0,,0,2026-05-31 21:49:31
59d9c06df425d940,,unknown,0,0,,,13,0.913966,0,,0,2026-05-31 21:49:31
59e8a4c61223afa1,,unknown,0,0,,,15,0.872785,0,,0,2026-05-31 21:49:31
59f0487f9cd74071,,unknown,0,0,,,,0.804263,0,,0,2026-05-31 21:49:31
59f2d1d2766fbbb1,,unknown,0,0,,,16,0.990006,0,,0,2026-05-31 21:49:31
59f7647e56215a72,docs\documents-atlas-index.md#chunk-13,unknown,0,0,,,3,0.758794,0,,0,2026-05-31 21:49:31
59f79c01d705700c,,unknown,0,0,,5,5,0.698756,0,,0,2026-05-31 21:49:31
5a0ce21696c2498d,,unknown,0,0,,15,19,0.926327,0,,0,2026-05-31 21:49:31
5a0d5f45aae54932,,unknown,0,0,,12,,0.855194,0,,0,2026-05-31 21:49:31
5a0dfb53b047ea7f,,unknown,0,0,,14,1,0.969891,0,,0,2026-05-31 21:49:31
5a0ee37bda7261ae,,unknown,0,0,,12,19,1.024737,0,,0,2026-05-31 21:49:31
5a112fb6928918fb,,unknown,0,0,,18,16,0.880145,0,,0,2026-05-31 21:49:31
5a1ab1f53d51f946,,unknown,0,0,,,19,1.007327,0,,0,2026-05-31 21:49:31
5a308469b70cb6c1,,unknown,0,0,,19,8,0.8085,0,,0,2026-05-31 21:49:31
5a379d13f86725a2,,unknown,0,0,,16,9,0.923204,0,,0,2026-05-31 21:49:31
5a39fff19d05315b,,unknown,0,0,,2,19,0.995529,0,,0,2026-05-31 21:49:31
5a3b94c383b537cb,,unknown,0,0,,18,17,0.761009,0,,0,2026-05-31 21:49:31
5a45680581bd2192,,unknown,0,0,,17,14,0.914033,0,,0,2026-05-31 21:49:31
5a49eac032ef0770,,unknown,0,0,,19,,1.004477,0,,0,2026-05-31 21:49:31
5a4c04747f31c1ee,,unknown,0,0,,19,17,0.922415,0,,0,2026-05-31 21:49:31
5a7f986f9afc467a,,unknown,0,0,,17,16,0.954501,0,,0,2026-05-31 21:49:31
5a86708f8bbcb238,,unknown,0,0,,19,9,1.028041,0,,0,2026-05-31 21:49:31
5a8cd4a03437a6e7,,unknown,0,0,,18,13,0.935404,0,,0,2026-05-31 21:49:31
5a9e52a3a23fc506,,unknown,0,0,,18,10,0.903896,0,,0,2026-05-31 21:49:31
5aa1dad3f67dfc84,,unknown,0,0,,,12,0.927015,0,,0,2026-05-31 21:49:31
5aa2ef2f18facfe7,,unknown,0,0,,10,12,1.196268,0,,0,2026-05-31 21:49:31
5ab4a37cdd309f77,,unknown,0,0,,4,16,0.934863,0,,0,2026-05-31 21:49:31
5abfe45234a9ad08,,unknown,0,0,,,17,0.9451,0,,0,2026-05-31 21:49:31
5ac3c98cfbc91928,,unknown,0,0,,5,,0.941652,0,,0,2026-05-31 21:49:31
5ac438374d5c9940,,unknown,0,0,,,,0.761838,0,,0,2026-05-31 21:49:31
5acb72dd76ecc47c,,unknown,0,0,,17,15,1.059808,0,,0,2026-05-31 21:49:31
5adbec3d9c84ba4d,docs\documents-atlas-index.md#chunk-106,unknown,0,0,,2,15,1.022148,0,,0,2026-05-31 21:49:31
5ae809071f1bb524,,unknown,0,0,,,,0.87282,0,,0,2026-05-31 21:49:31
5aeeada86c078688,,unknown,0,0,,,15,0.943411,0,,0,2026-05-31 21:49:31
5af6914e44db44bd,,unknown,0,0,,17,17,1.073123,0,,0,2026-05-31 21:49:31
5af6948f41e17b9e,,unknown,0,0,,4,19,0.922908,0,,0,2026-05-31 21:49:31
5afa7e4c177c59cc,,unknown,0,0,,4,,1.052689,0,,0,2026-05-31 21:49:31
5afef2d8ca529e0b,,unknown,0,0,,,18,0.892154,0,,0,2026-05-31 21:49:31
5b009406bfe1c40e,,unknown,0,0,,16,11,1.01505,0,,0,2026-05-31 21:49:31
5b107fc09268ae2e,,unknown,0,0,,12,12,1.018953,0,,0,2026-05-31 21:49:31
5b1343d4a3d68549,,unknown,0,0,,18,12,0.899881,0,,0,2026-05-31 21:49:31
5b13d354a57b703c,,unknown,0,0,,19,6,0.901907,0,,0,2026-05-31 21:49:31
5b1526a07209f274,,unknown,0,0,,18,12,0.874991,0,,0,2026-05-31 21:49:31
5b160ab7221f3285,,unknown,0,0,,17,11,0.95543,0,,0,2026-05-31 21:49:31
5b1679e906230b2e,docs\documents-atlas-index.md#chunk-54,unknown,0,0,,16,15,0.897307,0,,0,2026-05-31 21:49:31
5b1741e666a05a4a,,unknown,0,0,,16,16,0.822983,0,,0,2026-05-31 21:49:31
5b17f39a4106b505,,unknown,0,0,,13,13,0.961712,0,,0,2026-05-31 21:49:31
5b1cab7cb4c703b2,,unknown,0,0,,12,,0.967214,0,,0,2026-05-31 21:49:31
5b1e18391f6c5785,,unknown,0,0,,19,3,0.862188,0,,0,2026-05-31 21:49:31
5b223df367c1886f,,unknown,0,0,,17,15,0.944156,0,,0,2026-05-31 21:49:31
5b2714bf93af5832,,unknown,0,0,,17,14,0.935638,0,,0,2026-05-31 21:49:31
5b2f7aa19576a31d,,unknown,0,0,,17,11,0.925894,0,,0,2026-05-31 21:49:31
5b3099ea9894e2a4,,unknown,0,0,,18,13,0.788591,0,,0,2026-05-31 21:49:31
5b3c33b16bd985fe,docs\documents-atlas-index.md#chunk-493,unknown,0,0,,18,17,0.885876,0,,0,2026-05-31 21:49:31
5b3f1f07fb00fba1,,unknown,0,0,,13,2,1.010569,0,,0,2026-05-31 21:49:31
5b44c5ac4166c46f,,unknown,0,0,,4,19,0.948332,0,,0,2026-05-31 21:49:31
5b48e1640d56ee8e,,unknown,0,0,,4,19,0.756504,0,,0,2026-05-31 21:49:31
5b4f292af104b17a,,unknown,0,0,,16,11,0.886112,0,,0,2026-05-31 21:49:31
5b50dc3e55bc0200,,unknown,0,0,,19,3,1.057481,0,,0,2026-05-31 21:49:31
5b554ddb1a25aa51,,unknown,0,0,,16,10,0.979453,0,,0,2026-05-31 21:49:31
5b5acec390a8cc96,,unknown,0,0,,14,,0.999881,0,,0,2026-05-31 21:49:31
5b5fa4412a85a65c,,unknown,0,0,,1,19,0.917164,0,,0,2026-05-31 21:49:31
5b647d2f2b95826c,docs\documents-atlas-index.md#chunk-992,unknown,0,0,,3,,0.976702,0,,0,2026-05-31 21:49:31
5b6b60ed3a7e3abf,,unknown,0,0,,17,16,1.010453,0,,0,2026-05-31 21:49:31
5b6bcb7a74cbf07d,docs\documents-atlas-index.md#chunk-655,unknown,0,0,,14,,1.121673,0,,0,2026-05-31 21:49:31
5b72dfc94b6af403,,unknown,0,0,,19,5,1.046211,0,,0,2026-05-31 21:49:31
5b7425179e474a67,,unknown,0,0,,5,19,0.880575,0,,0,2026-05-31 21:49:31
5b78156b3617e60d,,unknown,0,0,,17,14,0.874091,0,,0,2026-05-31 21:49:31
5b7dbb912e2867b9,,unknown,0,0,,15,,0.972145,0,,0,2026-05-31 21:49:31
5b800beeb572ae12,,unknown,0,0,,16,10,1.014921,0,,0,2026-05-31 21:49:31
5b949dc516298491,,unknown,0,0,,17,11,0.891656,0,,0,2026-05-31 21:49:31
5bab76c98cb530d5,,unknown,0,0,,17,17,0.998737,0,,0,2026-05-31 21:49:31
5bab8244479db5fa,,unknown,0,0,,19,15,0.980925,0,,0,2026-05-31 21:49:31
5bacc4d9fd4d7346,,unknown,0,0,,13,,1.005704,0,,0,2026-05-31 21:49:31
5baceee668a2342d,,unknown,0,0,,10,,1.057681,0,,0,2026-05-31 21:49:31
5bae72b99b6b8d4d,docs\documents-atlas-index.md#chunk-577,unknown,0,0,,,19,0.991721,0,,0,2026-05-31 21:49:31
5bb5669b5810a151,,unknown,0,0,,,,0.832512,0,,0,2026-05-31 21:49:31
5bbdb726eabb42c2,,unknown,0,0,,13,,1.039136,0,,0,2026-05-31 21:49:31
5bbfc60e1cad9e0d,,unknown,0,0,,10,,1.138472,0,,0,2026-05-31 21:49:31
5bcd37226d45d675,,unknown,0,0,,,1,0.868212,0,,0,2026-05-31 21:49:31
5bd1598de8f5b8d0,,unknown,0,0,,,5,1.016375,0,,0,2026-05-31 21:49:31
5bd3006c1b30c93b,,unknown,0,0,,1,18,0.974727,0,,0,2026-05-31 21:49:31
5bd54246fa5626c6,,unknown,0,0,,,3,0.847017,0,,0,2026-05-31 21:49:31
5bdec8971c79abf3,docs\documents-atlas-index.md#chunk-487,unknown,0,0,,1,19,0.969993,0,,0,2026-05-31 21:49:31
5bdeda800d45002a,,unknown,0,0,,,19,0.950695,0,,0,2026-05-31 21:49:31
5bf060bc7a4812db,,unknown,0,0,,15,18,0.99231,0,,0,2026-05-31 21:49:31
5bf15905faea0fbf,,unknown,0,0,,9,,1.047861,0,,0,2026-05-31 21:49:31
5bf2cbd76ef764d8,docs\documents-atlas-index.md#chunk-1270,unknown,0,0,,,18,1.066135,0,,0,2026-05-31 21:49:31
5bf72b9434de9d91,,unknown,0,0,,5,,0.882257,0,,0,2026-05-31 21:49:31
5bf8551cad74833b,,unknown,0,0,,1,2,0.899987,0,,0,2026-05-31 21:49:31
5bf9e3755256015c,,unknown,0,0,,,19,0.749315,0,,0,2026-05-31 21:49:31
5c003383a49d2eeb,,unknown,0,0,,19,1,0.930645,0,,0,2026-05-31 21:49:31
5c011b7b56846c38,,unknown,0,0,,12,12,0.908027,0,,0,2026-05-31 21:49:31
5c1d45566bf03b1e,,unknown,0,0,,17,19,0.989574,0,,0,2026-05-31 21:49:31
5c1fc3569e23caae,docs\documents-atlas-index.md#chunk-412,unknown,0,0,,8,19,0.973283,0,,0,2026-05-31 21:49:31
5c20eefa2e4f4b24,docs\documents-atlas-index.md#chunk-477,unknown,0,0,,19,1,1.12273,0,,0,2026-05-31 21:49:31
5c251e24d2b9aa85,,unknown,0,0,,13,9,0.933473,0,,0,2026-05-31 21:49:31
5c2cfd3d831ea19b,,unknown,0,0,,19,5,1.085602,0,,0,2026-05-31 21:49:31
5c2f284c35c66252,docs\documents-atlas-index.md#chunk-1043,unknown,0,0,,17,14,0.96502,0,,0,2026-05-31 21:49:31
5c34e09e0c23506f,,unknown,0,0,,9,19,0.882622,0,,0,2026-05-31 21:49:31
5c377c0f575b93f5,,unknown,0,0,,18,13,0.995367,0,,0,2026-05-31 21:49:31
5c3933f4eb91b788,,unknown,0,0,,17,11,0.894229,0,,0,2026-05-31 21:49:31
5c4184ace1b1a09a,,unknown,0,0,,17,14,0.987063,0,,0,2026-05-31 21:49:31
5c4c777b5ae22f1d,docs\CODEBASE_DIRECTORY_MAP.md#chunk-32,unknown,0,0,,14,19,0.938984,0,,0,2026-05-31 21:49:31
5c5d56baf992bc8b,docs\documents-atlas-index.md#chunk-1114,unknown,0,0,,16,11,0.917572,0,,0,2026-05-31 21:49:31
5c61c4eef6358fb1,,unknown,0,0,,12,17,1.007645,0,,0,2026-05-31 21:49:31
5c622c1e982582fe,,unknown,0,0,,18,16,0.888843,0,,0,2026-05-31 21:49:31
5c64b89c50b1a0be,,unknown,0,0,,15,18,0.947804,0,,0,2026-05-31 21:49:31
5c7b0782720f39a8,,unknown,0,0,,19,13,0.846098,0,,0,2026-05-31 21:49:31
5c7c5cc1b7d4c6ae,,unknown,0,0,,19,14,0.947922,0,,0,2026-05-31 21:49:31
5c8341bded9ebce7,,unknown,0,0,,19,10,1.028734,0,,0,2026-05-31 21:49:31
5c8b0b20aa57baf9,,unknown,0,0,,14,,1.022847,0,,0,2026-05-31 21:49:31
5c979fcbde86e6ab,,unknown,0,0,,16,10,0.966571,0,,0,2026-05-31 21:49:31
5c9d36d870a3cdaf,,unknown,0,0,,17,16,0.915262,0,,0,2026-05-31 21:49:31
5c9f40fed200fb4d,,unknown,0,0,,16,11,1.091593,0,,0,2026-05-31 21:49:31
5ca4766fa3fdcda7,,unknown,0,0,,13,10,1.139566,0,,0,2026-05-31 21:49:31
5ca97cf8416e6cca,,unknown,0,0,,17,15,1.048666,0,,0,2026-05-31 21:49:31
5cb8cf88dc425bff,,unknown,0,0,,3,15,1.006635,0,,0,2026-05-31 21:49:31
5cbb1d6eb0a12488,,unknown,0,0,,6,1,0.856515,0,,0,2026-05-31 21:49:31
5cbb53ab23ce57d8,,unknown,0,0,,17,15,1.030005,0,,0,2026-05-31 21:49:31
5cbd9e696c803db8,,unknown,0,0,,7,1,0.908652,0,,0,2026-05-31 21:49:31
5cbe8d8d0c69244b,,unknown,0,0,,4,,0.925208,0,,0,2026-05-31 21:49:31
5cc684244d64ef8c,,unknown,0,0,,1,19,0.727781,0,,0,2026-05-31 21:49:31
5ccd7520d1126958,,unknown,0,0,,4,5,0.930802,0,,0,2026-05-31 21:49:31
5ccfd35122a511fa,,unknown,0,0,,17,18,1.031794,0,,0,2026-05-31 21:49:31
5cf06ae7a473e185,,unknown,0,0,,,9,0.926621,0,,0,2026-05-31 21:49:31
5cf12d5432700183,,unknown,0,0,,1,1,0.822678,0,,0,2026-05-31 21:49:31
5cf164222d369d3d,,unknown,0,0,,,19,0.836126,0,,0,2026-05-31 21:49:31
5cf8c27fbc0a67b2,,unknown,0,0,,,,1.107345,0,,0,2026-05-31 21:49:31
5cfd61a17644b252,,unknown,0,0,,,15,0.962975,0,,0,2026-05-31 21:49:31
5d134379296f0dc2,docs\documents-atlas-index.md#chunk-1046,unknown,0,0,,19,1,0.848075,0,,0,2026-05-31 21:49:31
5d16f99cffdd6f61,docs\documents-atlas-index.md#chunk-97,unknown,0,0,,15,,0.957656,0,,0,2026-05-31 21:49:31
5d1762fea83b9be2,,unknown,0,0,,19,10,1.070322,0,,0,2026-05-31 21:49:31
5d23ff0567ca0f34,,unknown,0,0,,18,,0.913482,0,,0,2026-05-31 21:49:31
5d29c546781044f6,,unknown,0,0,,9,19,0.884148,0,,0,2026-05-31 21:49:31
5d34262fc0838b3f,,unknown,0,0,,13,19,0.901226,0,,0,2026-05-31 21:49:31
5d3b05a1e2567928,,unknown,0,0,,17,11,0.842664,0,,0,2026-05-31 21:49:31
5d47802794f11c18,,unknown,0,0,,13,15,0.8746,0,,0,2026-05-31 21:49:31
5d4b41cdabea4fa1,,unknown,0,0,,17,,1.06548,0,,0,2026-05-31 21:49:31
5d4c83206207735c,,unknown,0,0,,18,16,0.826095,0,,0,2026-05-31 21:49:31
5d5c8cef73ef6f1b,docs\documents-atlas-index.md#chunk-1233,unknown,0,0,,15,,1.055245,0,,0,2026-05-31 21:49:31
5d61f86f0e4ca6b8,,unknown,0,0,,19,5,1.050935,0,,0,2026-05-31 21:49:31
5d6d395bb728824c,,unknown,0,0,,17,14,0.935893,0,,0,2026-05-31 21:49:31
5d7193e6485218a0,docs\documents-atlas-index.md#chunk-339,unknown,0,0,,17,15,0.859194,0,,0,2026-05-31 21:49:31
5d74fa0f8002bc40,,unknown,0,0,,7,13,0.974234,0,,0,2026-05-31 21:49:31
5d8ff07b58d811cf,docs\documents-atlas-index.md#chunk-1083,unknown,0,0,,15,19,0.92611,0,,0,2026-05-31 21:49:31
5d9599fcc712cf0b,,unknown,0,0,,16,11,0.960013,0,,0,2026-05-31 21:49:31
5d9632bcc75baa7c,,unknown,0,0,,17,10,0.993212,0,,0,2026-05-31 21:49:31
5d9ea1d52a214434,docs\documents-atlas-index.md#chunk-14,unknown,0,0,,,19,0.971626,0,,0,2026-05-31 21:49:31
5da0d723fe7c8284,docs\documents-atlas-index.md#chunk-194,unknown,0,0,,18,4,1.026946,0,,0,2026-05-31 21:49:31
5da2f0421a7a8ddd,docs\documents-atlas-index.md#chunk-1013,unknown,0,0,,1,19,0.923989,0,,0,2026-05-31 21:49:31
5da8401bd8c8627e,,unknown,0,0,,3,,1.003599,0,,0,2026-05-31 21:49:31
5dbd01ed63decf9f,,unknown,0,0,,17,15,1.162229,0,,0,2026-05-31 21:49:31
5dc6a8e37ccc515a,,unknown,0,0,,,19,1.016398,0,,0,2026-05-31 21:49:31
5dce68173f4f2a5b,,unknown,0,0,,19,,1.005269,0,,0,2026-05-31 21:49:31
5dd6a81036ef1dc0,,unknown,0,0,,18,,1.032785,0,,0,2026-05-31 21:49:31
5ddb0871bc7c8399,,unknown,0,0,,1,,0.909569,0,,0,2026-05-31 21:49:31
5de38a7b69738178,,unknown,0,0,,1,1,0.767621,0,,0,2026-05-31 21:49:31
5de5985a83ffbfcd,,unknown,0,0,,15,16,1.064851,0,,0,2026-05-31 21:49:31
5de6db9779bef869,docs\documents-atlas-index.md#chunk-1088,unknown,0,0,,1,,1.021368,0,,0,2026-05-31 21:49:31
5dea1b17401ea6be,,unknown,0,0,,2,,1.095651,0,,0,2026-05-31 21:49:31
5df4d3f4e6391e44,,unknown,0,0,,,14,0.848416,0,,0,2026-05-31 21:49:31
5dfc4c77664d05d1,,unknown,0,0,,2,,1.024211,0,,0,2026-05-31 21:49:31
5e012ca49717398e,docs\documents-atlas-index.md#chunk-589,unknown,0,0,,17,15,0.885784,0,,0,2026-05-31 21:49:31
5e039f719c2e9fb4,,unknown,0,0,,19,1,0.860824,0,,0,2026-05-31 21:49:31
5e054a9bcdf9637c,docs\documents-atlas-index.md#chunk-121,unknown,0,0,,8,,1.01463,0,,0,2026-05-31 21:49:31
5e09d6b96ff6b4cd,,unknown,0,0,,15,18,0.992075,0,,0,2026-05-31 21:49:31
5e0ba0edf6414530,,unknown,0,0,,17,10,1.052196,0,,0,2026-05-31 21:49:31
5e1bcc0ece916788,,unknown,0,0,,12,,0.970899,0,,0,2026-05-31 21:49:31
5e21bc0e841a5719,,unknown,0,0,,19,5,0.988493,0,,0,2026-05-31 21:49:31
5e2256f08c0537e9,,unknown,0,0,,17,15,0.942899,0,,0,2026-05-31 21:49:31
5e278d101735325b,,unknown,0,0,,18,15,0.90796,0,,0,2026-05-31 21:49:31
5e312b0f07d6e774,docs\documents-atlas-index.md#chunk-1204,unknown,0,0,,16,12,1.045783,0,,0,2026-05-31 21:49:31
5e407bc08dad9259,,unknown,0,0,,17,7,0.995788,0,,0,2026-05-31 21:49:31
5e4640e4001be12b,,unknown,0,0,,18,14,0.895653,0,,0,2026-05-31 21:49:31
5e53962bd3873722,,unknown,0,0,,17,10,0.955201,0,,0,2026-05-31 21:49:31
5e548054846a05e2,,unknown,0,0,,18,14,0.839021,0,,0,2026-05-31 21:49:31
5e55fbf3535a60f9,,unknown,0,0,,17,15,1.065598,0,,0,2026-05-31 21:49:31
5e56d9e8de767b8e,,unknown,0,0,,5,19,0.850562,0,,0,2026-05-31 21:49:31
5e578f834f7c2d28,,unknown,0,0,,19,1,0.890286,0,,0,2026-05-31 21:49:31
5e60f92dbf84a3c3,,unknown,0,0,,19,8,1.066745,0,,0,2026-05-31 21:49:31
5e68a958219681f1,,unknown,0,0,,15,15,0.853335,0,,0,2026-05-31 21:49:31
5e6ab69b2abc447c,,unknown,0,0,,15,,1.048925,0,,0,2026-05-31 21:49:31
5e715d223c613781,,unknown,0,0,,1,,0.899204,0,,0,2026-05-31 21:49:31
5e76480abbab61dd,,unknown,0,0,,16,18,1.087431,0,,0,2026-05-31 21:49:31
5e7d77c79c595f3b,docs\documents-atlas-index.md#chunk-789,unknown,0,0,,16,16,0.976081,0,,0,2026-05-31 21:49:31
5e82f5ca00b41c7a,,unknown,0,0,,9,19,0.949756,0,,0,2026-05-31 21:49:31
5e886d44a97cd83a,,unknown,0,0,,16,8,0.874368,0,,0,2026-05-31 21:49:31
5e8900d294ca1af4,,unknown,0,0,,17,17,0.968806,0,,0,2026-05-31 21:49:31
5e89d4af5342e154,,unknown,0,0,,18,13,0.976147,0,,0,2026-05-31 21:49:31
5e93e2ee39780fdb,,unknown,0,0,,10,19,0.855014,0,,0,2026-05-31 21:49:31
5e99471227ea8115,,unknown,0,0,,17,14,0.938816,0,,0,2026-05-31 21:49:31
5ea4d0769d3f94e6,,unknown,0,0,,,19,1.020343,0,,0,2026-05-31 21:49:31
5ebdb5020f6ddbb5,,unknown,0,0,,19,,1.048568,0,,0,2026-05-31 21:49:31
5ebfeeb6718d980f,,unknown,0,0,,12,1,1.049409,0,,0,2026-05-31 21:49:31
5ec2e76731cb9adf,,unknown,0,0,,,19,0.975623,0,,0,2026-05-31 21:49:31
5ed37a2b63dd8d63,,unknown,0,0,,3,,0.894758,0,,0,2026-05-31 21:49:31
5ed40fcae08c9131,,unknown,0,0,,,6,1.058703,0,,0,2026-05-31 21:49:31
5ee29ebdcebfa397,docs\documents-atlas-index.md#chunk-749,unknown,0,0,,1,,1.12063,0,,0,2026-05-31 21:49:31
5ee867f78c3ad62b,,unknown,0,0,,,18,1.000038,0,,0,2026-05-31 21:49:31
5efa2f446e074260,,unknown,0,0,,2,,0.845917,0,,0,2026-05-31 21:49:31
5f03b38249b6821b,docs\documents-atlas-index.md#chunk-86,unknown,0,0,,13,15,0.898111,0,,0,2026-05-31 21:49:31
5f09c1c8dd47ac70,,unknown,0,0,,1,16,1.00653,0,,0,2026-05-31 21:49:31
5f0fd5a32552a7ca,docs\documents-atlas-index.md#chunk-166,unknown,0,0,,19,16,0.94452,0,,0,2026-05-31 21:49:31
5f3b3431db70a92d,,unknown,0,0,,16,10,1.065014,0,,0,2026-05-31 21:49:31
5f47f979f06ab255,,unknown,0,0,,19,7,0.862381,0,,0,2026-05-31 21:49:31
5f496f85064f411b,,unknown,0,0,,19,3,1.003783,0,,0,2026-05-31 21:49:31
5f4edf5ad057e367,,unknown,0,0,,16,9,1.033967,0,,0,2026-05-31 21:49:31
5f5d3db46efdc2fd,,unknown,0,0,,18,15,1.085476,0,,0,2026-05-31 21:49:31
5f5d5bc8f17b09ac,,unknown,0,0,,19,,0.93146,0,,0,2026-05-31 21:49:31
5f5dbfa89bf6bfd4,,unknown,0,0,,14,,1.00069,0,,0,2026-05-31 21:49:31
5f5eca97c01f3335,,unknown,0,0,,19,,0.833392,0,,0,2026-05-31 21:49:31
5f73f208192e2abf,,unknown,0,0,,9,19,0.87221,0,,0,2026-05-31 21:49:31
5f7c2a21979215e6,docs\documents-atlas-index.md#chunk-1314,unknown,0,0,,18,15,0.924034,0,,0,2026-05-31 21:49:31
5f7da9e91af99cff,,unknown,0,0,,15,19,0.968636,0,,0,2026-05-31 21:49:31
5f7ee5c182f275c4,,unknown,0,0,,18,17,1.001705,0,,0,2026-05-31 21:49:31
5f89da8e395587a1,,unknown,0,0,,13,15,0.960314,0,,0,2026-05-31 21:49:31
5f89dd5c2c606fa8,,unknown,0,0,,10,17,1.009643,0,,0,2026-05-31 21:49:31
5f8d4929ddc6dab5,,unknown,0,0,,14,,0.9956,0,,0,2026-05-31 21:49:31
5f90757b07335f52,docs\documents-atlas-index.md#chunk-16,unknown,0,0,,11,16,0.884967,0,,0,2026-05-31 21:49:31
5fa9f77ce86d4f2b,,unknown,0,0,,5,18,1.026391,0,,0,2026-05-31 21:49:31
5fcfc7dbe44884bb,,unknown,0,0,,,19,1.118282,0,,0,2026-05-31 21:49:31
5fdafdff91306434,,unknown,0,0,,,13,1.107353,0,,0,2026-05-31 21:49:31
5fe667579ed69d1d,,unknown,0,0,,,19,0.865099,0,,0,2026-05-31 21:49:31
5fe7bf340df569e7,docs\documents-atlas-index.md#chunk-262,unknown,0,0,,1,,1.028435,0,,0,2026-05-31 21:49:31
5fface8aa5860fb7,,unknown,0,0,,10,,0.922367,0,,0,2026-05-31 21:49:31
5ffc955f33b5a56e,,unknown,0,0,,,19,1.064597,0,,0,2026-05-31 21:49:31
5ffeca9af84391ee,,unknown,0,0,,9,1,1.141146,0,,0,2026-05-31 21:49:31
600803e018c935bb,,unknown,0,0,,16,16,0.856998,0,,0,2026-05-31 21:49:31
60088dd3c9eb25fa,,unknown,0,0,,15,7,1.03415,0,,0,2026-05-31 21:49:31
600b35580f7d431c,docs\documents-atlas-index.md#chunk-366,unknown,0,0,,19,5,0.969892,0,,0,2026-05-31 21:49:31
600d8dbd404185c1,,unknown,0,0,,17,11,1.012465,0,,0,2026-05-31 21:49:31
601328b6aade0396,docs\documents-atlas-index.md#chunk-864,unknown,0,0,,19,7,0.934635,0,,0,2026-05-31 21:49:31
601954ca3cab3cc2,,unknown,0,0,,14,15,0.987934,0,,0,2026-05-31 21:49:31
603d7f9b6530a570,,unknown,0,0,,16,10,0.896857,0,,0,2026-05-31 21:49:31
6048ba8c5fe0114d,,unknown,0,0,,10,16,1.039169,0,,0,2026-05-31 21:49:31
604d0048dacab0f4,,unknown,0,0,,19,8,0.943057,0,,0,2026-05-31 21:49:31
605003c83c2f7ab6,,unknown,0,0,,19,5,0.908516,0,,0,2026-05-31 21:49:31
605b57e8c5bcf7d6,,unknown,0,0,,19,10,0.899085,0,,0,2026-05-31 21:49:31
605f24c4d4e65237,,unknown,0,0,,16,9,0.92206,0,,0,2026-05-31 21:49:31
606b3e9698f2a740,,unknown,0,0,,14,9,0.917973,0,,0,2026-05-31 21:49:31
60715a9b58092060,,unknown,0,0,,,,0.869307,0,,0,2026-05-31 21:49:31
607b33c73c6ccee3,,unknown,0,0,,19,9,0.979527,0,,0,2026-05-31 21:49:31
607c8a70d540edbd,,unknown,0,0,,10,6,0.91237,0,,0,2026-05-31 21:49:31
607fa4b46803af39,,unknown,0,0,,,15,0.8941,0,,0,2026-05-31 21:49:31
6087c8a3f9d952d4,,unknown,0,0,,19,9,0.935779,0,,0,2026-05-31 21:49:31
608d2b8ce6e8e651,,unknown,0,0,,15,9,1.02294,0,,0,2026-05-31 21:49:31
609cca13bb2781f1,,unknown,0,0,,16,3,0.9616,0,,0,2026-05-31 21:49:31
609d3af2d9cff95d,,unknown,0,0,,15,8,0.983484,0,,0,2026-05-31 21:49:31
60bd9467cfa14966,,unknown,0,0,,7,2,0.856667,0,,0,2026-05-31 21:49:31
60c07692fa77684f,,unknown,0,0,,1,5,0.819087,0,,0,2026-05-31 21:49:31
60ce5b24a24ac472,,unknown,0,0,,5,3,0.91929,0,,0,2026-05-31 21:49:31
60d577c00469f1c1,,unknown,0,0,,,15,0.962708,0,,0,2026-05-31 21:49:31
60da93eb77a6f3df,,unknown,0,0,,16,16,1.091259,0,,0,2026-05-31 21:49:31
60dacc421301950a,,unknown,0,0,,6,4,0.938136,0,,0,2026-05-31 21:49:31
60e66b6fa6f832d6,,unknown,0,0,,4,1,0.902847,0,,0,2026-05-31 21:49:31
60e67332ccf0958d,docs\documents-atlas-index.md#chunk-325,unknown,0,0,,,3,0.948588,0,,0,2026-05-31 21:49:31
60f1c7d7430ef01c,docs\documents-atlas-index.md#chunk-503,unknown,0,0,,,17,0.992453,0,,0,2026-05-31 21:49:31
60f2d616ffc40367,,unknown,0,0,,,4,0.970244,0,,0,2026-05-31 21:49:31
60f6b0ebe73ea119,,unknown,0,0,,,13,1.040688,0,,0,2026-05-31 21:49:31
60f950c5322bc35c,,unknown,0,0,,,15,1.00211,0,,0,2026-05-31 21:49:31
6104d9939ef07c39,,unknown,0,0,,9,15,0.881772,0,,0,2026-05-31 21:49:31
6120f1a86a46009d,,unknown,0,0,,9,19,0.867615,0,,0,2026-05-31 21:49:31
6124924a0ec41738,,unknown,0,0,,12,16,0.941035,0,,0,2026-05-31 21:49:31
61372eda2172c07c,,unknown,0,0,,17,11,0.956521,0,,0,2026-05-31 21:49:31
61380a3b4751e62f,,unknown,0,0,,16,11,0.945609,0,,0,2026-05-31 21:49:31
6139125c0b9735f9,,unknown,0,0,,13,18,0.959233,0,,0,2026-05-31 21:49:31
613b530340115d15,,unknown,0,0,,12,11,0.90457,0,,0,2026-05-31 21:49:31
614291359e89e8a6,,unknown,0,0,,19,9,0.859992,0,,0,2026-05-31 21:49:31
61459e3f4aeffb80,,unknown,0,0,,19,5,1.051479,0,,0,2026-05-31 21:49:31
6151f943d081a1ce,,unknown,0,0,,9,18,0.947607,0,,0,2026-05-31 21:49:31
6158123cb9ce0c43,,unknown,0,0,,15,6,0.988013,0,,0,2026-05-31 21:49:31
6164cdc7bfa789c3,,unknown,0,0,,12,,0.974798,0,,0,2026-05-31 21:49:31
61761ff33550b782,,unknown,0,0,,17,11,0.860501,0,,0,2026-05-31 21:49:31
6178826f779d00e1,,unknown,0,0,,19,7,0.933404,0,,0,2026-05-31 21:49:31
61796ca411cf7c4f,,unknown,0,0,,11,10,1.012898,0,,0,2026-05-31 21:49:31
617aaf706e180115,docs\documents-atlas-index.md#chunk-615,unknown,0,0,,16,3,0.92786,0,,0,2026-05-31 21:49:31
61802591c54284b4,,unknown,0,0,,19,10,0.845423,0,,0,2026-05-31 21:49:31
6189081faf6d5d5f,,unknown,0,0,,19,5,1.006217,0,,0,2026-05-31 21:49:31
61946ab9164d6f57,,unknown,0,0,,19,4,0.878841,0,,0,2026-05-31 21:49:31
619acaf6a2d011c2,,unknown,0,0,,12,,0.985714,0,,0,2026-05-31 21:49:31
619c66c4face4464,,unknown,0,0,,16,5,0.87222,0,,0,2026-05-31 21:49:31
61ae19ed38174fc8,,unknown,0,0,,,5,1.045096,0,,0,2026-05-31 21:49:31
61c0882f0c7967f8,,unknown,0,0,,,,0.831065,0,,0,2026-05-31 21:49:31
61d2114800083145,,unknown,0,0,,,3,0.795536,0,,0,2026-05-31 21:49:31
61d2ab0a0bac1e28,,unknown,0,0,,5,,0.976724,0,,0,2026-05-31 21:49:31
61d4908f3b9c782e,docs\documents-atlas-index.md#chunk-890,unknown,0,0,,,,0.860862,0,,0,2026-05-31 21:49:31
61e5a050299a41f2,,unknown,0,0,,,,1.00296,0,,0,2026-05-31 21:49:31
61f69db445942d6a,,unknown,0,0,,7,8,0.852443,0,,0,2026-05-31 21:49:31
61f89a593b2c81b8,,unknown,0,0,,,,0.799892,0,,0,2026-05-31 21:49:31
61f93f2af1e3a4a0,,unknown,0,0,,2,1,0.928444,0,,0,2026-05-31 21:49:31
62067658453f2962,,unknown,0,0,,19,6,0.787609,0,,0,2026-05-31 21:49:31
621c91ec91b31f95,,unknown,0,0,,14,14,0.985673,0,,0,2026-05-31 21:49:31
622723057e3ae4b3,,unknown,0,0,,19,8,0.980538,0,,0,2026-05-31 21:49:31
622e8af5a12af5b7,docs\documents-atlas-index.md#chunk-144,unknown,0,0,,18,9,0.929286,0,,0,2026-05-31 21:49:31
62346c29f7ae852d,,unknown,0,0,,13,5,0.884089,0,,0,2026-05-31 21:49:31
6237c5e7463339e5,,unknown,0,0,,10,18,0.848767,0,,0,2026-05-31 21:49:31
6240559a73045457,,unknown,0,0,,19,8,0.865927,0,,0,2026-05-31 21:49:31
624809cbde794161,,unknown,0,0,,17,10,0.922566,0,,0,2026-05-31 21:49:31
6248b9599921a397,,unknown,0,0,,8,16,0.785249,0,,0,2026-05-31 21:49:31
6255d6015c95a003,,unknown,0,0,,1,18,0.883654,0,,0,2026-05-31 21:49:31
62625a652fabb3b7,,unknown,0,0,,19,7,0.998111,0,,0,2026-05-31 21:49:31
626b0789afbccd15,docs\documents-atlas-index.md#chunk-889,unknown,0,0,,15,5,0.919454,0,,0,2026-05-31 21:49:31
628081dee6359e0c,docs\documents-atlas-index.md#chunk-951,unknown,0,0,,10,17,0.864854,0,,0,2026-05-31 21:49:31
628308b5a274f266,docs\documents-atlas-index.md#chunk-668,unknown,0,0,,18,10,0.757106,0,,0,2026-05-31 21:49:31
6290470c34bcde06,,unknown,0,0,,12,12,1.054731,0,,0,2026-05-31 21:49:31
6290a9f69b312227,docs\documents-atlas-index.md#chunk-645,unknown,0,0,,7,18,0.882434,0,,0,2026-05-31 21:49:31
62967bb2f6a9f6b2,,unknown,0,0,,18,10,0.892169,0,,0,2026-05-31 21:49:31
629b7a0ee409a472,docs\documents-atlas-index.md#chunk-88,unknown,0,0,,15,9,0.975749,0,,0,2026-05-31 21:49:31
629e4cb2d264a828,,unknown,0,0,,16,10,0.854785,0,,0,2026-05-31 21:49:31
62a0b6eccb4c5329,,unknown,0,0,,,7,1.065162,0,,0,2026-05-31 21:49:31
62a32c9ff55c3f10,,unknown,0,0,,4,4,0.910815,0,,0,2026-05-31 21:49:31
62a60774089ec161,,unknown,0,0,,,,0.812845,0,,0,2026-05-31 21:49:31
62a881f23a43baea,,unknown,0,0,,,18,0.936982,0,,0,2026-05-31 21:49:31
62bbc466da2af3d0,,unknown,0,0,,19,6,1.030797,0,,0,2026-05-31 21:49:31
62c59d01f4dbd41c,,unknown,0,0,,7,4,0.976193,0,,0,2026-05-31 21:49:31
62c94dce2a364410,docs\documents-atlas-index.md#chunk-45,unknown,0,0,,,,0.850866,0,,0,2026-05-31 21:49:31
62c994e1e63eebd6,,unknown,0,0,,,10,1.001723,0,,0,2026-05-31 21:49:31
62cb62dbba73fb3d,,unknown,0,0,,,10,1.02623,0,,0,2026-05-31 21:49:31
62d1447dd916696a,,unknown,0,0,,1,4,0.840056,0,,0,2026-05-31 21:49:31
62d2bb85a0aaf762,,unknown,0,0,,,7,1.001904,0,,0,2026-05-31 21:49:31
62d9a810420fa570,,unknown,0,0,,,15,0.920887,0,,0,2026-05-31 21:49:31
62e92d8b333efd75,,unknown,0,0,,1,1,0.93777,0,,0,2026-05-31 21:49:31
62f0caa247728988,docs\documents-atlas-index.md#chunk-736,unknown,0,0,,,12,0.825569,0,,0,2026-05-31 21:49:31
62f2426336b2ff57,,unknown,0,0,,,8,0.893389,0,,0,2026-05-31 21:49:31
6306755c1aa9481e,,unknown,0,0,,12,18,0.890435,0,,0,2026-05-31 21:49:31
6308afa4c54cbbc9,,unknown,0,0,,19,2,0.94247,0,,0,2026-05-31 21:49:31
6310aac285984d8e,,unknown,0,0,,10,13,0.858954,0,,0,2026-05-31 21:49:31
6311ade63535093c,,unknown,0,0,,8,16,0.962464,0,,0,2026-05-31 21:49:31
6316e4482220f4a6,,unknown,0,0,,9,18,0.928833,0,,0,2026-05-31 21:49:31
631748ddc60a2027,,unknown,0,0,,19,8,0.912005,0,,0,2026-05-31 21:49:31
63177cbab36dee2e,,unknown,0,0,,15,9,1.005295,0,,0,2026-05-31 21:49:31
6317cffb6e1a0b07,,unknown,0,0,,19,5,0.976937,0,,0,2026-05-31 21:49:31
631afebfe4c1df05,,unknown,0,0,,12,,1.077546,0,,0,2026-05-31 21:49:31
631b79bcdd775b9e,,unknown,0,0,,15,9,0.958541,0,,0,2026-05-31 21:49:31
631bb8efd6ede977,,unknown,0,0,,19,6,1.002965,0,,0,2026-05-31 21:49:31
631d79c23c9dccbf,,unknown,0,0,,19,1,1.050315,0,,0,2026-05-31 21:49:31
6328f4ba9612d89e,,unknown,0,0,,9,19,0.886041,0,,0,2026-05-31 21:49:31
633e63e3560cb1c8,,unknown,0,0,,19,12,0.897101,0,,0,2026-05-31 21:49:31
634fee6a85714674,,unknown,0,0,,11,11,0.996091,0,,0,2026-05-31 21:49:31
635033ad3ee586bf,docs\documents-atlas-index.md#chunk-349,unknown,0,0,,14,19,0.875402,0,,0,2026-05-31 21:49:31
6351169198eae69f,,unknown,0,0,,19,9,0.901915,0,,0,2026-05-31 21:49:31
63565c3779462c35,,unknown,0,0,,10,11,0.794275,0,,0,2026-05-31 21:49:31
635c547cb200fe04,docs\documents-atlas-index.md#chunk-559,unknown,0,0,,14,10,0.934522,0,,0,2026-05-31 21:49:31
635df4d1b67eca68,,unknown,0,0,,19,2,0.876813,0,,0,2026-05-31 21:49:31
636790660c7f34c1,,unknown,0,0,,19,6,0.898311,0,,0,2026-05-31 21:49:31
636be6af9da87457,,unknown,0,0,,17,5,1.034358,0,,0,2026-05-31 21:49:31
636fb7a91116e539,,unknown,0,0,,19,9,0.90945,0,,0,2026-05-31 21:49:31
63724dd59e747e88,,unknown,0,0,,10,10,0.864096,0,,0,2026-05-31 21:49:31
637b7bad30b543e1,,unknown,0,0,,16,13,1.010744,0,,0,2026-05-31 21:49:31
637c804b0ec69c95,docs\documents-atlas-index.md#chunk-292,unknown,0,0,,12,15,0.937553,0,,0,2026-05-31 21:49:31
6382e1d1058d7b7d,,unknown,0,0,,7,18,0.922276,0,,0,2026-05-31 21:49:31
63832102ccaf9ae1,,unknown,0,0,,19,2,0.893657,0,,0,2026-05-31 21:49:31
638b6a6cacd2430a,,unknown,0,0,,8,,0.903345,0,,0,2026-05-31 21:49:31
639af7447e25e450,,unknown,0,0,,19,6,0.930064,0,,0,2026-05-31 21:49:31
63a1dd40ae8a19e8,docs\documents-atlas-index.md#chunk-1144,unknown,0,0,,10,,0.923693,0,,0,2026-05-31 21:49:31
63a229180245b106,,unknown,0,0,,,1,0.792799,0,,0,2026-05-31 21:49:31
63a5434202c8b6e1,,unknown,0,0,,,,0.954665,0,,0,2026-05-31 21:49:31
63adfc72297d4071,,unknown,0,0,,6,,0.940408,0,,0,2026-05-31 21:49:31
63afe29ee6410443,,unknown,0,0,,6,5,1.014739,0,,0,2026-05-31 21:49:31
63b9feaba094fdb6,,unknown,0,0,,,10,0.992131,0,,0,2026-05-31 21:49:31
63cb46f807873a76,,unknown,0,0,,7,9,0.94533,0,,0,2026-05-31 21:49:31
63d3fc2c6318a685,,unknown,0,0,,,6,0.86649,0,,0,2026-05-31 21:49:31
63de860ef2516c1c,,unknown,0,0,,7,6,0.88086,0,,0,2026-05-31 21:49:31
63e59aaa45630623,,unknown,0,0,,,3,0.83317,0,,0,2026-05-31 21:49:31
63ef3cc887cde3d2,,unknown,0,0,,6,,1.065418,0,,0,2026-05-31 21:49:31
63fa1b07a9de005b,,unknown,0,0,,7,1,0.891495,0,,0,2026-05-31 21:49:31
640156092a4e4b49,,unknown,0,0,,19,4,0.830857,0,,0,2026-05-31 21:49:31
6405c934d8324e43,,unknown,0,0,,8,16,0.871969,0,,0,2026-05-31 21:49:31
6415cebe1740e19d,,unknown,0,0,,10,13,1.056052,0,,0,2026-05-31 21:49:31
641af00aa76b344e,,unknown,0,0,,19,5,0.926962,0,,0,2026-05-31 21:49:31
6423763241aa06c4,,unknown,0,0,,19,7,0.912966,0,,0,2026-05-31 21:49:31
642a8e3bf84e9240,,unknown,0,0,,18,5,0.871783,0,,0,2026-05-31 21:49:31
642edf2f3b0b7f75,,unknown,0,0,,19,,0.947862,0,,0,2026-05-31 21:49:31
642f6dc4f762131e,,unknown,0,0,,11,5,0.934993,0,,0,2026-05-31 21:49:31
6430431f759f5bd2,,unknown,0,0,,13,17,0.979352,0,,0,2026-05-31 21:49:31
6445cc098d664c16,,unknown,0,0,,8,13,0.820886,0,,0,2026-05-31 21:49:31
644f1a825066807f,,unknown,0,0,,14,9,0.906151,0,,0,2026-05-31 21:49:31
645a78aef94a3a37,,unknown,0,0,,19,4,0.903453,0,,0,2026-05-31 21:49:31
645a82ceaf700166,,unknown,0,0,,17,9,0.970303,0,,0,2026-05-31 21:49:31
645b635f3b505a96,,unknown,0,0,,11,17,0.960874,0,,0,2026-05-31 21:49:31
6465d502a4afcec0,,unknown,0,0,,19,2,0.926585,0,,0,2026-05-31 21:49:31
646790ee9b950ef6,,unknown,0,0,,12,19,0.934976,0,,0,2026-05-31 21:49:31
6471106670459c9d,,unknown,0,0,,9,18,0.763156,0,,0,2026-05-31 21:49:31
6473873b6765a9f3,,unknown,0,0,,19,12,0.851035,0,,0,2026-05-31 21:49:31
647d51ac0edfccfd,docs\documents-atlas-index.md#chunk-483,unknown,0,0,,15,16,1.134673,0,,0,2026-05-31 21:49:31
6490de5b13661411,,unknown,0,0,,10,13,0.975161,0,,0,2026-05-31 21:49:31
64919a17f840ad1e,,unknown,0,0,,8,9,0.830482,0,,0,2026-05-31 21:49:31
64923c598e75a442,,unknown,0,0,,,,0.76863,0,,0,2026-05-31 21:49:31
6495c04a0df49d6c,,unknown,0,0,,9,19,0.797047,0,,0,2026-05-31 21:49:31
64975c1afead4238,,unknown,0,0,,5,,0.956535,0,,0,2026-05-31 21:49:31
649f232cb8be1de5,,unknown,0,0,,19,1,1.045624,0,,0,2026-05-31 21:49:31
64a2258d7e906092,,unknown,0,0,,,,0.718641,0,,0,2026-05-31 21:49:31
64a59bf4c1604be7,,unknown,0,0,,5,8,0.899822,0,,0,2026-05-31 21:49:31
64aa7f410fef8d56,,unknown,0,0,,7,,0.87906,0,,0,2026-05-31 21:49:31
64b5f1740d2ff1b0,,unknown,0,0,,1,19,1.074064,0,,0,2026-05-31 21:49:31
64bd39139d53bf15,,unknown,0,0,,,4,0.868879,0,,0,2026-05-31 21:49:31
64c387196eba7154,,unknown,0,0,,,,0.696003,0,,0,2026-05-31 21:49:31
64c5e64e1e9fa0dc,,unknown,0,0,,6,19,1.098866,0,,0,2026-05-31 21:49:31
64ca80b2dd5f9a5e,,unknown,0,0,,10,6,0.960188,0,,0,2026-05-31 21:49:31
64ccc25453340955,,unknown,0,0,,,17,0.912101,0,,0,2026-05-31 21:49:31
64d4729e7704f37a,,unknown,0,0,,,3,0.896044,0,,0,2026-05-31 21:49:31
64d640d33f894d28,,unknown,0,0,,,14,0.836128,0,,0,2026-05-31 21:49:31
64d9e2d4b1e14313,,unknown,0,0,,,14,1.006259,0,,0,2026-05-31 21:49:31
64eec9458730007b,,unknown,0,0,,2,19,0.808194,0,,0,2026-05-31 21:49:31
64f6791584f57269,,unknown,0,0,,,,0.762532,0,,0,2026-05-31 21:49:31
64f843257fb46aed,,unknown,0,0,,11,19,0.92106,0,,0,2026-05-31 21:49:31
64f896d3b0f91260,,unknown,0,0,,,6,0.931923,0,,0,2026-05-31 21:49:31
65204ad9a5e2a61e,,unknown,0,0,,15,11,0.973324,0,,0,2026-05-31 21:49:31
65267917565dc54c,,unknown,0,0,,19,8,0.783418,0,,0,2026-05-31 21:49:31
652fee3cac6124e5,,unknown,0,0,,12,,0.999257,0,,0,2026-05-31 21:49:31
6533deed236b7bb2,,unknown,0,0,,19,5,0.991495,0,,0,2026-05-31 21:49:31
6535325af1eba191,,unknown,0,0,,19,8,0.897715,0,,0,2026-05-31 21:49:31
6537b3c37cbf59bd,,unknown,0,0,,12,18,0.966396,0,,0,2026-05-31 21:49:31
653fc513e34728bc,,unknown,0,0,,10,18,0.960741,0,,0,2026-05-31 21:49:31
65425aa7f90f6d56,,unknown,0,0,,19,4,0.866426,0,,0,2026-05-31 21:49:31
65444f70ef1b673d,,unknown,0,0,,15,5,0.878421,0,,0,2026-05-31 21:49:31
65454aed64c2e56c,,unknown,0,0,,16,12,0.950551,0,,0,2026-05-31 21:49:31
6546b63f9c79af46,,unknown,0,0,,9,15,0.857893,0,,0,2026-05-31 21:49:31
654bf857e82854ab,docs\documents-atlas-index.md#chunk-403,unknown,0,0,,10,18,0.879784,0,,0,2026-05-31 21:49:31
656dcb3a54114cda,,unknown,0,0,,11,19,0.938709,0,,0,2026-05-31 21:49:31
6571568f0f9a6e83,,unknown,0,0,,19,5,0.913441,0,,0,2026-05-31 21:49:31
657b7f4b67b56798,,unknown,0,0,,6,,0.807776,0,,0,2026-05-31 21:49:31
65822d23226d8744,,unknown,0,0,,19,7,0.822092,0,,0,2026-05-31 21:49:31
658307b1c58e89d9,,unknown,0,0,,19,8,0.839957,0,,0,2026-05-31 21:49:31
6589cc84154302ba,,unknown,0,0,,9,19,0.896703,0,,0,2026-05-31 21:49:31
658d678f0e19f0a6,,unknown,0,0,,19,11,0.95558,0,,0,2026-05-31 21:49:31
6590625e27b0956d,,unknown,0,0,,12,18,0.831828,0,,0,2026-05-31 21:49:31
65907cc5b25c7876,,unknown,0,0,,17,6,0.817616,0,,0,2026-05-31 21:49:31
659abe99c577a5b0,,unknown,0,0,,16,8,0.898089,0,,0,2026-05-31 21:49:31
65a25b2b4c783182,,unknown,0,0,,,,0.640922,0,,0,2026-05-31 21:49:31
65aa39d8f2478933,,unknown,0,0,,5,6,0.885598,0,,0,2026-05-31 21:49:31
65b33393e71d5be7,,unknown,0,0,,,6,0.964672,0,,0,2026-05-31 21:49:31
65b94ae2c4484732,,unknown,0,0,,3,7,0.805062,0,,0,2026-05-31 21:49:31
65bd6884817881ed,,unknown,0,0,,6,4,0.903192,0,,0,2026-05-31 21:49:31
65cb90f19b292bdf,,unknown,0,0,,2,19,1.018638,0,,0,2026-05-31 21:49:31
65d82eb5cefa8441,,unknown,0,0,,6,,0.95992,0,,0,2026-05-31 21:49:31
65e154c322a92103,,unknown,0,0,,,,0.93647,0,,0,2026-05-31 21:49:31
65f16f4e4946910d,,unknown,0,0,,2,1,0.815554,0,,0,2026-05-31 21:49:31
65f1ac9cd7cf7547,,unknown,0,0,,6,,0.918505,0,,0,2026-05-31 21:49:31
65f512de880bce3d,,unknown,0,0,,1,14,1.032424,0,,0,2026-05-31 21:49:31
65f7a6b301344dca,,unknown,0,0,,5,19,0.881097,0,,0,2026-05-31 21:49:31
65f8d583e01f87ec,,unknown,0,0,,8,18,1.015771,0,,0,2026-05-31 21:49:31
6602d4b3e848c797,,unknown,0,0,,19,8,0.879757,0,,0,2026-05-31 21:49:31
660721b403cb98a0,,unknown,0,0,,19,13,0.896789,0,,0,2026-05-31 21:49:31
6608051e2e1a193d,,unknown,0,0,,19,6,0.96123,0,,0,2026-05-31 21:49:31
660dd831b9421112,,unknown,0,0,,18,6,0.919729,0,,0,2026-05-31 21:49:31
6611fd8176223e51,docs\documents-atlas-index.md#chunk-964,unknown,0,0,,9,12,0.826272,0,,0,2026-05-31 21:49:31
661c2b5fcd68aaa4,,unknown,0,0,,15,8,0.946452,0,,0,2026-05-31 21:49:31
662468cb28b4827e,,unknown,0,0,,16,15,0.821676,0,,0,2026-05-31 21:49:31
6628fe0420a216d7,,unknown,0,0,,11,14,1.004151,0,,0,2026-05-31 21:49:31
663066b76ddbf84e,,unknown,0,0,,19,9,0.920416,0,,0,2026-05-31 21:49:31
663a6f9e65f87942,,unknown,0,0,,6,,0.901052,0,,0,2026-05-31 21:49:31
664075d695403611,,unknown,0,0,,18,10,0.862242,0,,0,2026-05-31 21:49:31
665aedf293f10344,,unknown,0,0,,12,,0.905143,0,,0,2026-05-31 21:49:31
665e572bd09fe166,,unknown,0,0,,19,8,0.857694,0,,0,2026-05-31 21:49:31
665e738f17d87eac,,unknown,0,0,,14,19,0.786876,0,,0,2026-05-31 21:49:31
666655281a4de9c8,,unknown,0,0,,19,7,0.883414,0,,0,2026-05-31 21:49:31
6668d09847a174c6,,unknown,0,0,,12,16,0.805149,0,,0,2026-05-31 21:49:31
666cfae1375b41bd,,unknown,0,0,,19,,0.980793,0,,0,2026-05-31 21:49:31
6684b6cdb5b29a78,,unknown,0,0,,10,14,0.905103,0,,0,2026-05-31 21:49:31
66867f97a82f88c0,,unknown,0,0,,18,6,0.789324,0,,0,2026-05-31 21:49:31
668a424f0c2eb92a,docs\documents-atlas-index.md#chunk-758,unknown,0,0,,19,8,0.975186,0,,0,2026-05-31 21:49:31
66a3196695a29953,,unknown,0,0,,,,0.684094,0,,0,2026-05-31 21:49:31
66a810457da2185a,,unknown,0,0,,,,0.861319,0,,0,2026-05-31 21:49:31
66b42aa2fd3be75d,,unknown,0,0,,1,8,0.935038,0,,0,2026-05-31 21:49:31
66bb5bce972b6368,,unknown,0,0,,4,,0.959691,0,,0,2026-05-31 21:49:31
66bb640fce319fb8,,unknown,0,0,,3,4,0.969455,0,,0,2026-05-31 21:49:31
66c5167ec49d1d68,,unknown,0,0,,4,4,0.899133,0,,0,2026-05-31 21:49:31
66d722a06ed57013,,unknown,0,0,,,,0.971553,0,,0,2026-05-31 21:49:31
66dcd7b8fe651189,,unknown,0,0,,,13,0.975048,0,,0,2026-05-31 21:49:31
66e23f055b3a9b32,,unknown,0,0,,1,,0.778357,0,,0,2026-05-31 21:49:31
66e57230bab4ba24,,unknown,0,0,,,8,0.885384,0,,0,2026-05-31 21:49:31
66ea6074145db148,,unknown,0,0,,,1,0.957039,0,,0,2026-05-31 21:49:31
66ec7583685760be,,unknown,0,0,,17,18,0.888375,0,,0,2026-05-31 21:49:31
66f05c8eb7daf057,,unknown,0,0,,1,,0.916219,0,,0,2026-05-31 21:49:31
66f42e1a41f4bddc,,unknown,0,0,,3,,1.059377,0,,0,2026-05-31 21:49:31
66fa7d80878128f0,,unknown,0,0,,4,2,0.84524,0,,0,2026-05-31 21:49:31
670508195600a90a,,unknown,0,0,,19,11,0.846551,0,,0,2026-05-31 21:49:31
670ce5832e8c5590,,unknown,0,0,,18,3,0.82912,0,,0,2026-05-31 21:49:31
670d51a2b69aa08a,,unknown,0,0,,19,9,0.881214,0,,0,2026-05-31 21:49:31
672440f019fd48a1,,unknown,0,0,,17,14,0.966779,0,,0,2026-05-31 21:49:31
672e6658d9d6a152,,unknown,0,0,,19,9,0.850317,0,,0,2026-05-31 21:49:31
673548b67c161b28,,unknown,0,0,,13,12,0.865116,0,,0,2026-05-31 21:49:31
673a6e7b3a248cb7,docs\documents-atlas-index.md#chunk-862,unknown,0,0,,7,,0.999557,0,,0,2026-05-31 21:49:31
67403bdf2a04aa6b,,unknown,0,0,,11,13,1.058901,0,,0,2026-05-31 21:49:31
67491151be63cdfc,,unknown,0,0,,12,19,0.940616,0,,0,2026-05-31 21:49:31
6757dc2d842f02bc,,unknown,0,0,,19,5,1.004666,0,,0,2026-05-31 21:49:31
675c3f8d33aed3f4,,unknown,0,0,,18,9,1.020765,0,,0,2026-05-31 21:49:31
675cc519b6c6df9e,docs\documents-atlas-index.md#chunk-1211,unknown,0,0,,10,11,0.917414,0,,0,2026-05-31 21:49:31
675e4b99eda58540,,unknown,0,0,,9,,0.767123,0,,0,2026-05-31 21:49:31
6769a6bc94ded0ce,,unknown,0,0,,15,15,1.009518,0,,0,2026-05-31 21:49:31
676ea915e2d4fc9b,,unknown,0,0,,10,11,0.920478,0,,0,2026-05-31 21:49:31
6770951087452f9f,,unknown,0,0,,9,18,0.694995,0,,0,2026-05-31 21:49:31
677bc49cc408e563,,unknown,0,0,,19,8,0.925576,0,,0,2026-05-31 21:49:31
6783cab27d8f9ee5,,unknown,0,0,,18,3,0.862458,0,,0,2026-05-31 21:49:31
6785314e43035828,,unknown,0,0,,13,15,0.894823,0,,0,2026-05-31 21:49:31
6788348b9e55f1af,,unknown,0,0,,14,19,0.85115,0,,0,2026-05-31 21:49:31
67928034e7fc330b,,unknown,0,0,,19,7,0.89342,0,,0,2026-05-31 21:49:31
6793cee8bee74d37,,unknown,0,0,,12,,0.858547,0,,0,2026-05-31 21:49:31
679926f5148656cd,,unknown,0,0,,17,15,0.776165,0,,0,2026-05-31 21:49:31
6799f25814fe632e,,unknown,0,0,,9,19,0.914104,0,,0,2026-05-31 21:49:31
67a30c2489b3f3a5,,unknown,0,0,,,,0.897363,0,,0,2026-05-31 21:49:31
67a60cedf185eda8,docs\documents-atlas-index.md#chunk-375,unknown,0,0,,,8,0.961886,0,,0,2026-05-31 21:49:31
67b80db432d7aa61,,unknown,0,0,,,9,0.878244,0,,0,2026-05-31 21:49:31
67ba6aa2134d662a,,unknown,0,0,,7,3,1.029233,0,,0,2026-05-31 21:49:31
67c154264d7545a2,,unknown,0,0,,,,0.775983,0,,0,2026-05-31 21:49:31
67c21aba6276b312,,unknown,0,0,,,6,0.895899,0,,0,2026-05-31 21:49:31
67c43ea33a2d809d,,unknown,0,0,,,,0.981412,0,,0,2026-05-31 21:49:31
67c61d2ac13442af,,unknown,0,0,,3,3,0.927664,0,,0,2026-05-31 21:49:31
67c9144236d56c67,,unknown,0,0,,,1,0.786386,0,,0,2026-05-31 21:49:31
67d4dc88287b3e1c,,unknown,0,0,,7,13,0.888857,0,,0,2026-05-31 21:49:31
67d980b05a3ac9d7,docs\documents-atlas-index.md#chunk-284,unknown,0,0,,,15,0.979753,0,,0,2026-05-31 21:49:31
67ef7c953e12f02d,,unknown,0,0,,3,1,0.885523,0,,0,2026-05-31 21:49:31
67f268bb9c07cd93,,unknown,0,0,,,11,0.82097,0,,0,2026-05-31 21:49:31
67f3dba3bc5e0e9a,docs\documents-atlas-index.md#chunk-226,unknown,0,0,,11,1,0.963986,0,,0,2026-05-31 21:49:31
67f6c8b7e700300e,docs\documents-atlas-index.md#chunk-1031,unknown,0,0,,2,17,0.865084,0,,0,2026-05-31 21:49:31
68011d4df7e9514b,,unknown,0,0,,7,,0.966816,0,,0,2026-05-31 21:49:31
6805af52291f155f,,unknown,0,0,,19,5,0.911153,0,,0,2026-05-31 21:49:31
681a4a187aab0c56,,unknown,0,0,,17,,0.794107,0,,0,2026-05-31 21:49:31
681acc4a32d05b65,docs\documents-atlas-index.md#chunk-937,unknown,0,0,,11,12,0.998478,0,,0,2026-05-31 21:49:31
68212fda03732943,docs\documents-atlas-index.md#chunk-526,unknown,0,0,,17,11,0.935289,0,,0,2026-05-31 21:49:31
6821bab42c86888f,,unknown,0,0,,7,18,0.914893,0,,0,2026-05-31 21:49:31
682a4e1d74ee8fe0,docs\documents-atlas-index.md#chunk-443,unknown,0,0,,19,,0.986273,0,,0,2026-05-31 21:49:31
68310bf825853e80,docs\documents-atlas-index.md#chunk-756,unknown,0,0,,12,11,0.887543,0,,0,2026-05-31 21:49:31
6831894446dc586e,,unknown,0,0,,13,13,0.898658,0,,0,2026-05-31 21:49:31
68323acc40da2cf0,,unknown,0,0,,15,12,1.044236,0,,0,2026-05-31 21:49:31
6834ae9f84862dc0,,unknown,0,0,,10,16,0.869795,0,,0,2026-05-31 21:49:31
683b12a3ca4f13a8,,unknown,0,0,,18,7,0.966574,0,,0,2026-05-31 21:49:31
6841088ee23f2ea4,,unknown,0,0,,19,4,0.980524,0,,0,2026-05-31 21:49:31
6846a0dda10e96b3,,unknown,0,0,,19,7,0.946676,0,,0,2026-05-31 21:49:31
6847b9ba6d81791c,,unknown,0,0,,9,19,0.846289,0,,0,2026-05-31 21:49:31
6854e67cc7c91830,docs\documents-atlas-index.md#chunk-1231,unknown,0,0,,18,6,0.941864,0,,0,2026-05-31 21:49:31
685742d7ef745b21,,unknown,0,0,,16,8,0.817076,0,,0,2026-05-31 21:49:31
685fcde5b3c60f14,,unknown,0,0,,12,,0.874252,0,,0,2026-05-31 21:49:31
68659cc75109a6ba,,unknown,0,0,,17,11,0.823903,0,,0,2026-05-31 21:49:31
6867a8bbbccc7c21,,unknown,0,0,,19,4,0.971748,0,,0,2026-05-31 21:49:31
6867cfffe07d22e9,docs\documents-atlas-index.md#chunk-1116,unknown,0,0,,19,5,0.946268,0,,0,2026-05-31 21:49:31
6868a5ec1abc9a10,,unknown,0,0,,19,4,0.970286,0,,0,2026-05-31 21:49:31
6868b68016a4c70b,,unknown,0,0,,10,15,0.806773,0,,0,2026-05-31 21:49:31
686924a46829e8a9,,unknown,0,0,,19,12,0.782516,0,,0,2026-05-31 21:49:31
6869f9efeaee9938,,unknown,0,0,,19,5,0.996514,0,,0,2026-05-31 21:49:31
686d8f77a5f0375b,,unknown,0,0,,10,3,0.810877,0,,0,2026-05-31 21:49:31
687d517a6756aff1,,unknown,0,0,,19,12,0.897093,0,,0,2026-05-31 21:49:31
687ddfd447239c77,,unknown,0,0,,9,12,0.925409,0,,0,2026-05-31 21:49:31
68819c85a3527b7c,,unknown,0,0,,9,8,0.746071,0,,0,2026-05-31 21:49:31
688649731b0e55bd,,unknown,0,0,,19,6,0.958766,0,,0,2026-05-31 21:49:31
6897d59783700e5a,,unknown,0,0,,7,19,0.655488,0,,0,2026-05-31 21:49:31
689e81761d771233,,unknown,0,0,,18,7,0.928711,0,,0,2026-05-31 21:49:31
689f58a2c735f4e4,,unknown,0,0,,18,11,0.81288,0,,0,2026-05-31 21:49:31
68a34a1d061b90f7,,unknown,0,0,,,,0.813085,0,,0,2026-05-31 21:49:31
68a72bd22d460649,,unknown,0,0,,,5,0.827653,0,,0,2026-05-31 21:49:31
68aad94ae590fc46,,unknown,0,0,,5,11,0.896498,0,,0,2026-05-31 21:49:31
68ad03a7f6c799d8,,unknown,0,0,,18,12,0.968419,0,,0,2026-05-31 21:49:31
68af07d820a33629,,unknown,0,0,,5,2,0.937638,0,,0,2026-05-31 21:49:31
68b87cab4b91299a,,unknown,0,0,,1,2,0.900068,0,,0,2026-05-31 21:49:31
68c164beb3215419,,unknown,0,0,,,6,0.911211,0,,0,2026-05-31 21:49:31
68c3b4f836629dd4,,unknown,0,0,,5,17,0.808781,0,,0,2026-05-31 21:49:31
68c70d68e1bd8524,,unknown,0,0,,5,,0.863478,0,,0,2026-05-31 21:49:31
68cb32fd37539d5f,,unknown,0,0,,,19,1.018665,0,,0,2026-05-31 21:49:31
68ccb0b3fc2dc3a1,,unknown,0,0,,19,6,1.076223,0,,0,2026-05-31 21:49:31
68df20bf2b277978,,unknown,0,0,,,3,1.02134,0,,0,2026-05-31 21:49:31
68eaf68ff3e62a56,,unknown,0,0,,8,2,0.967986,0,,0,2026-05-31 21:49:31
68f10d1af0a23722,docs\documents-atlas-index.md#chunk-1067,unknown,0,0,,4,1,0.890927,0,,0,2026-05-31 21:49:31
68f2eae67b619047,,unknown,0,0,,,12,0.83872,0,,0,2026-05-31 21:49:31
690be2bddca26b20,,unknown,0,0,,13,,1.062371,0,,0,2026-05-31 21:49:31
6913db6f8b67bbdd,,unknown,0,0,,9,19,0.904632,0,,0,2026-05-31 21:49:31
6914771013bdcd0c,,unknown,0,0,,12,12,0.970502,0,,0,2026-05-31 21:49:31
6916161173c729eb,,unknown,0,0,,16,18,0.818838,0,,0,2026-05-31 21:49:31
691727c7d6923b71,,unknown,0,0,,14,9,0.824927,0,,0,2026-05-31 21:49:31
691784e51895c0a9,,unknown,0,0,,19,12,0.763966,0,,0,2026-05-31 21:49:31
691be28bf1e13402,,unknown,0,0,,15,7,1.0381,0,,0,2026-05-31 21:49:31
691ddfb02d53f91f,,unknown,0,0,,15,9,1.059249,0,,0,2026-05-31 21:49:31
691fd942874b198c,,unknown,0,0,,19,3,0.844255,0,,0,2026-05-31 21:49:31
692a437847a4436c,,unknown,0,0,,16,15,0.756481,0,,0,2026-05-31 21:49:31
692d805adb3b7e76,docs\documents-atlas-index.md#chunk-275,unknown,0,0,,19,4,0.859639,0,,0,2026-05-31 21:49:31
692f74f78ffcc573,,unknown,0,0,,19,9,0.966719,0,,0,2026-05-31 21:49:31
693686d5a8767017,docs\documents-atlas-index.md#chunk-338,unknown,0,0,,18,10,0.745757,0,,0,2026-05-31 21:49:31
693c76d8d559459a,,unknown,0,0,,16,11,0.848152,0,,0,2026-05-31 21:49:31
69466a54025410fb,,unknown,0,0,,15,15,0.905012,0,,0,2026-05-31 21:49:31
69473894c2d6bfbd,,unknown,0,0,,13,13,0.877789,0,,0,2026-05-31 21:49:31
694b2e23e01b9a92,docs\documents-atlas-index.md#chunk-737,unknown,0,0,,19,1,0.767476,0,,0,2026-05-31 21:49:31
694e110eb1f7793f,,unknown,0,0,,14,10,0.973454,0,,0,2026-05-31 21:49:31
694e9940e4d8c992,,unknown,0,0,,19,10,0.809138,0,,0,2026-05-31 21:49:31
696775d6c54b2b8b,,unknown,0,0,,15,7,0.822278,0,,0,2026-05-31 21:49:31
696a1a15becbd8fc,,unknown,0,0,,13,2,0.953117,0,,0,2026-05-31 21:49:31
696deaad632970b9,docs\documents-atlas-index.md#chunk-813,unknown,0,0,,17,9,1.009535,0,,0,2026-05-31 21:49:31
6977d92e2955e46c,docs\documents-atlas-index.md#chunk-1100,unknown,0,0,,9,19,0.826348,0,,0,2026-05-31 21:49:31
698957245216bfaa,,unknown,0,0,,12,16,0.833002,0,,0,2026-05-31 21:49:31
698bef461e2f64f9,,unknown,0,0,,18,3,0.846956,0,,0,2026-05-31 21:49:31
698c9028c857d70e,,unknown,0,0,,16,10,0.818429,0,,0,2026-05-31 21:49:31
6992f292d4fc549f,docs\documents-atlas-index.md#chunk-839,unknown,0,0,,19,6,0.927235,0,,0,2026-05-31 21:49:31
69a4266179b8c697,docs\documents-atlas-index.md#chunk-845,unknown,0,0,,,1,0.781987,0,,0,2026-05-31 21:49:31
69aa64dbf1e3f311,,unknown,0,0,,,7,1.096837,0,,0,2026-05-31 21:49:31
69b8af87c11d57b6,,unknown,0,0,,6,5,0.943299,0,,0,2026-05-31 21:49:31
69ba2d55c7357823,,unknown,0,0,,6,4,0.651903,0,,0,2026-05-31 21:49:31
69bd6af8c84c2aa7,,unknown,0,0,,16,,0.928938,0,,0,2026-05-31 21:49:31
69bd6bbf0aefe6b4,,unknown,0,0,,3,,1.131137,0,,0,2026-05-31 21:49:31
69cdab69157bb4ed,,unknown,0,0,,9,1,1.00836,0,,0,2026-05-31 21:49:31
69cdf8eb61696554,,unknown,0,0,,,15,0.942972,0,,0,2026-05-31 21:49:31
69d94aa8401c75de,,unknown,0,0,,17,15,1.019689,0,,0,2026-05-31 21:49:31
69def6fd470b4cb0,docs\documents-atlas-index.md#chunk-208,unknown,0,0,,19,,1.154695,0,,0,2026-05-31 21:49:31
69e3bfcc8c30dbba,,unknown,0,0,,,16,0.992783,0,,0,2026-05-31 21:49:31
69f8533a073bde3e,,unknown,0,0,,,3,0.966194,0,,0,2026-05-31 21:49:31
69ff724b2e7041ac,,unknown,0,0,,,,1.019079,0,,0,2026-05-31 21:49:31
6a09e912213fb9cb,,unknown,0,0,,16,15,1.06156,0,,0,2026-05-31 21:49:31
6a12d0d04db1ef62,docs\documents-atlas-index.md#chunk-1297,unknown,0,0,,1,16,1.014572,0,,0,2026-05-31 21:49:31
6a15dc2a75c8f6ba,,unknown,0,0,,14,16,1.007778,0,,0,2026-05-31 21:49:31
6a34d1874b7fb658,,unknown,0,0,,19,6,0.899593,0,,0,2026-05-31 21:49:31
6a63b697bcb55d7a,,unknown,0,0,,10,18,0.830126,0,,0,2026-05-31 21:49:31
6a6a3bfe3d6f575f,docs\documents-atlas-index.md#chunk-1034,unknown,0,0,,16,10,1.078336,0,,0,2026-05-31 21:49:31
6a6e833d0c9f6ef4,,unknown,0,0,,19,1,0.958324,0,,0,2026-05-31 21:49:31
6a71df6644b1af0d,,unknown,0,0,,10,13,0.94285,0,,0,2026-05-31 21:49:31
6a7a80e2945f7d64,,unknown,0,0,,19,,0.80304,0,,0,2026-05-31 21:49:31
6a80bc57802b5059,docs\documents-atlas-index.md#chunk-850,unknown,0,0,,19,5,0.904827,0,,0,2026-05-31 21:49:31
6a9bb1b21eb53f83,,unknown,0,0,,15,,1.000736,0,,0,2026-05-31 21:49:31
6a9d888ec8248dbd,,unknown,0,0,,14,19,0.864362,0,,0,2026-05-31 21:49:31
6a9f04c837d108ff,,unknown,0,0,,18,17,0.829625,0,,0,2026-05-31 21:49:31
6aa520308aa8f424,,unknown,0,0,,,,0.900488,0,,0,2026-05-31 21:49:31
6aaaeb84443c7c1d,,unknown,0,0,,19,,0.954379,0,,0,2026-05-31 21:49:31
6aba29509d906fa1,,unknown,0,0,,,1,0.960701,0,,0,2026-05-31 21:49:31
6ac4249143702b56,,unknown,0,0,,,19,0.800225,0,,0,2026-05-31 21:49:31
6ad3260e8361287c,,unknown,0,0,,1,1,0.902457,0,,0,2026-05-31 21:49:31
6ad8fc08d9313fe9,docs\documents-atlas-index.md#chunk-206,unknown,0,0,,5,9,0.916759,0,,0,2026-05-31 21:49:31
6ada6fc6390a15fd,,unknown,0,0,,17,15,1.077637,0,,0,2026-05-31 21:49:31
6ae2d012ac5b1d53,,unknown,0,0,,3,16,1.013253,0,,0,2026-05-31 21:49:31
6aed385defcd29e7,,unknown,0,0,,10,,1.065462,0,,0,2026-05-31 21:49:31
6aeecbcd6f8f53ae,,unknown,0,0,,12,,1.124175,0,,0,2026-05-31 21:49:31
6af95f0049efebb2,,unknown,0,0,,1,,1.044689,0,,0,2026-05-31 21:49:31
6b035f181dc32307,,unknown,0,0,,3,,0.992148,0,,0,2026-05-31 21:49:31
6b07da32a07d5dcd,,unknown,0,0,,19,,0.914683,0,,0,2026-05-31 21:49:31
6b0908cb23368e08,,unknown,0,0,,16,14,0.933483,0,,0,2026-05-31 21:49:31
6b098d5831257c12,,unknown,0,0,,12,11,0.937029,0,,0,2026-05-31 21:49:31
6b0a09fb16ab8c4a,,unknown,0,0,,17,15,0.93614,0,,0,2026-05-31 21:49:31
6b118a07261c44f0,,unknown,0,0,,19,1,0.950834,0,,0,2026-05-31 21:49:31
6b12be9683027510,,unknown,0,0,,11,12,0.973832,0,,0,2026-05-31 21:49:31
6b16c040d176d63f,,unknown,0,0,,4,19,0.966341,0,,0,2026-05-31 21:49:31
6b19ae18cac80b7d,docs\documents-atlas-index.md#chunk-635,unknown,0,0,,12,,0.878017,0,,0,2026-05-31 21:49:31
6b239ad224a5c347,,unknown,0,0,,17,12,0.917656,0,,0,2026-05-31 21:49:31
6b2c345c53ad16a3,,unknown,0,0,,19,15,0.986064,0,,0,2026-05-31 21:49:31
6b320e3fce33a7bb,,unknown,0,0,,16,10,1.052386,0,,0,2026-05-31 21:49:31
6b36117a74931f12,,unknown,0,0,,13,18,0.866687,0,,0,2026-05-31 21:49:31
6b3e086c88a7eb99,,unknown,0,0,,16,13,0.94485,0,,0,2026-05-31 21:49:31
6b5ccf3f7d307a7a,,unknown,0,0,,9,16,1.038287,0,,0,2026-05-31 21:49:31
6b5dfa90a7e9c29e,,unknown,0,0,,12,,0.952388,0,,0,2026-05-31 21:49:31
6b613a6fab153881,,unknown,0,0,,2,1,0.958715,0,,0,2026-05-31 21:49:31
6b6541ad4f1a22d0,,unknown,0,0,,17,14,0.951436,0,,0,2026-05-31 21:49:31
6b75dcdca01fb91d,,unknown,0,0,,17,8,1.105883,0,,0,2026-05-31 21:49:31
6b7cd16021d222fd,,unknown,0,0,,17,18,0.927574,0,,0,2026-05-31 21:49:31
6b815d8b737bdfb4,,unknown,0,0,,18,11,0.937127,0,,0,2026-05-31 21:49:31
6b8337f9ebe39877,,unknown,0,0,,17,11,0.974837,0,,0,2026-05-31 21:49:31
6b87dea2ee437bda,,unknown,0,0,,12,,0.97092,0,,0,2026-05-31 21:49:31
6b8b503cb547cb07,,unknown,0,0,,16,10,0.935736,0,,0,2026-05-31 21:49:31
6b8c30575c57b1f9,,unknown,0,0,,19,13,0.888133,0,,0,2026-05-31 21:49:31
6b8c9b5efa6f1c0e,,unknown,0,0,,15,,0.934609,0,,0,2026-05-31 21:49:31
6b9e04648ec220a0,,unknown,0,0,,19,17,1.011737,0,,0,2026-05-31 21:49:31
6ba8c514c887a1d8,,unknown,0,0,,,15,0.88503,0,,0,2026-05-31 21:49:31
6bb0be01eed20353,,unknown,0,0,,8,,0.969814,0,,0,2026-05-31 21:49:31
6bc8fe617063305d,,unknown,0,0,,,19,0.893589,0,,0,2026-05-31 21:49:31
6bca709ff6e574d4,,unknown,0,0,,19,15,1.070225,0,,0,2026-05-31 21:49:31
6bcc04735ecaa0f0,,unknown,0,0,,,,1.088193,0,,0,2026-05-31 21:49:31
6bce8d3568f60003,,unknown,0,0,,5,,0.872276,0,,0,2026-05-31 21:49:31
6bd0043b86d24302,,unknown,0,0,,,,0.910931,0,,0,2026-05-31 21:49:31
6bd384482ad21e31,,unknown,0,0,,,,0.913812,0,,0,2026-05-31 21:49:31
6bd47a8aa48a8f08,,unknown,0,0,,4,6,0.882867,0,,0,2026-05-31 21:49:31
6bdacaa13200acbf,,unknown,0,0,,,19,1.008746,0,,0,2026-05-31 21:49:31
6bdb3d538da8cafd,,unknown,0,0,,10,,1.064879,0,,0,2026-05-31 21:49:31
6bdf0d8863534553,docs\documents-atlas-index.md#chunk-843,unknown,0,0,,3,1,0.829515,0,,0,2026-05-31 21:49:31
6bf5684b2dc6689d,,unknown,0,0,,,,0.92915,0,,0,2026-05-31 21:49:31
6bfc790a173a6c4b,,unknown,0,0,,,19,1.049672,0,,0,2026-05-31 21:49:31
6c077fadc15aa85e,,unknown,0,0,,16,10,0.945721,0,,0,2026-05-31 21:49:31
6c11c648f3b1d4f6,,unknown,0,0,,19,12,0.996029,0,,0,2026-05-31 21:49:31
6c15c60f2a4df967,,unknown,0,0,,19,6,1.026479,0,,0,2026-05-31 21:49:31
6c16fef859dd5dee,,unknown,0,0,,17,,1.055363,0,,0,2026-05-31 21:49:31
6c1909eda8e7fdf8,,unknown,0,0,,18,12,0.90198,0,,0,2026-05-31 21:49:31
6c1a86a94ebc9cb4,,unknown,0,0,,17,,0.908828,0,,0,2026-05-31 21:49:31
6c1eddf0d8c14658,,unknown,0,0,,12,,0.895571,0,,0,2026-05-31 21:49:31
6c2f2c923176f147,docs\documents-atlas-index.md#chunk-9,unknown,0,0,,17,11,0.920032,0,,0,2026-05-31 21:49:31
6c3133b9d48855d0,,unknown,0,0,,18,13,0.823175,0,,0,2026-05-31 21:49:31
6c31f8df6554dfe5,,unknown,0,0,,13,16,1.003325,0,,0,2026-05-31 21:49:31
6c32c856f14e8f08,,unknown,0,0,,19,1,0.847113,0,,0,2026-05-31 21:49:31
6c3d5862b29a84ae,,unknown,0,0,,19,15,0.892111,0,,0,2026-05-31 21:49:31
6c4073f63f1ca2d2,,unknown,0,0,,18,12,0.897306,0,,0,2026-05-31 21:49:31
6c438dbeeacca12a,,unknown,0,0,,16,10,1.070487,0,,0,2026-05-31 21:49:31
6c49ae30fdf29529,,unknown,0,0,,12,,0.862156,0,,0,2026-05-31 21:49:31
6c575924e64ba1fc,,unknown,0,0,,19,11,0.88214,0,,0,2026-05-31 21:49:31
6c5e10665b27dd70,docs\documents-atlas-index.md#chunk-630,unknown,0,0,,16,10,0.973929,0,,0,2026-05-31 21:49:31
6c5efb76cecf7a5f,,unknown,0,0,,13,,0.803314,0,,0,2026-05-31 21:49:31
6c68b7f692cbe027,,unknown,0,0,,18,12,0.986471,0,,0,2026-05-31 21:49:31
6c6b791d09560db7,,unknown,0,0,,14,18,0.894476,0,,0,2026-05-31 21:49:31
6c6d8ab69d9e86cb,,unknown,0,0,,19,,0.90917,0,,0,2026-05-31 21:49:31
6c6d94adc27e41f6,docs\documents-atlas-index.md#chunk-65,unknown,0,0,,18,14,0.96376,0,,0,2026-05-31 21:49:31
6c6ffab890dd7cdd,,unknown,0,0,,17,,0.956819,0,,0,2026-05-31 21:49:31
6c75e3fdd017f499,,unknown,0,0,,17,11,1.047447,0,,0,2026-05-31 21:49:31
6c806d65f13bb7f1,,unknown,0,0,,18,10,0.947951,0,,0,2026-05-31 21:49:31
6c833d369e620e76,,unknown,0,0,,2,,0.929381,0,,0,2026-05-31 21:49:31
6c98962a76c677af,,unknown,0,0,,16,18,0.74602,0,,0,2026-05-31 21:49:31
6ca22aba9e7b7a59,,unknown,0,0,,1,,0.987754,0,,0,2026-05-31 21:49:31
6ca92d1a47ebf4e3,docs\documents-atlas-index.md#chunk-261,unknown,0,0,,1,,0.967262,0,,0,2026-05-31 21:49:31
6cb99b0e1840cecf,,unknown,0,0,,5,12,0.997225,0,,0,2026-05-31 21:49:31
6cc79def4e51e919,,unknown,0,0,,,12,0.898247,0,,0,2026-05-31 21:49:31
6cf144b703eab97e,docs\documents-atlas-index.md#chunk-1179,unknown,0,0,,,19,1.003678,0,,0,2026-05-31 21:49:31
6cf3370eed531042,docs\documents-atlas-index.md#chunk-1201,unknown,0,0,,,2,0.879815,0,,0,2026-05-31 21:49:31
6d076e98f41235de,,unknown,0,0,,18,15,0.963405,0,,0,2026-05-31 21:49:31
6d07823f8397b97c,,unknown,0,0,,16,15,0.792671,0,,0,2026-05-31 21:49:31
6d1216e2bd824754,,unknown,0,0,,17,11,0.944883,0,,0,2026-05-31 21:49:31
6d12502204fa51ad,,unknown,0,0,,17,17,0.875243,0,,0,2026-05-31 21:49:31
6d17330f39016e7a,,unknown,0,0,,13,19,0.799071,0,,0,2026-05-31 21:49:31
6d17e3e7928cc00e,,unknown,0,0,,18,13,1.018479,0,,0,2026-05-31 21:49:31
6d1f849235237b35,,unknown,0,0,,19,,0.924127,0,,0,2026-05-31 21:49:31
6d2210b66f1d2a6a,,unknown,0,0,,16,15,1.043341,0,,0,2026-05-31 21:49:31
6d32ff0cbdac454f,,unknown,0,0,,12,,1.018676,0,,0,2026-05-31 21:49:31
6d339800a16a63f3,,unknown,0,0,,19,8,0.881598,0,,0,2026-05-31 21:49:31
6d42c3e60b1eb074,,unknown,0,0,,19,7,1.011099,0,,0,2026-05-31 21:49:31
6d5c19d78ddd6027,,unknown,0,0,,15,,1.017825,0,,0,2026-05-31 21:49:31
6d5db2eabc90eabb,,unknown,0,0,,13,19,1.075532,0,,0,2026-05-31 21:49:31
6d5db98c88b0ace5,,unknown,0,0,,13,15,0.991642,0,,0,2026-05-31 21:49:31
6d607456b5d5ab2c,,unknown,0,0,,13,12,0.957041,0,,0,2026-05-31 21:49:31
6d63d71c47e7ff66,,unknown,0,0,,10,15,0.96589,0,,0,2026-05-31 21:49:31
6d6a51ea0dfd91fe,,unknown,0,0,,18,18,1.021471,0,,0,2026-05-31 21:49:31
6d79a5d628195567,,unknown,0,0,,,19,0.86747,0,,0,2026-05-31 21:49:31
6d853f1c8452eadf,,unknown,0,0,,13,15,0.990487,0,,0,2026-05-31 21:49:31
6d854eaa38bd54e2,,unknown,0,0,,17,15,0.966051,0,,0,2026-05-31 21:49:31
6d86c1c0a1470301,,unknown,0,0,,17,9,1.046425,0,,0,2026-05-31 21:49:31
6d8e63eebfe96087,docs\documents-atlas-index.md#chunk-1149,unknown,0,0,,16,10,1.067545,0,,0,2026-05-31 21:49:31
6d9815756fbdcea0,,unknown,0,0,,19,12,1.014847,0,,0,2026-05-31 21:49:31
6d9ab98b61c3aa39,,unknown,0,0,,12,13,0.923068,0,,0,2026-05-31 21:49:31
6da30d25d0205b17,,unknown,0,0,,3,7,0.771848,0,,0,2026-05-31 21:49:31
6db01eb2febfda18,,unknown,0,0,,1,10,1.05681,0,,0,2026-05-31 21:49:31
6dbf1ba36035fbcc,,unknown,0,0,,17,15,1.085711,0,,0,2026-05-31 21:49:31
6dc2507de1f55419,,unknown,0,0,,2,1,0.943101,0,,0,2026-05-31 21:49:31
6dc27c1b03fde4ad,,unknown,0,0,,1,,1.109225,0,,0,2026-05-31 21:49:31
6dc3e84681c4fafa,,unknown,0,0,,,19,0.915838,0,,0,2026-05-31 21:49:31
6dc4944eea3e7da1,,unknown,0,0,,,,1.039257,0,,0,2026-05-31 21:49:31
6dcdd00dfd6c6e8e,,unknown,0,0,,13,,1.114599,0,,0,2026-05-31 21:49:31
6dd0a31b10c6c135,,unknown,0,0,,1,17,0.988991,0,,0,2026-05-31 21:49:31
6dd20a8b669c42bb,,unknown,0,0,,,,1.013346,0,,0,2026-05-31 21:49:31
6dde0cacff9aa3aa,,unknown,0,0,,11,1,1.15249,0,,0,2026-05-31 21:49:31
6de0ea65cb4006fc,,unknown,0,0,,2,18,1.070667,0,,0,2026-05-31 21:49:31
6df285e9669791ce,docs\documents-atlas-index.md#chunk-881,unknown,0,0,,17,17,0.89924,0,,0,2026-05-31 21:49:31
6df38097c8a112e6,,unknown,0,0,,,3,1.026074,0,,0,2026-05-31 21:49:31
6df8283346178369,,unknown,0,0,,,1,0.751617,0,,0,2026-05-31 21:49:31
6e01e25d3fe3d6a7,,unknown,0,0,,14,19,0.973102,0,,0,2026-05-31 21:49:31
6e0266a26685730c,docs\documents-atlas-index.md#chunk-917,unknown,0,0,,17,15,0.824416,0,,0,2026-05-31 21:49:31
6e0761e75ee54f21,,unknown,0,0,,15,16,1.005159,0,,0,2026-05-31 21:49:31
6e110d0cded02e42,,unknown,0,0,,8,,1.034599,0,,0,2026-05-31 21:49:31
6e196eb2bd117a99,,unknown,0,0,,15,,0.932546,0,,0,2026-05-31 21:49:31
6e1bb8af3fc6d31d,docs\documents-atlas-index.md#chunk-421,unknown,0,0,,14,16,1.086698,0,,0,2026-05-31 21:49:31
6e1e79ae09071ea7,docs\documents-atlas-index.md#chunk-1110,unknown,0,0,,17,15,0.88104,0,,0,2026-05-31 21:49:31
6e1eca72644a5c24,,unknown,0,0,,19,,0.77248,0,,0,2026-05-31 21:49:31
6e25c70ebca207f8,,unknown,0,0,,13,19,0.998425,0,,0,2026-05-31 21:49:31
6e2bf76cafd60dc0,,unknown,0,0,,14,,1.026994,0,,0,2026-05-31 21:49:31
6e404bd864cf3e8c,,unknown,0,0,,17,,1.016605,0,,0,2026-05-31 21:49:31
6e4273d00bdf274c,,unknown,0,0,,16,15,0.973517,0,,0,2026-05-31 21:49:31
6e4ec88f5dc65190,,unknown,0,0,,14,18,1.122099,0,,0,2026-05-31 21:49:31
6e4ffda9d7b42001,,unknown,0,0,,12,,0.957238,0,,0,2026-05-31 21:49:31
6e5dc97321b946d4,,unknown,0,0,,19,18,0.934748,0,,0,2026-05-31 21:49:31
6e5edf5b0e2e89ce,,unknown,0,0,,19,,1.064823,0,,0,2026-05-31 21:49:31
6e620384a481712d,,unknown,0,0,,18,14,0.857389,0,,0,2026-05-31 21:49:31
6e7a3ab93840d5b3,,unknown,0,0,,19,12,0.919214,0,,0,2026-05-31 21:49:31
6e8f452e2778ab06,,unknown,0,0,,15,12,0.961854,0,,0,2026-05-31 21:49:31
6e99af209224aa37,,unknown,0,0,,5,13,0.875491,0,,0,2026-05-31 21:49:31
6e9c3eb46eaabf37,,unknown,0,0,,15,,1.023628,0,,0,2026-05-31 21:49:31
6eb76a8c19c849d5,,unknown,0,0,,3,,0.883975,0,,0,2026-05-31 21:49:31
6ec1920b201d98ce,,unknown,0,0,,16,16,1.072354,0,,0,2026-05-31 21:49:31
6ec30e985b37c1be,,unknown,0,0,,1,,0.947015,0,,0,2026-05-31 21:49:31
6ed20ec9e0c56e72,,unknown,0,0,,2,8,0.952727,0,,0,2026-05-31 21:49:31
6ed62615523bb062,,unknown,0,0,,,,0.960515,0,,0,2026-05-31 21:49:31
6eed1224fb0c79f7,,unknown,0,0,,1,,1.067246,0,,0,2026-05-31 21:49:31
6ef03b8b966f07da,,unknown,0,0,,,,1.059428,0,,0,2026-05-31 21:49:31
6ef20a4576abca0d,,unknown,0,0,,1,,0.972879,0,,0,2026-05-31 21:49:31
6f0d8ad65f1e3b5d,,unknown,0,0,,15,,0.956655,0,,0,2026-05-31 21:49:31
6f101489254add6b,docs\documents-atlas-index.md#chunk-39,unknown,0,0,,17,13,0.944881,0,,0,2026-05-31 21:49:31
6f27821adfffe1b2,,unknown,0,0,,19,8,1.070356,0,,0,2026-05-31 21:49:31
6f2a832aef9d0a39,docs\documents-atlas-index.md#chunk-235,unknown,0,0,,19,1,0.995219,0,,0,2026-05-31 21:49:31
6f2e49d2080b2d9e,,unknown,0,0,,19,,0.934514,0,,0,2026-05-31 21:49:31
6f2ff857f7a109d9,,unknown,0,0,,14,,0.96968,0,,0,2026-05-31 21:49:31
6f468a70ba8f57b4,,unknown,0,0,,19,1,0.850136,0,,0,2026-05-31 21:49:31
6f481481b94d3657,,unknown,0,0,,19,8,0.85333,0,,0,2026-05-31 21:49:31
6f55b0d5804b93c0,,unknown,0,0,,17,14,0.987884,0,,0,2026-05-31 21:49:31
6f5b399bd449bb00,,unknown,0,0,,16,10,0.953255,0,,0,2026-05-31 21:49:31
6f60442322c13ca0,,unknown,0,0,,17,17,0.923381,0,,0,2026-05-31 21:49:31
6f63b8c15573b6f8,,unknown,0,0,,18,13,0.836533,0,,0,2026-05-31 21:49:31
6f67aa1381887e95,docs\documents-atlas-index.md#chunk-75,unknown,0,0,,19,,0.865617,0,,0,2026-05-31 21:49:31
6f6c13456aa7f66a,,unknown,0,0,,19,14,0.918571,0,,0,2026-05-31 21:49:31
6f716302879ca686,,unknown,0,0,,19,8,0.831487,0,,0,2026-05-31 21:49:31
6f7a16534b3330ef,,unknown,0,0,,19,17,0.914217,0,,0,2026-05-31 21:49:31
6f7bdcdfc379061c,docs\documents-atlas-index.md#chunk-599,unknown,0,0,,12,,1.038408,0,,0,2026-05-31 21:49:31
6f845e3c4de69ba0,,unknown,0,0,,13,15,1.062507,0,,0,2026-05-31 21:49:31
6f8b0006c9bb1551,,unknown,0,0,,19,1,0.94444,0,,0,2026-05-31 21:49:31
6f8f8fa79f38e81c,,unknown,0,0,,16,10,0.942189,0,,0,2026-05-31 21:49:31
6f8f9aee3041a769,,unknown,0,0,,17,11,0.949936,0,,0,2026-05-31 21:49:31
6f922323be3be451,docs\documents-atlas-index.md#chunk-561,unknown,0,0,,19,8,0.915525,0,,0,2026-05-31 21:49:31
6f99c35e7d99bebf,,unknown,0,0,,12,19,0.843413,0,,0,2026-05-31 21:49:31
6fa2adda3ddb451c,,unknown,0,0,,10,,1.132154,0,,0,2026-05-31 21:49:31
6fa46d6685f845bc,,unknown,0,0,,4,,0.90783,0,,0,2026-05-31 21:49:31
6fa881e48d8796b9,,unknown,0,0,,,19,0.881961,0,,0,2026-05-31 21:49:31
6fa978df139aa849,,unknown,0,0,,18,12,0.961514,0,,0,2026-05-31 21:49:31
6fab0312f7b00a90,,unknown,0,0,,7,2,0.994668,0,,0,2026-05-31 21:49:31
6faf0ef9f3b56da3,,unknown,0,0,,11,,1.06525,0,,0,2026-05-31 21:49:31
6fb64c5b69d39d3a,,unknown,0,0,,5,,0.931109,0,,0,2026-05-31 21:49:31
6fb8834ab2044cf8,,unknown,0,0,,,7,1.018191,0,,0,2026-05-31 21:49:31
6fb8d0cba0d7b472,,unknown,0,0,,,13,1.060716,0,,0,2026-05-31 21:49:31
6fc22f6ad4f82009,,unknown,0,0,,4,,0.91729,0,,0,2026-05-31 21:49:31
6fc266516f189c9e,,unknown,0,0,,,18,0.799651,0,,0,2026-05-31 21:49:31
6fd3931665837eb9,,unknown,0,0,,,19,0.875291,0,,0,2026-05-31 21:49:31
6fd3ca79ec867b29,,unknown,0,0,,2,10,0.830311,0,,0,2026-05-31 21:49:31
6fd5b0b58b3b2d8b,docs\documents-atlas-index.md#chunk-918,unknown,0,0,,,19,0.887711,0,,0,2026-05-31 21:49:31
6fd7ca5a9223bd1b,,unknown,0,0,,1,17,0.874791,0,,0,2026-05-31 21:49:31
7000dbc953aea273,docs\documents-atlas-index.md#chunk-1011,unknown,0,0,,19,7,1.002822,0,,0,2026-05-31 21:49:31
700bd06cc2566606,,unknown,0,0,,18,6,1.023978,0,,0,2026-05-31 21:49:31
70206c2cf81379b4,,unknown,0,0,,14,9,0.957277,0,,0,2026-05-31 21:49:31
7030cde72a556ad9,,unknown,0,0,,9,16,0.948861,0,,0,2026-05-31 21:49:31
703cec084285b50a,,unknown,0,0,,11,11,0.983802,0,,0,2026-05-31 21:49:31
70430cf7c5807d53,,unknown,0,0,,11,9,0.893897,0,,0,2026-05-31 21:49:31
704f51ff9d7364f1,,unknown,0,0,,19,13,0.998635,0,,0,2026-05-31 21:49:31
704f91122ea6310a,,unknown,0,0,,12,16,0.992529,0,,0,2026-05-31 21:49:31
70502d7d98f7eca4,,unknown,0,0,,12,13,1.006355,0,,0,2026-05-31 21:49:31
7055e23e745d446c,,unknown,0,0,,9,19,0.89172,0,,0,2026-05-31 21:49:31
7056e30e573cfdad,,unknown,0,0,,9,19,0.90765,0,,0,2026-05-31 21:49:31
705ac6ac5debb25a,,unknown,0,0,,19,6,1.053377,0,,0,2026-05-31 21:49:31
705ddbe534cb99fc,,unknown,0,0,,16,1,0.997285,0,,0,2026-05-31 21:49:31
706cce453c53bba1,,unknown,0,0,,17,3,1.002872,0,,0,2026-05-31 21:49:31
706e4b0a6e239175,,unknown,0,0,,4,,0.889529,0,,0,2026-05-31 21:49:31
707823c44f6a7812,docs\documents-atlas-index.md#chunk-1229,unknown,0,0,,19,7,0.866489,0,,0,2026-05-31 21:49:31
7082def521564592,,unknown,0,0,,9,12,0.968411,0,,0,2026-05-31 21:49:31
709c0fe30f33b3d2,,unknown,0,0,,17,11,1.049622,0,,0,2026-05-31 21:49:31
70a7eb8a75650c92,,unknown,0,0,,6,13,0.872794,0,,0,2026-05-31 21:49:31
70a8a43faa29b1a6,,unknown,0,0,,,5,1.031611,0,,0,2026-05-31 21:49:31
70a94a204895ec48,,unknown,0,0,,1,8,0.756587,0,,0,2026-05-31 21:49:31
70a9ac017093e1bd,,unknown,0,0,,5,15,1.010147,0,,0,2026-05-31 21:49:31
70b1ac50e417aa76,,unknown,0,0,,2,10,0.741824,0,,0,2026-05-31 21:49:31
70c9127519ceab2a,,unknown,0,0,,10,11,0.952103,0,,0,2026-05-31 21:49:31
70cf76be23524c38,,unknown,0,0,,7,11,0.967016,0,,0,2026-05-31 21:49:31
70d800bcde45243a,,unknown,0,0,,,5,1.000549,0,,0,2026-05-31 21:49:31
7104a3abfd3f33db,,unknown,0,0,,19,5,1.016829,0,,0,2026-05-31 21:49:31
7104c6085845e123,,unknown,0,0,,19,8,0.869461,0,,0,2026-05-31 21:49:31
7112c03569d8ef84,docs\documents-atlas-index.md#chunk-707,unknown,0,0,,10,13,0.894766,0,,0,2026-05-31 21:49:31
7118d67d5065ba0d,,unknown,0,0,,8,17,0.842616,0,,0,2026-05-31 21:49:31
71199dc3b0171ebd,,unknown,0,0,,13,8,1.030235,0,,0,2026-05-31 21:49:31
711e05bb7e1f4921,,unknown,0,0,,19,5,1.003732,0,,0,2026-05-31 21:49:31
711f3f1bdcefcaa6,,unknown,0,0,,14,,1.014518,0,,0,2026-05-31 21:49:31
7122990abe3c5457,,unknown,0,0,,19,6,0.836575,0,,0,2026-05-31 21:49:31
712dcf0e2c6a9b51,,unknown,0,0,,18,3,0.916278,0,,0,2026-05-31 21:49:31
712f8bca55399545,,unknown,0,0,,16,10,0.93758,0,,0,2026-05-31 21:49:31
7131c55b97f97ab8,,unknown,0,0,,11,18,0.795182,0,,0,2026-05-31 21:49:31
71335d64f6bf42e9,,unknown,0,0,,19,7,0.91852,0,,0,2026-05-31 21:49:31
71353dd0c63dccac,,unknown,0,0,,15,9,1.012397,0,,0,2026-05-31 21:49:31
7135466d9d96c383,,unknown,0,0,,19,9,0.884466,0,,0,2026-05-31 21:49:31
713dd70a173b2396,,unknown,0,0,,19,5,0.901162,0,,0,2026-05-31 21:49:31
714330e2b31b522b,,unknown,0,0,,19,8,0.961802,0,,0,2026-05-31 21:49:31
714821f162e2b4a7,,unknown,0,0,,19,12,0.909881,0,,0,2026-05-31 21:49:31
714d61d686ff8351,,unknown,0,0,,19,9,0.96991,0,,0,2026-05-31 21:49:31
71552999721a369c,,unknown,0,0,,19,7,0.818143,0,,0,2026-05-31 21:49:31
7159c6d51741151f,,unknown,0,0,,7,18,0.785359,0,,0,2026-05-31 21:49:31
715ebe9f649f4771,,unknown,0,0,,19,5,0.893164,0,,0,2026-05-31 21:49:31
7162398bb25a5fa6,docs\documents-atlas-index.md#chunk-780,unknown,0,0,,19,7,0.950753,0,,0,2026-05-31 21:49:31
7163a02289184b9a,,unknown,0,0,,8,19,0.669034,0,,0,2026-05-31 21:49:31
7164d51a280f28fc,,unknown,0,0,,10,19,0.875861,0,,0,2026-05-31 21:49:31
71675693b3d40e4d,,unknown,0,0,,11,14,0.823114,0,,0,2026-05-31 21:49:31
7169d08da1d57e11,,unknown,0,0,,10,14,0.963,0,,0,2026-05-31 21:49:31
717a6f2e24f05a41,,unknown,0,0,,6,1,0.976418,0,,0,2026-05-31 21:49:31
718d3ddcfe482315,docs\documents-atlas-index.md#chunk-1036,unknown,0,0,,15,8,0.999016,0,,0,2026-05-31 21:49:31
7198ff399c1f8c36,,unknown,0,0,,18,4,0.795879,0,,0,2026-05-31 21:49:31
719a448393bfb5cf,docs\documents-atlas-index.md#chunk-1213,unknown,0,0,,19,14,0.899691,0,,0,2026-05-31 21:49:31
71a73c5a10732923,docs\documents-atlas-index.md#chunk-353,unknown,0,0,,2,1,0.75999,0,,0,2026-05-31 21:49:31
71a81df126d69576,,unknown,0,0,,1,3,0.905693,0,,0,2026-05-31 21:49:31
71ab5cd580c7e7f6,,unknown,0,0,,17,11,1.009129,0,,0,2026-05-31 21:49:31
71b22e25fc678b80,,unknown,0,0,,3,6,0.755219,0,,0,2026-05-31 21:49:31
71c1afdf4db13c79,,unknown,0,0,,6,13,1.023726,0,,0,2026-05-31 21:49:31
71d06fa9a38af09f,,unknown,0,0,,1,8,0.961059,0,,0,2026-05-31 21:49:31
71d23b7e1de84131,,unknown,0,0,,,,0.81544,0,,0,2026-05-31 21:49:31
71d5f2d87a5e49b8,,unknown,0,0,,,16,1.003447,0,,0,2026-05-31 21:49:31
71d5f8d50e23746e,,unknown,0,0,,2,19,0.840905,0,,0,2026-05-31 21:49:31
71d9511549f77f7f,,unknown,0,0,,7,17,0.894986,0,,0,2026-05-31 21:49:31
71f009eb0b811ce7,docs\UNIVERSAL_APP_READINESS_CHECKLIST.md#chunk-2,unknown,0,0,,,3,1.074517,0,,0,2026-05-31 21:49:31
71f5daea791b18c2,,unknown,0,0,,,,1.059826,0,,0,2026-05-31 21:49:31
71fc9aefe99555e3,,unknown,0,0,,5,4,1.047179,0,,0,2026-05-31 21:49:31
720283c62c9e75bb,,unknown,0,0,,16,15,0.941289,0,,0,2026-05-31 21:49:31
72035754cfbbc545,docs\documents-atlas-index.md#chunk-899,unknown,0,0,,19,7,0.878791,0,,0,2026-05-31 21:49:31
722f75b4ddcb2618,,unknown,0,0,,16,4,0.953746,0,,0,2026-05-31 21:49:31
7231fcd35e4a7c11,,unknown,0,0,,18,4,0.997808,0,,0,2026-05-31 21:49:31
723e78a7df4cbf1b,,unknown,0,0,,15,5,0.913391,0,,0,2026-05-31 21:49:31
723fce90612326e0,,unknown,0,0,,17,3,0.995345,0,,0,2026-05-31 21:49:31
724aec3b8b34d62e,docs\documents-atlas-index.md#chunk-213,unknown,0,0,,9,15,1.040633,0,,0,2026-05-31 21:49:31
724c198ad5f6180d,docs\documents-atlas-index.md#chunk-823,unknown,0,0,,12,8,1.006424,0,,0,2026-05-31 21:49:31
7255e42023bfa662,,unknown,0,0,,19,6,0.97043,0,,0,2026-05-31 21:49:31
7257af6484a6eaa7,,unknown,0,0,,10,13,0.871374,0,,0,2026-05-31 21:49:31
726635c9c1615b5c,,unknown,0,0,,12,11,0.87639,0,,0,2026-05-31 21:49:31
726a1dfe970fce24,,unknown,0,0,,15,9,1.011512,0,,0,2026-05-31 21:49:31
726c42f181bc47bf,,unknown,0,0,,18,16,0.933863,0,,0,2026-05-31 21:49:31
726d90e129993c37,,unknown,0,0,,13,12,0.890377,0,,0,2026-05-31 21:49:31
727510529c51f075,,unknown,0,0,,19,9,0.923282,0,,0,2026-05-31 21:49:31
727774bb127d3a84,,unknown,0,0,,19,7,0.916741,0,,0,2026-05-31 21:49:31
727803d3c0ec3236,,unknown,0,0,,19,8,0.970932,0,,0,2026-05-31 21:49:31
72858814e3f0a379,,unknown,0,0,,19,10,0.896371,0,,0,2026-05-31 21:49:31
72889b8f8be9b86c,,unknown,0,0,,3,,0.972046,0,,0,2026-05-31 21:49:31
728d6329c26b2446,,unknown,0,0,,19,6,0.79595,0,,0,2026-05-31 21:49:31
7293c106e2a6d008,,unknown,0,0,,11,12,0.987563,0,,0,2026-05-31 21:49:31
7294d18d5812e757,,unknown,0,0,,8,16,0.852115,0,,0,2026-05-31 21:49:31
729973708406d667,docs\documents-atlas-index.md#chunk-793,unknown,0,0,,18,10,0.755649,0,,0,2026-05-31 21:49:31
72b476aeb84a1e77,,unknown,0,0,,,6,0.992281,0,,0,2026-05-31 21:49:31
72c355fb2ea7f4fe,,unknown,0,0,,14,17,1.115262,0,,0,2026-05-31 21:49:31
72c675212dcae47d,,unknown,0,0,,,,0.956135,0,,0,2026-05-31 21:49:31
72c6e84a6ea3aa49,,unknown,0,0,,2,15,0.902128,0,,0,2026-05-31 21:49:31
72c781b03d86552d,,unknown,0,0,,2,19,0.898762,0,,0,2026-05-31 21:49:31
72d1b8af36333b0c,,unknown,0,0,,6,19,0.883786,0,,0,2026-05-31 21:49:31
72d2364e7f013cfb,,unknown,0,0,,10,19,0.88988,0,,0,2026-05-31 21:49:31
72d2c9875510fb44,,unknown,0,0,,1,15,0.712501,0,,0,2026-05-31 21:49:31
72f0bcd0663e92af,,unknown,0,0,,,19,1.131515,0,,0,2026-05-31 21:49:31
72f4b36ee17337bd,docs\documents-atlas-index.md#chunk-761,unknown,0,0,,8,18,0.887566,0,,0,2026-05-31 21:49:31
72f6a3836013fc12,docs\documents-atlas-index.md#chunk-234,unknown,0,0,,,15,0.711106,0,,0,2026-05-31 21:49:31
732282e2109b8dca,,unknown,0,0,,16,15,0.885178,0,,0,2026-05-31 21:49:31
733386da7701c4cf,,unknown,0,0,,18,13,0.853047,0,,0,2026-05-31 21:49:31
73391f66c58d1ff3,,unknown,0,0,,19,1,0.846165,0,,0,2026-05-31 21:49:31
73562df4da7cac49,docs\documents-atlas-index.md#chunk-153,unknown,0,0,,17,6,0.929521,0,,0,2026-05-31 21:49:31
735e8b1fdda23ae2,,unknown,0,0,,10,,0.996531,0,,0,2026-05-31 21:49:31
7366becf2a9b30a7,,unknown,0,0,,19,5,0.984367,0,,0,2026-05-31 21:49:31
736bc4033862c847,,unknown,0,0,,19,8,0.869599,0,,0,2026-05-31 21:49:31
7379d5960c06b0f0,,unknown,0,0,,9,18,0.921766,0,,0,2026-05-31 21:49:31
7381091ec79ce307,,unknown,0,0,,19,8,0.810843,0,,0,2026-05-31 21:49:31
73869c178e559ead,docs\documents-atlas-index.md#chunk-722,unknown,0,0,,10,18,0.87841,0,,0,2026-05-31 21:49:31
7393698fbcc2b750,,unknown,0,0,,19,9,0.918568,0,,0,2026-05-31 21:49:31
7395dcf27d683b64,docs\documents-atlas-index.md#chunk-743,unknown,0,0,,8,13,0.920817,0,,0,2026-05-31 21:49:31
739bd9f40f5544ad,,unknown,0,0,,10,19,0.938198,0,,0,2026-05-31 21:49:31
739f82ac49a62035,,unknown,0,0,,16,13,0.945781,0,,0,2026-05-31 21:49:31
73a89758b759a03b,,unknown,0,0,,,6,0.798499,0,,0,2026-05-31 21:49:31
73ab3cfbbeb0772f,,unknown,0,0,,8,,0.995654,0,,0,2026-05-31 21:49:31
73ad49b278a5b7d9,,unknown,0,0,,19,13,0.94066,0,,0,2026-05-31 21:49:31
73af5dcda386ef7f,docs\documents-atlas-index.md#chunk-1019,unknown,0,0,,6,7,1.000655,0,,0,2026-05-31 21:49:31
73b0d8170d953b72,docs\documents-atlas-index.md#chunk-490,unknown,0,0,,4,18,0.80704,0,,0,2026-05-31 21:49:31
73b1a96a9a780dda,,unknown,0,0,,8,19,0.744189,0,,0,2026-05-31 21:49:31
73c3868c78c937b5,,unknown,0,0,,,,0.831078,0,,0,2026-05-31 21:49:31
73d4982ecba67f05,,unknown,0,0,,1,5,0.90443,0,,0,2026-05-31 21:49:31
73e6f90dd51edf0c,,unknown,0,0,,5,13,1.005898,0,,0,2026-05-31 21:49:31
73e7315edeb14d87,docs\documents-atlas-index.md#chunk-745,unknown,0,0,,,4,0.9,0,,0,2026-05-31 21:49:31
73e9e51272f89a79,,unknown,0,0,,6,14,0.851628,0,,0,2026-05-31 21:49:31
73f5f2b079241067,,unknown,0,0,,,15,0.817485,0,,0,2026-05-31 21:49:31
73fc0e52c60e5a59,docs\documents-atlas-index.md#chunk-1164,unknown,0,0,,7,4,0.794318,0,,0,2026-05-31 21:49:31
7400ca611d9f568a,docs\documents-atlas-index.md#chunk-1235,unknown,0,0,,19,5,0.936564,0,,0,2026-05-31 21:49:31
740b932db65d7525,,unknown,0,0,,19,6,0.826811,0,,0,2026-05-31 21:49:31
741dd525a2f7ddaf,,unknown,0,0,,12,13,0.965785,0,,0,2026-05-31 21:49:31
74294f14ea070490,,unknown,0,0,,4,1,0.890006,0,,0,2026-05-31 21:49:31
7436fa9e787970b1,docs\documents-atlas-index.md#chunk-411,unknown,0,0,,10,16,1.000139,0,,0,2026-05-31 21:49:31
74485fed6f8807db,,unknown,0,0,,13,18,1.010635,0,,0,2026-05-31 21:49:31
744f1d65ec6fb0c2,,unknown,0,0,,18,6,0.976708,0,,0,2026-05-31 21:49:31
745f95b8708be048,,unknown,0,0,,19,9,0.794779,0,,0,2026-05-31 21:49:31
745f9a571978c226,,unknown,0,0,,17,9,0.81522,0,,0,2026-05-31 21:49:31
7466aaddddf9f19f,docs\documents-atlas-index.md#chunk-993,unknown,0,0,,13,10,1.14309,0,,0,2026-05-31 21:49:31
746f09472a34d790,docs\documents-atlas-index.md#chunk-1022,unknown,0,0,,19,9,0.873388,0,,0,2026-05-31 21:49:31
7476a61b8c1d70f5,docs\documents-atlas-index.md#chunk-377,unknown,0,0,,19,5,0.88135,0,,0,2026-05-31 21:49:31
74780a594e553a44,,unknown,0,0,,2,,0.776439,0,,0,2026-05-31 21:49:31
747f66112568c260,,unknown,0,0,,18,10,0.801184,0,,0,2026-05-31 21:49:31
747feeda6ca506b3,docs\documents-atlas-index.md#chunk-239,unknown,0,0,,12,,1.072621,0,,0,2026-05-31 21:49:31
7488232186d0c56e,,unknown,0,0,,14,14,0.920441,0,,0,2026-05-31 21:49:31
7490b5f2a7fa50e5,,unknown,0,0,,19,7,0.960906,0,,0,2026-05-31 21:49:31
74954a143d3ae0df,,unknown,0,0,,19,7,0.971611,0,,0,2026-05-31 21:49:31
749da1356c414ec7,,unknown,0,0,,9,18,0.91575,0,,0,2026-05-31 21:49:31
749e34d7b58fc8d0,,unknown,0,0,,18,9,0.906132,0,,0,2026-05-31 21:49:31
74b9763cbd0955a6,,unknown,0,0,,,3,0.828364,0,,0,2026-05-31 21:49:31
74ba7bc1ce36827e,,unknown,0,0,,7,5,0.920697,0,,0,2026-05-31 21:49:31
74bede3a84c35eb6,,unknown,0,0,,7,1,1.009296,0,,0,2026-05-31 21:49:31
74c551b60180f330,,unknown,0,0,,,12,0.888944,0,,0,2026-05-31 21:49:31
74cf06e24de35e09,,unknown,0,0,,7,2,1.051779,0,,0,2026-05-31 21:49:31
74cf11a5ebed9bdd,,unknown,0,0,,12,1,1.04727,0,,0,2026-05-31 21:49:31
74d034b12dc65b06,,unknown,0,0,,,5,0.94656,0,,0,2026-05-31 21:49:31
74d136581330f95e,,unknown,0,0,,,3,0.83414,0,,0,2026-05-31 21:49:31
74d61e921cfd1e86,,unknown,0,0,,3,,0.870858,0,,0,2026-05-31 21:49:31
74d73afb1bf9762a,docs\documents-atlas-index.md#chunk-313,unknown,0,0,,3,1,0.944456,0,,0,2026-05-31 21:49:31
74d91c949a690a70,,unknown,0,0,,1,,0.720935,0,,0,2026-05-31 21:49:31
74f5930aaca1da6f,,unknown,0,0,,,6,0.946136,0,,0,2026-05-31 21:49:31
74faff282fd0a271,,unknown,0,0,,3,,0.932198,0,,0,2026-05-31 21:49:31
75031526f6b11888,,unknown,0,0,,14,11,0.870835,0,,0,2026-05-31 21:49:31
7509ea7c5c76937f,,unknown,0,0,,9,19,0.884335,0,,0,2026-05-31 21:49:31
751565589d3ea54a,,unknown,0,0,,19,7,0.831001,0,,0,2026-05-31 21:49:31
7515d0d5f4b2b522,,unknown,0,0,,19,9,0.971267,0,,0,2026-05-31 21:49:31
751d8b10da740398,docs\documents-atlas-index.md#chunk-303,unknown,0,0,,10,2,0.830725,0,,0,2026-05-31 21:49:31
751f1c4339fe11da,docs\documents-atlas-index.md#chunk-93,unknown,0,0,,17,,1.025684,0,,0,2026-05-31 21:49:31
752eb73909427e43,,unknown,0,0,,9,15,0.894102,0,,0,2026-05-31 21:49:31
75343c0acb1fdc42,,unknown,0,0,,19,5,0.909367,0,,0,2026-05-31 21:49:31
7556c1f3d0ab9807,,unknown,0,0,,19,7,0.912377,0,,0,2026-05-31 21:49:31
755ce3b9cee74b91,,unknown,0,0,,13,,0.883427,0,,0,2026-05-31 21:49:31
757192792f03243c,,unknown,0,0,,8,19,0.822218,0,,0,2026-05-31 21:49:31
7571c509d540e438,,unknown,0,0,,19,8,0.89881,0,,0,2026-05-31 21:49:31
757e81b36b921439,docs\documents-atlas-index.md#chunk-590,unknown,0,0,,17,11,0.883303,0,,0,2026-05-31 21:49:31
7581279db6fc5f08,docs\documents-atlas-index.md#chunk-175,unknown,0,0,,13,8,0.998698,0,,0,2026-05-31 21:49:31
759209131306bb5b,,unknown,0,0,,9,14,0.825161,0,,0,2026-05-31 21:49:31
75b784f340c6c0a9,,unknown,0,0,,18,12,0.911289,0,,0,2026-05-31 21:49:31
75b7e336372a8b4b,,unknown,0,0,,6,19,0.761511,0,,0,2026-05-31 21:49:31
75bd5de6d05e37be,,unknown,0,0,,9,4,1.006914,0,,0,2026-05-31 21:49:31
75bdd11ca31954d2,,unknown,0,0,,8,17,1.110593,0,,0,2026-05-31 21:49:31
75c0602197055947,docs\atlas-vendor-wheels.md#chunk-1,unknown,0,0,,,3,0.670601,0,,0,2026-05-31 21:49:31
75c4caf0550973f8,,unknown,0,0,,,15,1.010696,0,,0,2026-05-31 21:49:31
75c5e64c371c1fb0,,unknown,0,0,,8,17,0.989275,0,,0,2026-05-31 21:49:31
75cb189edf3077af,,unknown,0,0,,3,3,0.979111,0,,0,2026-05-31 21:49:31
75cf28b5b0b71dd1,,unknown,0,0,,10,7,1.010018,0,,0,2026-05-31 21:49:31
75d3671bc1e07712,,unknown,0,0,,,4,0.860147,0,,0,2026-05-31 21:49:31
75d76a627763b00c,,unknown,0,0,,2,4,0.784646,0,,0,2026-05-31 21:49:31
75e349e360be5b2b,,unknown,0,0,,10,9,1.025328,0,,0,2026-05-31 21:49:31
75e6baa1c17d0008,,unknown,0,0,,7,6,1.015653,0,,0,2026-05-31 21:49:31
75fa023f4dd1de04,,unknown,0,0,,2,,0.989592,0,,0,2026-05-31 21:49:31
75fa9fb5e223dc77,,unknown,0,0,,3,9,0.831798,0,,0,2026-05-31 21:49:31
760136fe8fcd1679,docs\documents-atlas-index.md#chunk-470,unknown,0,0,,19,7,1.08091,0,,0,2026-05-31 21:49:31
7606e7cd6a1026ee,,unknown,0,0,,10,19,0.802692,0,,0,2026-05-31 21:49:31
761e3f5313d190b2,,unknown,0,0,,19,12,0.974393,0,,0,2026-05-31 21:49:31
7624afec23d783f3,,unknown,0,0,,14,14,1.072985,0,,0,2026-05-31 21:49:31
76387300ea69402e,,unknown,0,0,,14,8,0.894237,0,,0,2026-05-31 21:49:31
763d02d245513a81,,unknown,0,0,,16,13,0.916075,0,,0,2026-05-31 21:49:31
7645ddf292c3e954,,unknown,0,0,,11,12,0.968389,0,,0,2026-05-31 21:49:31
7647d79a0ce4d683,,unknown,0,0,,10,15,0.984954,0,,0,2026-05-31 21:49:31
764872a2a71d9427,,unknown,0,0,,19,7,0.795149,0,,0,2026-05-31 21:49:31
764a8e97c64b03e0,,unknown,0,0,,17,2,0.858035,0,,0,2026-05-31 21:49:31
764af19f91b1edf5,,unknown,0,0,,12,16,1.038053,0,,0,2026-05-31 21:49:31
764bf99c7328d652,,unknown,0,0,,19,8,0.927919,0,,0,2026-05-31 21:49:31
764f163e4b34814f,,unknown,0,0,,12,19,1.013714,0,,0,2026-05-31 21:49:31
7652c2712663ddea,,unknown,0,0,,9,19,0.796227,0,,0,2026-05-31 21:49:31
765c7b7ebb87751c,,unknown,0,0,,8,2,0.862818,0,,0,2026-05-31 21:49:31
766b90a125166759,,unknown,0,0,,18,12,0.825715,0,,0,2026-05-31 21:49:31
7671700d205a80b4,,unknown,0,0,,19,8,0.92967,0,,0,2026-05-31 21:49:31
76799948def91025,,unknown,0,0,,8,,0.852553,0,,0,2026-05-31 21:49:31
76800babc6b9ab28,,unknown,0,0,,13,10,0.965389,0,,0,2026-05-31 21:49:31
76809cfdc4ce2d2f,,unknown,0,0,,12,6,0.972144,0,,0,2026-05-31 21:49:31
76888fd63ffb52f0,,unknown,0,0,,18,5,1.040293,0,,0,2026-05-31 21:49:31
768bd5aeb051cec3,,unknown,0,0,,15,11,1.023871,0,,0,2026-05-31 21:49:31
768e79c72703117c,docs\documents-atlas-index.md#chunk-1303,unknown,0,0,,16,14,0.852459,0,,0,2026-05-31 21:49:31
76929672c154093f,,unknown,0,0,,9,17,0.796424,0,,0,2026-05-31 21:49:31
76a51d92badd7856,,unknown,0,0,,5,,0.791906,0,,0,2026-05-31 21:49:31
76a5e7e283186caa,,unknown,0,0,,7,18,0.819151,0,,0,2026-05-31 21:49:31
76a60ebb2f824635,,unknown,0,0,,,,0.829829,0,,0,2026-05-31 21:49:31
76a6e1ece3e2ab8a,docs\documents-atlas-index.md#chunk-373,unknown,0,0,,6,14,1.04965,0,,0,2026-05-31 21:49:31
76a7cb22fd5f0d60,docs\documents-atlas-index.md#chunk-947,unknown,0,0,,9,2,0.83204,0,,0,2026-05-31 21:49:31
76aee0f58e48a6d3,,unknown,0,0,,,15,0.972524,0,,0,2026-05-31 21:49:31
76b0a430921d2abc,,unknown,0,0,,6,19,0.872788,0,,0,2026-05-31 21:49:31
76b17dca77fc4cb9,,unknown,0,0,,6,,1.101914,0,,0,2026-05-31 21:49:31
76b8528be02650f3,,unknown,0,0,,,3,0.952827,0,,0,2026-05-31 21:49:31
76bb75fbc69e2fc8,,unknown,0,0,,19,,1.092737,0,,0,2026-05-31 21:49:31
76bba878db7b5537,docs\documents-atlas-index.md#chunk-417,unknown,0,0,,10,,0.872238,0,,0,2026-05-31 21:49:31
76bd17bc1ece0524,docs\CODEBASE_DIRECTORY_MAP.md#chunk-28,unknown,0,0,,,,1.081373,0,,0,2026-05-31 21:49:31
76bf7023cc148c73,,unknown,0,0,,6,5,0.852676,0,,0,2026-05-31 21:49:31
76c468d7c77cb3f1,,unknown,0,0,,18,9,0.925025,0,,0,2026-05-31 21:49:31
76c6078477f589b3,docs\documents-atlas-index.md#chunk-929,unknown,0,0,,,,0.819149,0,,0,2026-05-31 21:49:31
76c805c1c3f1685a,,unknown,0,0,,7,8,0.967043,0,,0,2026-05-31 21:49:31
76cb55a201540a8c,,unknown,0,0,,,19,0.889141,0,,0,2026-05-31 21:49:31
76cf45cb23ee828f,docs\documents-atlas-index.md#chunk-296,unknown,0,0,,16,15,1.074471,0,,0,2026-05-31 21:49:31
76d64eb15447ce8f,,unknown,0,0,,,11,0.886721,0,,0,2026-05-31 21:49:31
76d6df48fe5abf87,,unknown,0,0,,2,10,0.84743,0,,0,2026-05-31 21:49:31
76db3e5ab90c728e,,unknown,0,0,,6,3,0.93411,0,,0,2026-05-31 21:49:31
76ff30b0b993a4cb,,unknown,0,0,,,15,1.043529,0,,0,2026-05-31 21:49:31
770303cc76c727d8,,unknown,0,0,,16,15,0.880335,0,,0,2026-05-31 21:49:31
7704d0a79a861829,,unknown,0,0,,7,18,0.83051,0,,0,2026-05-31 21:49:31
770d565ab73ca321,,unknown,0,0,,19,8,0.883616,0,,0,2026-05-31 21:49:31
7715aba63d1cf0f6,,unknown,0,0,,19,5,0.965751,0,,0,2026-05-31 21:49:31
771a48d39d6cb5de,docs\documents-atlas-index.md#chunk-462,unknown,0,0,,18,11,0.963824,0,,0,2026-05-31 21:49:31
771cb5c8eb1a8b40,docs\documents-atlas-index.md#chunk-935,unknown,0,0,,18,3,0.821544,0,,0,2026-05-31 21:49:31
771cc7b849f3b69d,,unknown,0,0,,16,13,0.915143,0,,0,2026-05-31 21:49:31
77206449752959ea,docs\documents-atlas-index.md#chunk-948,unknown,0,0,,12,19,0.73844,0,,0,2026-05-31 21:49:31
772453211294245d,,unknown,0,0,,11,17,0.829185,0,,0,2026-05-31 21:49:31
772d9d60b8b5099e,,unknown,0,0,,10,2,0.812532,0,,0,2026-05-31 21:49:31
772dce4fdcbab9fc,,unknown,0,0,,13,,1.085106,0,,0,2026-05-31 21:49:31
773338d2603e246d,,unknown,0,0,,17,13,0.861369,0,,0,2026-05-31 21:49:31
774d6503055cf3aa,docs\CODEBASE_DIRECTORY_MAP.md#chunk-2,unknown,0,0,,19,13,0.902464,0,,0,2026-05-31 21:49:31
774edd56a237a9e2,,unknown,0,0,,18,8,1.028606,0,,0,2026-05-31 21:49:31
7755a1482286511f,,unknown,0,0,,9,19,0.725845,0,,0,2026-05-31 21:49:31
775f7dcb1174242d,docs\documents-atlas-index.md#chunk-1281,unknown,0,0,,16,11,1.02059,0,,0,2026-05-31 21:49:31
776eb83233a8dbc7,,unknown,0,0,,12,13,0.9571,0,,0,2026-05-31 21:49:31
7775a81b45a19fb2,,unknown,0,0,,11,18,0.807192,0,,0,2026-05-31 21:49:31
778059af473698a3,,unknown,0,0,,18,13,0.833929,0,,0,2026-05-31 21:49:31
77832dc7639e3fdc,docs\documents-atlas-index.md#chunk-923,unknown,0,0,,15,14,0.978459,0,,0,2026-05-31 21:49:31
7784e1aada8b58c5,,unknown,0,0,,19,5,0.951362,0,,0,2026-05-31 21:49:31
77854cfda87cb34a,,unknown,0,0,,17,9,0.941317,0,,0,2026-05-31 21:49:31
779a7b2136548cf7,,unknown,0,0,,19,,0.895715,0,,0,2026-05-31 21:49:31
77a1abd83be437e2,,unknown,0,0,,,,1.019563,0,,0,2026-05-31 21:49:31
77aa0dd97bbe8cff,,unknown,0,0,,11,1,1.007563,0,,0,2026-05-31 21:49:31
77b6bf08ab53f3c6,,unknown,0,0,,,7,0.877487,0,,0,2026-05-31 21:49:31
77b9b6ad9cfbee7e,,unknown,0,0,,,16,1.043153,0,,0,2026-05-31 21:49:31
77bdd4f29bfe8ed1,,unknown,0,0,,13,,1.075729,0,,0,2026-05-31 21:49:31
77c24883ef68144f,docs\documents-atlas-index.md#chunk-72,unknown,0,0,,1,4,0.857477,0,,0,2026-05-31 21:49:31
77c408d5e301b9b5,,unknown,0,0,,,9,0.929526,0,,0,2026-05-31 21:49:31
77ca59240ac2e3e4,,unknown,0,0,,,1,0.946434,0,,0,2026-05-31 21:49:31
77cb4fa53e2b4685,docs\documents-atlas-index.md#chunk-1284,unknown,0,0,,5,,0.92523,0,,0,2026-05-31 21:49:31
77ced8a569d69ede,,unknown,0,0,,,19,0.987733,0,,0,2026-05-31 21:49:31
77cfc9e8f0a5f185,,unknown,0,0,,,13,0.989054,0,,0,2026-05-31 21:49:31
77d0f2abb4a672c7,,unknown,0,0,,8,16,1.094262,0,,0,2026-05-31 21:49:31
77dd024937b0403c,,unknown,0,0,,5,1,0.952645,0,,0,2026-05-31 21:49:31
77e0602279c137af,,unknown,0,0,,15,18,0.933399,0,,0,2026-05-31 21:49:31
77ed8eacc2ff47c9,docs\documents-atlas-index.md#chunk-683,unknown,0,0,,10,,1.056372,0,,0,2026-05-31 21:49:31
77f11a181cadc7ae,,unknown,0,0,,,,0.97736,0,,0,2026-05-31 21:49:31
77f6ff0bb152cfcb,,unknown,0,0,,6,11,0.973522,0,,0,2026-05-31 21:49:31
77fa207f9a769232,,unknown,0,0,,,,0.854503,0,,0,2026-05-31 21:49:31
77ff08fec3becf5b,,unknown,0,0,,10,8,1.137127,0,,0,2026-05-31 21:49:31
780363825c4fa882,,unknown,0,0,,19,7,0.766299,0,,0,2026-05-31 21:49:31
78059f5dfa472802,,unknown,0,0,,16,7,0.920461,0,,0,2026-05-31 21:49:31
7807d5ad735d167b,,unknown,0,0,,9,19,0.900406,0,,0,2026-05-31 21:49:31
781439f668de44f0,,unknown,0,0,,18,12,0.879267,0,,0,2026-05-31 21:49:31
7822c4e82a3fc47e,,unknown,0,0,,19,6,0.922256,0,,0,2026-05-31 21:49:31
7822c5484180c670,,unknown,0,0,,9,15,0.883529,0,,0,2026-05-31 21:49:31
783bb472b5bcc5f7,,unknown,0,0,,19,6,0.888551,0,,0,2026-05-31 21:49:31
783e0bffd6b24a20,,unknown,0,0,,12,4,0.975349,0,,0,2026-05-31 21:49:31
7843f502ac3fd862,docs\documents-atlas-index.md#chunk-163,unknown,0,0,,19,6,0.854537,0,,0,2026-05-31 21:49:31
784745888ebe6fce,,unknown,0,0,,13,19,0.847345,0,,0,2026-05-31 21:49:31
784f677e75285c8d,docs\documents-atlas-index.md#chunk-159,unknown,0,0,,12,17,0.846513,0,,0,2026-05-31 21:49:31
7855b6c7c5264cda,,unknown,0,0,,10,19,0.851204,0,,0,2026-05-31 21:49:31
785651ada470e436,,unknown,0,0,,18,10,0.88619,0,,0,2026-05-31 21:49:31
787d5d708911bf0f,,unknown,0,0,,10,11,0.911932,0,,0,2026-05-31 21:49:31
78819a66aa4b9588,,unknown,0,0,,17,5,0.742843,0,,0,2026-05-31 21:49:31
7883418c1bec5b64,docs\documents-atlas-index.md#chunk-904,unknown,0,0,,19,5,1.007484,0,,0,2026-05-31 21:49:31
7885db20fc325dd3,docs\documents-atlas-index.md#chunk-759,unknown,0,0,,13,1,0.897886,0,,0,2026-05-31 21:49:31
788e5975f0d29693,,unknown,0,0,,13,8,0.815394,0,,0,2026-05-31 21:49:31
789106f125c8a9bc,,unknown,0,0,,17,15,0.867205,0,,0,2026-05-31 21:49:31
78a98c4866fc5362,,unknown,0,0,,3,,0.693202,0,,0,2026-05-31 21:49:31
78abca04be1df563,,unknown,0,0,,11,2,0.950823,0,,0,2026-05-31 21:49:31
78b41cde20acb296,,unknown,0,0,,,,1.029463,0,,0,2026-05-31 21:49:31
78bd026c08fc988a,,unknown,0,0,,4,,0.944232,0,,0,2026-05-31 21:49:31
78cb541eb892755d,,unknown,0,0,,5,3,0.835231,0,,0,2026-05-31 21:49:31
78d1cc3ed9c6de96,,unknown,0,0,,5,10,0.903662,0,,0,2026-05-31 21:49:31
78d8d8085e4820fc,docs\documents-atlas-index.md#chunk-800,unknown,0,0,,6,19,0.81644,0,,0,2026-05-31 21:49:31
78d9fc876b6e9524,,unknown,0,0,,,,0.754964,0,,0,2026-05-31 21:49:31
78fa5984c86023c5,,unknown,0,0,,5,4,0.847387,0,,0,2026-05-31 21:49:31
78fad30c04bd35f4,docs\documents-atlas-index.md#chunk-1042,unknown,0,0,,6,,1.181576,0,,0,2026-05-31 21:49:31
78fca87c15266749,,unknown,0,0,,3,2,0.905065,0,,0,2026-05-31 21:49:31
7901630ae4554228,docs\documents-atlas-index.md#chunk-544,unknown,0,0,,19,8,0.904598,0,,0,2026-05-31 21:49:31
790b23c1fd863ec6,docs\documents-atlas-index.md#chunk-1275,unknown,0,0,,17,2,0.945678,0,,0,2026-05-31 21:49:31
79230f6ecaaa5f90,,unknown,0,0,,14,4,0.967368,0,,0,2026-05-31 21:49:31
79232562519f1cb2,docs\documents-atlas-index.md#chunk-216,unknown,0,0,,19,2,0.846444,0,,0,2026-05-31 21:49:31
794395c995d759da,,unknown,0,0,,16,16,0.742878,0,,0,2026-05-31 21:49:31
7947d158195baeb5,,unknown,0,0,,19,6,0.880064,0,,0,2026-05-31 21:49:31
79521699e3f36908,,unknown,0,0,,14,11,0.805255,0,,0,2026-05-31 21:49:31
795f3123d85b2446,,unknown,0,0,,19,6,0.76207,0,,0,2026-05-31 21:49:31
796b9aa09212af28,,unknown,0,0,,15,10,0.913538,0,,0,2026-05-31 21:49:31
797391e77834cd59,,unknown,0,0,,13,12,0.792282,0,,0,2026-05-31 21:49:31
798c887f0f37d410,,unknown,0,0,,19,9,0.951099,0,,0,2026-05-31 21:49:31
79956c9502ba7243,,unknown,0,0,,19,7,0.850732,0,,0,2026-05-31 21:49:31
7998de9241e64ae8,,unknown,0,0,,10,13,0.894491,0,,0,2026-05-31 21:49:31
799cb590eba06a07,docs\documents-atlas-index.md#chunk-89,unknown,0,0,,12,,0.831281,0,,0,2026-05-31 21:49:31
799eff9bae896126,,unknown,0,0,,10,,0.877619,0,,0,2026-05-31 21:49:31
79a0fc81774d0588,,unknown,0,0,,3,2,0.881152,0,,0,2026-05-31 21:49:31
79a573c6abed3e32,,unknown,0,0,,10,8,1.036924,0,,0,2026-05-31 21:49:31
79b16fe12663d2ff,docs\documents-atlas-index.md#chunk-180,unknown,0,0,,,12,1.014098,0,,0,2026-05-31 21:49:31
79b80cab31c37e7c,,unknown,0,0,,8,10,0.981283,0,,0,2026-05-31 21:49:31
79c8b6f3cbd20e28,,unknown,0,0,,,14,0.923766,0,,0,2026-05-31 21:49:31
79d45708fdd8181b,,unknown,0,0,,5,,0.858738,0,,0,2026-05-31 21:49:31
79e45cacc861dc13,,unknown,0,0,,1,9,0.795933,0,,0,2026-05-31 21:49:31
79e8a70dfae61ab5,,unknown,0,0,,8,17,0.990401,0,,0,2026-05-31 21:49:31
79ea7dffe033f7a9,,unknown,0,0,,1,7,1.048683,0,,0,2026-05-31 21:49:31
79f1f28e5ea1e1cb,,unknown,0,0,,1,19,1.007823,0,,0,2026-05-31 21:49:31
79f784bda89ea1f2,docs\documents-atlas-index.md#chunk-804,unknown,0,0,,19,10,1.026985,0,,0,2026-05-31 21:49:31
79fc3bf1d4139722,,unknown,0,0,,5,6,0.931074,0,,0,2026-05-31 21:49:31
79ff02ec494a72d4,docs\documents-atlas-index.md#chunk-109,unknown,0,0,,18,12,1.073243,0,,0,2026-05-31 21:49:31
7a02356b94cd64d0,,unknown,0,0,,17,15,0.873547,0,,0,2026-05-31 21:49:31
7a04cdc06bf82524,docs\documents-atlas-index.md#chunk-915,unknown,0,0,,12,,1.003337,0,,0,2026-05-31 21:49:31
7a0972600110673d,,unknown,0,0,,18,16,0.819564,0,,0,2026-05-31 21:49:31
7a0c4debc6e8d1f9,,unknown,0,0,,18,12,1.029354,0,,0,2026-05-31 21:49:31
7a0d784af77cb49d,docs\documents-atlas-index.md#chunk-370,unknown,0,0,,17,10,0.963947,0,,0,2026-05-31 21:49:31
7a1d1dbc6fbd744f,docs\documents-atlas-index.md#chunk-199,unknown,0,0,,13,,1.070351,0,,0,2026-05-31 21:49:31
7a2baa314c9bfcf2,,unknown,0,0,,19,,0.905877,0,,0,2026-05-31 21:49:31
7a33a7d86e6a81b8,docs\documents-atlas-index.md#chunk-404,unknown,0,0,,19,5,0.928677,0,,0,2026-05-31 21:49:31
7a33c0cdbffa5893,,unknown,0,0,,19,5,1.005492,0,,0,2026-05-31 21:49:31
7a340003307ee424,,unknown,0,0,,19,8,0.954669,0,,0,2026-05-31 21:49:31
7a387d47d2560f55,,unknown,0,0,,12,6,0.906908,0,,0,2026-05-31 21:49:31
7a3d9f2bf629932b,,unknown,0,0,,10,4,0.982212,0,,0,2026-05-31 21:49:31
7a43b66e9d0a8948,,unknown,0,0,,19,5,0.895216,0,,0,2026-05-31 21:49:31
7a45ab66810366a7,,unknown,0,0,,17,13,0.953459,0,,0,2026-05-31 21:49:31
7a46545f867ad968,,unknown,0,0,,19,10,0.781255,0,,0,2026-05-31 21:49:31
7a480656652a0adc,docs\error-analysis-architecture.md#chunk-1,unknown,0,0,,17,17,0.860605,0,,0,2026-05-31 21:49:31
7a4d3adbfc167005,docs\documents-atlas-index.md#chunk-1077,unknown,0,0,,16,10,0.989263,0,,0,2026-05-31 21:49:31
7a4d620d0c01a79c,,unknown,0,0,,14,17,1.005011,0,,0,2026-05-31 21:49:31
7a4ea2bff521a559,,unknown,0,0,,17,11,1.001784,0,,0,2026-05-31 21:49:31
7a53d1113c8c7b64,,unknown,0,0,,19,3,0.869799,0,,0,2026-05-31 21:49:31
7a5cd8bb2db288f0,,unknown,0,0,,15,16,1.029409,0,,0,2026-05-31 21:49:31
7a5fc4ecf4596dc6,,unknown,0,0,,19,,1.028129,0,,0,2026-05-31 21:49:31
7a689a0cc6f81cf9,,unknown,0,0,,10,,0.996621,0,,0,2026-05-31 21:49:31
7a698fa31ab51607,,unknown,0,0,,9,,0.948461,0,,0,2026-05-31 21:49:31
7a6d8f76f920de7f,,unknown,0,0,,11,5,0.895926,0,,0,2026-05-31 21:49:31
7a744f1b63cfe271,,unknown,0,0,,17,10,1.0569,0,,0,2026-05-31 21:49:31
7a774bb35e85d27f,,unknown,0,0,,17,11,0.93158,0,,0,2026-05-31 21:49:31
7a7d5b918cb93864,,unknown,0,0,,11,,0.864371,0,,0,2026-05-31 21:49:31
7a81195ac177655e,,unknown,0,0,,17,15,0.946847,0,,0,2026-05-31 21:49:31
7a846ae6f2236499,,unknown,0,0,,17,11,0.845127,0,,0,2026-05-31 21:49:31
7a8a06764a0c3d29,,unknown,0,0,,19,1,0.808647,0,,0,2026-05-31 21:49:31
7a8ec10199a1331d,,unknown,0,0,,17,18,0.942797,0,,0,2026-05-31 21:49:31
7a922b7414edd4c7,,unknown,0,0,,19,12,0.995403,0,,0,2026-05-31 21:49:31
7aa3c9b1e50270af,,unknown,0,0,,,19,0.967211,0,,0,2026-05-31 21:49:31
7ab15f0a63ea1e4b,,unknown,0,0,,5,,0.967753,0,,0,2026-05-31 21:49:31
7ac610808ce29a76,,unknown,0,0,,,1,0.936758,0,,0,2026-05-31 21:49:31
7ace0fb3b5ff05ef,,unknown,0,0,,12,1,1.092718,0,,0,2026-05-31 21:49:31
7ad163d2e107d83f,docs\documents-atlas-index.md#chunk-706,unknown,0,0,,,14,0.925429,0,,0,2026-05-31 21:49:31
7ad8eeacd0c22bb1,,unknown,0,0,,7,11,1.133695,0,,0,2026-05-31 21:49:31
7ae02d91aac590f2,,unknown,0,0,,1,,0.946998,0,,0,2026-05-31 21:49:31
7ae2c5d2828a57f6,,unknown,0,0,,,19,1.000684,0,,0,2026-05-31 21:49:31
7af3dbf090326382,,unknown,0,0,,,12,0.947225,0,,0,2026-05-31 21:49:31
7af673ddcffa0708,,unknown,0,0,,,,1.073148,0,,0,2026-05-31 21:49:31
7af7ec4ee3fb5e59,,unknown,0,0,,10,,0.958453,0,,0,2026-05-31 21:49:31
7b0011af8c693cb7,,unknown,0,0,,14,19,0.903819,0,,0,2026-05-31 21:49:31
7b03d8cc552d453f,,unknown,0,0,,16,15,1.015425,0,,0,2026-05-31 21:49:31
7b05d2e383a62f45,,unknown,0,0,,11,15,0.962929,0,,0,2026-05-31 21:49:31
7b079c94da81f467,,unknown,0,0,,16,9,0.891212,0,,0,2026-05-31 21:49:31
7b2534a0dfa15903,,unknown,0,0,,17,10,0.995124,0,,0,2026-05-31 21:49:31
7b315c554fe77db7,,unknown,0,0,,15,,1.020148,0,,0,2026-05-31 21:49:31
7b31c9f9cf6970cc,,unknown,0,0,,9,19,0.974159,0,,0,2026-05-31 21:49:31
7b374084a33beb04,,unknown,0,0,,19,8,0.873284,0,,0,2026-05-31 21:49:31
7b37fd1edffb8385,docs\documents-atlas-index.md#chunk-250,unknown,0,0,,13,,0.99134,0,,0,2026-05-31 21:49:31
7b469f8d5855ccf2,,unknown,0,0,,16,11,0.958865,0,,0,2026-05-31 21:49:31
7b4c1b0a55485848,,unknown,0,0,,16,10,0.921546,0,,0,2026-05-31 21:49:31
7b566a683095791a,,unknown,0,0,,17,15,0.884626,0,,0,2026-05-31 21:49:31
7b5c7fe899bed3ec,,unknown,0,0,,19,14,0.960463,0,,0,2026-05-31 21:49:31
7b6dc998c0046d53,,unknown,0,0,,19,,0.810727,0,,0,2026-05-31 21:49:31
7b86f920701396ac,,unknown,0,0,,9,19,0.810083,0,,0,2026-05-31 21:49:31
7b8f9fa75189f859,docs\documents-atlas-index.md#chunk-365,unknown,0,0,,17,11,0.831798,0,,0,2026-05-31 21:49:31
7b97d46715d3a0a7,docs\documents-atlas-index.md#chunk-457,unknown,0,0,,18,14,0.910187,0,,0,2026-05-31 21:49:31
7b9d386fb4c45290,,unknown,0,0,,16,11,0.941376,0,,0,2026-05-31 21:49:31
7b9e4e990f3d06f0,docs\documents-atlas-index.md#chunk-267,unknown,0,0,,19,,0.935529,0,,0,2026-05-31 21:49:31
7ba138f501dd471d,,unknown,0,0,,17,15,1.027608,0,,0,2026-05-31 21:49:31
7ba599735446094c,docs\documents-atlas-index.md#chunk-238,unknown,0,0,,,19,0.765638,0,,0,2026-05-31 21:49:31
7bc0104e3018f79f,,unknown,0,0,,,19,0.950274,0,,0,2026-05-31 21:49:31
7bd6200efc0fda71,,unknown,0,0,,,7,1.035412,0,,0,2026-05-31 21:49:31
7bdac7f989a0ac96,,unknown,0,0,,,16,0.854216,0,,0,2026-05-31 21:49:31
7bdbcee31c210001,,unknown,0,0,,,15,1.029094,0,,0,2026-05-31 21:49:31
7be1772783edbfe6,,unknown,0,0,,,,1.033143,0,,0,2026-05-31 21:49:31
7be705fdd93a5aef,,unknown,0,0,,16,16,1.100486,0,,0,2026-05-31 21:49:31
7be817ab215afb39,,unknown,0,0,,,16,1.025534,0,,0,2026-05-31 21:49:31
7bf6412f19331059,docs\documents-atlas-index.md#chunk-1298,unknown,0,0,,,,0.900633,0,,0,2026-05-31 21:49:31
7bff9bb5b4e8d5b9,,unknown,0,0,,12,,1.050102,0,,0,2026-05-31 21:49:31
7c04cdca15deb36b,,unknown,0,0,,16,13,1.111314,0,,0,2026-05-31 21:49:31
7c06a6228e84a49b,,unknown,0,0,,4,19,0.880192,0,,0,2026-05-31 21:49:31
7c10e0a23074cf8d,,unknown,0,0,,4,19,0.887374,0,,0,2026-05-31 21:49:31
7c1a8179d606cae4,docs\documents-atlas-index.md#chunk-997,unknown,0,0,,19,12,0.88512,0,,0,2026-05-31 21:49:31
7c1e7c640d37cfaf,,unknown,0,0,,19,19,1.027453,0,,0,2026-05-31 21:49:31
7c250788c2c450b4,docs\documents-atlas-index.md#chunk-822,unknown,0,0,,18,15,0.862637,0,,0,2026-05-31 21:49:31
7c3bb3ae2bfeb175,,unknown,0,0,,19,9,1.103775,0,,0,2026-05-31 21:49:31
7c41f6d57e0a2d08,,unknown,0,0,,19,2,0.942635,0,,0,2026-05-31 21:49:31
7c491e6ea7b2c2ea,,unknown,0,0,,19,15,0.99354,0,,0,2026-05-31 21:49:31
7c4b9d2b0fbaf8f2,,unknown,0,0,,16,10,1.112686,0,,0,2026-05-31 21:49:31
7c4fb26b833a2290,docs\documents-atlas-index.md#chunk-23,unknown,0,0,,19,3,0.936328,0,,0,2026-05-31 21:49:31
7c52de9e049fca51,,unknown,0,0,,19,5,1.024135,0,,0,2026-05-31 21:49:31
7c59ebc49f98b09e,,unknown,0,0,,,18,0.954357,0,,0,2026-05-31 21:49:31
7c63010594be387d,,unknown,0,0,,18,16,0.916183,0,,0,2026-05-31 21:49:31
7c6d6a52d172f607,,unknown,0,0,,16,10,0.909966,0,,0,2026-05-31 21:49:31
7c7651d8fc31b319,,unknown,0,0,,17,11,0.920609,0,,0,2026-05-31 21:49:31
7c79bca425a3c5d2,,unknown,0,0,,17,13,1.005358,0,,0,2026-05-31 21:49:31
7c7e887437f7d14c,,unknown,0,0,,19,14,0.860399,0,,0,2026-05-31 21:49:31
7c80369bcdd096f1,,unknown,0,0,,14,19,0.982201,0,,0,2026-05-31 21:49:31
7c87e56ccff538c7,,unknown,0,0,,13,19,1.001754,0,,0,2026-05-31 21:49:31
7c920664568a2baf,,unknown,0,0,,17,17,0.873021,0,,0,2026-05-31 21:49:31
7ca0efbdfa18615b,,unknown,0,0,,1,12,1.089232,0,,0,2026-05-31 21:49:31
7ca7cef13f27d474,,unknown,0,0,,,15,0.879348,0,,0,2026-05-31 21:49:31
7ca9e61bfb4d72d5,docs\documents-atlas-index.md#chunk-107,unknown,0,0,,19,5,1.029469,0,,0,2026-05-31 21:49:31
7cb152303251ba23,,unknown,0,0,,,14,0.833214,0,,0,2026-05-31 21:49:31
7cb979ac024cfb0a,,unknown,0,0,,,16,1.037225,0,,0,2026-05-31 21:49:31
7cbbd2087682dc08,docs\documents-atlas-index.md#chunk-342,unknown,0,0,,,17,0.817597,0,,0,2026-05-31 21:49:31
7cbdaef629de7bea,,unknown,0,0,,13,,1.028462,0,,0,2026-05-31 21:49:31
7cd539176c4f9d5e,,unknown,0,0,,,19,0.945775,0,,0,2026-05-31 21:49:31
7cdcf0ad6c012e13,,unknown,0,0,,,19,0.97716,0,,0,2026-05-31 21:49:31
7d00baa0c2f39cfe,,unknown,0,0,,12,15,1.080796,0,,0,2026-05-31 21:49:31
7d05c32dfa7dbb9c,,unknown,0,0,,19,5,1.022289,0,,0,2026-05-31 21:49:31
7d0dbb22da684855,docs\documents-atlas-index.md#chunk-519,unknown,0,0,,12,,0.843129,0,,0,2026-05-31 21:49:31
7d1015c3ff6f1306,,unknown,0,0,,18,7,0.970992,0,,0,2026-05-31 21:49:31
7d119547dfaabc9c,docs\documents-atlas-index.md#chunk-1072,unknown,0,0,,15,5,1.053232,0,,0,2026-05-31 21:49:31
7d24936d7ea7a02b,,unknown,0,0,,14,16,1.013147,0,,0,2026-05-31 21:49:31
7d25e3cec72e08d1,,unknown,0,0,,19,5,1.079045,0,,0,2026-05-31 21:49:31
7d298b61f97d0cb5,,unknown,0,0,,19,1,0.777993,0,,0,2026-05-31 21:49:31
7d2c9d6da79997b7,,unknown,0,0,,16,10,0.91512,0,,0,2026-05-31 21:49:31
7d328bac8bd006b5,,unknown,0,0,,17,15,1.032593,0,,0,2026-05-31 21:49:31
7d37ff378b009f3c,,unknown,0,0,,5,19,0.932487,0,,0,2026-05-31 21:49:31
7d382ad62becf0e2,,unknown,0,0,,19,12,1.026187,0,,0,2026-05-31 21:49:31
7d483855c8d4a2bc,docs\documents-atlas-index.md#chunk-1003,unknown,0,0,,19,15,0.835751,0,,0,2026-05-31 21:49:31
7d4ae5106885599b,,unknown,0,0,,5,19,0.872652,0,,0,2026-05-31 21:49:31
7d4d3b062e1dff8d,docs\documents-atlas-index.md#chunk-244,unknown,0,0,,19,,1.030814,0,,0,2026-05-31 21:49:31
7d55864896f92495,,unknown,0,0,,16,15,0.798328,0,,0,2026-05-31 21:49:31
7d6770709fe0717a,,unknown,0,0,,15,16,0.833575,0,,0,2026-05-31 21:49:31
7d7be065514bd96c,,unknown,0,0,,19,6,1.038047,0,,0,2026-05-31 21:49:31
7d9382da9dbd5900,,unknown,0,0,,19,9,1.031362,0,,0,2026-05-31 21:49:31
7dabfb1e8982cdd9,,unknown,0,0,,,13,1.031675,0,,0,2026-05-31 21:49:31
7daef8537ba6fe64,,unknown,0,0,,,17,0.884946,0,,0,2026-05-31 21:49:31
7db19ce46317728f,,unknown,0,0,,,12,1.014495,0,,0,2026-05-31 21:49:31
7db45f717b56f62b,,unknown,0,0,,1,,0.886955,0,,0,2026-05-31 21:49:31
7dba19d65e0a5fc2,docs\documents-atlas-index.md#chunk-505,unknown,0,0,,19,,1.004877,0,,0,2026-05-31 21:49:31
7dbd5eb2b82f5f5e,,unknown,0,0,,10,5,0.919792,0,,0,2026-05-31 21:49:31
7dbe9d0c7052298e,docs\documents-atlas-index.md#chunk-552,unknown,0,0,,5,1,0.926182,0,,0,2026-05-31 21:49:31
7dc3138cc0cdf2e6,,unknown,0,0,,18,12,1.099609,0,,0,2026-05-31 21:49:31
7dc8538cff46af88,,unknown,0,0,,,10,0.839658,0,,0,2026-05-31 21:49:31
7dcb3dfc119e5abd,,unknown,0,0,,17,15,1.073375,0,,0,2026-05-31 21:49:31
7dcbeaa2cf2217f7,,unknown,0,0,,12,,1.05591,0,,0,2026-05-31 21:49:31
7dcecae061f5967b,,unknown,0,0,,,19,1.001654,0,,0,2026-05-31 21:49:31
7dd7a2fa039c329b,,unknown,0,0,,,19,0.991985,0,,0,2026-05-31 21:49:31
7de1e62755569770,,unknown,0,0,,,19,0.759212,0,,0,2026-05-31 21:49:31
7de3e6d114c8ce64,docs\documents-atlas-index.md#chunk-1178,unknown,0,0,,,16,0.939928,0,,0,2026-05-31 21:49:31
7de4f8de72056586,,unknown,0,0,,,19,0.924924,0,,0,2026-05-31 21:49:31
7de58760e16aee2c,,unknown,0,0,,3,11,0.984509,0,,0,2026-05-31 21:49:31
7de99f5b7a4821dd,,unknown,0,0,,1,,0.955814,0,,0,2026-05-31 21:49:31
7df6e09affcfa625,,unknown,0,0,,1,,1.117149,0,,0,2026-05-31 21:49:31
7df8211d9269d9d0,,unknown,0,0,,,,0.948128,0,,0,2026-05-31 21:49:31
7dfc0223a94361db,,unknown,0,0,,19,17,0.986516,0,,0,2026-05-31 21:49:31
7e0493c0f1dfbcf5,,unknown,0,0,,19,12,1.038006,0,,0,2026-05-31 21:49:31
7e0b7e30afe26db1,docs\documents-atlas-index.md#chunk-640,unknown,0,0,,14,,0.90421,0,,0,2026-05-31 21:49:31
7e0de48a86942f44,,unknown,0,0,,11,16,0.989864,0,,0,2026-05-31 21:49:31
7e1af13a950a2776,,unknown,0,0,,19,3,0.924866,0,,0,2026-05-31 21:49:31
7e2685c56bf528a8,docs\documents-atlas-index.md#chunk-148,unknown,0,0,,17,17,0.84979,0,,0,2026-05-31 21:49:31
7e27324c7dffb852,,unknown,0,0,,19,9,1.051205,0,,0,2026-05-31 21:49:31
7e291ab7c3334c2b,,unknown,0,0,,12,8,0.935761,0,,0,2026-05-31 21:49:31
7e29280fa07fe31d,,unknown,0,0,,19,9,0.974538,0,,0,2026-05-31 21:49:31
7e36301396c5bf94,,unknown,0,0,,14,13,0.95733,0,,0,2026-05-31 21:49:31
7e36f812bf8aa277,,unknown,0,0,,19,6,0.876741,0,,0,2026-05-31 21:49:31
7e3f8c0a296781eb,,unknown,0,0,,19,17,0.943552,0,,0,2026-05-31 21:49:31
7e487658e24e933f,,unknown,0,0,,19,8,0.940637,0,,0,2026-05-31 21:49:31
7e4bea93675b7076,,unknown,0,0,,19,,0.817883,0,,0,2026-05-31 21:49:31
7e4fc102a8bce033,,unknown,0,0,,19,6,1.004822,0,,0,2026-05-31 21:49:31
7e52b014903e1310,,unknown,0,0,,19,5,0.979624,0,,0,2026-05-31 21:49:31
7e5a8671df8eeb87,,unknown,0,0,,19,1,0.79057,0,,0,2026-05-31 21:49:31
7e61905e6f0c2243,,unknown,0,0,,19,7,1.032905,0,,0,2026-05-31 21:49:31
7e6453ee206f236a,,unknown,0,0,,17,15,0.933806,0,,0,2026-05-31 21:49:31
7e6de3cb85d822e6,,unknown,0,0,,17,16,0.941097,0,,0,2026-05-31 21:49:31
7e71ed48dcf603c2,,unknown,0,0,,12,,0.988483,0,,0,2026-05-31 21:49:31
7e7d2e2c0d97a223,docs\documents-atlas-index.md#chunk-287,unknown,0,0,,2,,0.983585,0,,0,2026-05-31 21:49:31
7e813075828bad6d,docs\documents-atlas-index.md#chunk-625,unknown,0,0,,15,14,0.962267,0,,0,2026-05-31 21:49:31
7e8e633f85f0b846,,unknown,0,0,,19,14,0.965687,0,,0,2026-05-31 21:49:31
7eac8e867bd38a58,,unknown,0,0,,6,,0.851727,0,,0,2026-05-31 21:49:31
7eaec5a65fa161e8,,unknown,0,0,,,19,1.055137,0,,0,2026-05-31 21:49:31
7eb180f2d75d1f31,docs\documents-atlas-index.md#chunk-77,unknown,0,0,,,9,1.00661,0,,0,2026-05-31 21:49:31
7eb2230823b9e022,,unknown,0,0,,,,0.912866,0,,0,2026-05-31 21:49:31
7eb35848c44a9fc7,,unknown,0,0,,19,1,1.011235,0,,0,2026-05-31 21:49:31
7ed011e342a282d5,,unknown,0,0,,17,17,0.944609,0,,0,2026-05-31 21:49:31
7ee5322ceb711405,,unknown,0,0,,,2,0.932974,0,,0,2026-05-31 21:49:31
7ee54dc7b0f8f7c2,,unknown,0,0,,,9,1.064417,0,,0,2026-05-31 21:49:31
7ee80b91a559d7d1,,unknown,0,0,,1,8,0.870289,0,,0,2026-05-31 21:49:31
7ee8f008a9103ab6,,unknown,0,0,,5,19,0.90568,0,,0,2026-05-31 21:49:31
7ee9df9a0a8e1727,,unknown,0,0,,1,,0.967593,0,,0,2026-05-31 21:49:31
7ef23cc5caeab357,,unknown,0,0,,1,,1.093222,0,,0,2026-05-31 21:49:31
7ef6ae41bff1969e,,unknown,0,0,,10,,0.935749,0,,0,2026-05-31 21:49:31
7ef9abb53ce2c38d,,unknown,0,0,,,18,0.978792,0,,0,2026-05-31 21:49:31
7efb37c124073ea1,,unknown,0,0,,17,17,1.044538,0,,0,2026-05-31 21:49:31
7efb3c3e552315fc,,unknown,0,0,,4,,1.00918,0,,0,2026-05-31 21:49:31
7efcce489b2fc716,,unknown,0,0,,12,,1.016432,0,,0,2026-05-31 21:49:31
7f1082daab617713,,unknown,0,0,,17,10,0.988442,0,,0,2026-05-31 21:49:31
7f135e249e17267f,,unknown,0,0,,14,13,0.953583,0,,0,2026-05-31 21:49:31
7f2148728b4f67e3,,unknown,0,0,,19,3,0.994738,0,,0,2026-05-31 21:49:31
7f2a604aa877f11b,,unknown,0,0,,16,11,0.90685,0,,0,2026-05-31 21:49:31
7f319033fa72bf2a,,unknown,0,0,,4,19,0.969309,0,,0,2026-05-31 21:49:31
7f38d71cb78770ed,,unknown,0,0,,12,19,0.902831,0,,0,2026-05-31 21:49:31
7f4f91a475fe95eb,,unknown,0,0,,18,16,0.859313,0,,0,2026-05-31 21:49:31
7f6484233169c04e,,unknown,0,0,,18,14,0.824899,0,,0,2026-05-31 21:49:31
7f6cd289f4a1e7b4,,unknown,0,0,,19,12,1.018966,0,,0,2026-05-31 21:49:31
7f6fb25cb6111ed0,,unknown,0,0,,19,,1.043498,0,,0,2026-05-31 21:49:31
7f7038ceaa65d597,,unknown,0,0,,17,11,0.925146,0,,0,2026-05-31 21:49:31
7f79673d9f8ae7cf,,unknown,0,0,,18,14,0.981265,0,,0,2026-05-31 21:49:31
7f7c9c788779c14e,,unknown,0,0,,16,10,0.925188,0,,0,2026-05-31 21:49:31
7f814fa19d1d39d3,,unknown,0,0,,19,1,1.047241,0,,0,2026-05-31 21:49:31
7f82125d47899e7e,,unknown,0,0,,13,19,0.822797,0,,0,2026-05-31 21:49:31
7f84e39aa3da9317,,unknown,0,0,,19,7,1.037566,0,,0,2026-05-31 21:49:31
7f88d338d190b80d,,unknown,0,0,,4,19,0.902273,0,,0,2026-05-31 21:49:31
7f896fb5281c983c,,unknown,0,0,,17,14,0.900451,0,,0,2026-05-31 21:49:31
7f8c3e54b6432a9c,,unknown,0,0,,10,4,0.845411,0,,0,2026-05-31 21:49:31
7f8eb8e38cf37f7a,,unknown,0,0,,13,,1.039791,0,,0,2026-05-31 21:49:31
7f9000bb0f061af7,,unknown,0,0,,14,19,0.953346,0,,0,2026-05-31 21:49:31
7f96f83a14d9de77,docs\documents-atlas-index.md#chunk-724,unknown,0,0,,10,14,0.901248,0,,0,2026-05-31 21:49:31
7f9caba5da794f3c,,unknown,0,0,,13,,0.809596,0,,0,2026-05-31 21:49:31
7fa3ddfee0c81ccc,,unknown,0,0,,11,,1.171724,0,,0,2026-05-31 21:49:31
7fb0c7be2c48a282,,unknown,0,0,,,16,0.888167,0,,0,2026-05-31 21:49:31
7fb7a326a3ba3aac,,unknown,0,0,,3,19,1.079787,0,,0,2026-05-31 21:49:31
7fbb0cc1adc7b86d,,unknown,0,0,,11,,1.059302,0,,0,2026-05-31 21:49:31
7fbb34ec9f08bc7d,,unknown,0,0,,,19,0.979409,0,,0,2026-05-31 21:49:31
7fbd6585177cb93f,docs\documents-atlas-index.md#chunk-536,unknown,0,0,,,19,0.97484,0,,0,2026-05-31 21:49:31
7fc2df414c222e79,,unknown,0,0,,3,15,0.919681,0,,0,2026-05-31 21:49:31
7fccac3d9c65a62e,docs\documents-atlas-index.md#chunk-291,unknown,0,0,,,17,1.041567,0,,0,2026-05-31 21:49:31
7fedaa7398dc672b,,unknown,0,0,,12,,0.954907,0,,0,2026-05-31 21:49:31
800505ee597a9a64,,unknown,0,0,,19,8,0.893521,0,,0,2026-05-31 21:49:31
800b29d65ad3e4a8,,unknown,0,0,,19,12,0.927088,0,,0,2026-05-31 21:49:31
800d2400a0a3cd9f,,unknown,0,0,,12,9,1.000231,0,,0,2026-05-31 21:49:31
800e385af08d5731,,unknown,0,0,,19,7,0.843994,0,,0,2026-05-31 21:49:31
8014d36e02e91fcb,,unknown,0,0,,11,19,0.857515,0,,0,2026-05-31 21:49:31
801a0b4c73c55950,,unknown,0,0,,6,1,0.94197,0,,0,2026-05-31 21:49:31
80226b3c5f72da64,,unknown,0,0,,10,12,0.958043,0,,0,2026-05-31 21:49:31
8027cfacc3ab4187,,unknown,0,0,,19,5,0.984343,0,,0,2026-05-31 21:49:31
8031d5f74a40d853,,unknown,0,0,,1,16,0.933934,0,,0,2026-05-31 21:49:31
80390fa96824d459,,unknown,0,0,,18,10,0.835413,0,,0,2026-05-31 21:49:31
80395ae0822d0cef,,unknown,0,0,,19,2,1.027798,0,,0,2026-05-31 21:49:31
803cbeee16d110d4,,unknown,0,0,,14,12,1.148018,0,,0,2026-05-31 21:49:31
803ccfb62afc0534,docs\documents-atlas-index.md#chunk-678,unknown,0,0,,13,,0.960052,0,,0,2026-05-31 21:49:31
803db3978148ebc9,docs\documents-atlas-index.md#chunk-680,unknown,0,0,,10,15,0.924686,0,,0,2026-05-31 21:49:31
80433eba98fdc045,,unknown,0,0,,19,9,0.964732,0,,0,2026-05-31 21:49:31
8044f76da0e5d8a7,,unknown,0,0,,13,13,1.021704,0,,0,2026-05-31 21:49:31
8053090f567a85b8,,unknown,0,0,,19,8,0.876475,0,,0,2026-05-31 21:49:31
805488fa22aa96f0,,unknown,0,0,,17,14,0.919083,0,,0,2026-05-31 21:49:31
805749975dca1aad,docs\documents-atlas-index.md#chunk-469,unknown,0,0,,12,19,0.912188,0,,0,2026-05-31 21:49:31
805a81d4ebed7dd0,,unknown,0,0,,17,,0.928061,0,,0,2026-05-31 21:49:31
805ba447831cc060,docs\documents-atlas-index.md#chunk-391,unknown,0,0,,19,6,0.884443,0,,0,2026-05-31 21:49:31
80660bbfbb29c395,,unknown,0,0,,17,10,0.935288,0,,0,2026-05-31 21:49:31
806a7337c581a2e9,,unknown,0,0,,19,10,0.852426,0,,0,2026-05-31 21:49:31
80852c00a403a65f,docs\documents-atlas-index.md#chunk-930,unknown,0,0,,14,9,0.964407,0,,0,2026-05-31 21:49:31
8085a67d2698fae7,,unknown,0,0,,10,17,0.819393,0,,0,2026-05-31 21:49:31
80871e150014f667,,unknown,0,0,,,1,0.947124,0,,0,2026-05-31 21:49:31
808b72eba301b1c0,docs\devtools_rg.md#chunk-1,unknown,0,0,,19,11,0.915008,0,,0,2026-05-31 21:49:31
808cbbd6419ea7e3,docs\documents-atlas-index.md#chunk-387,unknown,0,0,,19,5,0.923385,0,,0,2026-05-31 21:49:31
809cb626ee81668c,,unknown,0,0,,11,3,0.943308,0,,0,2026-05-31 21:49:31
80a25d0c21f25ade,,unknown,0,0,,4,,1.040423,0,,0,2026-05-31 21:49:31
80a3f62146df13de,,unknown,0,0,,8,18,1.069726,0,,0,2026-05-31 21:49:31
80b36bb3514cbd2a,,unknown,0,0,,6,10,0.970401,0,,0,2026-05-31 21:49:31
80c58b4371828571,,unknown,0,0,,,2,0.719644,0,,0,2026-05-31 21:49:31
80c70766b30cd12c,,unknown,0,0,,,6,0.941537,0,,0,2026-05-31 21:49:31
80c73c707e3dbe37,,unknown,0,0,,1,,0.824539,0,,0,2026-05-31 21:49:31
80c7de4598427e46,,unknown,0,0,,6,10,0.756608,0,,0,2026-05-31 21:49:31
80cccf910471657b,,unknown,0,0,,6,4,0.976372,0,,0,2026-05-31 21:49:31
80d3e1ef2cb38b59,,unknown,0,0,,5,17,1.030004,0,,0,2026-05-31 21:49:31
80db58894fa2fd74,docs\documents-atlas-index.md#chunk-826,unknown,0,0,,5,2,0.888748,0,,0,2026-05-31 21:49:31
80dcf3385fc2bb24,,unknown,0,0,,1,15,0.984059,0,,0,2026-05-31 21:49:31
80e7885149279f2b,,unknown,0,0,,6,14,0.756359,0,,0,2026-05-31 21:49:31
80f37914e65bab6d,,unknown,0,0,,5,8,0.871747,0,,0,2026-05-31 21:49:31
810021c5b7439996,,unknown,0,0,,18,10,0.810553,0,,0,2026-05-31 21:49:31
8102a663833e32be,,unknown,0,0,,9,19,0.898031,0,,0,2026-05-31 21:49:31
81038266cf7d6fc6,,unknown,0,0,,19,4,0.865497,0,,0,2026-05-31 21:49:31
8106bfda1f2d9d59,,unknown,0,0,,19,5,1.067633,0,,0,2026-05-31 21:49:31
8106dc31eb82feea,,unknown,0,0,,9,15,1.050806,0,,0,2026-05-31 21:49:31
810d956617434a85,,unknown,0,0,,12,12,0.873978,0,,0,2026-05-31 21:49:31
811a22cd5e09a201,,unknown,0,0,,17,10,0.997968,0,,0,2026-05-31 21:49:31
811cf63a90f76690,docs\documents-atlas-index.md#chunk-36,unknown,0,0,,12,14,0.983994,0,,0,2026-05-31 21:49:31
81283c73555afca5,,unknown,0,0,,19,2,0.857915,0,,0,2026-05-31 21:49:31
8129876b95bc8245,,unknown,0,0,,19,7,0.868802,0,,0,2026-05-31 21:49:31
81308dd38a4b025e,,unknown,0,0,,19,5,0.956062,0,,0,2026-05-31 21:49:31
81347171d64ccf4e,,unknown,0,0,,19,8,0.898467,0,,0,2026-05-31 21:49:31
8145c7f610914e8d,,unknown,0,0,,7,18,0.815396,0,,0,2026-05-31 21:49:31
814acb32eec63f92,,unknown,0,0,,12,,0.861651,0,,0,2026-05-31 21:49:31
814ced98771ebc18,,unknown,0,0,,19,2,0.88016,0,,0,2026-05-31 21:49:31
8160cc3a6a32053e,docs\documents-atlas-index.md#chunk-502,unknown,0,0,,9,19,0.918909,0,,0,2026-05-31 21:49:31
816957e5bfb09718,,unknown,0,0,,16,9,0.892334,0,,0,2026-05-31 21:49:31
816d6d7f9dd81613,docs\documents-atlas-index.md#chunk-186,unknown,0,0,,5,,0.889127,0,,0,2026-05-31 21:49:31
8175a092f14eb56e,docs\documents-atlas-index.md#chunk-1107,unknown,0,0,,19,6,0.935984,0,,0,2026-05-31 21:49:31
81773eed43273627,,unknown,0,0,,17,11,0.944559,0,,0,2026-05-31 21:49:31
818191e099e742f4,,unknown,0,0,,16,14,0.869776,0,,0,2026-05-31 21:49:31
818fca094868be97,,unknown,0,0,,9,12,0.904767,0,,0,2026-05-31 21:49:31
819339936ce00913,,unknown,0,0,,,,0.915107,0,,0,2026-05-31 21:49:31
8195d7c4adf0e596,,unknown,0,0,,19,9,0.976137,0,,0,2026-05-31 21:49:31
81a16a8c06bb7890,,unknown,0,0,,,,0.846702,0,,0,2026-05-31 21:49:31
81a58dfcdf4825d9,,unknown,0,0,,,5,0.964796,0,,0,2026-05-31 21:49:31
81a9cb567fe0deec,,unknown,0,0,,7,13,0.973198,0,,0,2026-05-31 21:49:31
81aedadeef9eee62,,unknown,0,0,,13,,1.058714,0,,0,2026-05-31 21:49:31
81c1ce99bb9e5f44,docs\documents-atlas-index.md#chunk-658,unknown,0,0,,9,2,0.862432,0,,0,2026-05-31 21:49:31
81d06c54b3d2385f,,unknown,0,0,,5,4,0.867261,0,,0,2026-05-31 21:49:31
81d2a3562dc29931,,unknown,0,0,,,,0.855829,0,,0,2026-05-31 21:49:31
81e0d85d666f4d61,,unknown,0,0,,6,15,0.970067,0,,0,2026-05-31 21:49:31
81edc9b1e510acb6,,unknown,0,0,,,13,0.953511,0,,0,2026-05-31 21:49:31
81f3bb06387ef11c,,unknown,0,0,,1,,1.062649,0,,0,2026-05-31 21:49:31
81facd566ae3f4e4,,unknown,0,0,,3,,1.026275,0,,0,2026-05-31 21:49:31
81fba8d600a108fb,docs\documents-atlas-index.md#chunk-189,unknown,0,0,,15,18,1.073632,0,,0,2026-05-31 21:49:31
820e6e3157eae313,,unknown,0,0,,18,8,0.99559,0,,0,2026-05-31 21:49:31
8217e0f1a8de0eb4,docs\documents-atlas-index.md#chunk-750,unknown,0,0,,19,2,0.972169,0,,0,2026-05-31 21:49:31
8219d00da20b9fc7,,unknown,0,0,,19,4,0.949488,0,,0,2026-05-31 21:49:31
822aed5407bce788,,unknown,0,0,,18,5,0.961711,0,,0,2026-05-31 21:49:31
8235c9f3bbda191a,,unknown,0,0,,17,5,1.019863,0,,0,2026-05-31 21:49:31
823c457239faa0cd,docs\documents-atlas-index.md#chunk-1103,unknown,0,0,,19,14,0.940868,0,,0,2026-05-31 21:49:31
823d1754fd762f4f,,unknown,0,0,,11,6,0.901149,0,,0,2026-05-31 21:49:31
82430ed8020e69de,,unknown,0,0,,17,13,0.986257,0,,0,2026-05-31 21:49:31
8246b3becc6842f5,,unknown,0,0,,19,8,1.022492,0,,0,2026-05-31 21:49:31
82486b29d753d38b,,unknown,0,0,,15,9,0.858822,0,,0,2026-05-31 21:49:31
824f6dc319676dd1,,unknown,0,0,,19,,0.949115,0,,0,2026-05-31 21:49:31
82501a8c1857eb16,,unknown,0,0,,10,12,0.955313,0,,0,2026-05-31 21:49:31
82555f4b1a4f455e,,unknown,0,0,,2,,0.963311,0,,0,2026-05-31 21:49:31
8258d8a44940d07a,,unknown,0,0,,4,17,0.829172,0,,0,2026-05-31 21:49:31
8263682e47482271,,unknown,0,0,,,,0.861264,0,,0,2026-05-31 21:49:31
82659af473f98ac1,,unknown,0,0,,13,12,0.920735,0,,0,2026-05-31 21:49:31
827400eb8365c598,,unknown,0,0,,19,11,0.871125,0,,0,2026-05-31 21:49:31
8277472172e841d8,docs\documents-atlas-index.md#chunk-895,unknown,0,0,,16,15,0.861729,0,,0,2026-05-31 21:49:31
827b97d053fc9a3c,,unknown,0,0,,14,12,0.97953,0,,0,2026-05-31 21:49:31
8285837237856906,,unknown,0,0,,13,12,0.770641,0,,0,2026-05-31 21:49:31
8285b606d24545f8,,unknown,0,0,,9,18,0.905186,0,,0,2026-05-31 21:49:31
828a267f904e7d63,,unknown,0,0,,19,3,0.903294,0,,0,2026-05-31 21:49:31
828b6a933db0d1d0,docs\documents-atlas-index.md#chunk-556,unknown,0,0,,16,10,1.007756,0,,0,2026-05-31 21:49:31
828d467c8db9dc63,,unknown,0,0,,13,10,0.997703,0,,0,2026-05-31 21:49:31
829cb53be92a491e,,unknown,0,0,,19,5,0.915361,0,,0,2026-05-31 21:49:31
829dfc2e39e6eeb3,,unknown,0,0,,11,12,1.134221,0,,0,2026-05-31 21:49:31
82aaf6eb59b97f8c,,unknown,0,0,,7,15,0.971821,0,,0,2026-05-31 21:49:31
82b8abb3d9b7767f,docs\documents-atlas-index.md#chunk-454,unknown,0,0,,8,8,0.913841,0,,0,2026-05-31 21:49:31
82ba6c24fd96a0e4,,unknown,0,0,,3,4,0.895426,0,,0,2026-05-31 21:49:31
82c2661e775ca066,,unknown,0,0,,,,0.860725,0,,0,2026-05-31 21:49:31
82cce7b61a99be10,,unknown,0,0,,,15,0.855132,0,,0,2026-05-31 21:49:31
82d93b24e37ec56a,,unknown,0,0,,5,5,0.886121,0,,0,2026-05-31 21:49:31
82df9111fd77cfc6,,unknown,0,0,,8,7,0.958037,0,,0,2026-05-31 21:49:31
82e0de935be509e8,,unknown,0,0,,3,,0.983312,0,,0,2026-05-31 21:49:31
82edebe032a062f0,docs\documents-atlas-index.md#chunk-228,unknown,0,0,,8,1,1.147977,0,,0,2026-05-31 21:49:31
82fcea46fba1eff5,,unknown,0,0,,11,,1.007125,0,,0,2026-05-31 21:49:31
8302d0d3ad747c4a,,unknown,0,0,,7,19,0.871913,0,,0,2026-05-31 21:49:31
8303bef7aa756bdc,,unknown,0,0,,10,18,0.964145,0,,0,2026-05-31 21:49:31
83047466f151f93a,,unknown,0,0,,18,10,0.873453,0,,0,2026-05-31 21:49:31
831aa191f4ee6378,,unknown,0,0,,17,3,0.866082,0,,0,2026-05-31 21:49:31
8325103fd42de669,,unknown,0,0,,19,8,0.857705,0,,0,2026-05-31 21:49:31
832c90e73ec9e211,docs\documents-atlas-index.md#chunk-441,unknown,0,0,,19,9,1.022608,0,,0,2026-05-31 21:49:31
832f3c11aa3a98ea,,unknown,0,0,,16,3,0.904714,0,,0,2026-05-31 21:49:31
8334bf8c833c6165,,unknown,0,0,,19,5,0.913517,0,,0,2026-05-31 21:49:31
83414d0ed41a5668,,unknown,0,0,,19,7,0.927526,0,,0,2026-05-31 21:49:31
8343460a31ee1d86,,unknown,0,0,,12,14,1.003571,0,,0,2026-05-31 21:49:31
83505a9c25dbf6a6,,unknown,0,0,,19,9,1.023933,0,,0,2026-05-31 21:49:31
8353be48691e0b8b,,unknown,0,0,,19,3,0.878763,0,,0,2026-05-31 21:49:31
8353e831978f3da3,docs\documents-atlas-index.md#chunk-564,unknown,0,0,,19,2,0.79745,0,,0,2026-05-31 21:49:31
8355e79cbfa73c6d,,unknown,0,0,,10,18,0.843387,0,,0,2026-05-31 21:49:31
8360fe3df9f81013,,unknown,0,0,,8,,1.014803,0,,0,2026-05-31 21:49:31
8361b5f28d503762,,unknown,0,0,,7,18,0.91696,0,,0,2026-05-31 21:49:31
8368c7419a628fab,docs\documents-atlas-index.md#chunk-995,unknown,0,0,,8,19,0.650733,0,,0,2026-05-31 21:49:31
838037323f9e009f,,unknown,0,0,,19,6,0.920267,0,,0,2026-05-31 21:49:31
83871509884f7fa6,,unknown,0,0,,19,3,0.877705,0,,0,2026-05-31 21:49:31
838ba7f6c7459acb,,unknown,0,0,,12,17,0.897414,0,,0,2026-05-31 21:49:31
839efb7703afbd1e,,unknown,0,0,,14,3,1.028164,0,,0,2026-05-31 21:49:31
83a20789343f8107,,unknown,0,0,,,,0.831793,0,,0,2026-05-31 21:49:31
83b63026dff879f0,,unknown,0,0,,,,0.883126,0,,0,2026-05-31 21:49:31
83b7f6df1fc12303,,unknown,0,0,,1,16,1.029704,0,,0,2026-05-31 21:49:31
83b868ac0239bdc0,docs\documents-atlas-index.md#chunk-740,unknown,0,0,,,11,0.936526,0,,0,2026-05-31 21:49:31
83b8e8ec7e1b4a03,,unknown,0,0,,1,14,1.039326,0,,0,2026-05-31 21:49:31
83bfb1373658f5df,,unknown,0,0,,1,19,0.938628,0,,0,2026-05-31 21:49:31
83c232fd1d5040f0,,unknown,0,0,,,,1.043915,0,,0,2026-05-31 21:49:31
83c390e14095b8f5,,unknown,0,0,,,15,0.919211,0,,0,2026-05-31 21:49:31
83d2a429a92737f6,,unknown,0,0,,8,18,0.82826,0,,0,2026-05-31 21:49:31
83dc6e8611b0182b,,unknown,0,0,,6,1,0.884452,0,,0,2026-05-31 21:49:31
83e88fb3e4665c66,,unknown,0,0,,5,8,0.721339,0,,0,2026-05-31 21:49:31
83f300521b687e44,,unknown,0,0,,,1,0.770896,0,,0,2026-05-31 21:49:31
840a3e7a27aaa379,,unknown,0,0,,18,8,0.940244,0,,0,2026-05-31 21:49:31
840d3364db5db4e1,docs\documents-atlas-index.md#chunk-364,unknown,0,0,,19,8,0.868438,0,,0,2026-05-31 21:49:31
843d545ef0104c99,,unknown,0,0,,13,8,0.940431,0,,0,2026-05-31 21:49:31
84476f40997154f7,,unknown,0,0,,18,10,0.872541,0,,0,2026-05-31 21:49:31
8448b3b6f87e9fd4,,unknown,0,0,,19,2,0.826473,0,,0,2026-05-31 21:49:31
844b7d2e03167aa6,docs\documents-atlas-index.md#chunk-771,unknown,0,0,,12,13,1.003572,0,,0,2026-05-31 21:49:31
844feae048b326d7,,unknown,0,0,,12,,1.043927,0,,0,2026-05-31 21:49:31
8458a9c62da39501,,unknown,0,0,,10,13,0.990417,0,,0,2026-05-31 21:49:31
845d2a19278193b4,,unknown,0,0,,19,12,0.889304,0,,0,2026-05-31 21:49:31
846358d13bfb3a98,,unknown,0,0,,19,4,0.979591,0,,0,2026-05-31 21:49:31
84641c92e99b9007,,unknown,0,0,,18,6,0.771694,0,,0,2026-05-31 21:49:31
846d4eceb29a1c80,,unknown,0,0,,16,,0.942742,0,,0,2026-05-31 21:49:31
8477bcfd1c5cce5b,,unknown,0,0,,19,5,1.102914,0,,0,2026-05-31 21:49:31
848239f871c4b636,,unknown,0,0,,18,12,0.82748,0,,0,2026-05-31 21:49:31
8483693efac5b586,,unknown,0,0,,19,9,0.94631,0,,0,2026-05-31 21:49:31
848702168f29dc67,docs\documents-atlas-index.md#chunk-674,unknown,0,0,,12,12,0.875638,0,,0,2026-05-31 21:49:31
848c0dae0bcca4cf,,unknown,0,0,,16,10,1.134115,0,,0,2026-05-31 21:49:31
8496fd47882217a5,,unknown,0,0,,11,12,0.916201,0,,0,2026-05-31 21:49:31
84a420416b09f395,,unknown,0,0,,,1,0.816703,0,,0,2026-05-31 21:49:31
84b556b2e0a3f0fb,,unknown,0,0,,18,12,1.046639,0,,0,2026-05-31 21:49:31
84b8c6d8ef590768,,unknown,0,0,,,14,0.85524,0,,0,2026-05-31 21:49:31
84be1aac9075e1f1,,unknown,0,0,,,5,1.045642,0,,0,2026-05-31 21:49:31
84cc6c19224210ed,docs\CODEBASE_DIRECTORY_MAP.md#chunk-35,unknown,0,0,,4,2,0.983774,0,,0,2026-05-31 21:49:31
84dd230442f894b9,,unknown,0,0,,3,,0.954156,0,,0,2026-05-31 21:49:31
84e06a259f326bcd,,unknown,0,0,,1,4,0.856536,0,,0,2026-05-31 21:49:31
84e1edf1c532c541,,unknown,0,0,,,10,0.883694,0,,0,2026-05-31 21:49:31
84eb3cf17210f4e1,,unknown,0,0,,,8,1.081075,0,,0,2026-05-31 21:49:31
84f02d619a76b510,,unknown,0,0,,,1,0.705495,0,,0,2026-05-31 21:49:31
84f8348c41b0e195,docs\documents-atlas-index.md#chunk-438,unknown,0,0,,,,0.858359,0,,0,2026-05-31 21:49:31
84fbc1ff7fefd8e1,docs\documents-atlas-index.md#chunk-1023,unknown,0,0,,19,5,1.218583,0,,0,2026-05-31 21:49:31
8509710f5d485812,,unknown,0,0,,,,0.938678,0,,0,2026-05-31 21:49:31
850caa80161d5d89,,unknown,0,0,,19,,0.703713,0,,0,2026-05-31 21:49:31
850d28ca75df2e5b,docs\documents-atlas-index.md#chunk-485,unknown,0,0,,15,14,0.974497,0,,0,2026-05-31 21:49:31
8511fef468c84e2b,,unknown,0,0,,10,13,0.947652,0,,0,2026-05-31 21:49:31
85125396d3b2c1e2,docs\documents-atlas-index.md#chunk-448,unknown,0,0,,19,11,0.873656,0,,0,2026-05-31 21:49:31
851c6c4446669713,,unknown,0,0,,15,8,0.865536,0,,0,2026-05-31 21:49:31
8520e0097af553e5,,unknown,0,0,,11,18,0.954742,0,,0,2026-05-31 21:49:31
852889ba6639f312,docs\documents-atlas-index.md#chunk-1080,unknown,0,0,,18,11,0.802499,0,,0,2026-05-31 21:49:31
852a05931d2548bf,,unknown,0,0,,14,17,0.873146,0,,0,2026-05-31 21:49:31
852a328119c5e481,,unknown,0,0,,19,12,0.884139,0,,0,2026-05-31 21:49:31
853daa79bdfb808e,,unknown,0,0,,12,,0.858909,0,,0,2026-05-31 21:49:31
8543f64eaf5b20d4,,unknown,0,0,,19,5,0.932333,0,,0,2026-05-31 21:49:31
8549a529d626834e,,unknown,0,0,,9,18,0.770979,0,,0,2026-05-31 21:49:31
855121aeda0330f7,,unknown,0,0,,19,10,0.994662,0,,0,2026-05-31 21:49:31
8553e62b5a271e85,,unknown,0,0,,8,19,0.740286,0,,0,2026-05-31 21:49:31
855f65ae6b0d8c5e,,unknown,0,0,,13,18,1.02832,0,,0,2026-05-31 21:49:31
856c3ba2d252d28d,,unknown,0,0,,16,10,0.971987,0,,0,2026-05-31 21:49:31
856e8bbf9755275b,,unknown,0,0,,16,12,0.949193,0,,0,2026-05-31 21:49:31
85a1cd4c35345c8b,,unknown,0,0,,6,15,0.878817,0,,0,2026-05-31 21:49:31
85ab0bf553661a6b,,unknown,0,0,,7,6,0.904893,0,,0,2026-05-31 21:49:31
85bcd1c44eed217d,,unknown,0,0,,,19,1.08249,0,,0,2026-05-31 21:49:31
85bcffe5ba13d5e3,,unknown,0,0,,,10,1.014655,0,,0,2026-05-31 21:49:31
85c4b428117ede87,,unknown,0,0,,,16,0.875754,0,,0,2026-05-31 21:49:31
85c874098dc7f963,docs\documents-atlas-index.md#chunk-1146,unknown,0,0,,,1,0.76057,0,,0,2026-05-31 21:49:31
85d4ed3eae6bc544,,unknown,0,0,,,2,0.910603,0,,0,2026-05-31 21:49:31
85dfa631dffb64e8,docs\documents-atlas-index.md#chunk-402,unknown,0,0,,12,,1.029661,0,,0,2026-05-31 21:49:31
85ef3d5af4f254a2,docs\documents-atlas-index.md#chunk-334,unknown,0,0,,6,1,0.97066,0,,0,2026-05-31 21:49:31
85f007b19cafd32b,,unknown,0,0,,,,1.048011,0,,0,2026-05-31 21:49:31
85fb4624fedaa8bb,,unknown,0,0,,10,,1.06003,0,,0,2026-05-31 21:49:31
85fedcaa48d290dc,,unknown,0,0,,15,16,1.152407,0,,0,2026-05-31 21:49:31
8600bbad6093a290,,unknown,0,0,,11,12,1.036108,0,,0,2026-05-31 21:49:31
86039031a1cf7e2f,,unknown,0,0,,14,6,0.921798,0,,0,2026-05-31 21:49:31
86044df7d221581f,,unknown,0,0,,16,10,0.913151,0,,0,2026-05-31 21:49:31
860a5596299031e8,,unknown,0,0,,19,13,0.816934,0,,0,2026-05-31 21:49:31
860f598480023d5c,,unknown,0,0,,12,15,0.898325,0,,0,2026-05-31 21:49:31
86134f5ebc661c84,,unknown,0,0,,7,2,0.949314,0,,0,2026-05-31 21:49:31
86153b4402aac674,docs\documents-atlas-index.md#chunk-616,unknown,0,0,,18,8,0.945801,0,,0,2026-05-31 21:49:31
861bf808bc8ad2d0,,unknown,0,0,,19,6,0.945556,0,,0,2026-05-31 21:49:31
861e949995b571f6,,unknown,0,0,,19,14,0.825783,0,,0,2026-05-31 21:49:31
86269967238afe08,docs\documents-atlas-index.md#chunk-507,unknown,0,0,,19,8,0.796956,0,,0,2026-05-31 21:49:31
8638fe2f0cd66ec1,,unknown,0,0,,10,16,1.06572,0,,0,2026-05-31 21:49:31
863d052cbee2f962,,unknown,0,0,,19,9,1.021502,0,,0,2026-05-31 21:49:31
864b1bea93a780cd,,unknown,0,0,,18,15,0.977033,0,,0,2026-05-31 21:49:31
8654323b9d5bd12a,,unknown,0,0,,19,8,0.982471,0,,0,2026-05-31 21:49:31
865e58d5045221c7,,unknown,0,0,,18,14,0.850838,0,,0,2026-05-31 21:49:31
8665a5553d022efe,,unknown,0,0,,9,19,0.723554,0,,0,2026-05-31 21:49:31
866e37a14abf14d9,,unknown,0,0,,19,13,1.000784,0,,0,2026-05-31 21:49:31
866eca3f9b861353,docs\documents-atlas-index.md#chunk-6,unknown,0,0,,8,,0.995507,0,,0,2026-05-31 21:49:31
86773746dc3b4c91,,unknown,0,0,,19,4,0.762684,0,,0,2026-05-31 21:49:31
867a3334b0b7f603,,unknown,0,0,,19,10,0.856648,0,,0,2026-05-31 21:49:31
8681b2a6c3d10f13,,unknown,0,0,,10,13,0.929241,0,,0,2026-05-31 21:49:31
8687f2e53885f439,,unknown,0,0,,1,16,0.835747,0,,0,2026-05-31 21:49:31
8697e73f574ada41,,unknown,0,0,,19,5,0.891114,0,,0,2026-05-31 21:49:31
86a8dc1bd3fd0a4b,,unknown,0,0,,9,3,1.000719,0,,0,2026-05-31 21:49:31
86aeed594f0b1c63,docs\documents-atlas-index.md#chunk-704,unknown,0,0,,9,,0.935413,0,,0,2026-05-31 21:49:31
86b8746891ab0121,,unknown,0,0,,,,0.872839,0,,0,2026-05-31 21:49:31
86c1cd5e871e1aca,,unknown,0,0,,9,19,1.059315,0,,0,2026-05-31 21:49:31
86d2a2f24a0acaad,,unknown,0,0,,1,19,0.928268,0,,0,2026-05-31 21:49:31
86f52164e5b1d6b4,,unknown,0,0,,,5,0.981303,0,,0,2026-05-31 21:49:31
86fe2c18893fd530,,unknown,0,0,,2,,0.870692,0,,0,2026-05-31 21:49:31
86feb7b901a4b077,,unknown,0,0,,,15,1.01345,0,,0,2026-05-31 21:49:31
87075c204ac32fab,,unknown,0,0,,12,18,0.942352,0,,0,2026-05-31 21:49:31
8710821bde82ad31,,unknown,0,0,,10,12,0.944881,0,,0,2026-05-31 21:49:31
872356a21203d1da,,unknown,0,0,,18,14,0.82642,0,,0,2026-05-31 21:49:31
872788f94a0fc2e9,,unknown,0,0,,19,9,0.876193,0,,0,2026-05-31 21:49:31
87411cf75618ce42,,unknown,0,0,,15,11,0.874797,0,,0,2026-05-31 21:49:31
874d1e9dfe55e9cb,,unknown,0,0,,16,10,1.025389,0,,0,2026-05-31 21:49:31
875aaac632a2803d,,unknown,0,0,,12,12,0.997466,0,,0,2026-05-31 21:49:31
87623d54802aef13,,unknown,0,0,,19,7,0.925508,0,,0,2026-05-31 21:49:31
876250923ef1dcad,,unknown,0,0,,13,19,0.930751,0,,0,2026-05-31 21:49:31
8767256c520f8109,,unknown,0,0,,19,8,0.858263,0,,0,2026-05-31 21:49:31
87816f0701a0de53,,unknown,0,0,,10,12,0.948936,0,,0,2026-05-31 21:49:31
878e4e5b3d620161,,unknown,0,0,,4,,0.873897,0,,0,2026-05-31 21:49:31
8793b34fae609dfb,,unknown,0,0,,10,19,0.717396,0,,0,2026-05-31 21:49:31
8794fc073ac248ef,,unknown,0,0,,10,18,0.93,0,,0,2026-05-31 21:49:31
8795a181ed4864ae,,unknown,0,0,,9,19,0.793368,0,,0,2026-05-31 21:49:31
87a536286aa72a76,,unknown,0,0,,,,0.747991,0,,0,2026-05-31 21:49:31
87ab38b7e4a448ac,,unknown,0,0,,9,4,0.952396,0,,0,2026-05-31 21:49:31
87ab60ae9c820427,docs\documents-atlas-index.md#chunk-426,unknown,0,0,,,3,0.96674,0,,0,2026-05-31 21:49:31
87b1a7d1ba3f1730,,unknown,0,0,,,13,0.997353,0,,0,2026-05-31 21:49:31
87bb639eafcb244d,,unknown,0,0,,7,,1.01767,0,,0,2026-05-31 21:49:31
87c29699e77dc682,,unknown,0,0,,,6,0.81174,0,,0,2026-05-31 21:49:31
87c94ff6d50b750d,,unknown,0,0,,7,6,0.895845,0,,0,2026-05-31 21:49:31
87cf917d1cf7345e,,unknown,0,0,,4,,0.989641,0,,0,2026-05-31 21:49:31
87ee2cfcebbb00de,,unknown,0,0,,10,,1.142755,0,,0,2026-05-31 21:49:31
87efeb929b8ba768,,unknown,0,0,,9,,0.955802,0,,0,2026-05-31 21:49:31
87f52e5daaed17f7,,unknown,0,0,,,,0.942464,0,,0,2026-05-31 21:49:31
87facdddaa66eab9,docs\documents-atlas-index.md#chunk-650,unknown,0,0,,,10,1.034284,0,,0,2026-05-31 21:49:31
880609124b0c3093,docs\documents-atlas-index.md#chunk-551,unknown,0,0,,19,6,0.876274,0,,0,2026-05-31 21:49:31
88169bbc152ac957,,unknown,0,0,,19,9,0.895587,0,,0,2026-05-31 21:49:31
881efe10bdf87364,docs\documents-atlas-index.md#chunk-887,unknown,0,0,,12,,0.820693,0,,0,2026-05-31 21:49:31
8837d1bf201b546b,,unknown,0,0,,9,19,0.962553,0,,0,2026-05-31 21:49:31
883f4dbb8ede0874,,unknown,0,0,,13,,1.033411,0,,0,2026-05-31 21:49:31
885740355fd59c1b,,unknown,0,0,,11,18,0.884422,0,,0,2026-05-31 21:49:31
88619844c3081ada,,unknown,0,0,,10,19,0.80093,0,,0,2026-05-31 21:49:31
8864bbbd2a09bc36,,unknown,0,0,,7,13,0.950628,0,,0,2026-05-31 21:49:31
8869719a42b0bfa2,,unknown,0,0,,13,15,0.854625,0,,0,2026-05-31 21:49:31
88748db27ae3b766,,unknown,0,0,,16,10,0.911336,0,,0,2026-05-31 21:49:31
8878edc576451587,,unknown,0,0,,10,12,0.846842,0,,0,2026-05-31 21:49:31
888969b7d6f9bb1c,,unknown,0,0,,11,10,0.846036,0,,0,2026-05-31 21:49:31
8895acfaee38b585,,unknown,0,0,,18,7,0.985295,0,,0,2026-05-31 21:49:31
8896c9d761c50b52,docs\documents-atlas-index.md#chunk-1094,unknown,0,0,,9,14,0.862569,0,,0,2026-05-31 21:49:31
88ab04ec8d217809,,unknown,0,0,,,3,0.953694,0,,0,2026-05-31 21:49:31
88ad4771b1e5c8fa,,unknown,0,0,,19,12,1.022303,0,,0,2026-05-31 21:49:31
88c3628c208f5207,,unknown,0,0,,,,0.853157,0,,0,2026-05-31 21:49:31
88c615cdb0b42644,,unknown,0,0,,,5,1.003669,0,,0,2026-05-31 21:49:31
88c65e3a45408676,,unknown,0,0,,,2,0.746795,0,,0,2026-05-31 21:49:31
88c662521b133954,,unknown,0,0,,,,0.725625,0,,0,2026-05-31 21:49:31
88c8cff6d6c24860,,unknown,0,0,,6,8,0.882332,0,,0,2026-05-31 21:49:31
88e24dc001fd6536,,unknown,0,0,,,,1.009316,0,,0,2026-05-31 21:49:31
88edb2b6b2e70073,,unknown,0,0,,10,,1.009234,0,,0,2026-05-31 21:49:31
88f618d8428971a8,,unknown,0,0,,17,15,0.900892,0,,0,2026-05-31 21:49:31
88fcde7c28ad66c8,,unknown,0,0,,6,,1.039524,0,,0,2026-05-31 21:49:31
88fe4b99ee8aa6cc,docs\compiler-landscape.md#chunk-2,unknown,0,0,,10,2,0.97074,0,,0,2026-05-31 21:49:31
88ff05db323be5c9,,unknown,0,0,,19,11,1.052777,0,,0,2026-05-31 21:49:31
89029ea3b759dfb5,,unknown,0,0,,18,10,0.884411,0,,0,2026-05-31 21:49:31
890bd16d56d8ee8b,,unknown,0,0,,11,16,0.921131,0,,0,2026-05-31 21:49:31
891f15b0de408eb8,docs\documents-atlas-index.md#chunk-664,unknown,0,0,,16,9,1.013089,0,,0,2026-05-31 21:49:31
8920aa80fa68325f,,unknown,0,0,,12,3,0.915273,0,,0,2026-05-31 21:49:31
8923105f19b58958,,unknown,0,0,,13,15,0.869357,0,,0,2026-05-31 21:49:31
89280ad79028d67d,,unknown,0,0,,17,11,0.823384,0,,0,2026-05-31 21:49:31
8932af79299dee32,,unknown,0,0,,19,5,0.836927,0,,0,2026-05-31 21:49:31
8943e42dc4905683,,unknown,0,0,,9,17,0.877789,0,,0,2026-05-31 21:49:31
89463f2c3644c7f6,,unknown,0,0,,19,11,0.92532,0,,0,2026-05-31 21:49:31
89499aa46cb5bb60,,unknown,0,0,,11,11,0.908176,0,,0,2026-05-31 21:49:31
8957a117da36b927,,unknown,0,0,,4,16,0.826728,0,,0,2026-05-31 21:49:31
89686b392d70f2f6,docs\documents-atlas-index.md#chunk-690,unknown,0,0,,18,10,0.910575,0,,0,2026-05-31 21:49:31
8975aecb1f38f7d8,,unknown,0,0,,17,10,1.086023,0,,0,2026-05-31 21:49:31
8976ef9bc3dcd627,,unknown,0,0,,18,6,0.936416,0,,0,2026-05-31 21:49:31
897a169ee1075711,,unknown,0,0,,16,9,0.930283,0,,0,2026-05-31 21:49:31
897a4da62a8a9a1c,,unknown,0,0,,15,,0.914826,0,,0,2026-05-31 21:49:31
8990c84bbdbfe699,docs\documents-atlas-index.md#chunk-1253,unknown,0,0,,19,6,0.8932,0,,0,2026-05-31 21:49:31
899590cd1391379d,,unknown,0,0,,14,16,0.841256,0,,0,2026-05-31 21:49:31
89975dfe79fb6b43,,unknown,0,0,,13,10,0.995826,0,,0,2026-05-31 21:49:31
899ee5bc3e18b59e,,unknown,0,0,,6,18,1.015978,0,,0,2026-05-31 21:49:31
89a16b6a9b709a79,,unknown,0,0,,,2,0.69064,0,,0,2026-05-31 21:49:31
89a583498332a0c3,,unknown,0,0,,,3,0.852504,0,,0,2026-05-31 21:49:31
89a72ba44aa497ef,,unknown,0,0,,6,,0.96928,0,,0,2026-05-31 21:49:31
89b231e6c33c64ad,,unknown,0,0,,19,10,1.024765,0,,0,2026-05-31 21:49:31
89bc851d560486d0,,unknown,0,0,,,1,0.920919,0,,0,2026-05-31 21:49:31
89d67e3ff7f9f052,,unknown,0,0,,2,4,0.852658,0,,0,2026-05-31 21:49:31
89d702cc593228ab,,unknown,0,0,,10,19,0.910524,0,,0,2026-05-31 21:49:31
89da9037e514752e,docs\documents-atlas-index.md#chunk-654,unknown,0,0,,6,5,0.823503,0,,0,2026-05-31 21:49:31
89de3eb7f670fdf4,,unknown,0,0,,3,9,0.946747,0,,0,2026-05-31 21:49:31
89dfab93e716d401,,unknown,0,0,,5,7,0.920154,0,,0,2026-05-31 21:49:31
89dfffc956d25a06,,unknown,0,0,,9,1,0.960011,0,,0,2026-05-31 21:49:31
89e227e7d78b3ba4,,unknown,0,0,,10,8,0.991525,0,,0,2026-05-31 21:49:31
89e6f110f95afe34,,unknown,0,0,,1,12,0.878118,0,,0,2026-05-31 21:49:31
89e74ea58a6b25c6,,unknown,0,0,,,,0.889899,0,,0,2026-05-31 21:49:31
89e8fe304ba7a0b6,,unknown,0,0,,,,0.942974,0,,0,2026-05-31 21:49:31
89ed8188a2826690,,unknown,0,0,,4,5,0.808553,0,,0,2026-05-31 21:49:31
89f9cac03956aeb8,,unknown,0,0,,,15,0.847676,0,,0,2026-05-31 21:49:31
89fe61027758e164,,unknown,0,0,,,1,0.838236,0,,0,2026-05-31 21:49:31
89ff63a69eb05af3,docs\documents-atlas-index.md#chunk-919,unknown,0,0,,6,,1.0455,0,,0,2026-05-31 21:49:31
8a08b758a582ebe0,,unknown,0,0,,11,15,0.961715,0,,0,2026-05-31 21:49:31
8a1553200f8ef301,docs\documents-atlas-index.md#chunk-46,unknown,0,0,,19,8,0.956254,0,,0,2026-05-31 21:49:31
8a1bb7568d2af264,,unknown,0,0,,19,6,0.855515,0,,0,2026-05-31 21:49:31
8a1c189f0d353fea,,unknown,0,0,,14,19,0.879824,0,,0,2026-05-31 21:49:31
8a35d1a61b898131,,unknown,0,0,,,19,0.899332,0,,0,2026-05-31 21:49:31
8a4b8e5595bcb906,,unknown,0,0,,17,,0.916812,0,,0,2026-05-31 21:49:31
8a5c8589356e9617,,unknown,0,0,,19,3,0.783628,0,,0,2026-05-31 21:49:31
8a6522b267eafa7d,,unknown,0,0,,16,15,0.912913,0,,0,2026-05-31 21:49:31
8a6d9fac08d18224,docs\documents-atlas-index.md#chunk-198,unknown,0,0,,17,14,0.981199,0,,0,2026-05-31 21:49:31
8a7a0f1de8a58d1f,,unknown,0,0,,10,3,0.976418,0,,0,2026-05-31 21:49:31
8a817316a2406b6f,,unknown,0,0,,13,17,0.836725,0,,0,2026-05-31 21:49:31
8aa6fbceb88b2a23,docs\documents-atlas-index.md#chunk-553,unknown,0,0,,2,10,1.041902,0,,0,2026-05-31 21:49:31
8ab1e91e2f9e6fcd,,unknown,0,0,,6,19,1.003693,0,,0,2026-05-31 21:49:31
8ab62dfc472085ce,,unknown,0,0,,17,16,1.018098,0,,0,2026-05-31 21:49:31
8ab8a9b6c15a9571,,unknown,0,0,,,15,0.975823,0,,0,2026-05-31 21:49:31
8ab924de5cdede54,,unknown,0,0,,,12,1.095977,0,,0,2026-05-31 21:49:31
8abaced319a854ba,,unknown,0,0,,12,,1.048906,0,,0,2026-05-31 21:49:31
8abddcb9dfa3a1f9,docs\documents-atlas-index.md#chunk-738,unknown,0,0,,12,,1.028617,0,,0,2026-05-31 21:49:31
8abf1ebeac8b2403,,unknown,0,0,,10,,1.040663,0,,0,2026-05-31 21:49:31
8acacb48e6959069,,unknown,0,0,,9,1,0.864743,0,,0,2026-05-31 21:49:31
8acfe9e232fadee9,docs\documents-atlas-index.md#chunk-840,unknown,0,0,,17,,1.134667,0,,0,2026-05-31 21:49:31
8ad2920e6f3c5f5c,,unknown,0,0,,4,19,0.993166,0,,0,2026-05-31 21:49:31
8ad5d104b0da8bcc,,unknown,0,0,,5,19,1.121054,0,,0,2026-05-31 21:49:31
8ad69b2d4c82fc92,,unknown,0,0,,1,,0.8746,0,,0,2026-05-31 21:49:31
8ade0365eb7ef6d0,,unknown,0,0,,18,9,1.062678,0,,0,2026-05-31 21:49:31
8ae2ec390a499434,,unknown,0,0,,1,,0.871257,0,,0,2026-05-31 21:49:31
8ae6d67afd1bc204,,unknown,0,0,,,13,1.026318,0,,0,2026-05-31 21:49:31
8af006baa8ca1038,docs\documents-atlas-index.md#chunk-333,unknown,0,0,,,,1.06841,0,,0,2026-05-31 21:49:31
8af14f8d9b973b76,,unknown,0,0,,1,,0.778949,0,,0,2026-05-31 21:49:31
8af427099f421414,,unknown,0,0,,,,0.775313,0,,0,2026-05-31 21:49:31
8af523d8fafb921d,,unknown,0,0,,8,,1.061142,0,,0,2026-05-31 21:49:31
8aff5928ad3e1a39,docs\documents-atlas-index.md#chunk-1157,unknown,0,0,,9,,0.875421,0,,0,2026-05-31 21:49:31
8b01d182a7bada2f,,unknown,0,0,,19,2,1.011194,0,,0,2026-05-31 21:49:31
8b0479fc9b0e70db,,unknown,0,0,,17,15,0.915839,0,,0,2026-05-31 21:49:31
8b05a85666e5d2d1,,unknown,0,0,,19,14,0.948111,0,,0,2026-05-31 21:49:31
8b1063d5bbb5b461,,unknown,0,0,,17,11,0.940864,0,,0,2026-05-31 21:49:31
8b21e43d9cf47bec,,unknown,0,0,,12,19,0.923422,0,,0,2026-05-31 21:49:31
8b27d74d73d8a999,,unknown,0,0,,13,15,0.927948,0,,0,2026-05-31 21:49:31
8b286ec42acf84c5,,unknown,0,0,,16,1,1.027529,0,,0,2026-05-31 21:49:31
8b2afe59572af441,,unknown,0,0,,19,,0.902315,0,,0,2026-05-31 21:49:31
8b2de6d9e8c01ec6,,unknown,0,0,,16,,0.99816,0,,0,2026-05-31 21:49:31
8b45e99966b32eab,,unknown,0,0,,13,19,0.7479,0,,0,2026-05-31 21:49:31
8b48515f1e640e0f,,unknown,0,0,,13,19,0.896472,0,,0,2026-05-31 21:49:31
8b64807624dfd655,,unknown,0,0,,19,12,0.874716,0,,0,2026-05-31 21:49:31
8b674967c5c486fb,docs\documents-atlas-index.md#chunk-242,unknown,0,0,,18,17,0.777012,0,,0,2026-05-31 21:49:31
8b775cba47e66e1a,,unknown,0,0,,16,16,0.9267,0,,0,2026-05-31 21:49:31
8b7f6a99ea501a1f,,unknown,0,0,,11,,0.876527,0,,0,2026-05-31 21:49:31
8b85ab8d67adbe06,,unknown,0,0,,11,12,1.039671,0,,0,2026-05-31 21:49:31
8b86bfcf6fdcdee5,,unknown,0,0,,14,,1.10752,0,,0,2026-05-31 21:49:31
8b8a75d3695f9192,,unknown,0,0,,18,13,0.861774,0,,0,2026-05-31 21:49:31
8b9772b286960211,,unknown,0,0,,17,13,0.83337,0,,0,2026-05-31 21:49:31
8b9a167f93f90800,,unknown,0,0,,17,14,0.963604,0,,0,2026-05-31 21:49:31
8b9d345e445b3339,,unknown,0,0,,19,8,0.969072,0,,0,2026-05-31 21:49:31
8b9d677664ff5cc8,docs\documents-atlas-index.md#chunk-1176,unknown,0,0,,19,,0.865883,0,,0,2026-05-31 21:49:31
8b9f875e5132a6e6,,unknown,0,0,,19,15,0.888499,0,,0,2026-05-31 21:49:31
8ba36a2437fbd919,docs\documents-atlas-index.md#chunk-1251,unknown,0,0,,1,,0.877349,0,,0,2026-05-31 21:49:31
8baa85659006cce2,,unknown,0,0,,,19,0.942179,0,,0,2026-05-31 21:49:31
8baf24acca849512,docs\documents-atlas-index.md#chunk-214,unknown,0,0,,,5,1.010937,0,,0,2026-05-31 21:49:31
8bb6a46b309a8952,docs\documents-atlas-index.md#chunk-151,unknown,0,0,,,19,0.979519,0,,0,2026-05-31 21:49:31
8bba69573d9487e6,,unknown,0,0,,,1,0.902573,0,,0,2026-05-31 21:49:31
8bc322a42b56a4bc,,unknown,0,0,,,19,0.925609,0,,0,2026-05-31 21:49:31
8bcb3d8d585bbd15,docs\documents-atlas-index.md#chunk-74,unknown,0,0,,2,,1.010994,0,,0,2026-05-31 21:49:31
8bccbedab8dcc203,docs\documents-atlas-index.md#chunk-825,unknown,0,0,,12,,1.070146,0,,0,2026-05-31 21:49:31
8bd7d0c2d429476b,,unknown,0,0,,,19,0.869792,0,,0,2026-05-31 21:49:31
8be43b67866bd940,,unknown,0,0,,1,,0.817285,0,,0,2026-05-31 21:49:31
8bebee2bfdeeec7b,,unknown,0,0,,12,,0.984264,0,,0,2026-05-31 21:49:31
8bf2e122e0a2c060,,unknown,0,0,,,14,1.036066,0,,0,2026-05-31 21:49:31
8bf58cd096266aad,docs\documents-atlas-index.md#chunk-223,unknown,0,0,,,18,0.920904,0,,0,2026-05-31 21:49:31
8c0130944668754f,docs\documents-atlas-index.md#chunk-1300,unknown,0,0,,18,16,0.767946,0,,0,2026-05-31 21:49:31
8c0aa5d76f112aa1,,unknown,0,0,,19,,1.025227,0,,0,2026-05-31 21:49:31
8c13c8dbc95b8759,,unknown,0,0,,19,7,0.950059,0,,0,2026-05-31 21:49:31
8c1b7f7d71787d34,docs\documents-atlas-index.md#chunk-517,unknown,0,0,,19,,0.909167,0,,0,2026-05-31 21:49:31
8c1b9bad7a8c5a4e,,unknown,0,0,,16,,0.942943,0,,0,2026-05-31 21:49:31
8c1f7bb5fcbc8bc2,,unknown,0,0,,14,,0.873183,0,,0,2026-05-31 21:49:31
8c2ba646bdd8c514,,unknown,0,0,,12,,0.962986,0,,0,2026-05-31 21:49:31
8c2e4ed9030d3432,,unknown,0,0,,19,,0.96175,0,,0,2026-05-31 21:49:31
8c3b0fb665561a9b,,unknown,0,0,,18,15,0.952351,0,,0,2026-05-31 21:49:31
8c3d05f7a8ef7414,,unknown,0,0,,17,10,0.995408,0,,0,2026-05-31 21:49:31
8c3fe04512ebf626,,unknown,0,0,,19,6,1.02187,0,,0,2026-05-31 21:49:31
8c5cf4c87883b0c9,,unknown,0,0,,18,14,0.939388,0,,0,2026-05-31 21:49:31
8c6a8db269da65dd,,unknown,0,0,,18,16,0.948392,0,,0,2026-05-31 21:49:31
8c6c262174ddb775,,unknown,0,0,,19,12,0.881499,0,,0,2026-05-31 21:49:31
8c6f6ae6edfc4b36,,unknown,0,0,,13,,0.825874,0,,0,2026-05-31 21:49:31
8c76e61bba057685,,unknown,0,0,,6,17,0.982158,0,,0,2026-05-31 21:49:31
8c80dbefc989d51e,,unknown,0,0,,16,10,1.057511,0,,0,2026-05-31 21:49:31
8c84034823a88629,,unknown,0,0,,18,15,0.876482,0,,0,2026-05-31 21:49:31
8c920a2b5cbeeb37,,unknown,0,0,,1,,1.070426,0,,0,2026-05-31 21:49:31
8c9eedfe9364b2e2,docs\documents-atlas-index.md#chunk-10,unknown,0,0,,17,11,1.07689,0,,0,2026-05-31 21:49:31
8cb43fd8587dc7ef,,unknown,0,0,,18,14,1.044277,0,,0,2026-05-31 21:49:31
8cb483db211ff666,,unknown,0,0,,,16,1.025004,0,,0,2026-05-31 21:49:31
8cb815fb9863ca90,,unknown,0,0,,,11,0.875197,0,,0,2026-05-31 21:49:31
8cbe64476eb123df,,unknown,0,0,,17,18,1.011228,0,,0,2026-05-31 21:49:31
8cc00be326e9e37c,,unknown,0,0,,17,15,1.067786,0,,0,2026-05-31 21:49:31
8cc72775cc2a7fc4,docs\documents-atlas-index.md#chunk-644,unknown,0,0,,,3,0.99985,0,,0,2026-05-31 21:49:31
8cc870fa413f3952,,unknown,0,0,,,,1.042156,0,,0,2026-05-31 21:49:31
8cd1ccc9313e2212,,unknown,0,0,,,15,1.055555,0,,0,2026-05-31 21:49:31
8cd393e5a74e81a9,,unknown,0,0,,18,12,1.058539,0,,0,2026-05-31 21:49:31
8cdcd4667fb749e3,,unknown,0,0,,,19,1.012215,0,,0,2026-05-31 21:49:31
8ce1fac17aab4fe6,,unknown,0,0,,13,,1.110865,0,,0,2026-05-31 21:49:31
8cec4a73bd9c8d6d,,unknown,0,0,,10,2,0.884,0,,0,2026-05-31 21:49:31
8cf6f5abf6642b12,,unknown,0,0,,1,14,0.931039,0,,0,2026-05-31 21:49:31
8cf9da1720eba5cf,,unknown,0,0,,,19,1.120382,0,,0,2026-05-31 21:49:31
8cff943d1120a5e6,,unknown,0,0,,19,15,1.071264,0,,0,2026-05-31 21:49:31
8d037996c7abde82,,unknown,0,0,,16,8,0.920661,0,,0,2026-05-31 21:49:31
8d0b1b95eda42dab,docs\documents-atlas-index.md#chunk-113,unknown,0,0,,13,,0.936327,0,,0,2026-05-31 21:49:31
8d0bcaa52fab58c5,docs\documents-atlas-index.md#chunk-488,unknown,0,0,,15,,0.956009,0,,0,2026-05-31 21:49:31
8d1383f55b3fb629,,unknown,0,0,,18,10,0.928859,0,,0,2026-05-31 21:49:31
8d183ee5206e712e,docs\documents-atlas-index.md#chunk-152,unknown,0,0,,17,14,0.997572,0,,0,2026-05-31 21:49:31
8d2790317e7f9297,docs\documents-atlas-index.md#chunk-473,unknown,0,0,,19,6,0.934402,0,,0,2026-05-31 21:49:31
8d2fe6ad9320b712,,unknown,0,0,,17,11,1.03465,0,,0,2026-05-31 21:49:31
8d3733e29a8d9cf0,,unknown,0,0,,19,1,0.946841,0,,0,2026-05-31 21:49:31
8d408ffd2bf57435,,unknown,0,0,,17,14,1.072289,0,,0,2026-05-31 21:49:31
8d476f012ca814ef,,unknown,0,0,,17,18,0.948387,0,,0,2026-05-31 21:49:31
8d4ad0426f74b4bb,,unknown,0,0,,1,19,0.987128,0,,0,2026-05-31 21:49:31
8d4b74069a210cf5,,unknown,0,0,,19,19,0.920364,0,,0,2026-05-31 21:49:31
8d4f56d4ca7fdb57,,unknown,0,0,,19,1,0.957014,0,,0,2026-05-31 21:49:31
8d4f6dfdfa1aa649,,unknown,0,0,,17,9,0.981126,0,,0,2026-05-31 21:49:31
8d536c4ef0f2c583,,unknown,0,0,,16,10,1.042282,0,,0,2026-05-31 21:49:31
8d5861d9a2d6be4e,,unknown,0,0,,17,14,0.897398,0,,0,2026-05-31 21:49:31
8d5c263465c4b2af,,unknown,0,0,,19,17,0.849963,0,,0,2026-05-31 21:49:31
8d5e5f479368e6c6,,unknown,0,0,,19,12,0.921889,0,,0,2026-05-31 21:49:31
8d60d0ea999b2c73,,unknown,0,0,,19,4,1.070251,0,,0,2026-05-31 21:49:31
8d60d92c75481af8,,unknown,0,0,,11,19,0.861773,0,,0,2026-05-31 21:49:31
8d6268a522739202,docs\documents-atlas-index.md#chunk-666,unknown,0,0,,18,13,0.831006,0,,0,2026-05-31 21:49:31
8d70436c3ba74f00,docs\documents-atlas-index.md#chunk-316,unknown,0,0,,13,15,0.985703,0,,0,2026-05-31 21:49:31
8d819cfd745816e8,,unknown,0,0,,17,15,0.930842,0,,0,2026-05-31 21:49:31
8d8ef9702689ca6b,,unknown,0,0,,1,19,0.897458,0,,0,2026-05-31 21:49:31
8d9683cd22d2bd35,,unknown,0,0,,14,14,0.917978,0,,0,2026-05-31 21:49:31
8da2d168c816c905,,unknown,0,0,,1,15,0.80191,0,,0,2026-05-31 21:49:31
8da3ff457305fad8,docs\documents-atlas-index.md#chunk-848,unknown,0,0,,3,13,0.913746,0,,0,2026-05-31 21:49:31
8da98e5c46377345,,unknown,0,0,,1,1,0.758998,0,,0,2026-05-31 21:49:31
8db0ff989ed77038,,unknown,0,0,,3,,0.978319,0,,0,2026-05-31 21:49:31
8db80203645fc807,,unknown,0,0,,,,0.93855,0,,0,2026-05-31 21:49:31
8dd4b380c125de62,,unknown,0,0,,1,14,0.847747,0,,0,2026-05-31 21:49:31
8df24d23b799af20,,unknown,0,0,,2,9,0.780041,0,,0,2026-05-31 21:49:31
8e025fc6b2d767cc,,unknown,0,0,,18,17,0.955832,0,,0,2026-05-31 21:49:31
8e0920957411ce26,,unknown,0,0,,19,12,0.895822,0,,0,2026-05-31 21:49:31
8e0eb3a695aeeb42,,unknown,0,0,,19,,0.936017,0,,0,2026-05-31 21:49:31
8e0f754237d9cdc2,,unknown,0,0,,19,14,0.914434,0,,0,2026-05-31 21:49:31
8e1938e5e7a9749e,,unknown,0,0,,18,15,0.844483,0,,0,2026-05-31 21:49:31
8e209eea7aa9d70f,,unknown,0,0,,16,10,1.065339,0,,0,2026-05-31 21:49:31
8e251f267a78d0ce,,unknown,0,0,,18,14,1.018601,0,,0,2026-05-31 21:49:31
8e2c60235cf1eaef,,unknown,0,0,,19,19,0.963317,0,,0,2026-05-31 21:49:31
8e319b26674a212f,,unknown,0,0,,17,7,1.011311,0,,0,2026-05-31 21:49:31
8e45584cef0de59b,,unknown,0,0,,19,8,0.963914,0,,0,2026-05-31 21:49:31
8e45832655109293,,unknown,0,0,,18,13,0.820315,0,,0,2026-05-31 21:49:31
8e4bafef63521b62,,unknown,0,0,,19,,1.081278,0,,0,2026-05-31 21:49:31
8e50b014b026025f,,unknown,0,0,,9,18,0.955364,0,,0,2026-05-31 21:49:31
8e5493651f9cdb53,docs\documents-atlas-index.md#chunk-21,unknown,0,0,,19,8,0.922514,0,,0,2026-05-31 21:49:31
8e599d6dbf0b0600,docs\documents-atlas-index.md#chunk-1012,unknown,0,0,,19,5,0.952649,0,,0,2026-05-31 21:49:31
8e5ce7118b24d511,docs\documents-atlas-index.md#chunk-506,unknown,0,0,,1,19,1.005539,0,,0,2026-05-31 21:49:31
8e622d2487c6c8c9,docs\documents-atlas-index.md#chunk-362,unknown,0,0,,18,13,0.90285,0,,0,2026-05-31 21:49:31
8e72dc6551179f67,,unknown,0,0,,8,13,0.8889,0,,0,2026-05-31 21:49:31
8e73b847bec56c89,,unknown,0,0,,10,15,0.891179,0,,0,2026-05-31 21:49:31
8e928af140af6025,docs\documents-atlas-index.md#chunk-927,unknown,0,0,,18,12,0.96756,0,,0,2026-05-31 21:49:31
8e93316bd03e3542,,unknown,0,0,,19,8,0.98592,0,,0,2026-05-31 21:49:31
8e95b99cc37187f4,,unknown,0,0,,13,17,0.943686,0,,0,2026-05-31 21:49:31
8eb0d3bb7cb66dfd,,unknown,0,0,,13,19,1.007012,0,,0,2026-05-31 21:49:31
8eb889df3fc0b3a6,,unknown,0,0,,17,15,1.041771,0,,0,2026-05-31 21:49:31
8ec75d5605dbaaf9,docs\documents-atlas-index.md#chunk-123,unknown,0,0,,1,,1.058369,0,,0,2026-05-31 21:49:31
8ee55bcae617c949,,unknown,0,0,,,9,0.839415,0,,0,2026-05-31 21:49:31
8ee5a157d49ab6c5,,unknown,0,0,,,15,0.967582,0,,0,2026-05-31 21:49:31
8ee9c3ea34b26ac6,,unknown,0,0,,,19,1.014522,0,,0,2026-05-31 21:49:31
8f07b7e1e97c3438,docs\documents-atlas-index.md#chunk-525,unknown,0,0,,18,4,0.859184,0,,0,2026-05-31 21:49:31
8f20181962002c2a,,unknown,0,0,,13,18,0.878124,0,,0,2026-05-31 21:49:31
8f2c73f7f129365a,,unknown,0,0,,18,14,0.894048,0,,0,2026-05-31 21:49:31
8f3361d55dad9e33,,unknown,0,0,,19,1,0.999358,0,,0,2026-05-31 21:49:31
8f39ad4742494294,,unknown,0,0,,13,11,0.952856,0,,0,2026-05-31 21:49:31
8f3a7de7f1b4fec6,,unknown,0,0,,17,11,0.988976,0,,0,2026-05-31 21:49:31
8f3f0b2f87e54021,,unknown,0,0,,6,,1.052919,0,,0,2026-05-31 21:49:31
8f426f0518473baa,,unknown,0,0,,19,19,0.908532,0,,0,2026-05-31 21:49:31
8f42e2601b7d1131,,unknown,0,0,,19,5,0.921265,0,,0,2026-05-31 21:49:31
8f4a1bac0eb47586,,unknown,0,0,,17,14,1.059256,0,,0,2026-05-31 21:49:31
8f55ea0b0696444f,,unknown,0,0,,9,19,0.965353,0,,0,2026-05-31 21:49:31
8f6f5d530f4976fe,docs\documents-atlas-index.md#chunk-985,unknown,0,0,,19,17,0.96361,0,,0,2026-05-31 21:49:31
8f707d3693dea844,,unknown,0,0,,18,8,0.922077,0,,0,2026-05-31 21:49:31
8f7832d628362615,,unknown,0,0,,17,14,0.856127,0,,0,2026-05-31 21:49:31
8f792530c7923931,,unknown,0,0,,18,10,0.906842,0,,0,2026-05-31 21:49:31
8f7f397a41d8f161,docs\documents-atlas-index.md#chunk-173,unknown,0,0,,18,13,0.96547,0,,0,2026-05-31 21:49:31
8f81995e56fb44b2,,unknown,0,0,,17,15,0.953138,0,,0,2026-05-31 21:49:31
8f826427c73bf787,,unknown,0,0,,19,8,0.833645,0,,0,2026-05-31 21:49:31
8f8dc011d90a87c4,,unknown,0,0,,19,,0.886997,0,,0,2026-05-31 21:49:31
8f9aacb5faee6e3d,,unknown,0,0,,13,,0.830514,0,,0,2026-05-31 21:49:31
8fa8c98b09cf9530,,unknown,0,0,,,,1.022203,0,,0,2026-05-31 21:49:31
8fadd48dcda3b2f8,,unknown,0,0,,10,,1.148064,0,,0,2026-05-31 21:49:31
8faddf5e11865f80,,unknown,0,0,,6,1,1.024096,0,,0,2026-05-31 21:49:31
8fb0c675f08b7e93,,unknown,0,0,,3,13,0.96463,0,,0,2026-05-31 21:49:31
8fb144e483ed4be9,,unknown,0,0,,17,17,1.035608,0,,0,2026-05-31 21:49:31
8fb44852ba7340f0,,unknown,0,0,,,1,0.946891,0,,0,2026-05-31 21:49:31
8fb5a4a289c19d30,,unknown,0,0,,,19,0.877419,0,,0,2026-05-31 21:49:31
8fba5ad3e0846626,docs\documents-atlas-index.md#chunk-588,unknown,0,0,,6,6,0.934138,0,,0,2026-05-31 21:49:31
8fbafbbd00a796fb,,unknown,0,0,,17,17,1.148235,0,,0,2026-05-31 21:49:31
8fbceab3fe9ee164,docs\documents-atlas-index.md#chunk-888,unknown,0,0,,12,,1.022286,0,,0,2026-05-31 21:49:31
8fcd94745c946a09,,unknown,0,0,,,19,0.878907,0,,0,2026-05-31 21:49:31
8fd6f227c29f9fa1,,unknown,0,0,,19,,1.001088,0,,0,2026-05-31 21:49:31
8fd8783adf509c86,,unknown,0,0,,2,9,0.833083,0,,0,2026-05-31 21:49:31
8fd909b82ce79ab3,,unknown,0,0,,15,16,1.016739,0,,0,2026-05-31 21:49:31
8fe4937b7773a400,,unknown,0,0,,,1,0.850623,0,,0,2026-05-31 21:49:31
8febe58ffc67622e,,unknown,0,0,,2,17,1.034387,0,,0,2026-05-31 21:49:31
8ff2ef804adc364a,,unknown,0,0,,10,,1.011293,0,,0,2026-05-31 21:49:31
8ff5dbf01495650b,,unknown,0,0,,,19,0.923249,0,,0,2026-05-31 21:49:31
8ffb9f60a4c45445,,unknown,0,0,,8,1,0.881325,0,,0,2026-05-31 21:49:31
8ffc07237078a0a1,,unknown,0,0,,19,13,0.994987,0,,0,2026-05-31 21:49:31
9008f9caeea139f7,,unknown,0,0,,12,17,1.036094,0,,0,2026-05-31 21:49:31
90112ff08e258e4a,,unknown,0,0,,10,13,0.998568,0,,0,2026-05-31 21:49:31
90196195e65c6821,,unknown,0,0,,19,7,0.745048,0,,0,2026-05-31 21:49:31
901b499685b5bdfe,,unknown,0,0,,14,14,0.893386,0,,0,2026-05-31 21:49:31
901c9440797108aa,,unknown,0,0,,19,17,0.863655,0,,0,2026-05-31 21:49:31
902ac74328763e29,,unknown,0,0,,9,14,0.880636,0,,0,2026-05-31 21:49:31
902c84e66fa8be1d,,unknown,0,0,,13,13,0.994364,0,,0,2026-05-31 21:49:31
902e9b252f90e3d2,,unknown,0,0,,18,10,0.978894,0,,0,2026-05-31 21:49:31
903350c655313d3e,,unknown,0,0,,8,19,0.856736,0,,0,2026-05-31 21:49:31
903453c0785d240c,,unknown,0,0,,19,9,0.906284,0,,0,2026-05-31 21:49:31
90392d26a43e7b59,,unknown,0,0,,19,4,0.816442,0,,0,2026-05-31 21:49:31
9044fc0f984b4751,,unknown,0,0,,19,5,0.903204,0,,0,2026-05-31 21:49:31
90474d6a2e435695,,unknown,0,0,,,,0.824029,0,,0,2026-05-31 21:49:31
9048c84a09e10ec4,,unknown,0,0,,11,18,0.910404,0,,0,2026-05-31 21:49:31
90529d621e05d888,,unknown,0,0,,,1,0.853091,0,,0,2026-05-31 21:49:31
9056d3c3bb53ac72,,unknown,0,0,,5,15,0.883189,0,,0,2026-05-31 21:49:31
90584bc20d79f271,,unknown,0,0,,18,10,0.892335,0,,0,2026-05-31 21:49:31
906bb741924fdde8,,unknown,0,0,,19,2,0.980325,0,,0,2026-05-31 21:49:31
906f2a3087e65bd7,,unknown,0,0,,9,,0.96446,0,,0,2026-05-31 21:49:31
907b131579b607b6,docs\documents-atlas-index.md#chunk-811,unknown,0,0,,19,14,0.915212,0,,0,2026-05-31 21:49:31
9082a44c5457a409,,unknown,0,0,,8,16,0.863567,0,,0,2026-05-31 21:49:31
908abcaaad984c36,,unknown,0,0,,12,2,0.907789,0,,0,2026-05-31 21:49:31
9092bf3dff166c4c,,unknown,0,0,,8,16,0.967119,0,,0,2026-05-31 21:49:31
9096175758851475,,unknown,0,0,,14,12,0.781943,0,,0,2026-05-31 21:49:31
909846b2c9cd4988,,unknown,0,0,,19,7,0.804278,0,,0,2026-05-31 21:49:31
90a0b18518c2bbce,,unknown,0,0,,7,17,0.876142,0,,0,2026-05-31 21:49:31
90a13d012165c8af,,unknown,0,0,,,1,0.932683,0,,0,2026-05-31 21:49:31
90a2e44ac86a6bf7,,unknown,0,0,,8,16,0.992119,0,,0,2026-05-31 21:49:31
90a4c155a98e078e,,unknown,0,0,,6,19,0.921516,0,,0,2026-05-31 21:49:31
90a82a4841e3bd3c,,unknown,0,0,,5,5,0.924361,0,,0,2026-05-31 21:49:31
90a901760543ebf1,,unknown,0,0,,,6,0.938747,0,,0,2026-05-31 21:49:31
90b228e8e22084dd,,unknown,0,0,,,6,1.000644,0,,0,2026-05-31 21:49:31
90b963aec400bc95,docs\documents-atlas-index.md#chunk-677,unknown,0,0,,,10,0.834367,0,,0,2026-05-31 21:49:31
90bd3cd5615f7778,,unknown,0,0,,5,3,0.941238,0,,0,2026-05-31 21:49:31
90bed8c006df7442,,unknown,0,0,,18,5,1.071179,0,,0,2026-05-31 21:49:31
90c87abb058c4c1f,docs\documents-atlas-index.md#chunk-594,unknown,0,0,,9,8,0.998278,0,,0,2026-05-31 21:49:31
90ca74480def85cb,,unknown,0,0,,6,,1.043818,0,,0,2026-05-31 21:49:31
90de1d0df9e602fd,,unknown,0,0,,7,2,1.008578,0,,0,2026-05-31 21:49:31
90e74caeb014c9dd,,unknown,0,0,,,8,1.076229,0,,0,2026-05-31 21:49:31
90ec3a61db3c79a6,,unknown,0,0,,7,1,0.918302,0,,0,2026-05-31 21:49:31
90ee9be7e7e7977e,,unknown,0,0,,9,3,0.89341,0,,0,2026-05-31 21:49:31
90f18eb078497205,,unknown,0,0,,,5,0.812472,0,,0,2026-05-31 21:49:31
90fb2ed4775d3684,,unknown,0,0,,4,2,0.941742,0,,0,2026-05-31 21:49:31
90fb47e3a44ff4e5,,unknown,0,0,,18,9,1.033453,0,,0,2026-05-31 21:49:31
90fe5046afa19ab2,,unknown,0,0,,7,2,1.041653,0,,0,2026-05-31 21:49:31
9106c6de860e4a8d,,unknown,0,0,,9,19,0.904518,0,,0,2026-05-31 21:49:31
9107e723bd36a7c0,,unknown,0,0,,19,6,0.875587,0,,0,2026-05-31 21:49:31
910bb20c2551204c,,unknown,0,0,,10,19,0.890168,0,,0,2026-05-31 21:49:31
91107c29eb17d264,,unknown,0,0,,19,8,0.884395,0,,0,2026-05-31 21:49:31
911c6bc09ac852f2,,unknown,0,0,,17,11,1.024436,0,,0,2026-05-31 21:49:31
912463c4c444c0b4,,unknown,0,0,,18,10,0.861321,0,,0,2026-05-31 21:49:31
9127be5491eec8ee,,unknown,0,0,,19,5,1.064064,0,,0,2026-05-31 21:49:31
91342306c6333a76,,unknown,0,0,,11,10,0.854484,0,,0,2026-05-31 21:49:31
913519b02224375a,,unknown,0,0,,16,14,0.911131,0,,0,2026-05-31 21:49:31
91380927725dba32,,unknown,0,0,,19,8,0.840452,0,,0,2026-05-31 21:49:31
913a3e6d64a0b1f4,,unknown,0,0,,19,12,0.976351,0,,0,2026-05-31 21:49:31
9145100f32de4dca,,unknown,0,0,,13,19,0.956477,0,,0,2026-05-31 21:49:31
915b44bc65178ae1,,unknown,0,0,,15,14,0.97419,0,,0,2026-05-31 21:49:31
915eb4b48b26d5c8,docs\documents-atlas-index.md#chunk-1098,unknown,0,0,,19,9,0.98247,0,,0,2026-05-31 21:49:31
917456f6842e1d76,,unknown,0,0,,19,7,0.843828,0,,0,2026-05-31 21:49:31
917bb0f17b993566,,unknown,0,0,,17,5,0.937169,0,,0,2026-05-31 21:49:31
91857db04053635a,,unknown,0,0,,15,12,0.94335,0,,0,2026-05-31 21:49:31
918e74bf90f69423,,unknown,0,0,,16,13,0.929881,0,,0,2026-05-31 21:49:31
918f9466c1f78bf6,docs\documents-atlas-index.md#chunk-1057,unknown,0,0,,13,9,0.958074,0,,0,2026-05-31 21:49:31
919d160140fcd4f9,,unknown,0,0,,19,12,0.95639,0,,0,2026-05-31 21:49:31
91a462f53f5a2925,,unknown,0,0,,,,0.905122,0,,0,2026-05-31 21:49:31
91a527ac4f4a7006,docs\documents-atlas-index.md#chunk-970,unknown,0,0,,,,0.88172,0,,0,2026-05-31 21:49:31
91ae29a0f649fa05,docs\documents-atlas-index.md#chunk-1091,unknown,0,0,,,9,0.860359,0,,0,2026-05-31 21:49:31
91b47c5a206ff85a,,unknown,0,0,,,,0.917441,0,,0,2026-05-31 21:49:31
91bc3ec3ee3eea6a,docs\documents-atlas-index.md#chunk-31,unknown,0,0,,10,5,1.04392,0,,0,2026-05-31 21:49:31
91bd25ce91f3a143,,unknown,0,0,,18,12,1.07238,0,,0,2026-05-31 21:49:31
91c1628ba44f98ac,docs\documents-atlas-index.md#chunk-1035,unknown,0,0,,,3,0.958975,0,,0,2026-05-31 21:49:31
91caac11a90d927a,,unknown,0,0,,9,3,0.893915,0,,0,2026-05-31 21:49:31
91cace94e8486014,,unknown,0,0,,7,4,0.783063,0,,0,2026-05-31 21:49:31
91d7327e20c01162,,unknown,0,0,,,,0.832124,0,,0,2026-05-31 21:49:31
91e0ccb6beb619aa,,unknown,0,0,,10,,1.031415,0,,0,2026-05-31 21:49:31
91f938e7d9cc17f3,,unknown,0,0,,6,,1.0427,0,,0,2026-05-31 21:49:31
92004ca2603093c4,,unknown,0,0,,18,12,0.945791,0,,0,2026-05-31 21:49:31
92039d65aeac50bb,docs\documents-atlas-index.md#chunk-233,unknown,0,0,,15,5,0.979425,0,,0,2026-05-31 21:49:31
9216d7c4906868c8,,unknown,0,0,,10,18,0.881596,0,,0,2026-05-31 21:49:31
9220188eed850df5,,unknown,0,0,,12,19,0.937723,0,,0,2026-05-31 21:49:31
9221bf47ebb37143,,unknown,0,0,,10,,0.958292,0,,0,2026-05-31 21:49:31
92231a0e364eb1f4,docs\documents-atlas-index.md#chunk-205,unknown,0,0,,19,8,0.980094,0,,0,2026-05-31 21:49:31
9230fe25b8b315b2,,unknown,0,0,,11,12,0.963568,0,,0,2026-05-31 21:49:31
9233ae698706e856,docs\documents-atlas-index.md#chunk-1288,unknown,0,0,,9,12,0.849784,0,,0,2026-05-31 21:49:31
92404b90f50d8c87,,unknown,0,0,,19,4,0.816178,0,,0,2026-05-31 21:49:31
92440d06f85af818,,unknown,0,0,,19,7,0.824938,0,,0,2026-05-31 21:49:31
9250ce649014356a,,unknown,0,0,,9,13,0.861794,0,,0,2026-05-31 21:49:31
9250dc352b0153e5,,unknown,0,0,,10,18,0.954667,0,,0,2026-05-31 21:49:31
925c4311ee7a48d4,,unknown,0,0,,19,4,0.847985,0,,0,2026-05-31 21:49:31
926497a4608a1c77,,unknown,0,0,,19,4,0.861864,0,,0,2026-05-31 21:49:31
92672f218f33cecd,,unknown,0,0,,10,12,1.003709,0,,0,2026-05-31 21:49:31
926be48fe3e4d437,docs\documents-atlas-index.md#chunk-269,unknown,0,0,,19,9,1.033447,0,,0,2026-05-31 21:49:31
926d21063a4bcbd5,,unknown,0,0,,19,2,0.926101,0,,0,2026-05-31 21:49:31
9270e9b037fcf185,,unknown,0,0,,19,7,0.969275,0,,0,2026-05-31 21:49:31
9277e373d6b0eb4d,,unknown,0,0,,9,14,0.867078,0,,0,2026-05-31 21:49:31
927a14f5fa180f22,,unknown,0,0,,13,6,0.966292,0,,0,2026-05-31 21:49:31
927ad743a8d714dc,,unknown,0,0,,12,17,0.959579,0,,0,2026-05-31 21:49:31
927f7de1ef5aea4f,docs\documents-atlas-index.md#chunk-1066,unknown,0,0,,14,3,1.007952,0,,0,2026-05-31 21:49:31
928bd2aa3cdf4529,,unknown,0,0,,19,5,1.021732,0,,0,2026-05-31 21:49:31
9290197df1588496,,unknown,0,0,,19,10,0.906725,0,,0,2026-05-31 21:49:31
92926bca08fb6996,,unknown,0,0,,19,7,1.001941,0,,0,2026-05-31 21:49:31
929fd37d4850a37f,,unknown,0,0,,6,18,0.920681,0,,0,2026-05-31 21:49:31
92a02d66233adb36,,unknown,0,0,,1,8,0.875389,0,,0,2026-05-31 21:49:31
92a07bf1a8df812e,docs\documents-atlas-index.md#chunk-713,unknown,0,0,,10,7,1.04174,0,,0,2026-05-31 21:49:31
92a21f9479fd7cf4,,unknown,0,0,,6,,0.961164,0,,0,2026-05-31 21:49:31
92a428d4ea97e44e,docs\documents-atlas-index.md#chunk-886,unknown,0,0,,,10,0.895808,0,,0,2026-05-31 21:49:31
92b069c74107c9e3,,unknown,0,0,,,12,0.940336,0,,0,2026-05-31 21:49:31
92b24e55a6b530ba,,unknown,0,0,,6,1,0.946052,0,,0,2026-05-31 21:49:31
92c05893e63a7872,,unknown,0,0,,,4,0.787843,0,,0,2026-05-31 21:49:31
92c1bac92f4ae19b,,unknown,0,0,,,15,0.988417,0,,0,2026-05-31 21:49:31
92c92d6782678ba0,,unknown,0,0,,3,4,0.764788,0,,0,2026-05-31 21:49:31
92cb2711bd9a9e9b,,unknown,0,0,,9,4,0.901969,0,,0,2026-05-31 21:49:31
92cf4f5c1de1dfef,,unknown,0,0,,4,,1.101414,0,,0,2026-05-31 21:49:31
92e7a72ac8830f09,,unknown,0,0,,6,12,0.79591,0,,0,2026-05-31 21:49:31
92f30d8f10753e72,,unknown,0,0,,,3,0.818648,0,,0,2026-05-31 21:49:31
92fee54b60e88762,,unknown,0,0,,6,,1.016596,0,,0,2026-05-31 21:49:31
9305b8d8f90622f3,,unknown,0,0,,19,8,0.908114,0,,0,2026-05-31 21:49:31
930762bb2bde5b3f,,unknown,0,0,,13,18,0.978878,0,,0,2026-05-31 21:49:31
93188e24bc4452a7,docs\documents-atlas-index.md#chunk-200,unknown,0,0,,17,6,0.891833,0,,0,2026-05-31 21:49:31
93421846ddef648a,,unknown,0,0,,19,6,0.924391,0,,0,2026-05-31 21:49:31
934883f2741df8d1,,unknown,0,0,,19,11,0.868896,0,,0,2026-05-31 21:49:31
934dfeeac3edb179,,unknown,0,0,,18,6,1.061646,0,,0,2026-05-31 21:49:31
936b838e198cf108,,unknown,0,0,,19,8,0.932002,0,,0,2026-05-31 21:49:31
937a90261d646373,,unknown,0,0,,18,7,0.898057,0,,0,2026-05-31 21:49:31
93875289fdf19591,,unknown,0,0,,14,8,0.876738,0,,0,2026-05-31 21:49:31
938c6168819bf14c,,unknown,0,0,,19,9,0.925497,0,,0,2026-05-31 21:49:31
938ca4bdabce7f78,,unknown,0,0,,14,,0.973709,0,,0,2026-05-31 21:49:31
9394909dbd87e990,,unknown,0,0,,19,8,0.865994,0,,0,2026-05-31 21:49:31
93964ec1e94d84fe,,unknown,0,0,,18,9,0.997847,0,,0,2026-05-31 21:49:31
93974ef8e1a9eeac,docs\documents-atlas-index.md#chunk-245,unknown,0,0,,13,11,0.962853,0,,0,2026-05-31 21:49:31
939c23892a52b484,,unknown,0,0,,19,9,0.826002,0,,0,2026-05-31 21:49:31
93a13fe23af00a10,,unknown,0,0,,,5,0.929741,0,,0,2026-05-31 21:49:31
93a5c479e172c7d4,docs\documents-atlas-index.md#chunk-555,unknown,0,0,,,13,0.90318,0,,0,2026-05-31 21:49:31
93b6160c997d9b79,,unknown,0,0,,,,0.80007,0,,0,2026-05-31 21:49:31
93c38a059b3a7495,,unknown,0,0,,,,0.66128,0,,0,2026-05-31 21:49:31
93c4796ab52e1a85,docs\documents-atlas-index.md#chunk-436,unknown,0,0,,,4,0.863828,0,,0,2026-05-31 21:49:31
93c901381ed484e8,,unknown,0,0,,,,0.886292,0,,0,2026-05-31 21:49:31
93cd2aad39feff5f,,unknown,0,0,,10,8,1.132939,0,,0,2026-05-31 21:49:31
93d172f91c50fc44,,unknown,0,0,,,12,0.819855,0,,0,2026-05-31 21:49:31
93d40b67e504f1d2,,unknown,0,0,,,6,0.916021,0,,0,2026-05-31 21:49:31
93d912281dd105ed,,unknown,0,0,,,,1.013224,0,,0,2026-05-31 21:49:31
93d9d346bec48b2e,,unknown,0,0,,5,17,0.909257,0,,0,2026-05-31 21:49:31
93db58b1766610fd,,unknown,0,0,,18,16,1.046441,0,,0,2026-05-31 21:49:31
93e52bbc3385f97d,,unknown,0,0,,,8,0.914681,0,,0,2026-05-31 21:49:31
93e692b3803a4757,,unknown,0,0,,,4,0.968908,0,,0,2026-05-31 21:49:31
93ed7c1d66c24134,,unknown,0,0,,4,,0.82176,0,,0,2026-05-31 21:49:31
93f619eb16d8bea2,docs\CODEBASE_DIRECTORY_MAP.md#chunk-16,unknown,0,0,,13,13,1.10475,0,,0,2026-05-31 21:49:31
93fb047cc3057c53,,unknown,0,0,,5,6,0.899117,0,,0,2026-05-31 21:49:31
93fe022ea8bcff45,,unknown,0,0,,6,2,1.021687,0,,0,2026-05-31 21:49:31
940c94aede2ff765,,unknown,0,0,,19,8,0.934404,0,,0,2026-05-31 21:49:31
941282339f2d28e9,,unknown,0,0,,19,6,0.888738,0,,0,2026-05-31 21:49:31
9412d4a2a633a80e,,unknown,0,0,,6,17,0.917327,0,,0,2026-05-31 21:49:31
9417a0dab375be01,,unknown,0,0,,8,14,1.000425,0,,0,2026-05-31 21:49:31
941c046a54a7dcb6,,unknown,0,0,,14,14,0.966921,0,,0,2026-05-31 21:49:31
941cb9475db6f478,,unknown,0,0,,18,8,0.983852,0,,0,2026-05-31 21:49:31
94284ea15d193614,,unknown,0,0,,17,8,0.912238,0,,0,2026-05-31 21:49:31
942b8bc98546297a,,unknown,0,0,,15,10,0.866891,0,,0,2026-05-31 21:49:31
942d7e1e67844d5d,docs\documents-atlas-index.md#chunk-595,unknown,0,0,,11,10,0.992493,0,,0,2026-05-31 21:49:31
94307c7a53489388,,unknown,0,0,,19,8,0.838574,0,,0,2026-05-31 21:49:31
9431e82c312038f8,docs\documents-atlas-index.md#chunk-73,unknown,0,0,,10,19,0.764566,0,,0,2026-05-31 21:49:31
943c5d1faab72606,,unknown,0,0,,8,,0.883067,0,,0,2026-05-31 21:49:31
943e53f2dd0ce7e0,,unknown,0,0,,19,9,0.952159,0,,0,2026-05-31 21:49:31
9442c09155f8eb4a,,unknown,0,0,,10,15,0.839002,0,,0,2026-05-31 21:49:31
94464e8886d46e28,,unknown,0,0,,10,11,0.772182,0,,0,2026-05-31 21:49:31
94485cb34eee89b8,,unknown,0,0,,17,7,1.004237,0,,0,2026-05-31 21:49:31
945e7e1bf0bea534,,unknown,0,0,,15,6,1.005807,0,,0,2026-05-31 21:49:31
945ebb2ea9c2d961,,unknown,0,0,,14,8,0.966973,0,,0,2026-05-31 21:49:31
946863dbadb9ea3f,docs\documents-atlas-index.md#chunk-1181,unknown,0,0,,12,15,0.994845,0,,0,2026-05-31 21:49:31
946d14978f41b71d,,unknown,0,0,,15,10,0.960238,0,,0,2026-05-31 21:49:31
947b4482a5cabb9a,,unknown,0,0,,14,6,0.889109,0,,0,2026-05-31 21:49:31
9483deb11095af9f,,unknown,0,0,,8,14,0.884882,0,,0,2026-05-31 21:49:31
9483fc35512bc1c4,,unknown,0,0,,19,7,0.91079,0,,0,2026-05-31 21:49:31
94840264a4f72f67,,unknown,0,0,,11,9,0.890975,0,,0,2026-05-31 21:49:31
949a4fa4250a2198,docs\documents-atlas-index.md#chunk-974,unknown,0,0,,18,7,0.928095,0,,0,2026-05-31 21:49:31
949d182fec5e3ad1,docs\documents-atlas-index.md#chunk-1212,unknown,0,0,,19,1,0.945154,0,,0,2026-05-31 21:49:31
94a00cc75c6ea44f,,unknown,0,0,,,,0.980557,0,,0,2026-05-31 21:49:31
94a3bbf79c40c9b0,,unknown,0,0,,,12,0.925105,0,,0,2026-05-31 21:49:31
94a90a0c66aac4c7,,unknown,0,0,,,,0.929382,0,,0,2026-05-31 21:49:31
94affec3e52179e7,,unknown,0,0,,9,4,0.987126,0,,0,2026-05-31 21:49:31
94bc180a3ed8fbfd,,unknown,0,0,,14,19,1.062915,0,,0,2026-05-31 21:49:31
94bc9fc023f2da01,,unknown,0,0,,7,9,1.024177,0,,0,2026-05-31 21:49:31
94bcf7f6806a71fa,docs\documents-atlas-index.md#chunk-1075,unknown,0,0,,,19,1.082344,0,,0,2026-05-31 21:49:31
94c43401cf485739,,unknown,0,0,,,3,0.665626,0,,0,2026-05-31 21:49:31
94ced919552f3afe,,unknown,0,0,,18,,1.00438,0,,0,2026-05-31 21:49:31
94e3f615528c4293,,unknown,0,0,,1,18,0.930555,0,,0,2026-05-31 21:49:31
94f74db35ef623a8,,unknown,0,0,,,,0.945441,0,,0,2026-05-31 21:49:31
951036b5880102d2,,unknown,0,0,,18,13,0.82635,0,,0,2026-05-31 21:49:31
9512b9752bf81988,,unknown,0,0,,10,16,0.854804,0,,0,2026-05-31 21:49:31
95134394933915eb,,unknown,0,0,,16,16,0.785201,0,,0,2026-05-31 21:49:31
951b01f312bb9e0b,,unknown,0,0,,16,15,1.033576,0,,0,2026-05-31 21:49:31
952227f480b2ed5c,,unknown,0,0,,14,14,0.874126,0,,0,2026-05-31 21:49:31
952c08689a143792,,unknown,0,0,,18,8,0.914204,0,,0,2026-05-31 21:49:31
95381f1ac2e8ea89,docs\documents-atlas-index.md#chunk-179,unknown,0,0,,12,10,0.976462,0,,0,2026-05-31 21:49:31
9546b06fbf954aea,,unknown,0,0,,10,19,0.800633,0,,0,2026-05-31 21:49:31
954a1f030f9f13d8,,unknown,0,0,,18,3,0.952723,0,,0,2026-05-31 21:49:31
955332375f74e6eb,,unknown,0,0,,14,17,0.911319,0,,0,2026-05-31 21:49:31
9555ad086ebd76ef,,unknown,0,0,,17,3,1.011425,0,,0,2026-05-31 21:49:31
955c14860a021417,,unknown,0,0,,18,7,0.952894,0,,0,2026-05-31 21:49:31
956e6769952988c1,,unknown,0,0,,19,11,0.80994,0,,0,2026-05-31 21:49:31
9571e1eaecc9ea64,,unknown,0,0,,10,13,1.036435,0,,0,2026-05-31 21:49:31
95734c60db0c0c0e,docs\documents-atlas-index.md#chunk-110,unknown,0,0,,11,5,0.836635,0,,0,2026-05-31 21:49:31
957cc28379cf7823,,unknown,0,0,,19,3,0.829997,0,,0,2026-05-31 21:49:31
957fc3b7e3434bf2,,unknown,0,0,,19,,0.9317,0,,0,2026-05-31 21:49:31
9580ee7bf393de55,,unknown,0,0,,8,12,0.886548,0,,0,2026-05-31 21:49:31
9596602fba7c6008,,unknown,0,0,,19,6,0.893036,0,,0,2026-05-31 21:49:31
95976752c95253ce,,unknown,0,0,,12,19,0.868021,0,,0,2026-05-31 21:49:31
959a6e8832d27e51,,unknown,0,0,,7,,0.796162,0,,0,2026-05-31 21:49:31
959ddf2b5349532f,,unknown,0,0,,10,11,0.9974,0,,0,2026-05-31 21:49:31
95a57dcae877a133,,unknown,0,0,,,8,0.868683,0,,0,2026-05-31 21:49:31
95b696334b0448d6,,unknown,0,0,,,,0.737785,0,,0,2026-05-31 21:49:31
95bad3ae512ce5a8,docs\documents-atlas-index.md#chunk-723,unknown,0,0,,,15,1.126799,0,,0,2026-05-31 21:49:31
95bad7cb136a3807,,unknown,0,0,,,15,1.069747,0,,0,2026-05-31 21:49:31
95d310c019342c1b,,unknown,0,0,,,19,0.807804,0,,0,2026-05-31 21:49:31
95de96420835c997,,unknown,0,0,,,1,0.816935,0,,0,2026-05-31 21:49:31
95efedfb11cc7974,docs\documents-atlas-index.md#chunk-1209,unknown,0,0,,8,,1.097738,0,,0,2026-05-31 21:49:31
95f6a5fd9d1c6d4b,docs\documents-atlas-index.md#chunk-422,unknown,0,0,,6,19,1.026849,0,,0,2026-05-31 21:49:31
95f81211fff968ec,,unknown,0,0,,5,,1.022462,0,,0,2026-05-31 21:49:31
95f973c4941ccb21,,unknown,0,0,,,12,0.877947,0,,0,2026-05-31 21:49:31
9604102a93d518f5,,unknown,0,0,,15,18,0.920029,0,,0,2026-05-31 21:49:31
9606a3e0e27948f6,,unknown,0,0,,19,9,0.939977,0,,0,2026-05-31 21:49:31
9607e0804dc45c89,,unknown,0,0,,9,16,0.840725,0,,0,2026-05-31 21:49:31
9609f45bb003f51f,,unknown,0,0,,9,17,0.944557,0,,0,2026-05-31 21:49:31
9611e88e8f4425ea,,unknown,0,0,,10,19,0.773393,0,,0,2026-05-31 21:49:31
96127459aeeb3e5e,,unknown,0,0,,15,5,0.89303,0,,0,2026-05-31 21:49:31
961ccbce47017e46,docs\documents-atlas-index.md#chunk-730,unknown,0,0,,10,12,1.009439,0,,0,2026-05-31 21:49:31
961f03ff0f5f081e,,unknown,0,0,,17,14,1.149878,0,,0,2026-05-31 21:49:31
9631833253b99194,,unknown,0,0,,14,13,0.840115,0,,0,2026-05-31 21:49:31
9632d4102ec044d2,docs\documents-atlas-index.md#chunk-343,unknown,0,0,,10,18,0.944899,0,,0,2026-05-31 21:49:31
9636cac5b97e2892,docs\documents-atlas-index.md#chunk-1059,unknown,0,0,,19,5,0.776601,0,,0,2026-05-31 21:49:31
964df165a894ebb0,,unknown,0,0,,19,2,0.937003,0,,0,2026-05-31 21:49:31
966017b1fbb9e32a,,unknown,0,0,,16,10,0.936207,0,,0,2026-05-31 21:49:31
966824b832e78da6,,unknown,0,0,,15,15,0.820973,0,,0,2026-05-31 21:49:31
966db717df53f3f3,,unknown,0,0,,19,8,0.975863,0,,0,2026-05-31 21:49:31
966e1fe4865d3f71,,unknown,0,0,,19,,0.870507,0,,0,2026-05-31 21:49:31
9671f735962de9e1,,unknown,0,0,,19,7,0.85396,0,,0,2026-05-31 21:49:31
967d2ba4ec6a84d5,,unknown,0,0,,17,3,0.862874,0,,0,2026-05-31 21:49:31
968192a58df74606,,unknown,0,0,,14,13,0.894081,0,,0,2026-05-31 21:49:31
9684c3436ac2acaa,docs\documents-atlas-index.md#chunk-1195,unknown,0,0,,8,19,0.785828,0,,0,2026-05-31 21:49:31
9688e3416f8c3e43,,unknown,0,0,,19,3,0.864568,0,,0,2026-05-31 21:49:31
969598fbe650d528,,unknown,0,0,,18,10,0.81925,0,,0,2026-05-31 21:49:31
969ce34b15deee1a,,unknown,0,0,,11,13,0.989716,0,,0,2026-05-31 21:49:31
96a38b6d2bc6a987,,unknown,0,0,,,,0.769123,0,,0,2026-05-31 21:49:31
96b273422b8bb01d,,unknown,0,0,,,,0.872522,0,,0,2026-05-31 21:49:31
96bb7a4672296db3,,unknown,0,0,,6,4,0.764405,0,,0,2026-05-31 21:49:31
96bc44c2a0d08c9c,,unknown,0,0,,10,8,0.970919,0,,0,2026-05-31 21:49:31
96bf4aa94e718f84,docs\documents-atlas-index.md#chunk-340,unknown,0,0,,5,6,0.886305,0,,0,2026-05-31 21:49:31
96c2dc8b1b2ca768,,unknown,0,0,,,,0.930248,0,,0,2026-05-31 21:49:31
96c3da476021e089,docs\documents-atlas-index.md#chunk-1192,unknown,0,0,,,12,0.842739,0,,0,2026-05-31 21:49:31
96c6230a92102e9d,,unknown,0,0,,6,19,0.854812,0,,0,2026-05-31 21:49:31
96c7e436c8b5ed06,docs\documents-atlas-index.md#chunk-133,unknown,0,0,,3,12,0.823922,0,,0,2026-05-31 21:49:31
96cfd04ee69cb899,,unknown,0,0,,19,6,1.099107,0,,0,2026-05-31 21:49:31
96d28900525f0879,,unknown,0,0,,,,0.797122,0,,0,2026-05-31 21:49:31
96d5f8e2dd9a5ad3,docs\documents-atlas-index.md#chunk-1131,unknown,0,0,,17,2,1.0217,0,,0,2026-05-31 21:49:31
96d87c568c03a389,,unknown,0,0,,,1,0.6748,0,,0,2026-05-31 21:49:31
96df813bcd4df3a1,,unknown,0,0,,,1,1.109509,0,,0,2026-05-31 21:49:31
9702e54ad81c3568,docs\documents-atlas-index.md#chunk-169,unknown,0,0,,19,6,0.866501,0,,0,2026-05-31 21:49:31
97087cf868cb2afe,,unknown,0,0,,16,15,0.990189,0,,0,2026-05-31 21:49:31
971436e217da071d,,unknown,0,0,,16,15,0.936201,0,,0,2026-05-31 21:49:31
971854f54c00f51d,,unknown,0,0,,17,12,0.930375,0,,0,2026-05-31 21:49:31
971ab312130fcffb,,unknown,0,0,,19,2,1.026087,0,,0,2026-05-31 21:49:31
971e97e6cd384267,,unknown,0,0,,17,8,0.900228,0,,0,2026-05-31 21:49:31
97231b1479cc1e47,,unknown,0,0,,19,2,0.887161,0,,0,2026-05-31 21:49:31
97233e014b786feb,,unknown,0,0,,11,19,0.947562,0,,0,2026-05-31 21:49:31
9725a344cae3e50d,,unknown,0,0,,7,17,0.957979,0,,0,2026-05-31 21:49:31
972885bfbbb7ef4c,,unknown,0,0,,12,13,1.017852,0,,0,2026-05-31 21:49:31
9733b456bc3a2fe2,,unknown,0,0,,18,3,0.829841,0,,0,2026-05-31 21:49:31
973afe5361c552c3,,unknown,0,0,,17,,1.028802,0,,0,2026-05-31 21:49:31
9740d1509fefaaa7,,unknown,0,0,,19,4,1.000171,0,,0,2026-05-31 21:49:31
9752ed20a584be5f,,unknown,0,0,,9,12,0.882059,0,,0,2026-05-31 21:49:31
97531559f8f597b8,docs\documents-atlas-index.md#chunk-659,unknown,0,0,,19,10,0.856426,0,,0,2026-05-31 21:49:31
9757cb74361dab99,,unknown,0,0,,19,5,0.801112,0,,0,2026-05-31 21:49:31
97586a6bd6acf30d,,unknown,0,0,,14,8,0.974809,0,,0,2026-05-31 21:49:31
975ae188a2210951,docs\documents-atlas-index.md#chunk-1293,unknown,0,0,,18,6,0.926789,0,,0,2026-05-31 21:49:31
976a9b32f9933371,,unknown,0,0,,9,4,0.757732,0,,0,2026-05-31 21:49:31
976b3bbfa4472aed,,unknown,0,0,,15,11,1.087424,0,,0,2026-05-31 21:49:31
976b3c180a447142,docs\documents-atlas-index.md#chunk-225,unknown,0,0,,5,,0.853675,0,,0,2026-05-31 21:49:31
976d89d0512c19e9,,unknown,0,0,,19,13,0.931836,0,,0,2026-05-31 21:49:31
97846847c0627f1e,,unknown,0,0,,9,14,0.780656,0,,0,2026-05-31 21:49:31
978a1806972de37c,,unknown,0,0,,19,8,0.86311,0,,0,2026-05-31 21:49:31
978ce142d5ae3ea1,,unknown,0,0,,18,,0.850838,0,,0,2026-05-31 21:49:31
978e7e6051ef870b,docs\documents-atlas-index.md#chunk-430,unknown,0,0,,13,5,0.963563,0,,0,2026-05-31 21:49:31
979fe1c131657aca,,unknown,0,0,,10,19,0.869972,0,,0,2026-05-31 21:49:31
97a812dc72e13ab6,,unknown,0,0,,14,16,1.035351,0,,0,2026-05-31 21:49:31
97baa81af3ce681f,,unknown,0,0,,10,3,1.030537,0,,0,2026-05-31 21:49:31
97ce74d8d8e488a5,,unknown,0,0,,8,2,1.018175,0,,0,2026-05-31 21:49:31
97d03f4d6c428206,,unknown,0,0,,,,0.734381,0,,0,2026-05-31 21:49:31
97d1c9e73c3506a1,,unknown,0,0,,2,18,0.925322,0,,0,2026-05-31 21:49:31
97d7c056710aad87,,unknown,0,0,,,16,0.860531,0,,0,2026-05-31 21:49:31
97db3405b50fe836,,unknown,0,0,,4,6,0.949968,0,,0,2026-05-31 21:49:31
97df01d383f45c3d,,unknown,0,0,,9,8,1.010866,0,,0,2026-05-31 21:49:31
97e05397e24a89d2,,unknown,0,0,,,4,0.909742,0,,0,2026-05-31 21:49:31
97ff178bc06be328,docs\documents-atlas-index.md#chunk-1180,unknown,0,0,,19,8,1.022655,0,,0,2026-05-31 21:49:31
98067a5acab5166a,docs\documents-atlas-index.md#chunk-70,unknown,0,0,,8,,0.909732,0,,0,2026-05-31 21:49:31
9815af28d7b6e086,,unknown,0,0,,14,8,0.966904,0,,0,2026-05-31 21:49:31
981a723bab0344b0,,unknown,0,0,,19,8,0.992321,0,,0,2026-05-31 21:49:31
981cdfc3840acfec,,unknown,0,0,,19,,0.988432,0,,0,2026-05-31 21:49:31
982558c82561d11e,,unknown,0,0,,18,13,0.844363,0,,0,2026-05-31 21:49:31
982aec2bd014c41c,,unknown,0,0,,13,7,1.044313,0,,0,2026-05-31 21:49:31
982ba4ab6276afd7,,unknown,0,0,,14,14,0.982441,0,,0,2026-05-31 21:49:31
982d8de89793c97f,,unknown,0,0,,16,11,0.857873,0,,0,2026-05-31 21:49:31
9832903c14515943,,unknown,0,0,,11,17,0.891507,0,,0,2026-05-31 21:49:31
9838b547df4f8e11,,unknown,0,0,,19,4,0.742348,0,,0,2026-05-31 21:49:31
983f9497b9a1e60f,,unknown,0,0,,15,10,0.855914,0,,0,2026-05-31 21:49:31
9843e1c6aafa49e5,,unknown,0,0,,19,5,0.923884,0,,0,2026-05-31 21:49:31
9845e781e035bc29,,unknown,0,0,,8,14,0.822259,0,,0,2026-05-31 21:49:31
98476363b8bdc262,,unknown,0,0,,19,8,0.787247,0,,0,2026-05-31 21:49:31
9854feb90965a824,,unknown,0,0,,8,13,0.925265,0,,0,2026-05-31 21:49:31
985a6b18aeb21111,,unknown,0,0,,9,,0.843228,0,,0,2026-05-31 21:49:31
985c16ad410e4b23,,unknown,0,0,,19,3,0.950993,0,,0,2026-05-31 21:49:31
9864d5f136e6df55,,unknown,0,0,,10,13,0.880163,0,,0,2026-05-31 21:49:31
98651ec1242a190a,,unknown,0,0,,15,9,0.952753,0,,0,2026-05-31 21:49:31
9870c12ac6a8c15a,docs\documents-atlas-index.md#chunk-579,unknown,0,0,,10,15,0.967748,0,,0,2026-05-31 21:49:31
988b10b5cf0e2f78,,unknown,0,0,,19,1,0.882966,0,,0,2026-05-31 21:49:31
9897040b7a63d9de,,unknown,0,0,,12,19,0.855654,0,,0,2026-05-31 21:49:31
989cd5fa0cca2a1c,,unknown,0,0,,13,,1.105537,0,,0,2026-05-31 21:49:31
989d4f195d29e17d,,unknown,0,0,,15,8,0.928997,0,,0,2026-05-31 21:49:31
989f40ef692b1b9d,docs\documents-atlas-index.md#chunk-1287,unknown,0,0,,15,14,0.995874,0,,0,2026-05-31 21:49:31
98b8bc2a56aeaef6,,unknown,0,0,,9,12,1.091271,0,,0,2026-05-31 21:49:31
98bd4edbfc7ef754,,unknown,0,0,,10,2,1.046411,0,,0,2026-05-31 21:49:31
98c4d8cfa1b480f0,,unknown,0,0,,,6,1.097466,0,,0,2026-05-31 21:49:31
98d94d73959be333,,unknown,0,0,,,,0.765184,0,,0,2026-05-31 21:49:31
98e15351a9fe1b17,,unknown,0,0,,9,8,0.934483,0,,0,2026-05-31 21:49:31
98ea56d89997d426,docs\documents-atlas-index.md#chunk-983,unknown,0,0,,,13,0.848462,0,,0,2026-05-31 21:49:31
98edeef23ac6203d,,unknown,0,0,,10,,1.038631,0,,0,2026-05-31 21:49:31
98f059b310dc123d,,unknown,0,0,,16,15,1.078546,0,,0,2026-05-31 21:49:31
98f7bf227c9b5431,docs\documents-atlas-index.md#chunk-741,unknown,0,0,,,,0.837005,0,,0,2026-05-31 21:49:31
98fccffcd0ce41d0,docs\documents-atlas-index.md#chunk-735,unknown,0,0,,12,,1.091883,0,,0,2026-05-31 21:49:31
9908e8cab8939f72,,unknown,0,0,,8,16,0.905128,0,,0,2026-05-31 21:49:31
99097889653b6a69,,unknown,0,0,,19,7,0.730245,0,,0,2026-05-31 21:49:31
991ac0b6bfcf1f31,,unknown,0,0,,16,,0.889006,0,,0,2026-05-31 21:49:31
991bc756865bea4d,docs\documents-atlas-index.md#chunk-1227,unknown,0,0,,19,2,0.917564,0,,0,2026-05-31 21:49:31
99280ddcb1c1774e,,unknown,0,0,,15,11,0.987762,0,,0,2026-05-31 21:49:31
99341292dcd3a29a,,unknown,0,0,,19,9,0.958336,0,,0,2026-05-31 21:49:31
9945ca238eb542d1,,unknown,0,0,,17,3,0.927127,0,,0,2026-05-31 21:49:31
994c089587633aa8,,unknown,0,0,,15,14,0.787088,0,,0,2026-05-31 21:49:31
994f0917dc9759bc,,unknown,0,0,,14,7,0.923838,0,,0,2026-05-31 21:49:31
995b2c6bb3f8e5a5,,unknown,0,0,,16,10,0.936282,0,,0,2026-05-31 21:49:31
995cc5c39f34cb01,,unknown,0,0,,,15,0.927202,0,,0,2026-05-31 21:49:31
997afca72945b59e,docs\documents-atlas-index.md#chunk-66,unknown,0,0,,16,10,0.904472,0,,0,2026-05-31 21:49:31
997cf969f4a57e79,,unknown,0,0,,12,4,0.793759,0,,0,2026-05-31 21:49:31
9980100e4688f7c6,,unknown,0,0,,19,11,0.882272,0,,0,2026-05-31 21:49:31
99869a4fcc4f8eb1,,unknown,0,0,,19,4,0.904514,0,,0,2026-05-31 21:49:31
9986c15ddd637b9a,,unknown,0,0,,9,19,0.754819,0,,0,2026-05-31 21:49:31
999d5ab70efa63b3,,unknown,0,0,,16,1,1.007876,0,,0,2026-05-31 21:49:31
99a7aa829d90260f,,unknown,0,0,,3,2,0.842744,0,,0,2026-05-31 21:49:31
99a89c856058abdc,,unknown,0,0,,6,11,0.884326,0,,0,2026-05-31 21:49:31
99ade1b7517e3052,,unknown,0,0,,19,5,1.072548,0,,0,2026-05-31 21:49:31
99c3386bafac6685,,unknown,0,0,,,,0.879389,0,,0,2026-05-31 21:49:31
99c6ab84b830f4fe,,unknown,0,0,,4,11,0.914103,0,,0,2026-05-31 21:49:31
99d5c25d70eede16,,unknown,0,0,,8,12,1.055825,0,,0,2026-05-31 21:49:31
99d9123d09943f6d,docs\documents-atlas-index.md#chunk-127,unknown,0,0,,6,19,0.838087,0,,0,2026-05-31 21:49:31
99e4040c5206180a,,unknown,0,0,,,2,0.892541,0,,0,2026-05-31 21:49:31
99e84555082a781b,docs\documents-atlas-index.md#chunk-1168,unknown,0,0,,,,0.874285,0,,0,2026-05-31 21:49:31
99f5137b2216e3be,,unknown,0,0,,,3,0.970941,0,,0,2026-05-31 21:49:31
99f5f845c82aa845,docs\documents-atlas-index.md#chunk-663,unknown,0,0,,,13,0.853516,0,,0,2026-05-31 21:49:31
99f616157d72a87a,docs\documents-atlas-index.md#chunk-431,unknown,0,0,,,1,0.756702,0,,0,2026-05-31 21:49:31
9a0fa2e492dbf19e,docs\documents-atlas-index.md#chunk-718,unknown,0,0,,19,14,1.022214,0,,0,2026-05-31 21:49:31
9a1670a2ec600f12,docs\documents-atlas-index.md#chunk-596,unknown,0,0,,15,11,0.99237,0,,0,2026-05-31 21:49:31
9a1cfcfbb8c78df2,,unknown,0,0,,14,,1.076571,0,,0,2026-05-31 21:49:31
9a226571403e11d4,,unknown,0,0,,18,16,0.881404,0,,0,2026-05-31 21:49:31
9a32c7f390396bd6,,unknown,0,0,,13,16,0.913315,0,,0,2026-05-31 21:49:31
9a3309efae131a0e,,unknown,0,0,,14,19,1.010203,0,,0,2026-05-31 21:49:31
9a36f94aff69efdf,,unknown,0,0,,9,19,0.973507,0,,0,2026-05-31 21:49:31
9a40a565fc682fe0,,unknown,0,0,,9,18,0.933016,0,,0,2026-05-31 21:49:31
9a4728a0d0d54ed1,,unknown,0,0,,17,17,0.982799,0,,0,2026-05-31 21:49:31
9a56f6c64dc8f9a5,,unknown,0,0,,15,16,1.018564,0,,0,2026-05-31 21:49:31
9a5d6155b4b254a1,docs\documents-atlas-index.md#chunk-805,unknown,0,0,,19,15,0.876483,0,,0,2026-05-31 21:49:31
9a6bb41b17881459,docs\documents-atlas-index.md#chunk-816,unknown,0,0,,14,18,0.973634,0,,0,2026-05-31 21:49:31
9a6f6608380bb693,,unknown,0,0,,19,8,0.883827,0,,0,2026-05-31 21:49:31
9a735e8a604701be,,unknown,0,0,,18,16,0.85914,0,,0,2026-05-31 21:49:31
9a827cdde78d34e1,,unknown,0,0,,17,9,1.015407,0,,0,2026-05-31 21:49:31
9a89b4d85e55fca5,,unknown,0,0,,1,19,0.84112,0,,0,2026-05-31 21:49:31
9a8baa66bc343b58,,unknown,0,0,,13,,0.783802,0,,0,2026-05-31 21:49:31
9a9eb5462ab11f97,,unknown,0,0,,15,,0.974778,0,,0,2026-05-31 21:49:31
9aa10b90c605d517,,unknown,0,0,,1,8,0.75749,0,,0,2026-05-31 21:49:31
9aa136877fde3232,,unknown,0,0,,,,0.926327,0,,0,2026-05-31 21:49:31
9ab1ce559b62862f,,unknown,0,0,,,18,0.864589,0,,0,2026-05-31 21:49:31
9ab6ea39d5bb2e0f,,unknown,0,0,,10,,0.904878,0,,0,2026-05-31 21:49:31
9aceb7174f3d2edc,,unknown,0,0,,1,19,1.02804,0,,0,2026-05-31 21:49:31
9acf17f8aa63f97a,,unknown,0,0,,,15,0.976878,0,,0,2026-05-31 21:49:31
9adc6cb0c073a4fc,,unknown,0,0,,17,11,1.051273,0,,0,2026-05-31 21:49:31
9ae69f8ed20455a7,,unknown,0,0,,2,1,0.976387,0,,0,2026-05-31 21:49:31
9aec86c06eafe518,docs\documents-atlas-index.md#chunk-1064,unknown,0,0,,,15,1.104538,0,,0,2026-05-31 21:49:31
9b04c25addab8562,,unknown,0,0,,19,5,0.98881,0,,0,2026-05-31 21:49:31
9b078eb5e3770129,,unknown,0,0,,16,9,0.886292,0,,0,2026-05-31 21:49:31
9b172a2575d32c05,,unknown,0,0,,11,12,0.922216,0,,0,2026-05-31 21:49:31
9b1c3832942a2610,,unknown,0,0,,19,,0.873413,0,,0,2026-05-31 21:49:31
9b247213d70d1449,,unknown,0,0,,19,8,0.885555,0,,0,2026-05-31 21:49:31
9b2617139def27ac,docs\documents-atlas-index.md#chunk-1086,unknown,0,0,,17,17,0.940302,0,,0,2026-05-31 21:49:31
9b26c254d980878f,,unknown,0,0,,9,19,0.823067,0,,0,2026-05-31 21:49:31
9b29910ebf60f241,,unknown,0,0,,17,10,0.954865,0,,0,2026-05-31 21:49:31
9b3904b09796d5ad,,unknown,0,0,,18,16,0.673564,0,,0,2026-05-31 21:49:31
9b459153ac2e5e6d,,unknown,0,0,,19,1,0.935951,0,,0,2026-05-31 21:49:31
9b597ac1a4e26989,,unknown,0,0,,17,11,0.892069,0,,0,2026-05-31 21:49:31
9b6100eb3df53ddd,,unknown,0,0,,14,19,0.915917,0,,0,2026-05-31 21:49:31
9b654bc02a04daaa,,unknown,0,0,,17,13,1.015963,0,,0,2026-05-31 21:49:31
9b65c4fc71bcfd3c,,unknown,0,0,,13,15,1.082733,0,,0,2026-05-31 21:49:31
9b6af1c5003f25f9,,unknown,0,0,,19,,0.998592,0,,0,2026-05-31 21:49:31
9b7fd1cb0a0642ad,,unknown,0,0,,15,19,1.025808,0,,0,2026-05-31 21:49:31
9b831ad15ea8ebcf,,unknown,0,0,,18,18,1.006821,0,,0,2026-05-31 21:49:31
9b833678fa33c4f6,,unknown,0,0,,19,10,0.890834,0,,0,2026-05-31 21:49:31
9b847efeebf0f554,,unknown,0,0,,16,10,1.095164,0,,0,2026-05-31 21:49:31
9b8c0536e5d2f6e5,,unknown,0,0,,19,12,0.912837,0,,0,2026-05-31 21:49:31
9b8d96d3655b9655,docs\documents-atlas-index.md#chunk-977,unknown,0,0,,18,12,0.847368,0,,0,2026-05-31 21:49:31
9b94daf340fc709d,,unknown,0,0,,16,15,1.043503,0,,0,2026-05-31 21:49:31
9b9a392dd6514505,,unknown,0,0,,16,10,0.904335,0,,0,2026-05-31 21:49:31
9ba3985a6389fde1,,unknown,0,0,,,16,0.932781,0,,0,2026-05-31 21:49:31
9bb1c743ea220afa,,unknown,0,0,,5,19,0.824653,0,,0,2026-05-31 21:49:31
9bbbba116b9a3381,docs\documents-atlas-index.md#chunk-547,unknown,0,0,,10,,0.980327,0,,0,2026-05-31 21:49:31
9bbf7391357d5815,,unknown,0,0,,19,,0.986025,0,,0,2026-05-31 21:49:31
9bc572f61b59637b,,unknown,0,0,,,19,0.799748,0,,0,2026-05-31 21:49:31
9bc77b2541e22633,,unknown,0,0,,3,,0.831369,0,,0,2026-05-31 21:49:31
9bd9e69a60766b79,docs\documents-atlas-index.md#chunk-667,unknown,0,0,,3,17,0.765632,0,,0,2026-05-31 21:49:31
9bdcaf3c5231f9b9,,unknown,0,0,,,15,1.098916,0,,0,2026-05-31 21:49:31
9be329f7842d79bd,,unknown,0,0,,17,15,0.94821,0,,0,2026-05-31 21:49:31
9be55baa9f8cc58f,,unknown,0,0,,1,,1.05742,0,,0,2026-05-31 21:49:31
9be87de639dd7aad,,unknown,0,0,,17,17,1.029356,0,,0,2026-05-31 21:49:31
9c0030eecdb28369,,unknown,0,0,,17,14,1.07422,0,,0,2026-05-31 21:49:31
9c057c330df8fbf4,,unknown,0,0,,14,13,1.061725,0,,0,2026-05-31 21:49:31
9c096a3413cccd3d,,unknown,0,0,,13,11,0.989434,0,,0,2026-05-31 21:49:31
9c0c8a88c323275c,,unknown,0,0,,11,4,0.928241,0,,0,2026-05-31 21:49:31
9c0fef47399075ae,,unknown,0,0,,19,18,0.961264,0,,0,2026-05-31 21:49:31
9c1d9c59628598f9,docs\documents-atlas-index.md#chunk-322,unknown,0,0,,19,15,0.848069,0,,0,2026-05-31 21:49:31
9c42de3fc2bb6ddc,,unknown,0,0,,16,,1.077338,0,,0,2026-05-31 21:49:31
9c4ffa304c158273,,unknown,0,0,,15,,0.991753,0,,0,2026-05-31 21:49:31
9c5096cbafa1009b,,unknown,0,0,,14,19,1.028218,0,,0,2026-05-31 21:49:31
9c511082d9bb5ba6,,unknown,0,0,,19,1,0.926619,0,,0,2026-05-31 21:49:31
9c6633d98b45ea41,docs\documents-atlas-index.md#chunk-271,unknown,0,0,,17,11,0.913845,0,,0,2026-05-31 21:49:31
9c6a76e5e37efa6e,,unknown,0,0,,16,10,0.963287,0,,0,2026-05-31 21:49:31
9c7303d40981a2e2,,unknown,0,0,,18,14,0.784288,0,,0,2026-05-31 21:49:31
9c7529ff0f95f642,,unknown,0,0,,17,11,0.935339,0,,0,2026-05-31 21:49:31
9c7c678abf5be986,,unknown,0,0,,19,8,0.919786,0,,0,2026-05-31 21:49:31
9c8033889fa88804,,unknown,0,0,,15,13,0.951359,0,,0,2026-05-31 21:49:31
9c894197f91dcf0e,,unknown,0,0,,16,8,0.904301,0,,0,2026-05-31 21:49:31
9c8e6f74df6b159c,,unknown,0,0,,15,,0.87663,0,,0,2026-05-31 21:49:31
9c9cbd978cf5af2b,,unknown,0,0,,12,,0.965162,0,,0,2026-05-31 21:49:31
9ca0c84779ea3637,,unknown,0,0,,,19,0.977023,0,,0,2026-05-31 21:49:31
9ca13272454d8a08,docs\documents-atlas-index.md#chunk-317,unknown,0,0,,,19,0.968451,0,,0,2026-05-31 21:49:31
9ca6db8ec479167a,,unknown,0,0,,6,7,0.978428,0,,0,2026-05-31 21:49:31
9cad97b58a17477d,docs\documents-atlas-index.md#chunk-1108,unknown,0,0,,,19,0.88153,0,,0,2026-05-31 21:49:31
9cae5a990dffa796,,unknown,0,0,,2,,0.978729,0,,0,2026-05-31 21:49:31
9cb49eb3588b103d,docs\documents-atlas-index.md#chunk-108,unknown,0,0,,5,,0.989653,0,,0,2026-05-31 21:49:31
9cbdbe091546b8ce,,unknown,0,0,,,17,1.091308,0,,0,2026-05-31 21:49:31
9cc8cbc1552a4e36,,unknown,0,0,,1,14,0.951825,0,,0,2026-05-31 21:49:31
9cc9e94759fea193,,unknown,0,0,,,17,0.978633,0,,0,2026-05-31 21:49:31
9ccec2afe7cce498,,unknown,0,0,,13,,1.149126,0,,0,2026-05-31 21:49:31
9cdb9dbdd0e957b2,docs\documents-atlas-index.md#chunk-1315,unknown,0,0,,10,,1.083143,0,,0,2026-05-31 21:49:31
9cdc7cf957f3dde5,,unknown,0,0,,,12,1.069737,0,,0,2026-05-31 21:49:31
9cdd974a5c1c746d,,unknown,0,0,,2,,1.009721,0,,0,2026-05-31 21:49:31
9cde9427f728c448,,unknown,0,0,,2,7,0.947309,0,,0,2026-05-31 21:49:31
9ce0eb90e190635d,,unknown,0,0,,5,10,0.929365,0,,0,2026-05-31 21:49:31
9ce589c989980acf,,unknown,0,0,,,19,0.8243,0,,0,2026-05-31 21:49:31
9cecc43b5f96118f,,unknown,0,0,,2,19,0.998105,0,,0,2026-05-31 21:49:31
9cef5480ee28b0f0,,unknown,0,0,,,3,1.037863,0,,0,2026-05-31 21:49:31
9cf15135628f28e7,,unknown,0,0,,,,0.984728,0,,0,2026-05-31 21:49:31
9cf28e167bc2ed3c,,unknown,0,0,,3,11,0.979948,0,,0,2026-05-31 21:49:31
9cf9ddb13c149672,,unknown,0,0,,,15,0.887065,0,,0,2026-05-31 21:49:31
9cfcba4647120cca,,unknown,0,0,,,19,1.024885,0,,0,2026-05-31 21:49:31
9d062e7d684d8716,,unknown,0,0,,19,7,0.889698,0,,0,2026-05-31 21:49:31
9d0b1358c39eb29d,,unknown,0,0,,19,11,0.904375,0,,0,2026-05-31 21:49:31
9d0ba3c0e4080877,,unknown,0,0,,17,10,0.972346,0,,0,2026-05-31 21:49:31
9d0f65dad7a73d3f,,unknown,0,0,,16,17,1.009271,0,,0,2026-05-31 21:49:31
9d10c9dfb186cce2,,unknown,0,0,,13,16,1.048616,0,,0,2026-05-31 21:49:31
9d171cf8f269ac50,docs\documents-atlas-index.md#chunk-221,unknown,0,0,,16,10,0.926804,0,,0,2026-05-31 21:49:31
9d1a6b463ec5bf51,,unknown,0,0,,14,,0.974744,0,,0,2026-05-31 21:49:31
9d21120dce3ddafc,,unknown,0,0,,14,19,1.102053,0,,0,2026-05-31 21:49:31
9d228b493ea59a75,,unknown,0,0,,8,,0.935127,0,,0,2026-05-31 21:49:31
9d29317802e0c147,docs\documents-atlas-index.md#chunk-1056,unknown,0,0,,18,13,0.824514,0,,0,2026-05-31 21:49:31
9d2cba75d3820c7b,,unknown,0,0,,14,1,0.901878,0,,0,2026-05-31 21:49:31
9d3129b8006d9f72,,unknown,0,0,,17,13,0.968257,0,,0,2026-05-31 21:49:31
9d31eaf2a63672d2,,unknown,0,0,,17,11,1.045761,0,,0,2026-05-31 21:49:31
9d35a540628889cb,,unknown,0,0,,15,18,0.73955,0,,0,2026-05-31 21:49:31
9d62abaae784577b,docs\documents-atlas-index.md#chunk-1241,unknown,0,0,,15,11,1.000718,0,,0,2026-05-31 21:49:31
9d6b64fc6b5dcf9f,,unknown,0,0,,17,14,1.046583,0,,0,2026-05-31 21:49:31
9d6e1e9052068449,docs\documents-atlas-index.md#chunk-573,unknown,0,0,,17,11,0.932669,0,,0,2026-05-31 21:49:31
9d73361b8cee1123,,unknown,0,0,,,,1.034466,0,,0,2026-05-31 21:49:31
9d75a338b8316bf9,,unknown,0,0,,9,18,0.819812,0,,0,2026-05-31 21:49:31
9d7d84efa8592e75,,unknown,0,0,,16,11,0.926817,0,,0,2026-05-31 21:49:31
9d7e5941ca22532d,,unknown,0,0,,12,3,0.972614,0,,0,2026-05-31 21:49:31
9d85abdf287192af,,unknown,0,0,,17,16,0.947298,0,,0,2026-05-31 21:49:31
9d87d75fb64e8f48,,unknown,0,0,,19,1,0.902677,0,,0,2026-05-31 21:49:31
9d9693207759a950,docs\documents-atlas-index.md#chunk-1254,unknown,0,0,,19,11,0.73908,0,,0,2026-05-31 21:49:31
9d9afd7b8651dbbf,,unknown,0,0,,12,16,1.047328,0,,0,2026-05-31 21:49:31
9d9eeb10110b8ac3,,unknown,0,0,,19,,0.88856,0,,0,2026-05-31 21:49:31
9da63fa4bb8ee00a,,unknown,0,0,,2,9,1.076413,0,,0,2026-05-31 21:49:31
9da7bc54fe111433,,unknown,0,0,,2,10,0.889091,0,,0,2026-05-31 21:49:31
9da7c6a065ea40e5,,unknown,0,0,,,19,1.080165,0,,0,2026-05-31 21:49:31
9db33890641ea3ab,,unknown,0,0,,18,16,1.031744,0,,0,2026-05-31 21:49:31
9db5ed06f77e6695,,unknown,0,0,,6,,0.930276,0,,0,2026-05-31 21:49:31
9db9134938d45c2a,,unknown,0,0,,,19,0.888295,0,,0,2026-05-31 21:49:31
9dbbae81a2bf86ba,docs\documents-atlas-index.md#chunk-405,unknown,0,0,,12,,0.951217,0,,0,2026-05-31 21:49:31
9dbc31a55f6dc418,,unknown,0,0,,,15,1.036552,0,,0,2026-05-31 21:49:31
9dc7bde47c76cdab,,unknown,0,0,,,18,0.889541,0,,0,2026-05-31 21:49:31
9dd51caa275fe00c,,unknown,0,0,,1,1,1.099341,0,,0,2026-05-31 21:49:31
9dd67f5531f3261b,,unknown,0,0,,5,,0.878466,0,,0,2026-05-31 21:49:31
9de41120a521f039,docs\documents-atlas-index.md#chunk-155,unknown,0,0,,,8,0.873934,0,,0,2026-05-31 21:49:31
9de6fa5aa3603462,,unknown,0,0,,2,7,0.919229,0,,0,2026-05-31 21:49:31
9e01ea4f5ced7bd6,,unknown,0,0,,19,1,1.067206,0,,0,2026-05-31 21:49:31
9e0579699c35e715,,unknown,0,0,,18,10,0.808199,0,,0,2026-05-31 21:49:31
9e0c25ea25747718,,unknown,0,0,,17,14,0.89641,0,,0,2026-05-31 21:49:31
9e1a24fda5b95a7a,,unknown,0,0,,17,16,1.005671,0,,0,2026-05-31 21:49:31
9e3e4e1395cbf701,,unknown,0,0,,17,,1.014776,0,,0,2026-05-31 21:49:31
9e3e7b84a201cce9,docs\documents-atlas-index.md#chunk-1052,unknown,0,0,,17,11,0.946002,0,,0,2026-05-31 21:49:31
9e42aca4b479283c,docs\documents-atlas-index.md#chunk-1078,unknown,0,0,,15,9,0.982157,0,,0,2026-05-31 21:49:31
9e4f90227494cc08,,unknown,0,0,,19,12,0.883032,0,,0,2026-05-31 21:49:31
9e50174a68705acb,,unknown,0,0,,14,19,0.779712,0,,0,2026-05-31 21:49:31
9e50b273de86dee9,,unknown,0,0,,6,18,0.974136,0,,0,2026-05-31 21:49:31
9e5433226320b1e9,,unknown,0,0,,18,14,0.837645,0,,0,2026-05-31 21:49:31
9e5513fd6751b154,,unknown,0,0,,18,13,0.923782,0,,0,2026-05-31 21:49:31
9e5bef6cf50a66c8,,unknown,0,0,,19,,0.979811,0,,0,2026-05-31 21:49:31
9e66d93f147fc0b9,,unknown,0,0,,19,8,1.009184,0,,0,2026-05-31 21:49:31
9e6d5973c4eaa5ac,,unknown,0,0,,19,15,0.881245,0,,0,2026-05-31 21:49:31
9e7652760ca17e81,,unknown,0,0,,13,15,0.902818,0,,0,2026-05-31 21:49:31
9e84d1e7899e56d1,docs\documents-atlas-index.md#chunk-939,unknown,0,0,,19,4,0.867953,0,,0,2026-05-31 21:49:31
9e9e4f077c5a081b,,unknown,0,0,,15,,0.909033,0,,0,2026-05-31 21:49:31
9e9f1ebebc66b91c,,unknown,0,0,,16,10,1.094976,0,,0,2026-05-31 21:49:31
9ea6daf9e40f1603,,unknown,0,0,,,12,1.034247,0,,0,2026-05-31 21:49:31
9eaaf0a0a0e38356,docs\documents-atlas-index.md#chunk-774,unknown,0,0,,11,,1.039281,0,,0,2026-05-31 21:49:31
9eafb710425e9cec,,unknown,0,0,,19,,1.062471,0,,0,2026-05-31 21:49:31
9eb3344d9209da64,,unknown,0,0,,,11,0.818003,0,,0,2026-05-31 21:49:31
9ecf20ebc7a64a9f,docs\documents-atlas-index.md#chunk-1032,unknown,0,0,,16,17,1.066859,0,,0,2026-05-31 21:49:31
9ed0c730c022b510,,unknown,0,0,,,13,0.852457,0,,0,2026-05-31 21:49:31
9ee362d77ed4370e,docs\documents-atlas-index.md#chunk-1155,unknown,0,0,,,19,0.970993,0,,0,2026-05-31 21:49:31
9ee8c2a3ead9d9ca,,unknown,0,0,,,18,1.014898,0,,0,2026-05-31 21:49:31
9f03294b20fe6d77,,unknown,0,0,,16,15,0.953661,0,,0,2026-05-31 21:49:31
9f04f44b7b4689e5,docs\documents-atlas-index.md#chunk-728,unknown,0,0,,11,19,0.907338,0,,0,2026-05-31 21:49:31
9f08706390ae7637,,unknown,0,0,,17,14,0.918988,0,,0,2026-05-31 21:49:31
9f0db814cbea889a,,unknown,0,0,,15,,0.871453,0,,0,2026-05-31 21:49:31
9f0ec88e4b81b532,docs\documents-atlas-index.md#chunk-978,unknown,0,0,,17,9,1.056989,0,,0,2026-05-31 21:49:31
9f106e066ed24aaa,docs\documents-atlas-index.md#chunk-629,unknown,0,0,,17,19,0.989488,0,,0,2026-05-31 21:49:31
9f1c12e2137ad29b,,unknown,0,0,,19,14,0.875955,0,,0,2026-05-31 21:49:31
9f1de1ec2b71fdb6,,unknown,0,0,,14,19,1.122319,0,,0,2026-05-31 21:49:31
9f35976aa30a5a07,docs\documents-atlas-index.md#chunk-775,unknown,0,0,,19,1,0.908309,0,,0,2026-05-31 21:49:31
9f38e51895d942d8,,unknown,0,0,,15,18,0.869697,0,,0,2026-05-31 21:49:31
9f3bed570950569a,,unknown,0,0,,11,12,0.979398,0,,0,2026-05-31 21:49:31
9f54c35bcd79d136,,unknown,0,0,,19,8,1.005795,0,,0,2026-05-31 21:49:31
9f5bbf7065f7e960,,unknown,0,0,,12,,1.018563,0,,0,2026-05-31 21:49:31
9f5f03149044bafc,,unknown,0,0,,19,17,0.910168,0,,0,2026-05-31 21:49:31
9f62eefac01de424,,unknown,0,0,,19,7,1.069864,0,,0,2026-05-31 21:49:31
9f633d0382dfdaf1,docs\documents-atlas-index.md#chunk-453,unknown,0,0,,19,1,1.069073,0,,0,2026-05-31 21:49:31
9f6681e6903e6062,,unknown,0,0,,18,13,0.893048,0,,0,2026-05-31 21:49:31
9f6c6f088ce0cac3,docs\documents-atlas-index.md#chunk-211,unknown,0,0,,14,,1.031801,0,,0,2026-05-31 21:49:31
9f7327c93795d379,,unknown,0,0,,18,13,0.749018,0,,0,2026-05-31 21:49:31
9f742d23293ee2e5,,unknown,0,0,,18,11,0.949012,0,,0,2026-05-31 21:49:31
9f760f87ae6e71ac,,unknown,0,0,,15,5,0.987032,0,,0,2026-05-31 21:49:31
9f7c4d1d805ca7e0,,unknown,0,0,,18,11,1.03864,0,,0,2026-05-31 21:49:31
9f7f525ef9c48914,,unknown,0,0,,15,10,0.953099,0,,0,2026-05-31 21:49:31
9f83157f280c7092,,unknown,0,0,,17,14,0.90211,0,,0,2026-05-31 21:49:31
9f85eb699117646c,,unknown,0,0,,5,18,0.870417,0,,0,2026-05-31 21:49:31
9f937752b1ff1f10,,unknown,0,0,,19,1,0.936902,0,,0,2026-05-31 21:49:31
9f93859e6981d03d,,unknown,0,0,,17,15,0.877651,0,,0,2026-05-31 21:49:31
9f950b533295ed87,docs\documents-atlas-index.md#chunk-170,unknown,0,0,,12,11,0.910624,0,,0,2026-05-31 21:49:31
9f9b3f4d0d6e6dff,,unknown,0,0,,19,,1.043905,0,,0,2026-05-31 21:49:31
9fa7557dc2f5230d,docs\documents-atlas-index.md#chunk-682,unknown,0,0,,5,,1.012092,0,,0,2026-05-31 21:49:31
9fbab751897c67bc,,unknown,0,0,,,19,1.031575,0,,0,2026-05-31 21:49:31
9fbced7c740394e6,,unknown,0,0,,4,,1.087467,0,,0,2026-05-31 21:49:31
9fbe1af23f7bab05,,unknown,0,0,,,12,1.063871,0,,0,2026-05-31 21:49:31
9fbedf9bcd449750,,unknown,0,0,,10,,0.980864,0,,0,2026-05-31 21:49:31
9fcad376fc7530ef,,unknown,0,0,,,19,1.062088,0,,0,2026-05-31 21:49:31
9fd675a98545e12f,,unknown,0,0,,,19,0.796149,0,,0,2026-05-31 21:49:31
9fe43b6e2b5f9fc2,,unknown,0,0,,1,,1.042563,0,,0,2026-05-31 21:49:31
9ffaa41319f7230f,,unknown,0,0,,,19,0.958448,0,,0,2026-05-31 21:49:31
a002243379d40ad8,,unknown,0,0,,17,19,0.88637,0,,0,2026-05-31 21:49:31
a005cf328563dd78,,unknown,0,0,,10,13,0.926635,0,,0,2026-05-31 21:49:31
a006216e99c230ad,,unknown,0,0,,16,19,0.875003,0,,0,2026-05-31 21:49:31
a0081ebd24b5afdf,,unknown,0,0,,17,19,1.035459,0,,0,2026-05-31 21:49:31
a00beffe55624d23,,unknown,0,0,,10,13,1.140011,0,,0,2026-05-31 21:49:31
a010eb305b351eaf,,unknown,0,0,,10,18,0.998125,0,,0,2026-05-31 21:49:31
a01ee38380ff1320,,unknown,0,0,,19,6,1.039345,0,,0,2026-05-31 21:49:31
a023b89b97f3c8c7,,unknown,0,0,,12,16,0.967293,0,,0,2026-05-31 21:49:31
a03bee4a4cd0e87d,,unknown,0,0,,11,13,1.197636,0,,0,2026-05-31 21:49:31
a04852af2583ae51,,unknown,0,0,,13,14,0.906443,0,,0,2026-05-31 21:49:31
a04a12c30b034ac4,,unknown,0,0,,16,19,1.022346,0,,0,2026-05-31 21:49:31
a04acf796cf54725,,unknown,0,0,,10,,1.05859,0,,0,2026-05-31 21:49:31
a050bfa3c04f9a8c,,unknown,0,0,,18,4,1.086767,0,,0,2026-05-31 21:49:31
a0576537ae82f09c,,unknown,0,0,,19,10,1.018013,0,,0,2026-05-31 21:49:31
a05baab474162dec,docs\documents-atlas-index.md#chunk-103,unknown,0,0,,12,17,1.06171,0,,0,2026-05-31 21:49:31
a05ef5cd02bdbb27,docs\documents-atlas-index.md#chunk-686,unknown,0,0,,12,13,1.118919,0,,0,2026-05-31 21:49:31
a067cf97f23bd8b6,,unknown,0,0,,19,6,1.017297,0,,0,2026-05-31 21:49:31
a06869a8e275a0e5,,unknown,0,0,,19,12,0.870933,0,,0,2026-05-31 21:49:31
a074d7e71e60ceb5,,unknown,0,0,,10,17,1.00498,0,,0,2026-05-31 21:49:31
a075ea81e24e121a,,unknown,0,0,,19,5,1.044538,0,,0,2026-05-31 21:49:31
a07b411cfd110593,,unknown,0,0,,19,8,1.087178,0,,0,2026-05-31 21:49:31
a0819edda07faa9f,,unknown,0,0,,13,10,1.10589,0,,0,2026-05-31 21:49:31
a09494c113323a40,docs\documents-atlas-index.md#chunk-272,unknown,0,0,,11,14,0.923764,0,,0,2026-05-31 21:49:31
a097b44d8ac9ecb9,,unknown,0,0,,12,19,0.996305,0,,0,2026-05-31 21:49:31
a0b2cba9aa83f177,,unknown,0,0,,,10,0.95818,0,,0,2026-05-31 21:49:31
a0b7ef8d7803bc87,,unknown,0,0,,1,13,0.955965,0,,0,2026-05-31 21:49:31
a0c3874d07af1943,docs\documents-atlas-index.md#chunk-358,unknown,0,0,,,,1.0067,0,,0,2026-05-31 21:49:31
a0c436ea6ffff232,,unknown,0,0,,,,1.175045,0,,0,2026-05-31 21:49:31
a0c64e0aac175d19,,unknown,0,0,,3,6,0.909533,0,,0,2026-05-31 21:49:31
a0c87ba9f459be17,,unknown,0,0,,2,10,0.859622,0,,0,2026-05-31 21:49:31
a0cac0c8b0890892,,unknown,0,0,,,15,1.062925,0,,0,2026-05-31 21:49:31
a0cd67a7c647eeb4,,unknown,0,0,,1,11,1.085967,0,,0,2026-05-31 21:49:31
a0d38f940b45a945,,unknown,0,0,,,1,0.888727,0,,0,2026-05-31 21:49:31
a0ec6ebdb6427ccf,,unknown,0,0,,8,8,1.139448,0,,0,2026-05-31 21:49:31
a0f6a5afb981fea0,,unknown,0,0,,,13,1.021918,0,,0,2026-05-31 21:49:31
a1061d2d7b8c060d,,unknown,0,0,,19,5,1.06991,0,,0,2026-05-31 21:49:31
a10a57c63cc90014,,unknown,0,0,,19,14,1.053204,0,,0,2026-05-31 21:49:31
a122f9c7dfd9a05b,,unknown,0,0,,11,15,1.140052,0,,0,2026-05-31 21:49:31
a127fd6bd3b197fe,,unknown,0,0,,13,19,1.084378,0,,0,2026-05-31 21:49:31
a128f9c4a56031c0,,unknown,0,0,,12,16,1.049366,0,,0,2026-05-31 21:49:31
a129dff7dd11dbd7,,unknown,0,0,,9,12,1.110585,0,,0,2026-05-31 21:49:31
a1309e11e9d563c9,,unknown,0,0,,13,11,1.073853,0,,0,2026-05-31 21:49:31
a131c5d9c9d4c091,,unknown,0,0,,13,13,1.059084,0,,0,2026-05-31 21:49:31
a1370fe7661dd240,docs\documents-atlas-index.md#chunk-607,unknown,0,0,,19,9,1.023487,0,,0,2026-05-31 21:49:31
a13de182838c78b4,,unknown,0,0,,19,6,1.007954,0,,0,2026-05-31 21:49:31
a13e39d42218833c,,unknown,0,0,,19,16,0.982731,0,,0,2026-05-31 21:49:31
a141dfe508b7a371,,unknown,0,0,,11,12,1.054101,0,,0,2026-05-31 21:49:31
a1436ab307fb2fd6,,unknown,0,0,,15,14,1.057488,0,,0,2026-05-31 21:49:31
a15aed7a790cfa4c,,unknown,0,0,,10,13,1.124709,0,,0,2026-05-31 21:49:31
a15c6c02ead77c05,docs\documents-atlas-index.md#chunk-1133,unknown,0,0,,10,1,0.937971,0,,0,2026-05-31 21:49:31
a16aaa6e4cf188d8,,unknown,0,0,,15,19,1.138508,0,,0,2026-05-31 21:49:31
a177ef412f147f4c,,unknown,0,0,,9,16,0.990739,0,,0,2026-05-31 21:49:31
a180644e140a96ee,,unknown,0,0,,16,19,0.94333,0,,0,2026-05-31 21:49:31
a18746cc7e9ca87b,docs\documents-atlas-index.md#chunk-1289,unknown,0,0,,19,13,1.039983,0,,0,2026-05-31 21:49:31
a187cda37f5158cc,,unknown,0,0,,10,18,1.029663,0,,0,2026-05-31 21:49:31
a18ff0a1122bf1e4,,unknown,0,0,,19,13,1.124292,0,,0,2026-05-31 21:49:31
a1a16a72ff191b2a,,unknown,0,0,,5,7,0.911609,0,,0,2026-05-31 21:49:31
a1ac65a06607c761,,unknown,0,0,,,15,0.920333,0,,0,2026-05-31 21:49:31
a1c23b48a86fb5da,,unknown,0,0,,4,7,1.134228,0,,0,2026-05-31 21:49:31
a1c835e5a8fb690a,,unknown,0,0,,10,8,1.125338,0,,0,2026-05-31 21:49:31
a1c95720538278e1,docs\documents-atlas-index.md#chunk-563,unknown,0,0,,17,18,0.997143,0,,0,2026-05-31 21:49:31
a1ce177c5361b91b,,unknown,0,0,,3,5,1.116443,0,,0,2026-05-31 21:49:31
a1d83541c5e2f4a5,,unknown,0,0,,,6,1.084102,0,,0,2026-05-31 21:49:31
a1d9130721eaac6f,,unknown,0,0,,11,13,1.067576,0,,0,2026-05-31 21:49:31
a1dd83d0816dd4ae,,unknown,0,0,,19,15,1.072927,0,,0,2026-05-31 21:49:31
a1f7bc95aa4a4fc2,,unknown,0,0,,4,9,1.084289,0,,0,2026-05-31 21:49:31
a2025078efba1fa9,,unknown,0,0,,19,4,1.02594,0,,0,2026-05-31 21:49:31
a2026caf44366f79,,unknown,0,0,,12,13,0.995292,0,,0,2026-05-31 21:49:31
a206406de4f0728b,,unknown,0,0,,14,19,1.004766,0,,0,2026-05-31 21:49:31
a220f202b0f556cc,,unknown,0,0,,12,19,1.006845,0,,0,2026-05-31 21:49:31
a221be91e44593d3,,unknown,0,0,,19,7,1.07263,0,,0,2026-05-31 21:49:31
a22228f9bd9296fc,,unknown,0,0,,16,19,0.951362,0,,0,2026-05-31 21:49:31
a22d962310a809b4,,unknown,0,0,,19,18,0.938426,0,,0,2026-05-31 21:49:31
a22e9ba07b209510,docs\documents-atlas-index.md#chunk-209,unknown,0,0,,16,10,1.008228,0,,0,2026-05-31 21:49:31
a23ad13a430500ae,,unknown,0,0,,15,19,0.988205,0,,0,2026-05-31 21:49:31
a2492a253f4d266d,,unknown,0,0,,19,5,0.973085,0,,0,2026-05-31 21:49:31
a24e5b8321978c64,,unknown,0,0,,11,11,0.938367,0,,0,2026-05-31 21:49:31
a2539db3f4d03ab0,docs\documents-atlas-index.md#chunk-1236,unknown,0,0,,11,12,1.064352,0,,0,2026-05-31 21:49:31
a25908f305301068,,unknown,0,0,,19,14,0.981868,0,,0,2026-05-31 21:49:31
a25bf41fb8e11f1d,,unknown,0,0,,12,19,1.085303,0,,0,2026-05-31 21:49:31
a265ef8f1ad0f775,,unknown,0,0,,10,13,1.105718,0,,0,2026-05-31 21:49:31
a2673016b0a9c930,,unknown,0,0,,19,11,0.980805,0,,0,2026-05-31 21:49:31
a28c0b1d21fa8518,,unknown,0,0,,6,,1.099734,0,,0,2026-05-31 21:49:31
a28d234812fbe05d,,unknown,0,0,,19,14,0.984174,0,,0,2026-05-31 21:49:31
a28e5989c3e43d31,,unknown,0,0,,11,10,1.008308,0,,0,2026-05-31 21:49:31
a28e823b4a5cc541,,unknown,0,0,,19,7,1.005114,0,,0,2026-05-31 21:49:31
a2971a104d882258,,unknown,0,0,,,,0.979928,0,,0,2026-05-31 21:49:31
a29ee3d8162bf1a0,,unknown,0,0,,19,7,1.090142,0,,0,2026-05-31 21:49:31
a2a3d5d467e0398f,,unknown,0,0,,2,19,1.009723,0,,0,2026-05-31 21:49:31
a2a67f01aba2867d,,unknown,0,0,,5,,0.962086,0,,0,2026-05-31 21:49:31
a2a9da45d1ea830a,,unknown,0,0,,10,7,1.097848,0,,0,2026-05-31 21:49:31
a2ab369fe58616f0,,unknown,0,0,,3,3,1.121846,0,,0,2026-05-31 21:49:31
a2acd6762b478b34,,unknown,0,0,,1,19,0.908543,0,,0,2026-05-31 21:49:31
a2b45ee14afb0ca5,,unknown,0,0,,8,,1.21994,0,,0,2026-05-31 21:49:31
a2bb9ae386f89955,,unknown,0,0,,6,,1.032775,0,,0,2026-05-31 21:49:31
a2beb1caf9443f30,,unknown,0,0,,,13,1.098533,0,,0,2026-05-31 21:49:31
a2c44e3e6fc0e404,,unknown,0,0,,,,1.013524,0,,0,2026-05-31 21:49:31
a2c74c2c46f82170,,unknown,0,0,,3,,0.942446,0,,0,2026-05-31 21:49:31
a2cb38d8f663b1f3,,unknown,0,0,,19,12,1.01854,0,,0,2026-05-31 21:49:31
a2cf62babf642cca,,unknown,0,0,,14,19,1.085611,0,,0,2026-05-31 21:49:31
a2d2c2b9dd9ec40b,,unknown,0,0,,1,16,1.08162,0,,0,2026-05-31 21:49:31
a2d4b088272feb60,,unknown,0,0,,,16,0.939011,0,,0,2026-05-31 21:49:31
a2d67e841fccdbb8,,unknown,0,0,,1,,1.07578,0,,0,2026-05-31 21:49:31
a2db8d133d4c9009,docs\CODEBASE_DIRECTORY_MAP.md#chunk-27,unknown,0,0,,2,,1.014858,0,,0,2026-05-31 21:49:31
a2e377a4a9a51b36,,unknown,0,0,,4,11,0.972951,0,,0,2026-05-31 21:49:31
a2eb67986e70cc9d,,unknown,0,0,,1,19,0.937171,0,,0,2026-05-31 21:49:31
a2ec8325bdf372a8,,unknown,0,0,,6,,1.135886,0,,0,2026-05-31 21:49:31
a2ede72dd1f1ea3c,,unknown,0,0,,9,12,1.13425,0,,0,2026-05-31 21:49:31
a2ee82b5f5ed621d,,unknown,0,0,,10,8,1.170281,0,,0,2026-05-31 21:49:31
a2f46dc89ec90ab1,,unknown,0,0,,2,8,1.156314,0,,0,2026-05-31 21:49:31
a30cda6113887086,docs\documents-atlas-index.md#chunk-191,unknown,0,0,,18,6,1.006816,0,,0,2026-05-31 21:49:31
a314eb9b35900bbc,,unknown,0,0,,11,19,0.92428,0,,0,2026-05-31 21:49:31
a3168e97cf7c7f9f,,unknown,0,0,,14,4,0.978785,0,,0,2026-05-31 21:49:31
a3230ab421d97262,,unknown,0,0,,17,13,1.033915,0,,0,2026-05-31 21:49:31
a326c77bda7603cc,docs\documents-atlas-index.md#chunk-854,unknown,0,0,,12,19,0.88403,0,,0,2026-05-31 21:49:31
a32a80da7f7273c3,docs\documents-atlas-index.md#chunk-912,unknown,0,0,,16,19,0.963989,0,,0,2026-05-31 21:49:31
a338bfb3fff7b25f,,unknown,0,0,,11,12,1.090797,0,,0,2026-05-31 21:49:31
a3427bb5ceb6f85e,,unknown,0,0,,15,11,1.105702,0,,0,2026-05-31 21:49:31
a3478d1365cbd607,,unknown,0,0,,19,7,0.950471,0,,0,2026-05-31 21:49:31
a34fc0e1523596ea,,unknown,0,0,,19,17,0.931231,0,,0,2026-05-31 21:49:31
a362d15dc9ee8afe,,unknown,0,0,,12,19,0.996101,0,,0,2026-05-31 21:49:31
a36b2a36f200102f,,unknown,0,0,,9,5,1.04968,0,,0,2026-05-31 21:49:31
a37e61947a2c3bd4,,unknown,0,0,,19,1,1.046164,0,,0,2026-05-31 21:49:31
a38acf93a9495cc6,,unknown,0,0,,16,,0.920666,0,,0,2026-05-31 21:49:31
a395eed762f21cb4,docs\documents-atlas-index.md#chunk-1207,unknown,0,0,,11,14,1.051784,0,,0,2026-05-31 21:49:31
a398106fb3983d6c,,unknown,0,0,,12,19,0.865857,0,,0,2026-05-31 21:49:31
a39b4ff4ffdce9fd,,unknown,0,0,,13,,1.170681,0,,0,2026-05-31 21:49:31
a39d01d3d669e29f,docs\documents-atlas-index.md#chunk-1173,unknown,0,0,,19,13,1.000194,0,,0,2026-05-31 21:49:31
a3a2a4e80aaac77f,,unknown,0,0,,,19,1.020233,0,,0,2026-05-31 21:49:31
a3a2c6c9adf3229f,,unknown,0,0,,2,18,1.091152,0,,0,2026-05-31 21:49:31
a3a51224ae0f348a,,unknown,0,0,,,,1.055707,0,,0,2026-05-31 21:49:31
a3c48ad335714bf1,,unknown,0,0,,5,12,1.113189,0,,0,2026-05-31 21:49:31
a3ca86c3e1c2fca9,,unknown,0,0,,13,12,1.146324,0,,0,2026-05-31 21:49:31
a3ccb0e8afeac4d6,,unknown,0,0,,13,,1.235946,0,,0,2026-05-31 21:49:31
a3cd1c1a71dd7cdb,docs\documents-atlas-index.md#chunk-1029,unknown,0,0,,7,,1.142497,0,,0,2026-05-31 21:49:31
a3efc945a8b75867,,unknown,0,0,,8,2,1.01214,0,,0,2026-05-31 21:49:31
a3f3b34942366797,,unknown,0,0,,1,18,0.897221,0,,0,2026-05-31 21:49:31
a3f45ae0f6d69be4,,unknown,0,0,,9,9,1.121521,0,,0,2026-05-31 21:49:31
a3fa4210d6857ef9,docs\documents-atlas-index.md#chunk-429,unknown,0,0,,8,8,1.045289,0,,0,2026-05-31 21:49:31
a3fbff3df036d5f5,,unknown,0,0,,4,8,1.183867,0,,0,2026-05-31 21:49:31
a3fe737db572df27,,unknown,0,0,,3,9,0.987336,0,,0,2026-05-31 21:49:31
a4023241d315dada,,unknown,0,0,,12,19,1.003706,0,,0,2026-05-31 21:49:31
a4043580ebf73fc7,,unknown,0,0,,14,19,0.992654,0,,0,2026-05-31 21:49:31
a408aa0d1a96447c,,unknown,0,0,,10,18,1.001363,0,,0,2026-05-31 21:49:31
a40b0b56108ed085,,unknown,0,0,,18,8,1.026143,0,,0,2026-05-31 21:49:31
a40f41b74595be9c,,unknown,0,0,,19,14,0.946827,0,,0,2026-05-31 21:49:31
a41179f833168a59,,unknown,0,0,,12,14,0.902792,0,,0,2026-05-31 21:49:31
a41196b32f608903,,unknown,0,0,,13,14,1.017893,0,,0,2026-05-31 21:49:31
a41a256ab7bdb767,,unknown,0,0,,19,9,0.941783,0,,0,2026-05-31 21:49:31
a42503cc7d7a1852,,unknown,0,0,,19,7,1.007831,0,,0,2026-05-31 21:49:31
a4288b46319b9712,,unknown,0,0,,19,7,0.873784,0,,0,2026-05-31 21:49:31
a42d473dc5442407,,unknown,0,0,,15,10,1.036937,0,,0,2026-05-31 21:49:31
a4327aaba93b54ca,,unknown,0,0,,19,16,1.032148,0,,0,2026-05-31 21:49:31
a45147f5fb880878,,unknown,0,0,,19,9,0.98572,0,,0,2026-05-31 21:49:31
a454465e2d09240c,,unknown,0,0,,12,19,0.94556,0,,0,2026-05-31 21:49:31
a46336c36e41568d,,unknown,0,0,,14,17,0.905212,0,,0,2026-05-31 21:49:31
a4692d2bd8b47b88,,unknown,0,0,,11,10,0.978411,0,,0,2026-05-31 21:49:31
a46cd3f6578f7846,docs\documents-atlas-index.md#chunk-976,unknown,0,0,,19,6,0.967805,0,,0,2026-05-31 21:49:31
a46cdfbe37d06038,,unknown,0,0,,12,13,1.167624,0,,0,2026-05-31 21:49:31
a46fc0b684bdaed9,,unknown,0,0,,19,14,1.114015,0,,0,2026-05-31 21:49:31
a47b98a48676707c,,unknown,0,0,,19,17,0.777797,0,,0,2026-05-31 21:49:31
a47c578041f1a5c8,,unknown,0,0,,19,14,0.909858,0,,0,2026-05-31 21:49:31
a49b943097cbce49,,unknown,0,0,,13,12,1.015234,0,,0,2026-05-31 21:49:31
a4ad88823a6da565,,unknown,0,0,,,1,1.030856,0,,0,2026-05-31 21:49:31
a4ae895e3efd0a29,,unknown,0,0,,5,,1.122715,0,,0,2026-05-31 21:49:31
a4b3c75796e35517,,unknown,0,0,,9,13,0.933918,0,,0,2026-05-31 21:49:31
a4c8aeef28e10a61,,unknown,0,0,,8,12,1.048961,0,,0,2026-05-31 21:49:31
a4cb5ee2b1d2c09a,,unknown,0,0,,9,8,1.112141,0,,0,2026-05-31 21:49:31
a4ccca39f254196d,,unknown,0,0,,8,6,1.001362,0,,0,2026-05-31 21:49:31
a4dd8cc90f934b80,,unknown,0,0,,3,9,0.978781,0,,0,2026-05-31 21:49:31
a4e35bea4c324223,,unknown,0,0,,,,1.043049,0,,0,2026-05-31 21:49:31
a4e4c73ded0be7d2,,unknown,0,0,,1,13,1.21584,0,,0,2026-05-31 21:49:31
a4f169acc63c17cd,,unknown,0,0,,15,18,1.10269,0,,0,2026-05-31 21:49:31
a4f50467a923f5f9,,unknown,0,0,,,8,0.996483,0,,0,2026-05-31 21:49:31
a4f63b56ab0f6c77,,unknown,0,0,,3,7,0.983751,0,,0,2026-05-31 21:49:31
a4f8351f8e946385,,unknown,0,0,,,,0.937333,0,,0,2026-05-31 21:49:31
a4f8d31681286132,,unknown,0,0,,1,18,0.89164,0,,0,2026-05-31 21:49:31
a4fadd9f684a2ef4,,unknown,0,0,,19,,1.186093,0,,0,2026-05-31 21:49:31
a4feafb21b253bbc,docs\documents-atlas-index.md#chunk-920,unknown,0,0,,2,19,1.126679,0,,0,2026-05-31 21:49:31
a506a69131f76100,,unknown,0,0,,12,14,1.015929,0,,0,2026-05-31 21:49:31
a5084c8a553fefa9,docs\documents-atlas-index.md#chunk-341,unknown,0,0,,19,12,1.035361,0,,0,2026-05-31 21:49:31
a50fdb142702c654,docs\documents-atlas-index.md#chunk-24,unknown,0,0,,11,12,1.091452,0,,0,2026-05-31 21:49:31
a514106e24d9e667,,unknown,0,0,,19,14,0.948096,0,,0,2026-05-31 21:49:31
a51e2baa32c746b7,,unknown,0,0,,19,18,1.004916,0,,0,2026-05-31 21:49:31
a52ac74ebd616238,,unknown,0,0,,19,6,1.049054,0,,0,2026-05-31 21:49:31
a52c150e072521dc,docs\documents-atlas-index.md#chunk-381,unknown,0,0,,19,19,0.889228,0,,0,2026-05-31 21:49:31
a52cca42837ea915,,unknown,0,0,,19,6,0.96417,0,,0,2026-05-31 21:49:31
a5339a1b42d353ab,,unknown,0,0,,17,19,0.959132,0,,0,2026-05-31 21:49:31
a53c1a8bdb0ec55a,docs\documents-atlas-index.md#chunk-359,unknown,0,0,,19,8,1.093787,0,,0,2026-05-31 21:49:31
a5437757e22ecd5a,,unknown,0,0,,19,8,1.018948,0,,0,2026-05-31 21:49:31
a54465c939ef1c72,,unknown,0,0,,13,14,0.997191,0,,0,2026-05-31 21:49:31
a55682e4494baab9,,unknown,0,0,,19,14,0.955136,0,,0,2026-05-31 21:49:31
a55a49010f32c042,,unknown,0,0,,19,9,1.039311,0,,0,2026-05-31 21:49:31
a56333bfef042227,,unknown,0,0,,19,10,1.014753,0,,0,2026-05-31 21:49:31
a570426edf44dc00,docs\documents-atlas-index.md#chunk-311,unknown,0,0,,11,13,1.073493,0,,0,2026-05-31 21:49:31
a5739f59552a8744,,unknown,0,0,,19,7,0.869166,0,,0,2026-05-31 21:49:31
a5742e9aa5c799cf,,unknown,0,0,,17,19,0.976234,0,,0,2026-05-31 21:49:31
a57471c73c1c2a12,docs\documents-atlas-index.md#chunk-276,unknown,0,0,,19,6,1.105259,0,,0,2026-05-31 21:49:31
a57de411ca86c98e,,unknown,0,0,,19,6,1.035824,0,,0,2026-05-31 21:49:31
a584c0e7123874e1,,unknown,0,0,,15,18,0.945592,0,,0,2026-05-31 21:49:31
a593598c7fdbdcd3,docs\documents-atlas-index.md#chunk-830,unknown,0,0,,14,19,1.064536,0,,0,2026-05-31 21:49:31
a59368e27efbcda1,docs\documents-atlas-index.md#chunk-382,unknown,0,0,,14,13,1.065844,0,,0,2026-05-31 21:49:31
a5940afea4e06e40,,unknown,0,0,,11,12,1.074547,0,,0,2026-05-31 21:49:31
a59d5ba3b05caa20,,unknown,0,0,,14,7,1.017047,0,,0,2026-05-31 21:49:31
a5aae7dcf54dec83,,unknown,0,0,,,13,1.069045,0,,0,2026-05-31 21:49:31
a5ac5e5a68d5c778,,unknown,0,0,,4,,1.020679,0,,0,2026-05-31 21:49:31
a5b6d187f952f28f,docs\documents-atlas-index.md#chunk-703,unknown,0,0,,3,17,0.919633,0,,0,2026-05-31 21:49:31
a5cd2be8fece452e,docs\documents-atlas-index.md#chunk-104,unknown,0,0,,10,,1.072548,0,,0,2026-05-31 21:49:31
a5d25e90ff8839dc,,unknown,0,0,,3,5,0.982675,0,,0,2026-05-31 21:49:31
a5d72d6c6b00290c,,unknown,0,0,,3,1,0.979662,0,,0,2026-05-31 21:49:31
a5df6e5785f6d4ea,,unknown,0,0,,19,18,1.105309,0,,0,2026-05-31 21:49:31
a5e173c8034340e3,,unknown,0,0,,17,17,1.042163,0,,0,2026-05-31 21:49:31
a5e1bde73cfe5331,docs\documents-atlas-index.md#chunk-855,unknown,0,0,,6,,1.161218,0,,0,2026-05-31 21:49:31
a5e68144581177bd,docs\documents-atlas-index.md#chunk-795,unknown,0,0,,3,19,0.916796,0,,0,2026-05-31 21:49:31
a5edd5dd73e3af52,,unknown,0,0,,,16,1.124924,0,,0,2026-05-31 21:49:31
a5ee4e1070da230f,docs\documents-atlas-index.md#chunk-476,unknown,0,0,,6,,1.098638,0,,0,2026-05-31 21:49:31
a5f004e0bed040f2,,unknown,0,0,,17,18,1.227963,0,,0,2026-05-31 21:49:31
a5f44f15f7daf9fc,,unknown,0,0,,10,8,1.13945,0,,0,2026-05-31 21:49:31
a5f59195bb686c64,,unknown,0,0,,2,10,0.860663,0,,0,2026-05-31 21:49:31
a5fdb19fab930b64,,unknown,0,0,,4,15,1.058069,0,,0,2026-05-31 21:49:31
a6006c6bd0c70604,,unknown,0,0,,13,11,1.044455,0,,0,2026-05-31 21:49:31
a6077246f0ddae5f,,unknown,0,0,,12,13,1.026161,0,,0,2026-05-31 21:49:31
a6143b06528b952d,,unknown,0,0,,19,7,0.994142,0,,0,2026-05-31 21:49:31
a6194843124d009a,,unknown,0,0,,18,16,0.928004,0,,0,2026-05-31 21:49:31
a621918f96d2fc0c,,unknown,0,0,,14,19,0.914783,0,,0,2026-05-31 21:49:31
a62ad4c310654057,,unknown,0,0,,15,14,1.029468,0,,0,2026-05-31 21:49:31
a62c3fd6a335c1aa,,unknown,0,0,,19,12,1.019451,0,,0,2026-05-31 21:49:31
a631fb94bfc45dd4,,unknown,0,0,,12,,1.099367,0,,0,2026-05-31 21:49:31
a632614dee351b41,,unknown,0,0,,11,16,1.044957,0,,0,2026-05-31 21:49:31
a63765739e1943a5,,unknown,0,0,,17,19,0.896591,0,,0,2026-05-31 21:49:31
a6385281b2065e43,,unknown,0,0,,11,12,0.949277,0,,0,2026-05-31 21:49:31
a639ae0f9c5a6e26,docs\documents-atlas-index.md#chunk-785,unknown,0,0,,19,5,0.983072,0,,0,2026-05-31 21:49:31
a6497bea65d804a0,,unknown,0,0,,19,16,0.944669,0,,0,2026-05-31 21:49:31
a64d899e13ec0353,,unknown,0,0,,19,15,1.100441,0,,0,2026-05-31 21:49:31
a64da1677bd56a92,,unknown,0,0,,11,15,0.963786,0,,0,2026-05-31 21:49:31
a653a50223b18e50,,unknown,0,0,,10,15,0.896759,0,,0,2026-05-31 21:49:31
a659b957ff8119c2,,unknown,0,0,,11,18,0.953152,0,,0,2026-05-31 21:49:31
a65dca5531141110,,unknown,0,0,,18,6,1.1059,0,,0,2026-05-31 21:49:31
a664cb7aa043211d,,unknown,0,0,,10,14,1.045086,0,,0,2026-05-31 21:49:31
a6698fc343becd86,,unknown,0,0,,13,12,1.008019,0,,0,2026-05-31 21:49:31
a670ad05868fe3d2,,unknown,0,0,,19,7,1.024866,0,,0,2026-05-31 21:49:31
a6736cf7c3130eba,,unknown,0,0,,11,14,1.066833,0,,0,2026-05-31 21:49:31
a688b462768790f2,,unknown,0,0,,12,16,0.898157,0,,0,2026-05-31 21:49:31
a68c642d36b619ac,,unknown,0,0,,17,19,0.840363,0,,0,2026-05-31 21:49:31
a69931e3153f2347,,unknown,0,0,,19,13,0.964177,0,,0,2026-05-31 21:49:31
a699ae58d90866f9,,unknown,0,0,,11,12,0.959457,0,,0,2026-05-31 21:49:31
a69b07e1ac1a47c5,,unknown,0,0,,19,7,0.963617,0,,0,2026-05-31 21:49:31
a69b0fea88788396,,unknown,0,0,,19,13,0.958847,0,,0,2026-05-31 21:49:31
a6a4e32e57bb70bd,,unknown,0,0,,13,19,1.057717,0,,0,2026-05-31 21:49:31
a6b41e7bbca32cd8,,unknown,0,0,,5,,1.101941,0,,0,2026-05-31 21:49:31
a6b43498201326dd,,unknown,0,0,,16,19,0.90237,0,,0,2026-05-31 21:49:31
a6bb7e98f17f2af3,,unknown,0,0,,9,4,1.004805,0,,0,2026-05-31 21:49:31
a6c243b172653d7e,,unknown,0,0,,3,19,0.956209,0,,0,2026-05-31 21:49:31
a6c553be15170b68,,unknown,0,0,,6,14,1.038266,0,,0,2026-05-31 21:49:31
a6c64f6c5488f7c8,,unknown,0,0,,,3,1.032263,0,,0,2026-05-31 21:49:31
a6d9ebc5474031e8,,unknown,0,0,,,15,1.091099,0,,0,2026-05-31 21:49:31
a6e4e36d8a27bf3c,,unknown,0,0,,3,18,0.869327,0,,0,2026-05-31 21:49:31
a6e600a10fede40f,,unknown,0,0,,,19,1.217184,0,,0,2026-05-31 21:49:31
a6f1681405bf24b2,,unknown,0,0,,,,1.086703,0,,0,2026-05-31 21:49:31
a6ffe6e00d2949d0,,unknown,0,0,,,19,1.162602,0,,0,2026-05-31 21:49:31
a705025d0bcfc7f7,,unknown,0,0,,19,13,1.099248,0,,0,2026-05-31 21:49:31
a707a2653ea91997,,unknown,0,0,,11,18,0.945344,0,,0,2026-05-31 21:49:31
a7081afac907e8c6,,unknown,0,0,,19,12,0.969254,0,,0,2026-05-31 21:49:31
a70b83741d071e6f,,unknown,0,0,,12,19,0.97434,0,,0,2026-05-31 21:49:31
a712dd6712ecf5da,,unknown,0,0,,12,14,1.131346,0,,0,2026-05-31 21:49:31
a714e4e7110d5c82,docs\documents-atlas-index.md#chunk-975,unknown,0,0,,11,15,1.04954,0,,0,2026-05-31 21:49:31
a720c96d9bdfe7af,,unknown,0,0,,14,19,1.094699,0,,0,2026-05-31 21:49:31
a723762fa7918f01,,unknown,0,0,,10,14,0.956343,0,,0,2026-05-31 21:49:31
a72b1dbb031beb22,,unknown,0,0,,18,11,1.14287,0,,0,2026-05-31 21:49:31
a72b682c1421aef3,docs\documents-atlas-index.md#chunk-760,unknown,0,0,,19,19,1.036122,0,,0,2026-05-31 21:49:31
a73320ab38509b83,,unknown,0,0,,13,15,0.925789,0,,0,2026-05-31 21:49:31
a73a54f330eb2d1a,,unknown,0,0,,19,18,1.10993,0,,0,2026-05-31 21:49:31
a73c96d7e276fb17,,unknown,0,0,,18,11,0.930484,0,,0,2026-05-31 21:49:31
a73d7699e417e61e,,unknown,0,0,,19,11,0.941665,0,,0,2026-05-31 21:49:31
a7472f13eb6037d9,,unknown,0,0,,14,9,1.04795,0,,0,2026-05-31 21:49:31
a74860141667ce48,docs\documents-atlas-index.md#chunk-162,unknown,0,0,,12,14,0.886589,0,,0,2026-05-31 21:49:31
a7498653b44e2b8e,docs\documents-atlas-index.md#chunk-1130,unknown,0,0,,11,14,0.885954,0,,0,2026-05-31 21:49:31
a74cac88642bfe16,,unknown,0,0,,19,,0.986286,0,,0,2026-05-31 21:49:31
a74e9ec969397255,docs\documents-atlas-index.md#chunk-489,unknown,0,0,,17,11,0.965488,0,,0,2026-05-31 21:49:31
a7563098c3a91528,,unknown,0,0,,13,13,0.911053,0,,0,2026-05-31 21:49:31
a76ca46230dc4fba,,unknown,0,0,,15,19,1.007996,0,,0,2026-05-31 21:49:31
a76cb66d0ff0561d,,unknown,0,0,,13,19,1.034566,0,,0,2026-05-31 21:49:31
a774473cbaec0263,,unknown,0,0,,19,6,1.002221,0,,0,2026-05-31 21:49:31
a77ea03043022355,docs\documents-atlas-index.md#chunk-585,unknown,0,0,,10,15,1.004209,0,,0,2026-05-31 21:49:31
a77f43def55397aa,docs\documents-atlas-index.md#chunk-471,unknown,0,0,,19,17,0.953449,0,,0,2026-05-31 21:49:31
a781ecfea4ae2457,docs\documents-atlas-index.md#chunk-1058,unknown,0,0,,19,5,1.1002,0,,0,2026-05-31 21:49:31
a784b54b96f8093c,,unknown,0,0,,12,18,0.935202,0,,0,2026-05-31 21:49:31
a78745c23a1b1c94,,unknown,0,0,,19,6,1.025886,0,,0,2026-05-31 21:49:31
a787585da715fb82,,unknown,0,0,,11,13,0.949523,0,,0,2026-05-31 21:49:31
a78adde2196d39c7,,unknown,0,0,,19,,1.019844,0,,0,2026-05-31 21:49:31
a7902adb27d728bb,,unknown,0,0,,17,19,0.947757,0,,0,2026-05-31 21:49:31
a7936dfb90f17460,,unknown,0,0,,13,13,1.091605,0,,0,2026-05-31 21:49:31
a7a80b70862c4889,docs\documents-atlas-index.md#chunk-427,unknown,0,0,,2,,0.917853,0,,0,2026-05-31 21:49:31
a7ad32bcae757061,docs\documents-atlas-index.md#chunk-637,unknown,0,0,,,6,1.083876,0,,0,2026-05-31 21:49:31
a7ba630935eb26bc,,unknown,0,0,,19,18,1.001957,0,,0,2026-05-31 21:49:31
a7bb45a9e73a05ec,,unknown,0,0,,19,15,1.075037,0,,0,2026-05-31 21:49:31
a7bdc19480c6160b,,unknown,0,0,,,19,1.063233,0,,0,2026-05-31 21:49:31
a7c3a52157453efb,,unknown,0,0,,6,19,0.799618,0,,0,2026-05-31 21:49:31
a7c58e3776b0a1b0,,unknown,0,0,,,,1.048434,0,,0,2026-05-31 21:49:31
a7df9b96170f4e93,,unknown,0,0,,7,4,1.001774,0,,0,2026-05-31 21:49:31
a7e4e60050d42afd,,unknown,0,0,,8,18,1.025135,0,,0,2026-05-31 21:49:31
a7eb78bffd32e1c9,,unknown,0,0,,19,11,1.145865,0,,0,2026-05-31 21:49:31
a7fe976e46296897,,unknown,0,0,,3,1,0.978304,0,,0,2026-05-31 21:49:31
a800429010e290c2,,unknown,0,0,,19,17,0.935635,0,,0,2026-05-31 21:49:31
a802f5dfee957b82,,unknown,0,0,,10,17,1.012263,0,,0,2026-05-31 21:49:31
a8030b9bc139d22a,,unknown,0,0,,16,11,0.977353,0,,0,2026-05-31 21:49:31
a829e470b893761d,docs\documents-atlas-index.md#chunk-611,unknown,0,0,,9,18,0.920475,0,,0,2026-05-31 21:49:31
a82e3044d6baf959,,unknown,0,0,,19,8,0.960544,0,,0,2026-05-31 21:49:31
a83e6d6184efa856,,unknown,0,0,,18,8,0.99265,0,,0,2026-05-31 21:49:31
a845e97f6d147a7e,,unknown,0,0,,10,19,0.775832,0,,0,2026-05-31 21:49:31
a8511f86dffdca75,docs\documents-atlas-index.md#chunk-896,unknown,0,0,,15,5,1.044362,0,,0,2026-05-31 21:49:31
a8545555af7c8353,,unknown,0,0,,19,6,0.849254,0,,0,2026-05-31 21:49:31
a85b07f6767b79e8,docs\documents-atlas-index.md#chunk-1272,unknown,0,0,,19,15,0.860125,0,,0,2026-05-31 21:49:31
a85e3195457b62a1,,unknown,0,0,,19,15,0.905926,0,,0,2026-05-31 21:49:31
a86698cb177fc825,,unknown,0,0,,19,11,0.962176,0,,0,2026-05-31 21:49:31
a86ac012f4c1477b,,unknown,0,0,,11,15,0.998134,0,,0,2026-05-31 21:49:31
a86ca3ba9c41bc50,,unknown,0,0,,9,15,1.042983,0,,0,2026-05-31 21:49:31
a87240125d2bacf0,,unknown,0,0,,19,8,1.09167,0,,0,2026-05-31 21:49:31
a8755188d7f6b324,,unknown,0,0,,19,12,0.91186,0,,0,2026-05-31 21:49:31
a87a445b21233c8d,,unknown,0,0,,13,19,0.896931,0,,0,2026-05-31 21:49:31
a880c77103adcbc0,,unknown,0,0,,12,14,1.09767,0,,0,2026-05-31 21:49:31
a88354f7aef61c65,,unknown,0,0,,12,13,1.037247,0,,0,2026-05-31 21:49:31
a885fd6ea32b2f0e,docs\documents-atlas-index.md#chunk-220,unknown,0,0,,10,13,1.104981,0,,0,2026-05-31 21:49:31
a889532751373a19,,unknown,0,0,,12,14,0.85268,0,,0,2026-05-31 21:49:31
a892396b5b0ad032,,unknown,0,0,,19,8,0.985966,0,,0,2026-05-31 21:49:31
a892fe4f4e98ee58,,unknown,0,0,,8,14,0.986408,0,,0,2026-05-31 21:49:31
a895bb7132e62a67,,unknown,0,0,,10,13,0.886469,0,,0,2026-05-31 21:49:31
a89812f98df7e6ef,,unknown,0,0,,17,19,0.967924,0,,0,2026-05-31 21:49:31
a89f65433e3f7a52,,unknown,0,0,,19,3,0.919429,0,,0,2026-05-31 21:49:31
a8a288b742b3e6cb,,unknown,0,0,,18,18,0.973161,0,,0,2026-05-31 21:49:31
a8a52cd594c00b2a,,unknown,0,0,,9,11,0.977282,0,,0,2026-05-31 21:49:31
a8b49a03ea81f010,,unknown,0,0,,1,8,0.832458,0,,0,2026-05-31 21:49:31
a8b7f307122d8ac5,,unknown,0,0,,6,19,1.005253,0,,0,2026-05-31 21:49:31
a8c03c2b6f24189a,,unknown,0,0,,1,,0.956847,0,,0,2026-05-31 21:49:31
a8c2af47557a765b,,unknown,0,0,,8,13,1.014823,0,,0,2026-05-31 21:49:31
a8c429a4cc326f28,,unknown,0,0,,2,10,0.920447,0,,0,2026-05-31 21:49:31
a8c8b3d27f2c6b53,,unknown,0,0,,,16,1.002948,0,,0,2026-05-31 21:49:31
a8d7745cfcad0a98,,unknown,0,0,,5,,1.066084,0,,0,2026-05-31 21:49:31
a8e00a03ad194a9d,docs\documents-atlas-index.md#chunk-764,unknown,0,0,,4,7,0.962297,0,,0,2026-05-31 21:49:31
a8e1271a90023038,,unknown,0,0,,,3,0.914648,0,,0,2026-05-31 21:49:31
a8e38b92ae7de647,,unknown,0,0,,1,9,0.990688,0,,0,2026-05-31 21:49:31
a8eb9b83de994b25,,unknown,0,0,,8,3,0.882698,0,,0,2026-05-31 21:49:31
a8f24e6bce807a58,docs\documents-atlas-index.md#chunk-755,unknown,0,0,,3,7,0.934696,0,,0,2026-05-31 21:49:31
a8f4416ea2d29b34,,unknown,0,0,,8,12,1.072508,0,,0,2026-05-31 21:49:31
a8f68f7acb70f0b0,,unknown,0,0,,,6,1.049492,0,,0,2026-05-31 21:49:31
a8ffdb60797f67d1,,unknown,0,0,,18,,1.058315,0,,0,2026-05-31 21:49:31
a90598da4245678b,,unknown,0,0,,16,18,0.864421,0,,0,2026-05-31 21:49:31
a90780b61592ff5e,,unknown,0,0,,13,15,0.925194,0,,0,2026-05-31 21:49:31
a91281f1d7214c22,,unknown,0,0,,12,13,1.006924,0,,0,2026-05-31 21:49:31
a91c448fe8901627,,unknown,0,0,,19,10,1.002093,0,,0,2026-05-31 21:49:31
a91f64180359a71f,,unknown,0,0,,19,14,0.92084,0,,0,2026-05-31 21:49:31
a9218fa3f612e973,docs\documents-atlas-index.md#chunk-1148,unknown,0,0,,18,10,0.961977,0,,0,2026-05-31 21:49:31
a9241ccf3995cd80,,unknown,0,0,,12,13,1.005653,0,,0,2026-05-31 21:49:31
a92472757ee60ab4,,unknown,0,0,,14,19,0.878895,0,,0,2026-05-31 21:49:31
a94c5fb97fe7101e,,unknown,0,0,,19,18,1.050432,0,,0,2026-05-31 21:49:31
a955c55434e68deb,,unknown,0,0,,12,19,0.828661,0,,0,2026-05-31 21:49:31
a955f0a286a44714,,unknown,0,0,,12,14,0.967997,0,,0,2026-05-31 21:49:31
a95650222b209736,docs\DEVELOPER_STRATEGY_GUIDE.md#chunk-1,unknown,0,0,,12,15,0.939772,0,,0,2026-05-31 21:49:31
a957e4510842508c,,unknown,0,0,,9,19,0.827276,0,,0,2026-05-31 21:49:31
a95a3bd9ab718727,,unknown,0,0,,16,9,0.974969,0,,0,2026-05-31 21:49:31
a9703b291d1f4f35,,unknown,0,0,,19,5,1.011306,0,,0,2026-05-31 21:49:31
a971b3e23b44ada9,,unknown,0,0,,10,17,0.981306,0,,0,2026-05-31 21:49:31
a97bde93d0f06a45,,unknown,0,0,,12,,0.972446,0,,0,2026-05-31 21:49:31
a9bce8e10f070ef5,,unknown,0,0,,1,19,1.101431,0,,0,2026-05-31 21:49:31
a9c5a08054a10116,,unknown,0,0,,3,18,0.904953,0,,0,2026-05-31 21:49:31
a9ce502bc336d02e,,unknown,0,0,,4,6,1.106154,0,,0,2026-05-31 21:49:31
a9d8f02c05602b6f,,unknown,0,0,,6,19,0.775396,0,,0,2026-05-31 21:49:31
a9daad01544102cb,,unknown,0,0,,2,19,1.115584,0,,0,2026-05-31 21:49:31
a9df00f37a8f77a3,,unknown,0,0,,19,15,1.200048,0,,0,2026-05-31 21:49:31
a9e1a21e87d8a364,,unknown,0,0,,1,17,1.079437,0,,0,2026-05-31 21:49:31
a9e1bd85c0b2e518,,unknown,0,0,,2,10,0.953646,0,,0,2026-05-31 21:49:31
a9e2d533aa6998c8,,unknown,0,0,,3,19,0.98683,0,,0,2026-05-31 21:49:31
a9ec4631eaf78a2f,,unknown,0,0,,8,3,0.986647,0,,0,2026-05-31 21:49:31
a9ed2e6390db30c7,,unknown,0,0,,6,,1.13732,0,,0,2026-05-31 21:49:31
a9f921427c8feb1a,,unknown,0,0,,1,18,1.043414,0,,0,2026-05-31 21:49:31
aa091a1ef43636d7,,unknown,0,0,,19,18,1.007644,0,,0,2026-05-31 21:49:31
aa0e6494e428b868,,unknown,0,0,,19,12,0.929728,0,,0,2026-05-31 21:49:31
aa13bfd6c539ae87,,unknown,0,0,,10,12,1.020327,0,,0,2026-05-31 21:49:31
aa13fc861c1c5afd,,unknown,0,0,,12,18,1.117284,0,,0,2026-05-31 21:49:31
aa2875d9734882f6,,unknown,0,0,,19,16,0.787994,0,,0,2026-05-31 21:49:31
aa2a7cf5e3c302b0,docs\documents-atlas-index.md#chunk-419,unknown,0,0,,19,16,1.033678,0,,0,2026-05-31 21:49:31
aa350cc89cca7cec,,unknown,0,0,,19,19,1.00667,0,,0,2026-05-31 21:49:31
aa428e6f8d15d1fe,,unknown,0,0,,19,19,1.041626,0,,0,2026-05-31 21:49:31
aa4b8e02a3b20224,docs\documents-atlas-index.md#chunk-178,unknown,0,0,,11,,0.996362,0,,0,2026-05-31 21:49:31
aa4ca2069b7f0a25,,unknown,0,0,,19,,0.936137,0,,0,2026-05-31 21:49:31
aa4f831cc178f935,,unknown,0,0,,19,12,0.997991,0,,0,2026-05-31 21:49:31
aa55084cdf2451df,,unknown,0,0,,19,19,0.991709,0,,0,2026-05-31 21:49:31
aa626efd41694aef,,unknown,0,0,,19,19,0.912384,0,,0,2026-05-31 21:49:31
aa6ca2f5bff7b718,,unknown,0,0,,16,10,1.189,0,,0,2026-05-31 21:49:31
aa6fc6f316acb163,,unknown,0,0,,19,14,1.06893,0,,0,2026-05-31 21:49:31
aa70b68b197609ca,,unknown,0,0,,14,19,0.795734,0,,0,2026-05-31 21:49:31
aa7e6709e7a9fbf8,,unknown,0,0,,19,18,0.969017,0,,0,2026-05-31 21:49:31
aa8b0be080c13b0a,,unknown,0,0,,19,18,0.994067,0,,0,2026-05-31 21:49:31
aa9142755840914d,,unknown,0,0,,19,19,0.85995,0,,0,2026-05-31 21:49:31
aa997eca7ac56ae0,,unknown,0,0,,18,19,1.059507,0,,0,2026-05-31 21:49:31
aa9ab7ab92a5026b,,unknown,0,0,,18,19,0.929428,0,,0,2026-05-31 21:49:31
aaa1e8648d526436,,unknown,0,0,,1,18,0.841588,0,,0,2026-05-31 21:49:31
aaa83d404e9ef387,,unknown,0,0,,1,,1.007235,0,,0,2026-05-31 21:49:31
aaa8e68e355301d6,,unknown,0,0,,3,19,1.047132,0,,0,2026-05-31 21:49:31
aaa91f3ce22a06d2,,unknown,0,0,,2,1,1.168101,0,,0,2026-05-31 21:49:31
aaace42f50483571,,unknown,0,0,,,19,1.056533,0,,0,2026-05-31 21:49:31
aab33b0b6fd79a58,,unknown,0,0,,3,,1.009782,0,,0,2026-05-31 21:49:31
aac16997cdcf03e8,docs\documents-atlas-index.md#chunk-118,unknown,0,0,,19,18,1.136166,0,,0,2026-05-31 21:49:31
aad6bdb540ee48a7,,unknown,0,0,,17,17,1.147406,0,,0,2026-05-31 21:49:31
aad7ba877dc7fb9d,,unknown,0,0,,,18,0.949738,0,,0,2026-05-31 21:49:31
aadadeaf65fd5fd6,,unknown,0,0,,13,,1.230962,0,,0,2026-05-31 21:49:31
aae6dee109446235,,unknown,0,0,,,15,0.992586,0,,0,2026-05-31 21:49:31
aaea455b794b0930,,unknown,0,0,,2,,1.087652,0,,0,2026-05-31 21:49:31
aaef953062118550,,unknown,0,0,,,19,1.006926,0,,0,2026-05-31 21:49:31
aaef962711011c07,,unknown,0,0,,,19,0.97263,0,,0,2026-05-31 21:49:31
aaf83d8ce15d4398,,unknown,0,0,,2,1,1.049921,0,,0,2026-05-31 21:49:31
aaffa2c2385e80f8,,unknown,0,0,,,19,1.168499,0,,0,2026-05-31 21:49:31
ab0a266979cd8d9d,,unknown,0,0,,19,19,0.848951,0,,0,2026-05-31 21:49:31
ab192f6c8d2b6d47,,unknown,0,0,,19,1,1.081971,0,,0,2026-05-31 21:49:31
ab1d02fd6a175d93,docs\documents-atlas-index.md#chunk-1185,unknown,0,0,,19,19,1.027972,0,,0,2026-05-31 21:49:31
ab1e2222d3e514b5,,unknown,0,0,,19,18,0.901575,0,,0,2026-05-31 21:49:31
ab228e8a69a8f150,,unknown,0,0,,18,13,1.089758,0,,0,2026-05-31 21:49:31
ab293b15a74b716b,docs\documents-atlas-index.md#chunk-593,unknown,0,0,,19,8,1.003396,0,,0,2026-05-31 21:49:31
ab2d373a4018c2ca,,unknown,0,0,,19,19,0.889279,0,,0,2026-05-31 21:49:31
ab382c60403d9afe,docs\documents-atlas-index.md#chunk-115,unknown,0,0,,19,19,0.972897,0,,0,2026-05-31 21:49:31
ab38ac788187fb8c,,unknown,0,0,,10,13,0.890661,0,,0,2026-05-31 21:49:31
ab3b1036d98e6e91,,unknown,0,0,,19,1,0.934755,0,,0,2026-05-31 21:49:31
ab3d91bfcdfde078,,unknown,0,0,,19,13,1.144416,0,,0,2026-05-31 21:49:31
ab4170d63658700f,,unknown,0,0,,18,16,0.84674,0,,0,2026-05-31 21:49:31
ab4982c0c983bc28,,unknown,0,0,,19,12,0.966625,0,,0,2026-05-31 21:49:31
ab50ab47db6aaa21,,unknown,0,0,,18,4,1.02809,0,,0,2026-05-31 21:49:31
ab5705b6bbbb5490,,unknown,0,0,,18,12,1.067134,0,,0,2026-05-31 21:49:31
ab6845af75f42a13,docs\documents-atlas-index.md#chunk-1068,unknown,0,0,,17,19,0.94072,0,,0,2026-05-31 21:49:31
ab6c22b2a2b5124b,,unknown,0,0,,19,18,0.862251,0,,0,2026-05-31 21:49:31
ab6d3b296702cf47,,unknown,0,0,,13,11,1.045861,0,,0,2026-05-31 21:49:31
ab74b4759a60fb74,,unknown,0,0,,1,19,0.860583,0,,0,2026-05-31 21:49:31
ab796ea9800769e8,,unknown,0,0,,19,16,0.8727,0,,0,2026-05-31 21:49:31
ab8bc9f4af8b8333,,unknown,0,0,,17,3,1.024964,0,,0,2026-05-31 21:49:31
ab8dff2ea013bcee,docs\documents-atlas-index.md#chunk-137,unknown,0,0,,19,18,1.208059,0,,0,2026-05-31 21:49:31
ab972a4d3581731b,,unknown,0,0,,19,19,0.955049,0,,0,2026-05-31 21:49:31
ab9c82ee85f67fc1,,unknown,0,0,,18,19,0.900491,0,,0,2026-05-31 21:49:31
abb1c47dbe19a630,,unknown,0,0,,1,16,1.032104,0,,0,2026-05-31 21:49:31
abb8a2369e6ac977,,unknown,0,0,,1,18,0.952329,0,,0,2026-05-31 21:49:31
abbc4969fa821b47,,unknown,0,0,,3,8,1.016204,0,,0,2026-05-31 21:49:31
abc3db7d3b1b725a,,unknown,0,0,,1,18,1.098575,0,,0,2026-05-31 21:49:31
abc516c29661af12,,unknown,0,0,,,12,0.955789,0,,0,2026-05-31 21:49:31
abcb0d5365683709,,unknown,0,0,,5,1,0.988776,0,,0,2026-05-31 21:49:31
abce271e5e5aa0bd,,unknown,0,0,,19,19,1.141655,0,,0,2026-05-31 21:49:31
abcede37dfc38ad4,docs\documents-atlas-index.md#chunk-142,unknown,0,0,,12,,1.040396,0,,0,2026-05-31 21:49:31
abd594aae10d4f0a,,unknown,0,0,,,19,1.201212,0,,0,2026-05-31 21:49:31
abd7df94acf095ce,,unknown,0,0,,10,,1.145711,0,,0,2026-05-31 21:49:31
abe248bd119526de,,unknown,0,0,,18,18,0.92916,0,,0,2026-05-31 21:49:31
abe36a2fe4b85c4b,docs\documents-atlas-index.md#chunk-679,unknown,0,0,,5,9,1.036568,0,,0,2026-05-31 21:49:31
abe4f46acc9eb5bf,,unknown,0,0,,1,19,1.176896,0,,0,2026-05-31 21:49:31
abe55d67af03b92a,,unknown,0,0,,2,10,0.971394,0,,0,2026-05-31 21:49:31
abe8e6d68b1ef2fd,docs\documents-atlas-index.md#chunk-492,unknown,0,0,,,19,1.053408,0,,0,2026-05-31 21:49:31
abe928c6838d21fd,,unknown,0,0,,18,17,0.96454,0,,0,2026-05-31 21:49:31
abe92ec17c97c41f,,unknown,0,0,,,18,1.011375,0,,0,2026-05-31 21:49:31
abea9121f72066c0,,unknown,0,0,,19,18,1.057792,0,,0,2026-05-31 21:49:31
abf5f235f22efa39,,unknown,0,0,,1,14,1.050921,0,,0,2026-05-31 21:49:31
ac161d70b1254758,,unknown,0,0,,17,11,0.921835,0,,0,2026-05-31 21:49:31
ac1ae00b4b9ddd91,,unknown,0,0,,19,1,1.132425,0,,0,2026-05-31 21:49:31
ac22062a37b1fef7,,unknown,0,0,,19,19,0.902216,0,,0,2026-05-31 21:49:31
ac31ab0e8cc3eb27,,unknown,0,0,,10,13,1.099211,0,,0,2026-05-31 21:49:31
ac3d33d95e6376d7,,unknown,0,0,,19,19,0.864565,0,,0,2026-05-31 21:49:31
ac3e85b7f5dc0e7c,,unknown,0,0,,19,18,1.039279,0,,0,2026-05-31 21:49:31
ac4085b1058fde0c,,unknown,0,0,,16,15,1.00818,0,,0,2026-05-31 21:49:31
ac41ff64fa1187f9,,unknown,0,0,,10,16,1.135353,0,,0,2026-05-31 21:49:31
ac49295dd7d9c423,,unknown,0,0,,19,12,1.010046,0,,0,2026-05-31 21:49:31
ac49da131473ef72,docs\documents-atlas-index.md#chunk-905,unknown,0,0,,10,13,1.043023,0,,0,2026-05-31 21:49:31
ac5d942e8f110b06,,unknown,0,0,,19,19,1.093651,0,,0,2026-05-31 21:49:31
ac5f00e8dc5cf62e,,unknown,0,0,,19,13,1.073777,0,,0,2026-05-31 21:49:31
ac68ea82f2ce6eb1,docs\documents-atlas-index.md#chunk-820,unknown,0,0,,17,,1.034011,0,,0,2026-05-31 21:49:31
ac6b888ac5ab1fc5,,unknown,0,0,,19,18,1.048981,0,,0,2026-05-31 21:49:31
ac8231e0ace5ae1b,docs\CODEBASE_INDEXING_PIPELINE.md#chunk-5,unknown,0,0,,18,19,1.089475,0,,0,2026-05-31 21:49:31
ac83718fb898c45c,docs\mcp_tool_update_notice.md#chunk-1,unknown,0,0,,19,15,0.894419,0,,0,2026-05-31 21:49:31
ac84eb04c308a1f2,,unknown,0,0,,19,11,1.090712,0,,0,2026-05-31 21:49:31
ac8aa920b4d1fa37,,unknown,0,0,,11,12,1.067348,0,,0,2026-05-31 21:49:31
ac94156b6d122611,,unknown,0,0,,14,18,1.025177,0,,0,2026-05-31 21:49:31
ac94774506950c17,,unknown,0,0,,19,19,0.893526,0,,0,2026-05-31 21:49:31
ac9c39e1eebc67cc,docs\documents-atlas-index.md#chunk-323,unknown,0,0,,19,18,0.995511,0,,0,2026-05-31 21:49:31
ac9c3e0a91b1fbd4,,unknown,0,0,,19,19,1.058529,0,,0,2026-05-31 21:49:31
acb0fb77408c3f3c,,unknown,0,0,,,18,1.017492,0,,0,2026-05-31 21:49:31
acb2f092a48300f2,,unknown,0,0,,3,19,1.103739,0,,0,2026-05-31 21:49:31
acbeaeb64bd92461,,unknown,0,0,,12,,1.119182,0,,0,2026-05-31 21:49:31
acc14d728092f76c,,unknown,0,0,,2,11,1.031472,0,,0,2026-05-31 21:49:31
acc2ee55bdcb459a,,unknown,0,0,,10,,1.094471,0,,0,2026-05-31 21:49:31
acc3c3f5395e3678,,unknown,0,0,,,19,1.008577,0,,0,2026-05-31 21:49:31
acc9276f75021667,,unknown,0,0,,,,1.008479,0,,0,2026-05-31 21:49:31
acc944ae2ca7ecb4,,unknown,0,0,,17,19,1.097244,0,,0,2026-05-31 21:49:31
acd1bc152aebb9f5,,unknown,0,0,,1,,1.187444,0,,0,2026-05-31 21:49:31
acd1f0b70cb9a591,,unknown,0,0,,,19,0.999654,0,,0,2026-05-31 21:49:31
acdefa9252614bc0,,unknown,0,0,,,19,1.094579,0,,0,2026-05-31 21:49:31
acdfc137f3207537,docs\documents-atlas-index.md#chunk-185,unknown,0,0,,,17,1.011008,0,,0,2026-05-31 21:49:31
ace4364eb644daa0,,unknown,0,0,,2,10,1.089857,0,,0,2026-05-31 21:49:31
ace7b85d6e9bca50,,unknown,0,0,,,16,1.007653,0,,0,2026-05-31 21:49:31
acea946f0cdeaaee,,unknown,0,0,,19,19,1.126065,0,,0,2026-05-31 21:49:31
acee10c3d9658a8b,docs\documents-atlas-index.md#chunk-1065,unknown,0,0,,,19,1.092986,0,,0,2026-05-31 21:49:31
acfa1149664097d1,,unknown,0,0,,19,18,0.962752,0,,0,2026-05-31 21:49:31
ad07860ea2037dc6,,unknown,0,0,,14,19,0.930905,0,,0,2026-05-31 21:49:31
ad0cf9cf790f21ff,,unknown,0,0,,18,18,1.025274,0,,0,2026-05-31 21:49:31
ad152cec61699246,,unknown,0,0,,18,13,0.996824,0,,0,2026-05-31 21:49:31
ad167fe45c6a8021,,unknown,0,0,,19,7,1.065971,0,,0,2026-05-31 21:49:31
ad19b5aa6e2a55ce,,unknown,0,0,,14,19,1.022196,0,,0,2026-05-31 21:49:31
ad22734746003a4a,,unknown,0,0,,19,19,0.878508,0,,0,2026-05-31 21:49:31
ad26cd36a3091513,,unknown,0,0,,11,12,1.023426,0,,0,2026-05-31 21:49:31
ad2fbbdabc33d98d,,unknown,0,0,,16,10,1.190271,0,,0,2026-05-31 21:49:31
ad314927ce9766f0,,unknown,0,0,,19,19,0.972918,0,,0,2026-05-31 21:49:31
ad3c9a076d8cfd71,,unknown,0,0,,19,1,0.993253,0,,0,2026-05-31 21:49:31
ad3d515840b27bb8,,unknown,0,0,,19,19,0.809181,0,,0,2026-05-31 21:49:31
ad43d632e945a91e,,unknown,0,0,,3,19,0.913781,0,,0,2026-05-31 21:49:31
ad481ad0f69d6ec0,,unknown,0,0,,19,,1.056419,0,,0,2026-05-31 21:49:31
ad4d955c66235731,,unknown,0,0,,19,15,0.926377,0,,0,2026-05-31 21:49:31
ad50daeda9fd596f,,unknown,0,0,,17,15,1.176039,0,,0,2026-05-31 21:49:31
ad51984d37e0e661,,unknown,0,0,,19,15,0.995815,0,,0,2026-05-31 21:49:31
ad53bbd6ec7c0d7e,,unknown,0,0,,15,,1.049552,0,,0,2026-05-31 21:49:31
ad611ce80d021f84,,unknown,0,0,,14,13,1.070747,0,,0,2026-05-31 21:49:31
ad6aa23817c62575,,unknown,0,0,,18,19,0.969356,0,,0,2026-05-31 21:49:31
ad7100f55324e381,docs\documents-atlas-index.md#chunk-949,unknown,0,0,,18,14,0.932551,0,,0,2026-05-31 21:49:31
ad75d7634401383c,,unknown,0,0,,4,19,0.890947,0,,0,2026-05-31 21:49:31
ad8307184d496f4d,,unknown,0,0,,19,19,0.938107,0,,0,2026-05-31 21:49:31
ad836ef667ec83dd,,unknown,0,0,,18,17,0.891021,0,,0,2026-05-31 21:49:31
ad83c6b9733e71b6,,unknown,0,0,,18,16,0.967169,0,,0,2026-05-31 21:49:31
ad84804fa00efb68,,unknown,0,0,,19,8,1.06301,0,,0,2026-05-31 21:49:31
ad85770502db4a76,,unknown,0,0,,18,19,0.88166,0,,0,2026-05-31 21:49:31
ad9cfa567351a3e2,,unknown,0,0,,19,18,1.058813,0,,0,2026-05-31 21:49:31
ad9dc1fd47a5c0fc,,unknown,0,0,,18,19,0.941754,0,,0,2026-05-31 21:49:31
ada5065dd132fafa,,unknown,0,0,,14,19,1.0162,0,,0,2026-05-31 21:49:31
ada8f9c634b80ce1,,unknown,0,0,,,19,1.05841,0,,0,2026-05-31 21:49:31
adab29a13099aa20,,unknown,0,0,,,15,0.990466,0,,0,2026-05-31 21:49:31
adb7d8a0a283a0f0,,unknown,0,0,,,15,1.050836,0,,0,2026-05-31 21:49:31
adbfebeb1c85a5a2,docs\documents-atlas-index.md#chunk-160,unknown,0,0,,,15,1.236786,0,,0,2026-05-31 21:49:31
adc1ed2694d4a2bc,,unknown,0,0,,19,18,1.07705,0,,0,2026-05-31 21:49:31
add3d0dc98d8f61a,,unknown,0,0,,,19,1.064051,0,,0,2026-05-31 21:49:31
add960db2ba4027e,,unknown,0,0,,16,19,0.999619,0,,0,2026-05-31 21:49:31
adda52be069e8cfe,docs\documents-atlas-index.md#chunk-64,unknown,0,0,,18,18,1.046672,0,,0,2026-05-31 21:49:31
addcfab014913b20,,unknown,0,0,,,15,1.066711,0,,0,2026-05-31 21:49:31
ade884e3408b9ca1,,unknown,0,0,,17,17,1.025087,0,,0,2026-05-31 21:49:31
adfe399b7ba93d6e,,unknown,0,0,,16,19,1.05169,0,,0,2026-05-31 21:49:31
ae00c6e6fcc23fc8,,unknown,0,0,,14,19,1.018805,0,,0,2026-05-31 21:49:31
ae0491988e33bd87,,unknown,0,0,,1,19,0.9195,0,,0,2026-05-31 21:49:31
ae05c816af82b6df,,unknown,0,0,,19,19,1.004454,0,,0,2026-05-31 21:49:31
ae0f770dcb02a8ee,,unknown,0,0,,19,19,0.968807,0,,0,2026-05-31 21:49:31
ae11a204c6d1669a,,unknown,0,0,,13,19,0.968107,0,,0,2026-05-31 21:49:31
ae168e590fce612f,,unknown,0,0,,19,19,1.066284,0,,0,2026-05-31 21:49:31
ae17b594858af12e,,unknown,0,0,,19,14,1.023042,0,,0,2026-05-31 21:49:31
ae17d96b3db0a516,,unknown,0,0,,13,15,1.079849,0,,0,2026-05-31 21:49:31
ae1a94732ccc161c,,unknown,0,0,,19,19,0.97808,0,,0,2026-05-31 21:49:31
ae23a2d0d225f253,,unknown,0,0,,18,12,1.016915,0,,0,2026-05-31 21:49:31
ae41f4401c1bc06f,,unknown,0,0,,1,19,1.000614,0,,0,2026-05-31 21:49:31
ae55baf9115d6a5f,,unknown,0,0,,11,14,1.127246,0,,0,2026-05-31 21:49:31
ae62ba1e4eb57220,,unknown,0,0,,12,14,1.146743,0,,0,2026-05-31 21:49:31
ae6b71c7283e3dda,,unknown,0,0,,19,19,0.846687,0,,0,2026-05-31 21:49:31
ae6c175254a0a96a,,unknown,0,0,,19,19,0.832006,0,,0,2026-05-31 21:49:31
ae702450742056a9,,unknown,0,0,,19,19,0.870167,0,,0,2026-05-31 21:49:31
ae72edb04be7d95f,,unknown,0,0,,,18,1.110808,0,,0,2026-05-31 21:49:31
ae73f9b7a95dcf3a,,unknown,0,0,,,18,1.046332,0,,0,2026-05-31 21:49:31
ae74e9cdccac1030,,unknown,0,0,,19,5,1.152815,0,,0,2026-05-31 21:49:31
ae76c016e2ae0763,,unknown,0,0,,19,6,1.079715,0,,0,2026-05-31 21:49:31
ae8606ec41af13d1,,unknown,0,0,,18,16,0.94522,0,,0,2026-05-31 21:49:31
ae877611d0bb08f4,,unknown,0,0,,19,18,0.988277,0,,0,2026-05-31 21:49:31
ae8996c2b19cf36b,,unknown,0,0,,19,14,0.997401,0,,0,2026-05-31 21:49:31
aea023ec914f57ca,docs\documents-atlas-index.md#chunk-1128,unknown,0,0,,17,17,1.041686,0,,0,2026-05-31 21:49:31
aeb2c99e53ed5345,,unknown,0,0,,,19,1.167995,0,,0,2026-05-31 21:49:31
aeb3b56367b1ff85,,unknown,0,0,,1,17,0.914658,0,,0,2026-05-31 21:49:31
aeb966583ed1130d,docs\documents-atlas-index.md#chunk-76,unknown,0,0,,19,19,0.962023,0,,0,2026-05-31 21:49:31
aec6ec96cd0c0ef9,,unknown,0,0,,15,,1.134212,0,,0,2026-05-31 21:49:31
aedb72680ead4b57,,unknown,0,0,,17,,1.167871,0,,0,2026-05-31 21:49:31
aee17820320ebb92,,unknown,0,0,,,16,1.063586,0,,0,2026-05-31 21:49:31
aee979609c873b34,,unknown,0,0,,,19,0.902286,0,,0,2026-05-31 21:49:31
aeea2200a14be3e4,,unknown,0,0,,19,15,1.113834,0,,0,2026-05-31 21:49:31
aefb82dc34cd0c24,,unknown,0,0,,17,17,1.181136,0,,0,2026-05-31 21:49:31
af2d2c5a2c7a19b0,,unknown,0,0,,19,18,1.144664,0,,0,2026-05-31 21:49:31
af2e431a46242839,,unknown,0,0,,19,19,0.91328,0,,0,2026-05-31 21:49:31
af36123857592d1f,,unknown,0,0,,19,19,0.874948,0,,0,2026-05-31 21:49:31
af38bb4e438d255d,docs\documents-atlas-index.md#chunk-968,unknown,0,0,,15,19,1.073541,0,,0,2026-05-31 21:49:31
af3ab27a0316139e,,unknown,0,0,,19,19,0.960358,0,,0,2026-05-31 21:49:31
af3cba8edd5a1964,docs\documents-atlas-index.md#chunk-543,unknown,0,0,,15,,1.055848,0,,0,2026-05-31 21:49:31
af4265767136873b,,unknown,0,0,,19,19,0.831997,0,,0,2026-05-31 21:49:31
af4a02970851a11a,,unknown,0,0,,19,17,0.865003,0,,0,2026-05-31 21:49:31
af4a08fb18f51ba2,,unknown,0,0,,19,19,0.955039,0,,0,2026-05-31 21:49:31
af4b4e26416d0953,docs\documents-atlas-index.md#chunk-34,unknown,0,0,,19,,1.006075,0,,0,2026-05-31 21:49:31
af53b1d37647e0a1,,unknown,0,0,,19,16,0.928294,0,,0,2026-05-31 21:49:31
af5508fe26432baa,,unknown,0,0,,19,19,0.798074,0,,0,2026-05-31 21:49:31
af59a1eef2a689ae,,unknown,0,0,,15,19,0.931361,0,,0,2026-05-31 21:49:31
af5ed7746ad75948,,unknown,0,0,,18,19,1.010921,0,,0,2026-05-31 21:49:31
af64cfa3a2bc9d05,docs\documents-atlas-index.md#chunk-669,unknown,0,0,,15,,1.055118,0,,0,2026-05-31 21:49:31
af663e835c963c98,docs\documents-atlas-index.md#chunk-1265,unknown,0,0,,19,19,1.028822,0,,0,2026-05-31 21:49:31
af6b85948ad082d0,,unknown,0,0,,19,19,0.855974,0,,0,2026-05-31 21:49:31
af85fe76d83a5b46,,unknown,0,0,,19,,0.887271,0,,0,2026-05-31 21:49:31
af8c280aa28641b7,,unknown,0,0,,19,18,0.865098,0,,0,2026-05-31 21:49:31
af96f916d07b9cb2,,unknown,0,0,,19,1,1.027376,0,,0,2026-05-31 21:49:31
af992e34b06da3f3,,unknown,0,0,,19,12,1.087854,0,,0,2026-05-31 21:49:31
afa23ff1a963817d,,unknown,0,0,,3,10,1.056676,0,,0,2026-05-31 21:49:31
afa61da218fad449,,unknown,0,0,,17,13,1.120688,0,,0,2026-05-31 21:49:31
afb2f75f31a2e709,,unknown,0,0,,1,17,1.119467,0,,0,2026-05-31 21:49:31
afbaaa715d324acf,,unknown,0,0,,1,19,1.094825,0,,0,2026-05-31 21:49:31
afbb8b79af9082ca,docs\documents-atlas-index.md#chunk-395,unknown,0,0,,9,1,1.06506,0,,0,2026-05-31 21:49:31
afbc128b03b6d902,,unknown,0,0,,19,18,1.143457,0,,0,2026-05-31 21:49:31
afc12d357e560a2f,,unknown,0,0,,,18,1.034454,0,,0,2026-05-31 21:49:31
afc37c1606379056,,unknown,0,0,,1,,0.944468,0,,0,2026-05-31 21:49:31
afc418a1d43a4d6f,,unknown,0,0,,,18,1.087518,0,,0,2026-05-31 21:49:31
afc6dbb6e4485a8c,,unknown,0,0,,3,14,0.975702,0,,0,2026-05-31 21:49:31
afc7eef9622b047f,,unknown,0,0,,,19,1.039856,0,,0,2026-05-31 21:49:31
afc9932fb0cb6318,docs\documents-atlas-index.md#chunk-598,unknown,0,0,,3,,1.131498,0,,0,2026-05-31 21:49:31
afca310840b708c4,,unknown,0,0,,19,18,1.020543,0,,0,2026-05-31 21:49:31
afd29848b0b5ee7a,,unknown,0,0,,3,12,1.022746,0,,0,2026-05-31 21:49:31
afd40081245d5f80,,unknown,0,0,,,19,1.113365,0,,0,2026-05-31 21:49:31
afd4b7177ef7cdb7,,unknown,0,0,,1,19,1.02565,0,,0,2026-05-31 21:49:31
afd530a2debd14b2,,unknown,0,0,,18,17,1.196099,0,,0,2026-05-31 21:49:31
afd66424e5b5d898,,unknown,0,0,,3,11,1.030889,0,,0,2026-05-31 21:49:31
afdb8b4778e97d79,docs\documents-atlas-index.md#chunk-548,unknown,0,0,,7,,0.991259,0,,0,2026-05-31 21:49:31
afe1a9f67db7d083,,unknown,0,0,,,16,1.017425,0,,0,2026-05-31 21:49:31
aff20d5a03dec7be,,unknown,0,0,,18,18,1.15625,0,,0,2026-05-31 21:49:31
aff3227a7737b788,,unknown,0,0,,,19,0.95617,0,,0,2026-05-31 21:49:31
aff63d271edaeed6,,unknown,0,0,,1,,1.182134,0,,0,2026-05-31 21:49:31
b0157b0000e8f34f,,unknown,0,0,,12,13,1.091305,0,,0,2026-05-31 21:49:31
b01feb02471c43b3,,unknown,0,0,,19,3,1.029074,0,,0,2026-05-31 21:49:31
b02634c5ded4ac86,,unknown,0,0,,13,12,1.075902,0,,0,2026-05-31 21:49:31
b035a15632d2a87d,,unknown,0,0,,11,15,0.92667,0,,0,2026-05-31 21:49:31
b03cea9619102da3,,unknown,0,0,,10,14,1.05,0,,0,2026-05-31 21:49:31
b03e35fdcc91d358,,unknown,0,0,,18,11,1.061167,0,,0,2026-05-31 21:49:31
b0519ba4459c53e0,docs\documents-atlas-index.md#chunk-1134,unknown,0,0,,19,13,1.069959,0,,0,2026-05-31 21:49:31
b0588705290ef637,,unknown,0,0,,19,8,0.927255,0,,0,2026-05-31 21:49:31
b0604fa5f457cab1,docs\documents-atlas-index.md#chunk-772,unknown,0,0,,18,10,1.054128,0,,0,2026-05-31 21:49:31
b067c624fc4596d0,,unknown,0,0,,10,18,1.000129,0,,0,2026-05-31 21:49:31
b069166bdbd4683d,,unknown,0,0,,13,19,0.960725,0,,0,2026-05-31 21:49:31
b069e08c13cb03d8,,unknown,0,0,,15,19,1.109801,0,,0,2026-05-31 21:49:31
b073f56e440862ea,docs\documents-atlas-index.md#chunk-7,unknown,0,0,,10,19,0.857549,0,,0,2026-05-31 21:49:31
b080644d06d5cde0,docs\documents-atlas-index.md#chunk-83,unknown,0,0,,14,19,1.021128,0,,0,2026-05-31 21:49:31
b082c40433480b5a,,unknown,0,0,,9,19,0.809765,0,,0,2026-05-31 21:49:31
b085437aedfc5ea7,docs\documents-atlas-index.md#chunk-331,unknown,0,0,,14,19,1.130593,0,,0,2026-05-31 21:49:31
b089ca58eb58e85c,,unknown,0,0,,9,12,1.005368,0,,0,2026-05-31 21:49:31
b090e52428d424de,,unknown,0,0,,12,19,0.893585,0,,0,2026-05-31 21:49:31
b09cefd84db33b7b,,unknown,0,0,,12,,1.062586,0,,0,2026-05-31 21:49:31
b0a4691da9652f3e,docs\documents-atlas-index.md#chunk-867,unknown,0,0,,8,14,0.95008,0,,0,2026-05-31 21:49:31
b0a9bd1bf398147f,,unknown,0,0,,6,5,1.053784,0,,0,2026-05-31 21:49:31
b0ac9ba317c5e72d,,unknown,0,0,,10,11,1.12658,0,,0,2026-05-31 21:49:31
b0ad7d172be76d7f,,unknown,0,0,,7,,1.035178,0,,0,2026-05-31 21:49:31
b0b3f081c7f116c0,,unknown,0,0,,10,15,1.108821,0,,0,2026-05-31 21:49:31
b0b4d2e85b61eee9,,unknown,0,0,,1,19,0.934627,0,,0,2026-05-31 21:49:31
b0bed546fc040ecb,,unknown,0,0,,7,19,1.098293,0,,0,2026-05-31 21:49:31
b0c2ba9a5a09f364,,unknown,0,0,,1,13,0.988718,0,,0,2026-05-31 21:49:31
b0d8ade8724eb965,,unknown,0,0,,,12,1.004795,0,,0,2026-05-31 21:49:31
b0df4646fb9af3b1,,unknown,0,0,,19,7,1.183694,0,,0,2026-05-31 21:49:31
b0e1d1e6b2e44024,docs\documents-atlas-index.md#chunk-684,unknown,0,0,,6,14,1.121822,0,,0,2026-05-31 21:49:31
b0f1eeb8e65f1460,,unknown,0,0,,1,9,1.105599,0,,0,2026-05-31 21:49:31
b0f233d25a33ebae,,unknown,0,0,,1,19,1.02193,0,,0,2026-05-31 21:49:31
b0f2c62b1587c28a,,unknown,0,0,,3,18,0.957306,0,,0,2026-05-31 21:49:31
b0f5fab86ba0a0b4,,unknown,0,0,,,12,1.101131,0,,0,2026-05-31 21:49:31
b0f9450710672ff6,,unknown,0,0,,9,15,0.988358,0,,0,2026-05-31 21:49:31
b0ffb4884a8bbe54,,unknown,0,0,,1,19,1.030079,0,,0,2026-05-31 21:49:31
b10ae5c5a3c8ca57,,unknown,0,0,,11,13,1.070305,0,,0,2026-05-31 21:49:31
b10c383ecf3acb15,docs\documents-atlas-index.md#chunk-860,unknown,0,0,,19,6,1.024393,0,,0,2026-05-31 21:49:31
b11ad1924d3db574,docs\documents-atlas-index.md#chunk-849,unknown,0,0,,19,6,0.98316,0,,0,2026-05-31 21:49:31
b124105d9d435540,,unknown,0,0,,12,18,0.982634,0,,0,2026-05-31 21:49:31
b125116ae05b40a6,,unknown,0,0,,19,8,0.991603,0,,0,2026-05-31 21:49:31
b13a609946406fb6,,unknown,0,0,,19,19,0.917362,0,,0,2026-05-31 21:49:31
b13ea6f690ecd249,,unknown,0,0,,19,7,1.074735,0,,0,2026-05-31 21:49:31
b16af34181836c37,,unknown,0,0,,10,14,0.950883,0,,0,2026-05-31 21:49:31
b1841e12e6c5ecc5,,unknown,0,0,,11,12,1.072147,0,,0,2026-05-31 21:49:31
b185ccba3b8cda22,,unknown,0,0,,19,5,1.084177,0,,0,2026-05-31 21:49:31
b187b8992bbbf941,,unknown,0,0,,19,6,1.013468,0,,0,2026-05-31 21:49:31
b19110b9fe742f38,,unknown,0,0,,12,15,1.023686,0,,0,2026-05-31 21:49:31
b196229a604907b8,,unknown,0,0,,16,19,0.842711,0,,0,2026-05-31 21:49:31
b1964ed3bc3f8feb,,unknown,0,0,,15,5,1.078617,0,,0,2026-05-31 21:49:31
b1979c682087c1ca,,unknown,0,0,,19,17,0.973988,0,,0,2026-05-31 21:49:31
b198bb02a70329c2,docs\documents-atlas-index.md#chunk-1079,unknown,0,0,,10,12,0.978254,0,,0,2026-05-31 21:49:31
b19af08c420b8107,,unknown,0,0,,19,6,1.072851,0,,0,2026-05-31 21:49:31
b1a4e584b65ee2eb,,unknown,0,0,,3,19,1.172919,0,,0,2026-05-31 21:49:31
b1a5bcba6c485b51,,unknown,0,0,,1,13,1.037344,0,,0,2026-05-31 21:49:31
b1a6075cc978f723,,unknown,0,0,,,7,0.923778,0,,0,2026-05-31 21:49:31
b1b06bdb03298c79,docs\documents-atlas-index.md#chunk-218,unknown,0,0,,,9,0.988844,0,,0,2026-05-31 21:49:31
b1b7676004d76bc5,,unknown,0,0,,12,14,1.017344,0,,0,2026-05-31 21:49:31
b1bb9cb3b0892a86,,unknown,0,0,,7,7,0.954499,0,,0,2026-05-31 21:49:31
b1c69277f4f7051d,,unknown,0,0,,9,9,1.027112,0,,0,2026-05-31 21:49:31
b1c7b00ea4c4e692,,unknown,0,0,,5,13,1.07832,0,,0,2026-05-31 21:49:31
b1cce0007353e79c,,unknown,0,0,,1,19,0.974729,0,,0,2026-05-31 21:49:31
b1d6c96be455be2c,,unknown,0,0,,5,14,0.953891,0,,0,2026-05-31 21:49:31
b1dde26ea428764a,,unknown,0,0,,6,17,1.081801,0,,0,2026-05-31 21:49:31
b1e7a7d297886168,,unknown,0,0,,1,16,0.909572,0,,0,2026-05-31 21:49:31
b1efaa27b25083de,docs\documents-atlas-index.md#chunk-1222,unknown,0,0,,8,6,1.101665,0,,0,2026-05-31 21:49:31
b1f2e3159b204393,,unknown,0,0,,1,18,0.953328,0,,0,2026-05-31 21:49:31
b1f30878ab4b3fae,,unknown,0,0,,9,8,1.068402,0,,0,2026-05-31 21:49:31
b1f43e07ef7f4ec2,,unknown,0,0,,3,6,1.127474,0,,0,2026-05-31 21:49:31
b1f6d031cae45e9b,,unknown,0,0,,7,17,1.012415,0,,0,2026-05-31 21:49:31
b201adaa0182bbb7,,unknown,0,0,,11,14,1.049522,0,,0,2026-05-31 21:49:31
b20a16fecaa5ddf1,,unknown,0,0,,19,12,1.097838,0,,0,2026-05-31 21:49:31
b20c0b1516c98aa9,,unknown,0,0,,19,18,1.015193,0,,0,2026-05-31 21:49:31
b20c646bc151b722,,unknown,0,0,,19,10,0.9917,0,,0,2026-05-31 21:49:31
b20ff2e23ff58f82,,unknown,0,0,,12,15,1.170705,0,,0,2026-05-31 21:49:31
b220c3f40c454d2c,,unknown,0,0,,8,19,0.84105,0,,0,2026-05-31 21:49:31
b223acc3788c82f7,,unknown,0,0,,19,5,1.020657,0,,0,2026-05-31 21:49:31
b24c08ad7b31a891,,unknown,0,0,,19,12,1.022806,0,,0,2026-05-31 21:49:31
b24e55672279e115,,unknown,0,0,,19,12,0.963165,0,,0,2026-05-31 21:49:31
b24e6b3c5f145072,docs\documents-atlas-index.md#chunk-874,unknown,0,0,,4,,1.142501,0,,0,2026-05-31 21:49:31
b24e7727d69263b6,,unknown,0,0,,19,18,0.968771,0,,0,2026-05-31 21:49:31
b24f929f362916eb,docs\documents-atlas-index.md#chunk-17,unknown,0,0,,16,19,0.867936,0,,0,2026-05-31 21:49:31
b251efa15266b07d,,unknown,0,0,,10,13,1.127757,0,,0,2026-05-31 21:49:31
b25241991d8d4e68,,unknown,0,0,,19,6,0.982502,0,,0,2026-05-31 21:49:31
b25d156e8f86ff50,,unknown,0,0,,12,13,1.076376,0,,0,2026-05-31 21:49:31
b260306d5b85bacb,,unknown,0,0,,13,19,0.894998,0,,0,2026-05-31 21:49:31
b27417b147983d4c,,unknown,0,0,,13,16,0.916168,0,,0,2026-05-31 21:49:31
b28501d4f0a4443c,,unknown,0,0,,18,16,0.9707,0,,0,2026-05-31 21:49:31
b29627131ebcc38e,,unknown,0,0,,13,14,1.04686,0,,0,2026-05-31 21:49:31
b2a72b0418dee622,,unknown,0,0,,1,,1.010389,0,,0,2026-05-31 21:49:31
b2ae2a4819f4eda8,,unknown,0,0,,10,11,1.099498,0,,0,2026-05-31 21:49:31
b2b13f7c10841635,,unknown,0,0,,,,1.005689,0,,0,2026-05-31 21:49:31
b2b6050b8293bf09,,unknown,0,0,,,11,0.937001,0,,0,2026-05-31 21:49:31
b2bbd681e7da8495,docs\documents-atlas-index.md#chunk-1049,unknown,0,0,,10,,1.075899,0,,0,2026-05-31 21:49:31
b2c042234a5fccb9,docs\documents-atlas-index.md#chunk-782,unknown,0,0,,1,19,1.090869,0,,0,2026-05-31 21:49:31
b2c1670e5631d9ee,,unknown,0,0,,13,19,1.024164,0,,0,2026-05-31 21:49:31
b2cc5d9c222e6cd0,,unknown,0,0,,4,,1.157164,0,,0,2026-05-31 21:49:31
b2e37d9edfa1641f,,unknown,0,0,,5,,1.039313,0,,0,2026-05-31 21:49:31
b2e4fbd894fc7cd1,,unknown,0,0,,10,12,1.126264,0,,0,2026-05-31 21:49:31
b2eaead4027004ff,,unknown,0,0,,2,19,1.179658,0,,0,2026-05-31 21:49:31
b2ee7065c39a7a21,,unknown,0,0,,9,8,1.032172,0,,0,2026-05-31 21:49:31
b2f9dd956e3eb03d,,unknown,0,0,,1,18,1.035393,0,,0,2026-05-31 21:49:31
b2fa3ee3871f551e,,unknown,0,0,,8,5,1.167085,0,,0,2026-05-31 21:49:31
b2fb292699fe0e77,docs\documents-atlas-index.md#chunk-124,unknown,0,0,,6,,1.141211,0,,0,2026-05-31 21:49:31
b30423f5920886c3,,unknown,0,0,,19,14,0.843494,0,,0,2026-05-31 21:49:31
b306396798668305,,unknown,0,0,,13,13,0.870723,0,,0,2026-05-31 21:49:31
b30901a5c1ae762a,,unknown,0,0,,19,14,1.01465,0,,0,2026-05-31 21:49:31
b32008b1a8a66dd4,,unknown,0,0,,14,14,0.947488,0,,0,2026-05-31 21:49:31
b323091cbb91d86d,,unknown,0,0,,14,19,1.071727,0,,0,2026-05-31 21:49:31
b32a89aa28a36fa4,,unknown,0,0,,17,19,0.906377,0,,0,2026-05-31 21:49:31
b32ea81a7c683963,,unknown,0,0,,11,16,1.027173,0,,0,2026-05-31 21:49:31
b3317f99a6ea1b9c,docs\documents-atlas-index.md#chunk-557,unknown,0,0,,11,8,0.980873,0,,0,2026-05-31 21:49:31
b332cc058354d04e,,unknown,0,0,,10,13,0.97684,0,,0,2026-05-31 21:49:31
b3418ab9d07ac495,docs\documents-atlas-index.md#chunk-1234,unknown,0,0,,19,8,0.952804,0,,0,2026-05-31 21:49:31
b351e376c54a2af9,,unknown,0,0,,19,4,1.00751,0,,0,2026-05-31 21:49:31
b3536fe0d80ad976,,unknown,0,0,,19,8,1.000302,0,,0,2026-05-31 21:49:31
b35873802bed0c22,docs\documents-atlas-index.md#chunk-847,unknown,0,0,,12,14,1.033343,0,,0,2026-05-31 21:49:31
b359ef0e30baf163,,unknown,0,0,,19,7,1.106598,0,,0,2026-05-31 21:49:31
b36c08baba8ccd4a,,unknown,0,0,,19,9,1.079694,0,,0,2026-05-31 21:49:31
b37619aeb862eab3,,unknown,0,0,,19,12,1.010356,0,,0,2026-05-31 21:49:31
b37f5b9fe3cf82e6,,unknown,0,0,,19,7,1.088614,0,,0,2026-05-31 21:49:31
b380dda9c85f7988,,unknown,0,0,,19,5,0.931072,0,,0,2026-05-31 21:49:31
b3888ee9d17f83b1,,unknown,0,0,,19,7,1.003491,0,,0,2026-05-31 21:49:31
b38dee727489f2a5,docs\documents-atlas-index.md#chunk-143,unknown,0,0,,19,7,1.058179,0,,0,2026-05-31 21:49:31
b390df540806fd18,,unknown,0,0,,9,13,0.987178,0,,0,2026-05-31 21:49:31
b3a3cd2e3f7ec07c,,unknown,0,0,,,,1.176774,0,,0,2026-05-31 21:49:31
b3a49926458c68d2,,unknown,0,0,,,,0.991941,0,,0,2026-05-31 21:49:31
b3a52d485f835238,,unknown,0,0,,,,0.875441,0,,0,2026-05-31 21:49:31
b3b1f51bbdd3e047,,unknown,0,0,,1,13,1.120246,0,,0,2026-05-31 21:49:31
b3b7a4f1aded02d7,,unknown,0,0,,19,5,1.19309,0,,0,2026-05-31 21:49:31
b3c3f65f43bddafd,,unknown,0,0,,13,19,1.097626,0,,0,2026-05-31 21:49:31
b3ca94fd7a5fa305,docs\documents-atlas-index.md#chunk-181,unknown,0,0,,,13,1.135681,0,,0,2026-05-31 21:49:31
b3d92aa15e243131,,unknown,0,0,,,5,0.959635,0,,0,2026-05-31 21:49:31
b3dd192131008f11,,unknown,0,0,,4,6,1.052192,0,,0,2026-05-31 21:49:31
b3dd98bdece7a775,,unknown,0,0,,,10,1.08401,0,,0,2026-05-31 21:49:31
b3de95419da8fa9d,,unknown,0,0,,1,19,1.108617,0,,0,2026-05-31 21:49:31
b3f05c18fd2203db,,unknown,0,0,,3,5,1.033417,0,,0,2026-05-31 21:49:31
b403a9c4683d9fa9,,unknown,0,0,,11,16,0.904659,0,,0,2026-05-31 21:49:31
b4078b4a3c29e778,,unknown,0,0,,19,9,0.998523,0,,0,2026-05-31 21:49:31
b4094858eaf055c8,,unknown,0,0,,17,19,0.955735,0,,0,2026-05-31 21:49:31
b4095b9eef25a34d,docs\documents-atlas-index.md#chunk-803,unknown,0,0,,16,10,1.115956,0,,0,2026-05-31 21:49:31
b4103081752449e9,,unknown,0,0,,17,19,0.829608,0,,0,2026-05-31 21:49:31
b421458bfbd5e5f9,,unknown,0,0,,14,19,1.058493,0,,0,2026-05-31 21:49:31
b4233f8a4a9ebda1,,unknown,0,0,,19,7,1.058046,0,,0,2026-05-31 21:49:31
b42cdd1e39e359a5,,unknown,0,0,,12,14,1.109184,0,,0,2026-05-31 21:49:31
b42eac09a234e255,,unknown,0,0,,18,7,1.078401,0,,0,2026-05-31 21:49:31
b433c7bda72f3a42,docs\documents-atlas-index.md#chunk-693,unknown,0,0,,19,5,1.027278,0,,0,2026-05-31 21:49:31
b43a81efb2d31bf1,,unknown,0,0,,15,19,1.056713,0,,0,2026-05-31 21:49:31
b43bc30bfc4c4b51,,unknown,0,0,,19,4,1.002421,0,,0,2026-05-31 21:49:31
b43bd5031be68afd,,unknown,0,0,,13,19,0.983427,0,,0,2026-05-31 21:49:31
b446d1b248a0dbd6,,unknown,0,0,,12,16,0.991971,0,,0,2026-05-31 21:49:31
b4484a52218cfa8f,,unknown,0,0,,12,12,1.018123,0,,0,2026-05-31 21:49:31
b45ba7976b467270,,unknown,0,0,,19,6,0.982142,0,,0,2026-05-31 21:49:31
b47aa13d0580d691,,unknown,0,0,,12,14,1.088892,0,,0,2026-05-31 21:49:31
b4846699e4b554d4,,unknown,0,0,,15,18,0.930411,0,,0,2026-05-31 21:49:31
b48631fffd620a06,,unknown,0,0,,12,17,1.090854,0,,0,2026-05-31 21:49:31
b486c6998bc6e5e1,,unknown,0,0,,12,15,1.053864,0,,0,2026-05-31 21:49:31
b4883cb6d204c010,,unknown,0,0,,18,10,1.046467,0,,0,2026-05-31 21:49:31
b48ba029b871c87f,,unknown,0,0,,10,15,1.022275,0,,0,2026-05-31 21:49:31
b494b734c6f61d27,,unknown,0,0,,10,13,0.911853,0,,0,2026-05-31 21:49:31
b49c1f39a380f7b9,,unknown,0,0,,19,12,1.003454,0,,0,2026-05-31 21:49:31
b49db10e54645a56,,unknown,0,0,,10,16,0.977325,0,,0,2026-05-31 21:49:31
b4aa77c9cd5eccac,,unknown,0,0,,11,8,1.182338,0,,0,2026-05-31 21:49:31
b4af0416171958f0,,unknown,0,0,,19,17,1.018986,0,,0,2026-05-31 21:49:31
b4b06d228b5f7d39,,unknown,0,0,,1,,0.92719,0,,0,2026-05-31 21:49:31
b4b95ce12d8edded,,unknown,0,0,,,15,1.167606,0,,0,2026-05-31 21:49:31
b4bb9c97b3c7b12e,,unknown,0,0,,7,5,1.028115,0,,0,2026-05-31 21:49:31
b4c3bb6e7b34dcb3,,unknown,0,0,,1,13,1.06854,0,,0,2026-05-31 21:49:31
b4c4b194cd33d321,,unknown,0,0,,1,15,0.951977,0,,0,2026-05-31 21:49:31
b4c5400ae7b5da09,,unknown,0,0,,2,9,1.010561,0,,0,2026-05-31 21:49:31
b4d0f1051bf80a51,,unknown,0,0,,4,18,1.039365,0,,0,2026-05-31 21:49:31
b4d2351fb0675ff9,docs\documents-atlas-index.md#chunk-270,unknown,0,0,,13,19,1.059614,0,,0,2026-05-31 21:49:31
b4d62fcf66d74e57,,unknown,0,0,,10,12,1.124509,0,,0,2026-05-31 21:49:31
b4db1d9b2feaef8b,docs\documents-atlas-index.md#chunk-973,unknown,0,0,,7,,1.153599,0,,0,2026-05-31 21:49:31
b4db6852e38641f1,docs\documents-atlas-index.md#chunk-646,unknown,0,0,,4,5,1.091151,0,,0,2026-05-31 21:49:31
b4ddd85645ff551b,,unknown,0,0,,10,11,1.17918,0,,0,2026-05-31 21:49:31
b4e35a94d8cc9b92,,unknown,0,0,,9,8,0.933576,0,,0,2026-05-31 21:49:31
b4e40283764e8819,docs\CODEBASE_DIRECTORY_MAP.md#chunk-22,unknown,0,0,,,,0.954015,0,,0,2026-05-31 21:49:31
b4e5a955ad68d221,docs\documents-atlas-index.md#chunk-258,unknown,0,0,,1,13,0.872108,0,,0,2026-05-31 21:49:31
b4f9cec7180ba340,,unknown,0,0,,,15,1.075674,0,,0,2026-05-31 21:49:31
b4fff0c6bfc07d77,docs\documents-atlas-index.md#chunk-433,unknown,0,0,,,14,1.11849,0,,0,2026-05-31 21:49:31
b50620ac232bb4d3,docs\documents-atlas-index.md#chunk-514,unknown,0,0,,19,13,0.988466,0,,0,2026-05-31 21:49:31
b508b68f97503cab,,unknown,0,0,,12,19,0.734224,0,,0,2026-05-31 21:49:31
b50cc8cb4d636d5a,,unknown,0,0,,12,19,0.976206,0,,0,2026-05-31 21:49:31
b5174ada188b2f53,,unknown,0,0,,13,12,1.039375,0,,0,2026-05-31 21:49:31
b51fc1e1939781bc,,unknown,0,0,,19,17,0.916755,0,,0,2026-05-31 21:49:31
b52316421df4bea9,,unknown,0,0,,17,19,0.983794,0,,0,2026-05-31 21:49:31
b524856964bd3807,,unknown,0,0,,19,7,0.949993,0,,0,2026-05-31 21:49:31
b525fd3ecea032e7,,unknown,0,0,,12,18,1.225346,0,,0,2026-05-31 21:49:31
b52806bedcda696f,,unknown,0,0,,14,16,1.104341,0,,0,2026-05-31 21:49:31
b52aed207e86e9ec,,unknown,0,0,,11,15,1.127315,0,,0,2026-05-31 21:49:31
b52e3e0b5b42fdb3,,unknown,0,0,,14,12,1.177417,0,,0,2026-05-31 21:49:31
b5361a7aba085723,,unknown,0,0,,4,1,1.011973,0,,0,2026-05-31 21:49:31
b536bf578e3c9e81,,unknown,0,0,,19,4,0.922372,0,,0,2026-05-31 21:49:31
b53c55c6ab1fd0ad,,unknown,0,0,,19,13,1.053309,0,,0,2026-05-31 21:49:31
b5429d1bf65e92e0,,unknown,0,0,,19,7,1.045385,0,,0,2026-05-31 21:49:31
b542f75c190713a3,docs\documents-atlas-index.md#chunk-255,unknown,0,0,,11,19,0.932446,0,,0,2026-05-31 21:49:31
b5519e0fbbfc068e,,unknown,0,0,,8,,1.144004,0,,0,2026-05-31 21:49:31
b553f33435492f8b,,unknown,0,0,,9,19,0.729854,0,,0,2026-05-31 21:49:31
b558ab7c4a435751,,unknown,0,0,,9,15,1.039037,0,,0,2026-05-31 21:49:31
b558ee9e6c17e270,,unknown,0,0,,10,13,1.039366,0,,0,2026-05-31 21:49:31
b55d7967b0c66ec6,,unknown,0,0,,19,18,0.953185,0,,0,2026-05-31 21:49:31
b55f428f9ed60f27,docs\documents-atlas-index.md#chunk-692,unknown,0,0,,14,19,1.06896,0,,0,2026-05-31 21:49:31
b563d871dbf3aba5,docs\documents-atlas-index.md#chunk-1214,unknown,0,0,,10,15,1.022966,0,,0,2026-05-31 21:49:31
b56cced80d1a06ed,,unknown,0,0,,17,3,1.138703,0,,0,2026-05-31 21:49:31
b57ace5d31c8c203,,unknown,0,0,,11,12,1.108594,0,,0,2026-05-31 21:49:31
b5861426381c3e12,,unknown,0,0,,19,6,0.991995,0,,0,2026-05-31 21:49:31
b5931fd43b97acd9,,unknown,0,0,,14,13,1.075644,0,,0,2026-05-31 21:49:31
b5982d79186634e5,,unknown,0,0,,19,18,0.923548,0,,0,2026-05-31 21:49:31
b59d81595754d824,,unknown,0,0,,19,12,0.910466,0,,0,2026-05-31 21:49:31
b59e62807e4c6032,,unknown,0,0,,19,6,0.991193,0,,0,2026-05-31 21:49:31
b5add5620834ae52,,unknown,0,0,,1,15,0.915488,0,,0,2026-05-31 21:49:31
b5ae096c97b6eff6,,unknown,0,0,,17,19,1.045726,0,,0,2026-05-31 21:49:31
b5aff9300a58b4a7,docs\documents-atlas-index.md#chunk-229,unknown,0,0,,1,19,1.062925,0,,0,2026-05-31 21:49:31
b5dd09462523e628,,unknown,0,0,,,15,0.961825,0,,0,2026-05-31 21:49:31
b5e55470e53e800f,,unknown,0,0,,9,8,1.063767,0,,0,2026-05-31 21:49:31
b5f9fdb40166c084,,unknown,0,0,,,13,0.993621,0,,0,2026-05-31 21:49:31
b5fd7222963e57e5,,unknown,0,0,,19,15,1.120446,0,,0,2026-05-31 21:49:31
b6101a84a4a4e4ad,,unknown,0,0,,19,12,1.011318,0,,0,2026-05-31 21:49:31
b61bdd802cb37f08,,unknown,0,0,,13,,1.047783,0,,0,2026-05-31 21:49:31
b61d1d7b908456b9,,unknown,0,0,,19,18,0.97581,0,,0,2026-05-31 21:49:31
b61da9465872e981,,unknown,0,0,,12,13,0.935242,0,,0,2026-05-31 21:49:31
b61e44969d85e8f4,,unknown,0,0,,19,13,0.950418,0,,0,2026-05-31 21:49:31
b61f2c129df7c11d,,unknown,0,0,,13,11,1.11469,0,,0,2026-05-31 21:49:31
b62a52edcfb15208,,unknown,0,0,,16,12,1.136873,0,,0,2026-05-31 21:49:31
b62e13bfb613ae8b,,unknown,0,0,,19,13,1.085801,0,,0,2026-05-31 21:49:31
b62f68f700582d74,,unknown,0,0,,15,14,1.006304,0,,0,2026-05-31 21:49:31
b639508e231ea342,,unknown,0,0,,19,8,0.97012,0,,0,2026-05-31 21:49:31
b63b861da2c4db5b,,unknown,0,0,,12,13,1.024795,0,,0,2026-05-31 21:49:31
b641505ab699e3cb,,unknown,0,0,,14,19,0.970574,0,,0,2026-05-31 21:49:31
b6482ba3d653159d,,unknown,0,0,,15,11,0.993331,0,,0,2026-05-31 21:49:31
b6488e69632d33a1,,unknown,0,0,,19,7,0.991159,0,,0,2026-05-31 21:49:31
b648961762ca7882,,unknown,0,0,,19,7,0.951261,0,,0,2026-05-31 21:49:31
b64d71d45057a46c,,unknown,0,0,,19,14,0.914492,0,,0,2026-05-31 21:49:31
b65304eef7984dc9,,unknown,0,0,,14,19,0.988946,0,,0,2026-05-31 21:49:31
b662136e376a0324,,unknown,0,0,,19,7,1.065761,0,,0,2026-05-31 21:49:31
b6673c841175e985,,unknown,0,0,,19,12,0.90855,0,,0,2026-05-31 21:49:31
b669839fa89c356c,,unknown,0,0,,14,18,0.947734,0,,0,2026-05-31 21:49:31
b66bbf263a88244a,docs\documents-atlas-index.md#chunk-29,unknown,0,0,,10,16,1.026918,0,,0,2026-05-31 21:49:31
b66c194a25147dc7,,unknown,0,0,,15,19,0.924475,0,,0,2026-05-31 21:49:31
b66f5f0d0890c78d,,unknown,0,0,,19,14,1.059676,0,,0,2026-05-31 21:49:31
b670cc327a4f69be,docs\documents-atlas-index.md#chunk-1268,unknown,0,0,,19,5,1.092382,0,,0,2026-05-31 21:49:31
b684ba64870f7f02,,unknown,0,0,,19,4,0.903908,0,,0,2026-05-31 21:49:31
b68be63ddb8e048c,,unknown,0,0,,19,5,1.104349,0,,0,2026-05-31 21:49:31
b68ea1274d28be2e,,unknown,0,0,,1,19,0.990644,0,,0,2026-05-31 21:49:31
b694556e4b91c9de,docs\documents-atlas-index.md#chunk-251,unknown,0,0,,14,19,0.823289,0,,0,2026-05-31 21:49:31
b69ad71c70fe6fe6,docs\documents-atlas-index.md#chunk-406,unknown,0,0,,15,19,1.056807,0,,0,2026-05-31 21:49:31
b6a1d4f5f83f8312,,unknown,0,0,,1,14,1.09111,0,,0,2026-05-31 21:49:31
b6b10204c626c77d,docs\documents-atlas-index.md#chunk-538,unknown,0,0,,2,9,0.985482,0,,0,2026-05-31 21:49:31
b6bdf32978a5b152,,unknown,0,0,,,17,1.053296,0,,0,2026-05-31 21:49:31
b6be9ce93238e57b,,unknown,0,0,,,15,1.075786,0,,0,2026-05-31 21:49:31
b6bf0d447c5363cc,,unknown,0,0,,19,19,1.094033,0,,0,2026-05-31 21:49:31
b6c03f4bbe9f0c06,,unknown,0,0,,5,,1.054256,0,,0,2026-05-31 21:49:31
b6c20f10e5c1d0bf,,unknown,0,0,,4,7,1.178734,0,,0,2026-05-31 21:49:31
b6d3cc420d2bfe6a,,unknown,0,0,,2,15,1.019942,0,,0,2026-05-31 21:49:31
b6d8c65d2029b8aa,,unknown,0,0,,3,19,0.982028,0,,0,2026-05-31 21:49:31
b6d9203494cb2206,,unknown,0,0,,,,1.016189,0,,0,2026-05-31 21:49:31
b6d9510723bb4745,,unknown,0,0,,,,1.049471,0,,0,2026-05-31 21:49:31
b6d9c9db6def943f,,unknown,0,0,,2,19,1.131853,0,,0,2026-05-31 21:49:31
b6d9de9fd9b36b15,,unknown,0,0,,7,11,1.007905,0,,0,2026-05-31 21:49:31
b6da3bb087bd1580,,unknown,0,0,,6,,1.131929,0,,0,2026-05-31 21:49:31
b6db06a76a4670f8,,unknown,0,0,,18,18,1.053504,0,,0,2026-05-31 21:49:31
b6dc65aec610d529,,unknown,0,0,,,9,1.061178,0,,0,2026-05-31 21:49:31
b6e6a2c7bac50fb9,,unknown,0,0,,7,15,1.089033,0,,0,2026-05-31 21:49:31
b6ebb6f82e27b167,,unknown,0,0,,,15,0.979836,0,,0,2026-05-31 21:49:31
b6effc10184664c8,,unknown,0,0,,5,1,1.124224,0,,0,2026-05-31 21:49:31
b6f456039fdfd925,,unknown,0,0,,,,1.050383,0,,0,2026-05-31 21:49:31
b6f7dd06fd009d18,docs\documents-atlas-index.md#chunk-263,unknown,0,0,,2,10,0.95755,0,,0,2026-05-31 21:49:31
b6f9d1b5d6c1c4a9,,unknown,0,0,,,15,1.049111,0,,0,2026-05-31 21:49:31
b6ff78712f4475bc,,unknown,0,0,,16,19,1.082218,0,,0,2026-05-31 21:49:31
b70283191a2144c1,,unknown,0,0,,14,18,1.037676,0,,0,2026-05-31 21:49:31
b7033d8c5eda498e,,unknown,0,0,,12,14,1.075739,0,,0,2026-05-31 21:49:31
b70527c8cd67ffe8,,unknown,0,0,,19,12,1.006876,0,,0,2026-05-31 21:49:31
b70735cbbd7f5abb,,unknown,0,0,,14,19,1.01313,0,,0,2026-05-31 21:49:31
b70a482aca24b2bc,,unknown,0,0,,19,19,1.031311,0,,0,2026-05-31 21:49:31
b70f8a48dc65db69,,unknown,0,0,,13,5,0.940825,0,,0,2026-05-31 21:49:31
b71cdaa5d570be7a,docs\CI_VENDOR_WHEELS.md#chunk-1,unknown,0,0,,10,12,1.060608,0,,0,2026-05-31 21:49:31
b71d178ae332900a,docs\documents-atlas-index.md#chunk-688,unknown,0,0,,19,15,1.067444,0,,0,2026-05-31 21:49:31
b7235cdb0c46f950,,unknown,0,0,,17,11,1.115367,0,,0,2026-05-31 21:49:31
b7245bffbc59c20c,,unknown,0,0,,16,10,1.085063,0,,0,2026-05-31 21:49:31
b7350e757e4b88b7,,unknown,0,0,,19,5,1.011566,0,,0,2026-05-31 21:49:31
b73bb5f56a4ecc7c,,unknown,0,0,,1,19,1.108974,0,,0,2026-05-31 21:49:31
b73d5751d447bfee,docs\documents-atlas-index.md#chunk-689,unknown,0,0,,19,19,0.957093,0,,0,2026-05-31 21:49:31
b76429cd0226763b,,unknown,0,0,,16,19,0.907354,0,,0,2026-05-31 21:49:31
b76ca5040a86a52f,,unknown,0,0,,1,19,0.987584,0,,0,2026-05-31 21:49:31
b777b8f15e2f333e,,unknown,0,0,,19,5,1.020875,0,,0,2026-05-31 21:49:31
b77a7626dc5f70ea,,unknown,0,0,,19,6,1.023223,0,,0,2026-05-31 21:49:31
b77d071e865a9542,docs\documents-atlas-index.md#chunk-988,unknown,0,0,,19,8,1.017888,0,,0,2026-05-31 21:49:31
b785fb0ea2e44106,,unknown,0,0,,11,12,1.097174,0,,0,2026-05-31 21:49:31
b78e38cc0f645cc6,,unknown,0,0,,15,19,0.970547,0,,0,2026-05-31 21:49:31
b78f0ce518596f7b,,unknown,0,0,,19,18,1.02478,0,,0,2026-05-31 21:49:31
b790d5201df7bc1f,,unknown,0,0,,7,19,0.993943,0,,0,2026-05-31 21:49:31
b7ad8a9fd97147a8,,unknown,0,0,,5,3,1.022697,0,,0,2026-05-31 21:49:31
b7afaac9d4b692bd,docs\documents-atlas-index.md#chunk-1162,unknown,0,0,,12,,1.168097,0,,0,2026-05-31 21:49:31
b7b061c90d5995c1,,unknown,0,0,,,19,1.008483,0,,0,2026-05-31 21:49:31
b7b06ba319613940,,unknown,0,0,,,9,0.979576,0,,0,2026-05-31 21:49:31
b7b4d1efe56a524d,,unknown,0,0,,6,19,1.143819,0,,0,2026-05-31 21:49:31
b7b6ef5027facc77,,unknown,0,0,,9,12,1.099784,0,,0,2026-05-31 21:49:31
b7b7c05202b1e6f3,docs\documents-atlas-index.md#chunk-293,unknown,0,0,,1,17,1.073826,0,,0,2026-05-31 21:49:31
b7b8f813ccc4ba69,,unknown,0,0,,3,13,0.952699,0,,0,2026-05-31 21:49:31
b7bb3f3dcf9448de,,unknown,0,0,,6,2,1.084615,0,,0,2026-05-31 21:49:31
b7bb99d03d1da1cc,,unknown,0,0,,19,13,1.14309,0,,0,2026-05-31 21:49:31
b7bc4aaac0051bfc,,unknown,0,0,,7,7,1.180715,0,,0,2026-05-31 21:49:31
b7c4f5ef9e2fc62a,,unknown,0,0,,1,18,1.076148,0,,0,2026-05-31 21:49:31
b7d28f0c96a8e4a0,docs\documents-atlas-index.md#chunk-60,unknown,0,0,,,,1.03183,0,,0,2026-05-31 21:49:31
b7d51c6e57f8bcbf,,unknown,0,0,,11,14,1.092906,0,,0,2026-05-31 21:49:31
b7d553392c1f6ed6,,unknown,0,0,,1,19,1.054573,0,,0,2026-05-31 21:49:31
b7d6d2f64941b45c,,unknown,0,0,,,19,0.842624,0,,0,2026-05-31 21:49:31
b7daefc6ceed3a87,,unknown,0,0,,13,,0.972605,0,,0,2026-05-31 21:49:31
b7dc4955dcc3b467,,unknown,0,0,,1,7,1.031223,0,,0,2026-05-31 21:49:31
b7ea70039a40bc64,docs\documents-atlas-index.md#chunk-842,unknown,0,0,,1,15,0.992047,0,,0,2026-05-31 21:49:31
b7f5e5d94908b6d2,,unknown,0,0,,,16,0.992086,0,,0,2026-05-31 21:49:31
b7fb2d126f7b9b67,,unknown,0,0,,5,,0.992154,0,,0,2026-05-31 21:49:31
b803500f4543a452,,unknown,0,0,,19,12,0.985678,0,,0,2026-05-31 21:49:31
b806f82cae5f8f92,,unknown,0,0,,19,5,1.023315,0,,0,2026-05-31 21:49:31
b8077820d9c657ea,,unknown,0,0,,19,19,0.850041,0,,0,2026-05-31 21:49:31
b81266d83d437e84,docs\documents-atlas-index.md#chunk-1143,unknown,0,0,,12,15,0.916926,0,,0,2026-05-31 21:49:31
b817d33772529210,,unknown,0,0,,10,15,0.899881,0,,0,2026-05-31 21:49:31
b81ee0dba05970c1,,unknown,0,0,,19,13,1.08179,0,,0,2026-05-31 21:49:31
b81fe71d4718669b,,unknown,0,0,,11,19,0.974306,0,,0,2026-05-31 21:49:31
b82021d1b4a77615,,unknown,0,0,,18,12,0.960522,0,,0,2026-05-31 21:49:31
b8240a973e25ebe3,,unknown,0,0,,12,13,1.044951,0,,0,2026-05-31 21:49:31
b8240d9a858f016a,,unknown,0,0,,16,15,1.027025,0,,0,2026-05-31 21:49:31
b828c850bdf0e900,,unknown,0,0,,11,13,1.011033,0,,0,2026-05-31 21:49:31
b82fa613deccd2f2,,unknown,0,0,,19,6,1.11288,0,,0,2026-05-31 21:49:31
b8363d36bd9622fd,,unknown,0,0,,19,19,1.039324,0,,0,2026-05-31 21:49:31
b851db93f691e17c,,unknown,0,0,,9,12,0.975351,0,,0,2026-05-31 21:49:31
b8524f97fa4773c1,,unknown,0,0,,19,8,0.971467,0,,0,2026-05-31 21:49:31
b8527ef1aeceea27,docs\documents-atlas-index.md#chunk-932,unknown,0,0,,15,5,1.049274,0,,0,2026-05-31 21:49:31
b852a06748412625,,unknown,0,0,,10,16,0.885955,0,,0,2026-05-31 21:49:31
b85a3c924c0c0da2,,unknown,0,0,,19,1,1.025674,0,,0,2026-05-31 21:49:31
b85d459b8498e956,,unknown,0,0,,19,13,0.901477,0,,0,2026-05-31 21:49:31
b860999152edb7f3,,unknown,0,0,,19,14,0.918216,0,,0,2026-05-31 21:49:31
b875495b9e9b3e23,,unknown,0,0,,19,6,1.019437,0,,0,2026-05-31 21:49:31
b87626cc209b6edd,,unknown,0,0,,16,19,0.917925,0,,0,2026-05-31 21:49:31
b87f47aa5151c57d,,unknown,0,0,,19,15,0.934774,0,,0,2026-05-31 21:49:31
b884c2155345b905,,unknown,0,0,,9,14,0.889459,0,,0,2026-05-31 21:49:31
b88749ec5762dee4,,unknown,0,0,,15,15,0.94013,0,,0,2026-05-31 21:49:31
b88bd17696ce55bb,,unknown,0,0,,19,18,0.988542,0,,0,2026-05-31 21:49:31
b88caa2cbb490b6b,,unknown,0,0,,12,3,1.015324,0,,0,2026-05-31 21:49:31
b88df9263a14ff48,,unknown,0,0,,1,19,0.940682,0,,0,2026-05-31 21:49:31
b88f2a9dfd5c9133,,unknown,0,0,,18,6,1.053921,0,,0,2026-05-31 21:49:31
b893f6f502ac9469,,unknown,0,0,,13,14,1.02275,0,,0,2026-05-31 21:49:31
b8966308ad60d68b,,unknown,0,0,,13,13,0.994881,0,,0,2026-05-31 21:49:31
b89968ddf3e79ebd,docs\documents-atlas-index.md#chunk-335,unknown,0,0,,14,19,0.906423,0,,0,2026-05-31 21:49:31
b89a56ba338f30c7,docs\documents-atlas-index.md#chunk-231,unknown,0,0,,19,15,0.983231,0,,0,2026-05-31 21:49:31
b89c248ff46bda97,,unknown,0,0,,19,8,0.973589,0,,0,2026-05-31 21:49:31
b89da1be44f161ef,docs\documents-atlas-index.md#chunk-165,unknown,0,0,,16,19,0.942036,0,,0,2026-05-31 21:49:31
b8ad1b48ba729917,docs\documents-atlas-index.md#chunk-253,unknown,0,0,,6,4,0.912885,0,,0,2026-05-31 21:49:31
b8b00128d74c51fa,,unknown,0,0,,16,19,1.162966,0,,0,2026-05-31 21:49:31
b8bb59d169a8d82d,docs\documents-atlas-index.md#chunk-264,unknown,0,0,,,19,1.072422,0,,0,2026-05-31 21:49:31
b8bb6b85ce8cfb55,,unknown,0,0,,3,9,0.996481,0,,0,2026-05-31 21:49:31
b8bfe5032ea2b1eb,,unknown,0,0,,1,19,1.122823,0,,0,2026-05-31 21:49:31
b8c9130d05b6e7e6,,unknown,0,0,,17,19,1.012018,0,,0,2026-05-31 21:49:31
b8cc49c6fa08f3ec,,unknown,0,0,,19,17,1.181009,0,,0,2026-05-31 21:49:31
b8cd5124e59a935e,,unknown,0,0,,10,7,1.067477,0,,0,2026-05-31 21:49:31
b8db1630e48189ac,,unknown,0,0,,19,18,1.031276,0,,0,2026-05-31 21:49:31
b8e485838989e7f2,,unknown,0,0,,,15,0.93287,0,,0,2026-05-31 21:49:31
b8f0182dfe2ce824,,unknown,0,0,,,2,1.049709,0,,0,2026-05-31 21:49:31
b8f0ca53e086e8dd,,unknown,0,0,,3,13,1.041697,0,,0,2026-05-31 21:49:31
b8f297c65f4c3df7,,unknown,0,0,,,18,1.114299,0,,0,2026-05-31 21:49:31
b8f9589edb899666,docs\documents-atlas-index.md#chunk-55,unknown,0,0,,,3,0.896516,0,,0,2026-05-31 21:49:31
b8fb4771b4deb523,,unknown,0,0,,11,8,1.049734,0,,0,2026-05-31 21:49:31
b9007c912ea68e92,,unknown,0,0,,11,13,0.987219,0,,0,2026-05-31 21:49:31
b9014d367405ab0a,docs\documents-atlas-index.md#chunk-204,unknown,0,0,,10,13,0.91651,0,,0,2026-05-31 21:49:31
b903b740b11656b1,,unknown,0,0,,11,16,1.027353,0,,0,2026-05-31 21:49:31
b90b5703eaa40fc3,,unknown,0,0,,19,19,1.089172,0,,0,2026-05-31 21:49:31
b90e2008db3a480d,docs\documents-atlas-index.md#chunk-384,unknown,0,0,,19,6,1.054912,0,,0,2026-05-31 21:49:31
b91527b6f05715da,docs\documents-atlas-index.md#chunk-161,unknown,0,0,,19,17,0.853657,0,,0,2026-05-31 21:49:31
b91bc83636000791,,unknown,0,0,,11,15,1.002249,0,,0,2026-05-31 21:49:31
b921dc5ef2238b9d,,unknown,0,0,,10,16,0.987207,0,,0,2026-05-31 21:49:31
b92382e3dd1ea447,,unknown,0,0,,19,8,0.944187,0,,0,2026-05-31 21:49:31
b9287465aef9119b,,unknown,0,0,,14,18,0.905928,0,,0,2026-05-31 21:49:31
b928e55238d9ff74,,unknown,0,0,,10,13,0.864376,0,,0,2026-05-31 21:49:31
b92a243879deaf47,,unknown,0,0,,13,12,1.030986,0,,0,2026-05-31 21:49:31
b92a3b98f6bdeaa6,,unknown,0,0,,17,,1.047475,0,,0,2026-05-31 21:49:31
b92a638e0840915f,,unknown,0,0,,16,19,0.929183,0,,0,2026-05-31 21:49:31
b92ffd0e1574ca30,docs\documents-atlas-index.md#chunk-52,unknown,0,0,,10,12,1.096158,0,,0,2026-05-31 21:49:31
b930ee2438a389f4,docs\documents-atlas-index.md#chunk-1007,unknown,0,0,,11,14,1.011976,0,,0,2026-05-31 21:49:31
b931117b842f930d,,unknown,0,0,,14,15,1.006496,0,,0,2026-05-31 21:49:31
b933e83760bab0da,docs\documents-atlas-index.md#chunk-243,unknown,0,0,,15,18,1.061887,0,,0,2026-05-31 21:49:31
b94273df6fa3805e,,unknown,0,0,,14,19,0.951356,0,,0,2026-05-31 21:49:31
b957f18a18cf2560,,unknown,0,0,,19,6,0.995115,0,,0,2026-05-31 21:49:31
b962f5479cadf8f3,,unknown,0,0,,19,6,1.077208,0,,0,2026-05-31 21:49:31
b96ad0043e8cc7a6,,unknown,0,0,,19,6,1.031781,0,,0,2026-05-31 21:49:31
b9777afa8402586c,,unknown,0,0,,15,15,1.018773,0,,0,2026-05-31 21:49:31
b98fb78cb1e8b8a3,docs\documents-atlas-index.md#chunk-884,unknown,0,0,,13,13,1.033285,0,,0,2026-05-31 21:49:31
b99529292f65b76b,,unknown,0,0,,12,15,0.94738,0,,0,2026-05-31 21:49:31
b99def66bfa85526,,unknown,0,0,,12,,0.932252,0,,0,2026-05-31 21:49:31
b9a87a2a9d353f07,,unknown,0,0,,2,,0.871349,0,,0,2026-05-31 21:49:31
b9aa90f56d5004d5,,unknown,0,0,,17,18,1.0887,0,,0,2026-05-31 21:49:31
b9abfa101d1d989b,,unknown,0,0,,7,,1.104909,0,,0,2026-05-31 21:49:31
b9b77ec269579262,,unknown,0,0,,,9,0.921142,0,,0,2026-05-31 21:49:31
b9bd2d6775fe262a,,unknown,0,0,,6,,1.095655,0,,0,2026-05-31 21:49:31
b9bd566e2c681e14,,unknown,0,0,,3,1,0.960965,0,,0,2026-05-31 21:49:31
b9bf8cf316679c19,,unknown,0,0,,6,10,0.940509,0,,0,2026-05-31 21:49:31
b9c2c1cdc3a62a95,,unknown,0,0,,8,14,1.059194,0,,0,2026-05-31 21:49:31
b9da1a092cff44eb,,unknown,0,0,,6,,1.142807,0,,0,2026-05-31 21:49:31
b9e5ac2151ebe455,,unknown,0,0,,10,11,1.142717,0,,0,2026-05-31 21:49:31
b9ecc5e4285cad62,,unknown,0,0,,,15,1.026304,0,,0,2026-05-31 21:49:31
b9f0de86ae99fd9a,,unknown,0,0,,2,12,0.914764,0,,0,2026-05-31 21:49:31
b9f332e5574a1f0c,,unknown,0,0,,,19,1.041413,0,,0,2026-05-31 21:49:31
b9f49e5ba7728ee7,,unknown,0,0,,2,8,0.967558,0,,0,2026-05-31 21:49:31
b9f788672e9c4ad7,,unknown,0,0,,,,1.042403,0,,0,2026-05-31 21:49:31
b9fc06b93c4ae03a,,unknown,0,0,,,15,1.172039,0,,0,2026-05-31 21:49:31
b9ff90c582712a50,,unknown,0,0,,,15,0.989248,0,,0,2026-05-31 21:49:31
b9ff981d51c846bd,,unknown,0,0,,16,19,1.014272,0,,0,2026-05-31 21:49:31
ba13d4d27baccad4,,unknown,0,0,,15,16,1.092796,0,,0,2026-05-31 21:49:31
ba2c89e6b0eb7482,docs\documents-atlas-index.md#chunk-1040,unknown,0,0,,19,14,1.004967,0,,0,2026-05-31 21:49:31
ba2ec55719c02dcf,docs\documents-atlas-index.md#chunk-1252,unknown,0,0,,18,19,0.875774,0,,0,2026-05-31 21:49:31
ba32bf03f452848a,,unknown,0,0,,11,12,1.055012,0,,0,2026-05-31 21:49:31
ba33f2ab853ee528,,unknown,0,0,,18,13,1.088158,0,,0,2026-05-31 21:49:31
ba34a29bdaad6321,,unknown,0,0,,19,6,1.086613,0,,0,2026-05-31 21:49:31
ba42bc73322b94c8,docs\documents-atlas-index.md#chunk-872,unknown,0,0,,19,5,1.021933,0,,0,2026-05-31 21:49:31
ba4b51dd091dfac0,,unknown,0,0,,19,14,1.042623,0,,0,2026-05-31 21:49:31
ba5b1c76d6347e80,,unknown,0,0,,12,5,0.997224,0,,0,2026-05-31 21:49:31
ba6586171bf7d275,,unknown,0,0,,19,19,0.988111,0,,0,2026-05-31 21:49:31
ba665574e70f6dc6,,unknown,0,0,,19,19,0.972952,0,,0,2026-05-31 21:49:31
ba78edb647a09de8,docs\documents-atlas-index.md#chunk-1256,unknown,0,0,,18,19,0.993708,0,,0,2026-05-31 21:49:31
ba84f71d9322a1fa,docs\documents-atlas-index.md#chunk-1033,unknown,0,0,,19,19,0.989062,0,,0,2026-05-31 21:49:31
ba9a8d6b34c822a8,,unknown,0,0,,19,18,0.938419,0,,0,2026-05-31 21:49:31
baa559951fbff54b,,unknown,0,0,,,19,1.042716,0,,0,2026-05-31 21:49:31
baa7fce5fa5bb4b9,,unknown,0,0,,1,12,1.157146,0,,0,2026-05-31 21:49:31
bab24efae8e73e52,,unknown,0,0,,3,9,1.099226,0,,0,2026-05-31 21:49:31
bab571d50b956160,,unknown,0,0,,,19,1.021971,0,,0,2026-05-31 21:49:31
bab9826819ba9abd,,unknown,0,0,,18,19,0.920446,0,,0,2026-05-31 21:49:31
babc7e5a82b39dde,,unknown,0,0,,19,19,1.013959,0,,0,2026-05-31 21:49:31
bac6f46cab821023,,unknown,0,0,,2,17,1.066549,0,,0,2026-05-31 21:49:31
bad0b4a60b9fd823,,unknown,0,0,,,16,0.992241,0,,0,2026-05-31 21:49:31
bada95c14648f6a0,,unknown,0,0,,19,16,1.021945,0,,0,2026-05-31 21:49:31
bae2efb29807b992,,unknown,0,0,,,15,0.981125,0,,0,2026-05-31 21:49:31
bae7b1e0e59d723b,,unknown,0,0,,,19,1.048888,0,,0,2026-05-31 21:49:31
bb007e5ee0e7db4b,,unknown,0,0,,12,13,1.087412,0,,0,2026-05-31 21:49:31
bb03d8714d7ad3a2,,unknown,0,0,,19,6,1.029629,0,,0,2026-05-31 21:49:31
bb077e297d815b4e,,unknown,0,0,,19,19,0.979656,0,,0,2026-05-31 21:49:31
bb09602608a98397,,unknown,0,0,,19,19,0.84236,0,,0,2026-05-31 21:49:31
bb0abc77d1fa2f74,,unknown,0,0,,15,,0.946415,0,,0,2026-05-31 21:49:31
bb0d820cb838c75d,,unknown,0,0,,19,15,0.976734,0,,0,2026-05-31 21:49:31
bb17c02407211d66,,unknown,0,0,,5,19,0.952935,0,,0,2026-05-31 21:49:31
bb1a0221b8c5ca74,,unknown,0,0,,19,18,1.020789,0,,0,2026-05-31 21:49:31
bb1a24085f1191c4,,unknown,0,0,,19,19,0.956002,0,,0,2026-05-31 21:49:31
bb248f802a89eab3,,unknown,0,0,,19,19,1.057738,0,,0,2026-05-31 21:49:31
bb2ac16b67a568da,,unknown,0,0,,18,19,0.802955,0,,0,2026-05-31 21:49:31
bb3290cb19b6531b,,unknown,0,0,,18,19,0.861747,0,,0,2026-05-31 21:49:31
bb39b9494b2d6144,,unknown,0,0,,19,5,0.933649,0,,0,2026-05-31 21:49:31
bb3e04b7006cc6ea,,unknown,0,0,,19,17,0.927011,0,,0,2026-05-31 21:49:31
bb40e2b95d443d46,,unknown,0,0,,5,19,0.94213,0,,0,2026-05-31 21:49:31
bb447a9418ab3427,,unknown,0,0,,19,14,1.026222,0,,0,2026-05-31 21:49:31
bb5960b857090b02,,unknown,0,0,,16,15,0.91442,0,,0,2026-05-31 21:49:31
bb5cde918f7dc4b9,,unknown,0,0,,19,,1.060169,0,,0,2026-05-31 21:49:31
bb6414dcace0e8d5,,unknown,0,0,,18,18,1.031813,0,,0,2026-05-31 21:49:31
bb6b28e414c62c04,,unknown,0,0,,19,18,0.994308,0,,0,2026-05-31 21:49:31
bb7674398efa9634,,unknown,0,0,,18,15,1.036158,0,,0,2026-05-31 21:49:31
bb79f838eef1926f,,unknown,0,0,,13,19,1.021144,0,,0,2026-05-31 21:49:31
bb7f66e4d07f98d3,,unknown,0,0,,19,15,0.968592,0,,0,2026-05-31 21:49:31
bb84a26b51873daf,,unknown,0,0,,13,19,0.792581,0,,0,2026-05-31 21:49:31
bb8ecc204538d7a8,docs\documents-atlas-index.md#chunk-652,unknown,0,0,,19,18,1.063638,0,,0,2026-05-31 21:49:31
bb8f820d98f4f6ab,,unknown,0,0,,19,19,0.849101,0,,0,2026-05-31 21:49:31
bbaaa5ccaba4faa1,,unknown,0,0,,,16,1.213188,0,,0,2026-05-31 21:49:31
bbaaff0456b8e721,,unknown,0,0,,2,13,1.138516,0,,0,2026-05-31 21:49:31
bbb3077dadf8e7eb,docs\documents-atlas-index.md#chunk-350,unknown,0,0,,19,19,1.056959,0,,0,2026-05-31 21:49:31
bbbb0dd6627245e8,,unknown,0,0,,19,17,1.038569,0,,0,2026-05-31 21:49:31
bbc141886b4e8360,,unknown,0,0,,,,0.999882,0,,0,2026-05-31 21:49:31
bbc38d9d1171320d,,unknown,0,0,,2,1,1.074018,0,,0,2026-05-31 21:49:31
bbcecb0267e1f34f,,unknown,0,0,,,17,1.175351,0,,0,2026-05-31 21:49:31
bbe44c45bda4c63e,,unknown,0,0,,2,9,1.046315,0,,0,2026-05-31 21:49:31
bbe5aa3177319a29,,unknown,0,0,,2,14,0.940065,0,,0,2026-05-31 21:49:31
bbe8fa7019ea88e5,,unknown,0,0,,19,18,1.211284,0,,0,2026-05-31 21:49:31
bbee7f90f3f353a7,,unknown,0,0,,10,,1.127188,0,,0,2026-05-31 21:49:31
bbf7495e5653a720,,unknown,0,0,,,16,0.972969,0,,0,2026-05-31 21:49:31
bbfe7dc5db0e40d5,,unknown,0,0,,13,,1.166741,0,,0,2026-05-31 21:49:31
bc1146c6bba3af9a,,unknown,0,0,,19,19,1.020144,0,,0,2026-05-31 21:49:31
bc1e25f288a8ad38,,unknown,0,0,,19,14,0.919408,0,,0,2026-05-31 21:49:31
bc3134d14b356150,,unknown,0,0,,18,15,1.010415,0,,0,2026-05-31 21:49:31
bc35b8921fdd27f5,,unknown,0,0,,18,19,1.008331,0,,0,2026-05-31 21:49:31
bc39f1bdeff63672,docs\documents-atlas-index.md#chunk-125,unknown,0,0,,14,19,1.121788,0,,0,2026-05-31 21:49:31
bc3ab300959d8a8b,,unknown,0,0,,19,,0.973687,0,,0,2026-05-31 21:49:31
bc3b6d201dacafb0,,unknown,0,0,,17,,1.141475,0,,0,2026-05-31 21:49:31
bc4127c42b5ab586,,unknown,0,0,,19,13,0.956376,0,,0,2026-05-31 21:49:31
bc4c94a9f97359d8,docs\documents-atlas-index.md#chunk-361,unknown,0,0,,19,17,0.886,0,,0,2026-05-31 21:49:31
bc557ccab14fdd14,,unknown,0,0,,16,10,1.106526,0,,0,2026-05-31 21:49:31
bc62cf0eb3dc342a,,unknown,0,0,,14,5,1.2092,0,,0,2026-05-31 21:49:31
bc67179e8edcc40a,,unknown,0,0,,19,19,1.052653,0,,0,2026-05-31 21:49:31
bc72ec2996fb043b,,unknown,0,0,,19,18,1.08295,0,,0,2026-05-31 21:49:31
bc7556d63961de60,,unknown,0,0,,19,14,0.927719,0,,0,2026-05-31 21:49:31
bc81d84748a0a6cb,docs\documents-atlas-index.md#chunk-784,unknown,0,0,,18,19,0.842729,0,,0,2026-05-31 21:49:31
bc86d38abd43acfc,,unknown,0,0,,12,19,0.989651,0,,0,2026-05-31 21:49:31
bc8a902d09a4bf6a,,unknown,0,0,,19,19,0.951014,0,,0,2026-05-31 21:49:31
bc91b551c6eeaf48,,unknown,0,0,,11,12,1.046047,0,,0,2026-05-31 21:49:31
bc981b5fa049000d,,unknown,0,0,,19,15,1.009885,0,,0,2026-05-31 21:49:31
bca2958bc1c44934,docs\documents-atlas-index.md#chunk-69,unknown,0,0,,16,18,1.094912,0,,0,2026-05-31 21:49:31
bca5d8fad5b1ee6a,,unknown,0,0,,,18,1.066197,0,,0,2026-05-31 21:49:31
bca9650f58e898fc,,unknown,0,0,,19,19,0.89073,0,,0,2026-05-31 21:49:31
bcb7c8a305785698,,unknown,0,0,,,19,0.847441,0,,0,2026-05-31 21:49:31
bcc52e690753f068,,unknown,0,0,,2,11,0.940211,0,,0,2026-05-31 21:49:31
bcd0ad3c84e65915,docs\documents-atlas-index.md#chunk-768,unknown,0,0,,8,13,1.118871,0,,0,2026-05-31 21:49:31
bcd59a05da77de25,,unknown,0,0,,2,10,0.890655,0,,0,2026-05-31 21:49:31
bcda19dca9ae98d8,,unknown,0,0,,18,18,1.107357,0,,0,2026-05-31 21:49:31
bce80fce8b26c76f,docs\documents-atlas-index.md#chunk-818,unknown,0,0,,1,13,1.0691,0,,0,2026-05-31 21:49:31
bcea94987f0a0374,,unknown,0,0,,2,,1.070514,0,,0,2026-05-31 21:49:31
bcf74a6ba58201a4,,unknown,0,0,,2,1,1.084975,0,,0,2026-05-31 21:49:31
bd0b40ca395c61d4,,unknown,0,0,,19,15,0.941288,0,,0,2026-05-31 21:49:31
bd17c5adcef24bc7,,unknown,0,0,,14,19,1.084108,0,,0,2026-05-31 21:49:31
bd2575ffab1d5909,,unknown,0,0,,19,8,1.061925,0,,0,2026-05-31 21:49:31
bd3311f1dd6dcc8e,,unknown,0,0,,19,13,1.145203,0,,0,2026-05-31 21:49:31
bd3a3b21b0a52a10,docs\documents-atlas-index.md#chunk-639,unknown,0,0,,11,,1.019,0,,0,2026-05-31 21:49:31
bd423ce03e3ef695,docs\documents-atlas-index.md#chunk-836,unknown,0,0,,17,10,1.067645,0,,0,2026-05-31 21:49:31
bd442f5db0ae85fd,,unknown,0,0,,19,18,1.055644,0,,0,2026-05-31 21:49:31
bd4968a81e3b0e34,,unknown,0,0,,15,14,1.058097,0,,0,2026-05-31 21:49:31
bd518d0aafaeb37f,,unknown,0,0,,19,19,1.189663,0,,0,2026-05-31 21:49:31
bd5af0bbb694e61d,,unknown,0,0,,19,15,1.107307,0,,0,2026-05-31 21:49:31
bd5ca0c0a1350547,,unknown,0,0,,19,16,1.06322,0,,0,2026-05-31 21:49:31
bd5d76dcc5e1cdf9,,unknown,0,0,,19,18,1.042888,0,,0,2026-05-31 21:49:31
bd6a55b7568efe56,,unknown,0,0,,19,13,0.949691,0,,0,2026-05-31 21:49:31
bd747087e97bd6cc,,unknown,0,0,,19,17,0.874984,0,,0,2026-05-31 21:49:31
bd7b6824ad319151,,unknown,0,0,,19,13,1.079207,0,,0,2026-05-31 21:49:31
bd7c2349fae60e64,,unknown,0,0,,13,,1.050105,0,,0,2026-05-31 21:49:31
bd7c75feb7546670,,unknown,0,0,,19,15,1.038415,0,,0,2026-05-31 21:49:31
bd7dd3727003ff93,,unknown,0,0,,1,19,1.044596,0,,0,2026-05-31 21:49:31
bd8109e797bbc87d,,unknown,0,0,,18,16,0.878602,0,,0,2026-05-31 21:49:31
bd876031529c3fa9,,unknown,0,0,,19,19,0.880909,0,,0,2026-05-31 21:49:31
bd9b57a1b3be6878,,unknown,0,0,,19,14,0.98429,0,,0,2026-05-31 21:49:31
bda329011f617edd,,unknown,0,0,,19,19,0.969051,0,,0,2026-05-31 21:49:31
bda75c8e7eae984c,,unknown,0,0,,1,,1.058539,0,,0,2026-05-31 21:49:31
bdac9a7698bded78,,unknown,0,0,,9,,1.073416,0,,0,2026-05-31 21:49:31
bdc8bc3e741cd4b7,,unknown,0,0,,1,,1.219263,0,,0,2026-05-31 21:49:31
bdcd1c1de4e961f1,,unknown,0,0,,6,1,1.154331,0,,0,2026-05-31 21:49:31
bdce21de0f119770,,unknown,0,0,,18,18,1.210878,0,,0,2026-05-31 21:49:31
bdd7a44008875278,,unknown,0,0,,,19,0.863294,0,,0,2026-05-31 21:49:31
bddf65e841cc9a9a,,unknown,0,0,,19,18,1.023622,0,,0,2026-05-31 21:49:31
bdee3356abc46d91,,unknown,0,0,,9,,1.105887,0,,0,2026-05-31 21:49:31
bdf9b5962fde9508,,unknown,0,0,,,19,1.059621,0,,0,2026-05-31 21:49:31
bdfa628763f9f13e,,unknown,0,0,,19,18,0.980285,0,,0,2026-05-31 21:49:31
bdfb9a1cdc485f2a,docs\documents-atlas-index.md#chunk-217,unknown,0,0,,8,3,1.081838,0,,0,2026-05-31 21:49:31
bdff05fe7bba64cb,,unknown,0,0,,18,18,1.102555,0,,0,2026-05-31 21:49:31
bdff9180d6eaef4e,,unknown,0,0,,11,8,1.12484,0,,0,2026-05-31 21:49:31
be0cc3160399df88,,unknown,0,0,,12,14,1.021519,0,,0,2026-05-31 21:49:31
be114c9c0f4b4a56,,unknown,0,0,,19,1,1.119405,0,,0,2026-05-31 21:49:31
be1ba15be0707283,,unknown,0,0,,19,18,1.129014,0,,0,2026-05-31 21:49:31
be1e035d0a1a7e33,,unknown,0,0,,19,19,1.143081,0,,0,2026-05-31 21:49:31
be240ed1a6f19c44,,unknown,0,0,,15,12,1.107702,0,,0,2026-05-31 21:49:31
be32f707b21387e0,,unknown,0,0,,18,19,0.99317,0,,0,2026-05-31 21:49:31
be3aeb78a748d7f5,,unknown,0,0,,19,12,1.109615,0,,0,2026-05-31 21:49:31
be3eb9c73edcbe86,,unknown,0,0,,17,,1.130349,0,,0,2026-05-31 21:49:31
be490aa45dbd409a,,unknown,0,0,,18,16,1.069766,0,,0,2026-05-31 21:49:31
be4adeee9d02e0b9,,unknown,0,0,,19,18,1.19821,0,,0,2026-05-31 21:49:31
be4eb76c21d040a8,,unknown,0,0,,18,19,0.937803,0,,0,2026-05-31 21:49:31
be530d46239ac712,,unknown,0,0,,18,11,1.01532,0,,0,2026-05-31 21:49:31
be57779633c64f22,,unknown,0,0,,18,19,0.880243,0,,0,2026-05-31 21:49:31
be5d3bf46f4e44b1,,unknown,0,0,,19,16,1.114302,0,,0,2026-05-31 21:49:31
be5da68b5b529b4d,,unknown,0,0,,13,19,0.956817,0,,0,2026-05-31 21:49:31
be5dd817576318f1,,unknown,0,0,,19,18,0.936277,0,,0,2026-05-31 21:49:31
be62e68d0c40e0a5,,unknown,0,0,,14,19,1.060224,0,,0,2026-05-31 21:49:31
be70a5bef625e672,,unknown,0,0,,18,12,1.062285,0,,0,2026-05-31 21:49:31
be75a9489f7daf47,,unknown,0,0,,1,19,0.981609,0,,0,2026-05-31 21:49:31
be769b9c15a99e65,,unknown,0,0,,18,19,1.019092,0,,0,2026-05-31 21:49:31
be77f8703ef12446,,unknown,0,0,,14,18,1.052386,0,,0,2026-05-31 21:49:31
be9251e0811f2d8f,,unknown,0,0,,18,16,0.974363,0,,0,2026-05-31 21:49:31
bea400512a904469,,unknown,0,0,,,19,0.968358,0,,0,2026-05-31 21:49:31
bea720ab02a86bc6,,unknown,0,0,,17,19,1.003175,0,,0,2026-05-31 21:49:31
bea758b53756f012,,unknown,0,0,,,15,0.981381,0,,0,2026-05-31 21:49:31
bea7a3bf9982dfc2,,unknown,0,0,,,16,1.059886,0,,0,2026-05-31 21:49:31
bebc0c4d656035a1,,unknown,0,0,,19,18,1.107986,0,,0,2026-05-31 21:49:31
bed24498200c9386,,unknown,0,0,,,19,1.066095,0,,0,2026-05-31 21:49:31
bed4452609b5ebce,,unknown,0,0,,19,19,0.92378,0,,0,2026-05-31 21:49:31
bedc4a6a08233972,,unknown,0,0,,3,,1.073843,0,,0,2026-05-31 21:49:31
bee1e4d460b296ac,,unknown,0,0,,17,18,0.981513,0,,0,2026-05-31 21:49:31
bef34f1b88447e89,,unknown,0,0,,3,9,1.012259,0,,0,2026-05-31 21:49:31
befc92de496adca0,,unknown,0,0,,18,18,1.142844,0,,0,2026-05-31 21:49:31
bf089e0db527e4ad,,unknown,0,0,,19,19,1.053389,0,,0,2026-05-31 21:49:31
bf0988385c89227a,docs\documents-atlas-index.md#chunk-451,unknown,0,0,,19,19,0.806409,0,,0,2026-05-31 21:49:31
bf16e29aa8a442b5,,unknown,0,0,,18,19,0.972173,0,,0,2026-05-31 21:49:31
bf1c08011226fe62,,unknown,0,0,,19,19,1.015277,0,,0,2026-05-31 21:49:31
bf1ce907941dd4b7,,unknown,0,0,,19,18,1.069109,0,,0,2026-05-31 21:49:31
bf207d27d9c3d55d,,unknown,0,0,,19,18,1.046818,0,,0,2026-05-31 21:49:31
bf20c5a1b4a6e11c,,unknown,0,0,,19,16,1.155429,0,,0,2026-05-31 21:49:31
bf279d0cbaab6ce3,,unknown,0,0,,15,,1.069933,0,,0,2026-05-31 21:49:31
bf2a6e701a85ecbe,,unknown,0,0,,19,19,0.996531,0,,0,2026-05-31 21:49:31
bf2b964cae70751c,docs\documents-atlas-index.md#chunk-62,unknown,0,0,,19,19,0.998578,0,,0,2026-05-31 21:49:31
bf3e6eb7330af60d,,unknown,0,0,,19,14,1.045939,0,,0,2026-05-31 21:49:31
bf401f6bf7ceb74e,,unknown,0,0,,19,14,1.13717,0,,0,2026-05-31 21:49:31
bf41e6111c855b14,,unknown,0,0,,5,19,0.911758,0,,0,2026-05-31 21:49:31
bf4241f3e5a69812,,unknown,0,0,,18,14,1.023709,0,,0,2026-05-31 21:49:31
bf45fb68b6dd5fd1,docs\documents-atlas-index.md#chunk-1243,unknown,0,0,,18,,1.066768,0,,0,2026-05-31 21:49:31
bf466b54705d2b15,,unknown,0,0,,19,,0.96923,0,,0,2026-05-31 21:49:31
bf4abf760307c71c,,unknown,0,0,,12,12,1.060476,0,,0,2026-05-31 21:49:31
bf5cb9470ace6db9,,unknown,0,0,,18,19,1.015667,0,,0,2026-05-31 21:49:31
bf64a2306b40f41f,,unknown,0,0,,1,19,0.905543,0,,0,2026-05-31 21:49:31
bf698e62bc2ef31b,,unknown,0,0,,17,7,1.085875,0,,0,2026-05-31 21:49:31
bf6df1a75bad1e08,,unknown,0,0,,17,,1.072869,0,,0,2026-05-31 21:49:31
bf7236449d939e93,docs\documents-atlas-index.md#chunk-1106,unknown,0,0,,19,19,0.902115,0,,0,2026-05-31 21:49:31
bf72ee510bf61f35,,unknown,0,0,,10,13,1.090101,0,,0,2026-05-31 21:49:31
bf74bf2438a0b6a2,,unknown,0,0,,19,18,1.085209,0,,0,2026-05-31 21:49:31
bf7d9d4db536c479,,unknown,0,0,,16,10,1.004431,0,,0,2026-05-31 21:49:31
bf80beeb4d8723ac,,unknown,0,0,,14,19,1.114187,0,,0,2026-05-31 21:49:31
bf83970f8a7f0e37,,unknown,0,0,,14,19,1.043887,0,,0,2026-05-31 21:49:31
bf896383e68637e2,,unknown,0,0,,19,17,0.839397,0,,0,2026-05-31 21:49:31
bf91afd2600853b6,,unknown,0,0,,19,16,1.00777,0,,0,2026-05-31 21:49:31
bf981cf800bf9d4f,docs\documents-atlas-index.md#chunk-934,unknown,0,0,,19,18,1.061309,0,,0,2026-05-31 21:49:31
bfadadf4d8a5a938,,unknown,0,0,,12,,1.0902,0,,0,2026-05-31 21:49:31
bfbb2f61fa3be997,,unknown,0,0,,11,2,1.099486,0,,0,2026-05-31 21:49:31
bfc0fabddebe6ec2,,unknown,0,0,,13,,1.228717,0,,0,2026-05-31 21:49:31
bfdbf51c77ba6730,,unknown,0,0,,19,18,1.199401,0,,0,2026-05-31 21:49:31
bfdd2980499a27d0,,unknown,0,0,,19,18,1.041788,0,,0,2026-05-31 21:49:31
bff4c63e53af6d94,,unknown,0,0,,,19,1.132684,0,,0,2026-05-31 21:49:31
bff55d3e17d2865d,,unknown,0,0,,3,,1.083895,0,,0,2026-05-31 21:49:31
bffbc0077b37d967,,unknown,0,0,,,17,0.911759,0,,0,2026-05-31 21:49:31
c0135a93ecacd7f0,,unknown,0,0,,19,7,1.07118,0,,0,2026-05-31 21:49:31
c0338527f0071c2c,docs\documents-atlas-index.md#chunk-835,unknown,0,0,,11,16,0.971386,0,,0,2026-05-31 21:49:31
c03c7a007b62ab54,,unknown,0,0,,11,11,1.046143,0,,0,2026-05-31 21:49:31
c0416b42b45ea8bd,,unknown,0,0,,19,8,1.067577,0,,0,2026-05-31 21:49:31
c04bcb3763cf4f75,,unknown,0,0,,18,,0.954187,0,,0,2026-05-31 21:49:31
c04cd0875b37ade1,docs\documents-atlas-index.md#chunk-653,unknown,0,0,,11,16,1.094067,0,,0,2026-05-31 21:49:31
c04d1f8e7c519924,,unknown,0,0,,5,1,1.070723,0,,0,2026-05-31 21:49:31
c0526be5c6955cca,,unknown,0,0,,19,18,1.020665,0,,0,2026-05-31 21:49:31
c054e66e52f53f04,,unknown,0,0,,10,15,0.99583,0,,0,2026-05-31 21:49:31
c05bbd1055fe3faf,,unknown,0,0,,17,,1.094465,0,,0,2026-05-31 21:49:31
c05f3ca151a84d4d,docs\documents-atlas-index.md#chunk-500,unknown,0,0,,12,13,1.0455,0,,0,2026-05-31 21:49:31
c06128d6fac03b03,,unknown,0,0,,12,13,1.054759,0,,0,2026-05-31 21:49:31
c06d46ac0f2322e5,,unknown,0,0,,16,19,1.121536,0,,0,2026-05-31 21:49:31
c088ea0ddca1a2e2,,unknown,0,0,,11,12,1.165844,0,,0,2026-05-31 21:49:31
c08bb1298fee02fe,,unknown,0,0,,15,19,1.118594,0,,0,2026-05-31 21:49:31
c09042e8bf4439e3,,unknown,0,0,,19,13,1.091115,0,,0,2026-05-31 21:49:31
c0a29688947f9959,,unknown,0,0,,,,0.927507,0,,0,2026-05-31 21:49:31
c0a9ea64bd373f34,,unknown,0,0,,4,10,0.930126,0,,0,2026-05-31 21:49:31
c0b3afab4df89500,,unknown,0,0,,8,13,1.129017,0,,0,2026-05-31 21:49:31
c0cf279dca19a1b4,,unknown,0,0,,,3,1.148655,0,,0,2026-05-31 21:49:31
c0d6cf0e16743ab9,,unknown,0,0,,8,14,1.058718,0,,0,2026-05-31 21:49:31
c0dad8e130ae0b79,,unknown,0,0,,9,13,1.100426,0,,0,2026-05-31 21:49:31
c0db56b9684e7276,,unknown,0,0,,19,7,1.067427,0,,0,2026-05-31 21:49:31
c0dbda3818c670a6,docs\documents-atlas-index.md#chunk-1238,unknown,0,0,,6,,1.151661,0,,0,2026-05-31 21:49:31
c0e86d47c7062870,,unknown,0,0,,3,7,0.858257,0,,0,2026-05-31 21:49:31
c0ee9c16ad1ba2bf,,unknown,0,0,,8,3,1.253578,0,,0,2026-05-31 21:49:31
c0f2f09c5ac7d24e,,unknown,0,0,,3,18,1.051945,0,,0,2026-05-31 21:49:31
c0f7e0e9a7b870d9,,unknown,0,0,,10,14,1.182358,0,,0,2026-05-31 21:49:31
c0fa84e31ab631aa,docs\documents-atlas-index.md#chunk-537,unknown,0,0,,17,18,1.021292,0,,0,2026-05-31 21:49:31
c0fff01c71acb50b,,unknown,0,0,,,19,1.246006,0,,0,2026-05-31 21:49:31
c1064e19c619de9a,,unknown,0,0,,10,11,0.908662,0,,0,2026-05-31 21:49:31
c108af60cb76b42e,,unknown,0,0,,10,12,1.074542,0,,0,2026-05-31 21:49:31
c11636a9c9401399,docs\documents-atlas-index.md#chunk-461,unknown,0,0,,18,12,0.933695,0,,0,2026-05-31 21:49:31
c128a72ea2930c29,,unknown,0,0,,10,16,0.967306,0,,0,2026-05-31 21:49:31
c1366cf73867460b,,unknown,0,0,,16,14,0.965151,0,,0,2026-05-31 21:49:31
c141b7d471a62524,docs\documents-atlas-index.md#chunk-254,unknown,0,0,,12,14,1.010022,0,,0,2026-05-31 21:49:31
c1465d2e8aae5d64,docs\documents-atlas-index.md#chunk-705,unknown,0,0,,19,5,1.124801,0,,0,2026-05-31 21:49:31
c148dc32b3aad496,,unknown,0,0,,19,6,1.009352,0,,0,2026-05-31 21:49:31
c14e0f1eaa112d6b,,unknown,0,0,,10,6,1.08568,0,,0,2026-05-31 21:49:31
c153014f60fb4f19,,unknown,0,0,,12,14,1.065996,0,,0,2026-05-31 21:49:31
c16cafe5c4bc628e,,unknown,0,0,,12,,1.077206,0,,0,2026-05-31 21:49:31
c16ed3fcab891ddb,,unknown,0,0,,12,19,1.006549,0,,0,2026-05-31 21:49:31
c174e12f053b9115,,unknown,0,0,,19,6,1.026083,0,,0,2026-05-31 21:49:31
c175325f46d97d0e,,unknown,0,0,,13,19,0.873102,0,,0,2026-05-31 21:49:31
c17eff08333b7f8a,,unknown,0,0,,18,,1.014961,0,,0,2026-05-31 21:49:31
c1895809cec94d75,,unknown,0,0,,11,12,0.965838,0,,0,2026-05-31 21:49:31
c18cf7bd7cf0caab,,unknown,0,0,,14,19,1.051676,0,,0,2026-05-31 21:49:31
c192af879be7823f,docs\documents-atlas-index.md#chunk-747,unknown,0,0,,10,13,1.026356,0,,0,2026-05-31 21:49:31
c1958ee23b5ddd37,,unknown,0,0,,19,7,1.062593,0,,0,2026-05-31 21:49:31
c1985eeabcc917b3,,unknown,0,0,,15,12,1.171502,0,,0,2026-05-31 21:49:31
c19f878f9b3ef07d,,unknown,0,0,,19,8,1.065479,0,,0,2026-05-31 21:49:31
c1a001901310a182,docs\documents-atlas-index.md#chunk-484,unknown,0,0,,,15,1.036402,0,,0,2026-05-31 21:49:31
c1a1975efdb07d96,,unknown,0,0,,1,7,1.020432,0,,0,2026-05-31 21:49:31
c1a36e93972ab2f1,,unknown,0,0,,,,1.012539,0,,0,2026-05-31 21:49:31
c1aa3e5cdfe60765,,unknown,0,0,,6,1,0.976314,0,,0,2026-05-31 21:49:31
c1b7b10c58ef46e1,,unknown,0,0,,12,18,1.152029,0,,0,2026-05-31 21:49:31
c1b8c1ccca806527,,unknown,0,0,,1,14,1.095251,0,,0,2026-05-31 21:49:31
c1cbd5c276994439,,unknown,0,0,,,19,0.96546,0,,0,2026-05-31 21:49:31
c1d9fdb561326981,docs\documents-atlas-index.md#chunk-154,unknown,0,0,,,12,0.986338,0,,0,2026-05-31 21:49:31
c1dc2bee44763a3c,,unknown,0,0,,8,10,1.109009,0,,0,2026-05-31 21:49:31
c1e415d951445af3,,unknown,0,0,,13,16,1.091177,0,,0,2026-05-31 21:49:31
c1e60723e5c5b5e7,,unknown,0,0,,19,12,1.085871,0,,0,2026-05-31 21:49:31
c1e6ca9443421a1a,,unknown,0,0,,6,15,0.913153,0,,0,2026-05-31 21:49:31
c1e8da220ce46f42,,unknown,0,0,,7,13,1.051383,0,,0,2026-05-31 21:49:31
c200ffc53f21001b,,unknown,0,0,,10,18,1.132208,0,,0,2026-05-31 21:49:31
c212cb98ea158a3f,docs\documents-atlas-index.md#chunk-237,unknown,0,0,,8,15,0.955002,0,,0,2026-05-31 21:49:31
c217b94827cd16b5,,unknown,0,0,,15,18,1.037018,0,,0,2026-05-31 21:49:31
c21faa09150ab9a7,,unknown,0,0,,19,6,1.034359,0,,0,2026-05-31 21:49:31
c21fb3d25886bc08,,unknown,0,0,,11,13,1.032738,0,,0,2026-05-31 21:49:31
c234e89fb8a60c7c,,unknown,0,0,,12,19,0.936113,0,,0,2026-05-31 21:49:31
c236a16b0c2e72ee,,unknown,0,0,,12,19,0.977647,0,,0,2026-05-31 21:49:31
c2396f2d37e459a4,docs\documents-atlas-index.md#chunk-617,unknown,0,0,,17,19,1.034288,0,,0,2026-05-31 21:49:31
c23f70b1a7e38aa3,,unknown,0,0,,19,18,0.984315,0,,0,2026-05-31 21:49:31
c23f8cba703e27de,,unknown,0,0,,19,16,1.057289,0,,0,2026-05-31 21:49:31
c24a2cbacdbe5530,,unknown,0,0,,13,,1.104154,0,,0,2026-05-31 21:49:31
c25719957ebfc0a7,,unknown,0,0,,19,9,1.01087,0,,0,2026-05-31 21:49:31
c2663ed57b2c1520,docs\documents-atlas-index.md#chunk-1119,unknown,0,0,,19,7,1.026699,0,,0,2026-05-31 21:49:31
c27f6fc484182d33,docs\documents-atlas-index.md#chunk-184,unknown,0,0,,13,12,0.99043,0,,0,2026-05-31 21:49:31
c28d0260aeb7b2af,docs\documents-atlas-index.md#chunk-1044,unknown,0,0,,19,19,1.06137,0,,0,2026-05-31 21:49:31
c2924f4f65a8a1a7,,unknown,0,0,,19,12,1.054724,0,,0,2026-05-31 21:49:31
c2962cfcf303723e,,unknown,0,0,,15,11,1.083574,0,,0,2026-05-31 21:49:31
c29935b11c50b4c8,,unknown,0,0,,19,13,1.006395,0,,0,2026-05-31 21:49:31
c29a455d9823d923,,unknown,0,0,,19,11,0.952954,0,,0,2026-05-31 21:49:31
c2b0b1421c53d2f9,,unknown,0,0,,1,19,0.96075,0,,0,2026-05-31 21:49:31
c2be9f5aaeee3f6b,,unknown,0,0,,9,1,1.114011,0,,0,2026-05-31 21:49:31
c2c08eaf454e6796,,unknown,0,0,,,,1.097319,0,,0,2026-05-31 21:49:31
c2c0fe642ea34ba6,,unknown,0,0,,9,13,1.07563,0,,0,2026-05-31 21:49:31
c2c46196fe9a2d93,,unknown,0,0,,1,7,1.029593,0,,0,2026-05-31 21:49:31
c2c7269045f97dcc,docs\documents-atlas-index.md#chunk-1009,unknown,0,0,,16,19,0.963835,0,,0,2026-05-31 21:49:31
c2c88262f1af83ed,,unknown,0,0,,19,18,1.085086,0,,0,2026-05-31 21:49:31
c2cbf1871479a8e9,,unknown,0,0,,1,19,1.034373,0,,0,2026-05-31 21:49:31
c2d34ce3c5ba0967,docs\documents-atlas-index.md#chunk-539,unknown,0,0,,10,8,1.015346,0,,0,2026-05-31 21:49:31
c2d9a4c9e71919b7,,unknown,0,0,,5,15,1.077799,0,,0,2026-05-31 21:49:31
c2e56b1b085e1c27,docs\documents-atlas-index.md#chunk-965,unknown,0,0,,2,,1.056714,0,,0,2026-05-31 21:49:31
c2e77454ec7f7ca8,,unknown,0,0,,19,5,1.059989,0,,0,2026-05-31 21:49:31
c2eb339eba59ceec,,unknown,0,0,,13,19,1.132216,0,,0,2026-05-31 21:49:31
c2ef537d0a4b234d,,unknown,0,0,,2,,1.102519,0,,0,2026-05-31 21:49:31
c2f5ce687e1f0e3a,,unknown,0,0,,2,18,1.09045,0,,0,2026-05-31 21:49:31
c2f5f32d1ccde575,,unknown,0,0,,1,17,1.13198,0,,0,2026-05-31 21:49:31
c2fbc7c3c1882d82,docs\documents-atlas-index.md#chunk-100,unknown,0,0,,6,12,1.035761,0,,0,2026-05-31 21:49:31
c2fca94e29b72897,,unknown,0,0,,5,,1.071142,0,,0,2026-05-31 21:49:31
c30f5ca7a83cd5ac,,unknown,0,0,,19,12,1.058158,0,,0,2026-05-31 21:49:31
c318a31b15771f99,,unknown,0,0,,10,17,0.912438,0,,0,2026-05-31 21:49:31
c319ae5f8091bf0d,,unknown,0,0,,9,14,0.959304,0,,0,2026-05-31 21:49:31
c3209b940058b8d5,,unknown,0,0,,19,12,0.977716,0,,0,2026-05-31 21:49:31
c321f3f77ba34189,,unknown,0,0,,12,16,1.02529,0,,0,2026-05-31 21:49:31
c3232115385e7b67,docs\documents-atlas-index.md#chunk-1259,unknown,0,0,,19,6,0.964774,0,,0,2026-05-31 21:49:31
c32964f1437a3bb7,,unknown,0,0,,19,14,0.972369,0,,0,2026-05-31 21:49:31
c33964faf90e9a44,,unknown,0,0,,19,8,0.982485,0,,0,2026-05-31 21:49:31
c3445d60546cc5b7,,unknown,0,0,,19,12,0.967568,0,,0,2026-05-31 21:49:31
c34c4ea65f3d118f,,unknown,0,0,,19,5,1.164237,0,,0,2026-05-31 21:49:31
c351d927e4587cd2,docs\documents-atlas-index.md#chunk-1274,unknown,0,0,,10,17,0.895161,0,,0,2026-05-31 21:49:31
c35970fcfa694e3f,,unknown,0,0,,12,19,0.966384,0,,0,2026-05-31 21:49:31
c35ad275be422776,,unknown,0,0,,19,6,1.014944,0,,0,2026-05-31 21:49:31
c36850466b335180,,unknown,0,0,,13,14,0.97657,0,,0,2026-05-31 21:49:31
c3729f45d4a5170e,,unknown,0,0,,11,10,1.002133,0,,0,2026-05-31 21:49:31
c380b0512dd6d75c,,unknown,0,0,,10,15,1.017885,0,,0,2026-05-31 21:49:31
c38bc38bc8d9f7b9,,unknown,0,0,,13,13,1.10758,0,,0,2026-05-31 21:49:31
c38cd13cb013d58b,,unknown,0,0,,11,15,1.08325,0,,0,2026-05-31 21:49:31
c39125d2e80286f9,,unknown,0,0,,19,13,0.997554,0,,0,2026-05-31 21:49:31
c391d56f27f888d0,,unknown,0,0,,12,18,0.913444,0,,0,2026-05-31 21:49:31
c3941ddecf19d253,,unknown,0,0,,16,10,1.122382,0,,0,2026-05-31 21:49:31
c3947b729648c2c4,docs\documents-atlas-index.md#chunk-1167,unknown,0,0,,19,12,0.928746,0,,0,2026-05-31 21:49:31
c39b875f1b6cafaa,,unknown,0,0,,14,19,1.070564,0,,0,2026-05-31 21:49:31
c39f2849477ddf0a,,unknown,0,0,,14,13,1.014429,0,,0,2026-05-31 21:49:31
c3a0b5b216211233,docs\documents-atlas-index.md#chunk-1205,unknown,0,0,,2,18,0.926222,0,,0,2026-05-31 21:49:31
c3a3b0bff8d3d82b,,unknown,0,0,,1,16,1.118218,0,,0,2026-05-31 21:49:31
c3b832ce5d4e8e4d,,unknown,0,0,,3,18,1.139993,0,,0,2026-05-31 21:49:31
c3b881aec84faf97,docs\documents-atlas-index.md#chunk-126,unknown,0,0,,,11,1.090483,0,,0,2026-05-31 21:49:31
c3be4c7bb3666e23,docs\documents-atlas-index.md#chunk-554,unknown,0,0,,6,5,0.925519,0,,0,2026-05-31 21:49:31
c3c151cf56c38e8a,,unknown,0,0,,13,19,0.972102,0,,0,2026-05-31 21:49:31
c3cdd96bd84d17e2,,unknown,0,0,,19,5,1.159861,0,,0,2026-05-31 21:49:31
c3db2d8b5e6e76ac,,unknown,0,0,,4,,1.15417,0,,0,2026-05-31 21:49:31
c3de1a4143029ed1,,unknown,0,0,,5,4,1.054961,0,,0,2026-05-31 21:49:31
c3e08d242f1cc34e,,unknown,0,0,,,,1.087733,0,,0,2026-05-31 21:49:31
c3e2004e30dfe90b,,unknown,0,0,,14,15,1.193127,0,,0,2026-05-31 21:49:31
c3f7fbdb3b74e4e0,docs\documents-atlas-index.md#chunk-1147,unknown,0,0,,1,13,1.116092,0,,0,2026-05-31 21:49:31
c40254635e1904cd,,unknown,0,0,,12,19,0.856443,0,,0,2026-05-31 21:49:31
c4109de5d1974772,,unknown,0,0,,18,10,1.012183,0,,0,2026-05-31 21:49:31
c41580d32430a065,,unknown,0,0,,19,12,1.004079,0,,0,2026-05-31 21:49:31
c417ab925685c80e,docs\documents-atlas-index.md#chunk-673,unknown,0,0,,10,13,0.903596,0,,0,2026-05-31 21:49:31
c4187b6a18d419f7,,unknown,0,0,,17,19,0.92955,0,,0,2026-05-31 21:49:31
c41faeeba67b1f42,,unknown,0,0,,16,,1.101719,0,,0,2026-05-31 21:49:31
c42713098b9945bf,,unknown,0,0,,14,19,0.832499,0,,0,2026-05-31 21:49:31
c427bd1187736470,,unknown,0,0,,10,13,0.989874,0,,0,2026-05-31 21:49:31
c4338befe817a679,,unknown,0,0,,16,11,1.029743,0,,0,2026-05-31 21:49:31
c45608459d24267a,,unknown,0,0,,12,19,0.897789,0,,0,2026-05-31 21:49:31
c45a94bde22f46a6,docs\documents-atlas-index.md#chunk-1054,unknown,0,0,,19,13,1.055288,0,,0,2026-05-31 21:49:31
c45ab2c076d2c764,,unknown,0,0,,13,13,1.017013,0,,0,2026-05-31 21:49:31
c45e2b16e5da53bc,,unknown,0,0,,19,18,1.053559,0,,0,2026-05-31 21:49:31
c462536b8fef802f,,unknown,0,0,,14,19,1.108014,0,,0,2026-05-31 21:49:31
c4648958a7aa3412,,unknown,0,0,,19,7,0.94786,0,,0,2026-05-31 21:49:31
c474c7a074792768,,unknown,0,0,,11,15,0.923711,0,,0,2026-05-31 21:49:31
c47a09ed278fcdde,,unknown,0,0,,19,15,1.07434,0,,0,2026-05-31 21:49:31
c48091d01dc8f911,,unknown,0,0,,19,12,1.078424,0,,0,2026-05-31 21:49:31
c489ff363c250f14,,unknown,0,0,,9,14,0.993848,0,,0,2026-05-31 21:49:31
c48a8c5c6356073a,,unknown,0,0,,19,18,1.075911,0,,0,2026-05-31 21:49:31
c48fc277eaad001f,,unknown,0,0,,14,2,1.027283,0,,0,2026-05-31 21:49:31
c4923b645514a3ba,,unknown,0,0,,19,17,0.992732,0,,0,2026-05-31 21:49:31
c494b7912cff0d7e,,unknown,0,0,,11,18,0.993375,0,,0,2026-05-31 21:49:31
c496423bf7d4aa7b,,unknown,0,0,,12,14,0.962666,0,,0,2026-05-31 21:49:31
c497c53be0cc672f,,unknown,0,0,,12,16,1.069248,0,,0,2026-05-31 21:49:31
c4a02b7e0d41b7b3,docs\documents-atlas-index.md#chunk-892,unknown,0,0,,,,1.021588,0,,0,2026-05-31 21:49:31
c4a1be13c3388382,,unknown,0,0,,4,9,1.008336,0,,0,2026-05-31 21:49:31
c4af1683f65e99a1,,unknown,0,0,,19,7,1.059907,0,,0,2026-05-31 21:49:31
c4b42964fbca8dbc,docs\documents-atlas-index.md#chunk-883,unknown,0,0,,13,19,1.138328,0,,0,2026-05-31 21:49:31
c4c67947ddf2a102,,unknown,0,0,,,4,1.009647,0,,0,2026-05-31 21:49:31
c4c77a60c35dcfaa,,unknown,0,0,,9,8,1.066621,0,,0,2026-05-31 21:49:31
c4c7e80ae72e6691,,unknown,0,0,,19,6,1.12233,0,,0,2026-05-31 21:49:31
c4cf701bfc066efb,,unknown,0,0,,12,19,1.092186,0,,0,2026-05-31 21:49:31
c4cffe17fe4f5f46,,unknown,0,0,,11,2,1.064192,0,,0,2026-05-31 21:49:31
c4d34ae53d64af1e,,unknown,0,0,,1,13,0.974219,0,,0,2026-05-31 21:49:31
c4d88e015558e0a9,,unknown,0,0,,,1,0.981239,0,,0,2026-05-31 21:49:31
c4da0ba13cb96e58,,unknown,0,0,,8,,1.066466,0,,0,2026-05-31 21:49:31
c4db63468808765d,,unknown,0,0,,,19,0.962304,0,,0,2026-05-31 21:49:31
c4dd30cab4c6702f,docs\documents-atlas-index.md#chunk-207,unknown,0,0,,17,18,1.139913,0,,0,2026-05-31 21:49:31
c4e55a4c94332063,,unknown,0,0,,2,1,0.927374,0,,0,2026-05-31 21:49:31
c4edb94d05e3733b,,unknown,0,0,,9,15,1.126617,0,,0,2026-05-31 21:49:31
c4f259d113a30ab1,docs\documents-atlas-index.md#chunk-416,unknown,0,0,,15,18,1.1183,0,,0,2026-05-31 21:49:31
c4f659e09d345175,,unknown,0,0,,,15,1.000705,0,,0,2026-05-31 21:49:31
c4f66308c05edbc6,,unknown,0,0,,3,10,1.104096,0,,0,2026-05-31 21:49:31
c4fc1a51f2e71aff,,unknown,0,0,,9,4,1.122366,0,,0,2026-05-31 21:49:31
c50cf712ab2bd379,,unknown,0,0,,19,6,0.946839,0,,0,2026-05-31 21:49:31
c50ffae95275b755,,unknown,0,0,,18,11,1.062049,0,,0,2026-05-31 21:49:31
c519737f30864635,,unknown,0,0,,14,15,0.908923,0,,0,2026-05-31 21:49:31
c51c3c7f494109e6,,unknown,0,0,,19,18,0.986514,0,,0,2026-05-31 21:49:31
c51d088f1e4eb914,,unknown,0,0,,19,8,1.117645,0,,0,2026-05-31 21:49:31
c522854961d36137,,unknown,0,0,,13,14,1.002169,0,,0,2026-05-31 21:49:31
c52b4fd9522f8bb2,,unknown,0,0,,19,,1.001093,0,,0,2026-05-31 21:49:31
c53fa0e52f138f97,,unknown,0,0,,9,15,1.072277,0,,0,2026-05-31 21:49:31
c54252e17c4ac830,,unknown,0,0,,19,8,1.033039,0,,0,2026-05-31 21:49:31
c54704548f5c43a3,,unknown,0,0,,19,7,1.016316,0,,0,2026-05-31 21:49:31
c54dbd5d8a3ef439,docs\documents-atlas-index.md#chunk-1290,unknown,0,0,,19,5,1.085247,0,,0,2026-05-31 21:49:31
c5500d25760951e8,,unknown,0,0,,19,16,0.977606,0,,0,2026-05-31 21:49:31
c55ac1a6fd2dac7c,,unknown,0,0,,19,6,1.086905,0,,0,2026-05-31 21:49:31
c567c9fc5a7e32d1,,unknown,0,0,,13,18,1.056603,0,,0,2026-05-31 21:49:31
c57f2dee4453be96,,unknown,0,0,,15,12,1.042038,0,,0,2026-05-31 21:49:31
c581f49e0d6af020,docs\documents-atlas-index.md#chunk-1024,unknown,0,0,,19,6,1.073486,0,,0,2026-05-31 21:49:31
c58a155821417f2e,,unknown,0,0,,12,16,0.957085,0,,0,2026-05-31 21:49:31
c58da908b9012243,,unknown,0,0,,19,6,1.004079,0,,0,2026-05-31 21:49:31
c58e6d134a4de28d,,unknown,0,0,,19,6,1.050385,0,,0,2026-05-31 21:49:31
c59044c3ea2625e4,docs\documents-atlas-index.md#chunk-942,unknown,0,0,,19,10,1.032241,0,,0,2026-05-31 21:49:31
c5920609058ec0e8,,unknown,0,0,,19,13,0.962302,0,,0,2026-05-31 21:49:31
c5b053ae5c3418dc,docs\documents-atlas-index.md#chunk-767,unknown,0,0,,14,19,1.00822,0,,0,2026-05-31 21:49:31
c5b0725e72a67a39,,unknown,0,0,,10,14,0.949412,0,,0,2026-05-31 21:49:31
c5bd7689a5597057,,unknown,0,0,,4,6,0.951247,0,,0,2026-05-31 21:49:31
c5c53757bfaa2353,,unknown,0,0,,,,0.983197,0,,0,2026-05-31 21:49:31
c5d3e7eff58bd0b9,,unknown,0,0,,19,7,1.184846,0,,0,2026-05-31 21:49:31
c5de0addf44e431f,docs\documents-atlas-index.md#chunk-1198,unknown,0,0,,8,5,1.161159,0,,0,2026-05-31 21:49:31
c5e52d39caf0beac,,unknown,0,0,,3,9,1.159618,0,,0,2026-05-31 21:49:31
c5edd49246d8c50a,,unknown,0,0,,,17,1.019699,0,,0,2026-05-31 21:49:31
c5ee7af51943a5a8,,unknown,0,0,,,12,1.075822,0,,0,2026-05-31 21:49:31
c602c25a9bfeedd0,,unknown,0,0,,12,16,1.161543,0,,0,2026-05-31 21:49:31
c60555a029ce7288,,unknown,0,0,,19,14,0.963,0,,0,2026-05-31 21:49:31
c60b34144e43e7f0,,unknown,0,0,,19,19,0.98202,0,,0,2026-05-31 21:49:31
c617e026491a0ec2,,unknown,0,0,,11,19,0.930025,0,,0,2026-05-31 21:49:31
c61c4aebf84d43e3,docs\documents-atlas-index.md#chunk-880,unknown,0,0,,18,9,1.091232,0,,0,2026-05-31 21:49:31
c621c6752d5b0fc4,,unknown,0,0,,11,18,0.992059,0,,0,2026-05-31 21:49:31
c62797ca10935cbe,,unknown,0,0,,14,19,0.852529,0,,0,2026-05-31 21:49:31
c638fce2e1669091,docs\documents-atlas-index.md#chunk-1095,unknown,0,0,,19,7,1.112436,0,,0,2026-05-31 21:49:31
c63b74c232f546d0,,unknown,0,0,,19,18,0.967245,0,,0,2026-05-31 21:49:31
c64e7c1b54648340,,unknown,0,0,,14,12,1.081923,0,,0,2026-05-31 21:49:31
c64e7dbb7707c4bb,,unknown,0,0,,19,15,1.024205,0,,0,2026-05-31 21:49:31
c6500b2ef58045ce,,unknown,0,0,,19,19,1.032507,0,,0,2026-05-31 21:49:31
c659e6b36e1100a0,,unknown,0,0,,11,18,1.003708,0,,0,2026-05-31 21:49:31
c659f3f830f94053,,unknown,0,0,,13,14,0.968673,0,,0,2026-05-31 21:49:31
c66a0e221fdf5f2a,,unknown,0,0,,15,,1.105553,0,,0,2026-05-31 21:49:31
c66e279b34f66588,,unknown,0,0,,19,15,0.945802,0,,0,2026-05-31 21:49:31
c67dade82a977f16,docs\documents-atlas-index.md#chunk-368,unknown,0,0,,10,13,1.008541,0,,0,2026-05-31 21:49:31
c681c5529e55acef,,unknown,0,0,,8,19,0.938615,0,,0,2026-05-31 21:49:31
c6832a15a73a027b,,unknown,0,0,,19,7,0.985267,0,,0,2026-05-31 21:49:31
c6af09526e97ee32,,unknown,0,0,,2,12,0.92956,0,,0,2026-05-31 21:49:31
c6b5aab43e82966d,,unknown,0,0,,2,18,0.911371,0,,0,2026-05-31 21:49:31
c6c6345cd01272fb,,unknown,0,0,,16,19,1.034043,0,,0,2026-05-31 21:49:31
c6cae1d52cd5bcd0,,unknown,0,0,,,16,1.141431,0,,0,2026-05-31 21:49:31
c6d5222a603b6915,,unknown,0,0,,,,1.014662,0,,0,2026-05-31 21:49:31
c6df23fb612e4371,,unknown,0,0,,19,13,1.160331,0,,0,2026-05-31 21:49:31
c6e212ebd9721f28,,unknown,0,0,,,10,1.040915,0,,0,2026-05-31 21:49:31
c6e8754b5225a34f,,unknown,0,0,,1,17,0.947939,0,,0,2026-05-31 21:49:31
c6ea972db2925ad4,,unknown,0,0,,5,6,1.086119,0,,0,2026-05-31 21:49:31
c6ecf49b5e85f3ec,,unknown,0,0,,1,19,1.076683,0,,0,2026-05-31 21:49:31
c6ed1a4d80eef60f,docs\documents-atlas-index.md#chunk-873,unknown,0,0,,4,,1.165975,0,,0,2026-05-31 21:49:31
c6ed8cfc544b2447,,unknown,0,0,,5,1,1.142496,0,,0,2026-05-31 21:49:31
c6f1914399844aa2,,unknown,0,0,,7,17,0.918583,0,,0,2026-05-31 21:49:31
c6f1d0a37b9c3eac,,unknown,0,0,,5,19,1.051309,0,,0,2026-05-31 21:49:31
c700b6e886ac1a78,,unknown,0,0,,12,14,0.987717,0,,0,2026-05-31 21:49:31
c706c37f3a8814a6,,unknown,0,0,,11,19,0.951401,0,,0,2026-05-31 21:49:31
c70d92c6674e45d8,,unknown,0,0,,19,15,0.904349,0,,0,2026-05-31 21:49:31
c7120c5338048acc,,unknown,0,0,,19,19,0.929254,0,,0,2026-05-31 21:49:31
c7151b4f0741ec20,,unknown,0,0,,11,12,1.066938,0,,0,2026-05-31 21:49:31
c717652c24a09177,,unknown,0,0,,14,16,0.943371,0,,0,2026-05-31 21:49:31
c719ccfa08eabb66,,unknown,0,0,,12,13,1.044345,0,,0,2026-05-31 21:49:31
c72280f54a9ae8c8,,unknown,0,0,,19,13,0.966551,0,,0,2026-05-31 21:49:31
c74019d4d98818a6,,unknown,0,0,,19,13,0.909705,0,,0,2026-05-31 21:49:31
c7459d434517b5ea,,unknown,0,0,,19,17,0.937837,0,,0,2026-05-31 21:49:31
c747c044eda12d65,docs\documents-atlas-index.md#chunk-1163,unknown,0,0,,10,15,1.023485,0,,0,2026-05-31 21:49:31
c74a9740744cd105,,unknown,0,0,,19,8,0.902145,0,,0,2026-05-31 21:49:31
c74c4291f61ca711,docs\documents-atlas-index.md#chunk-523,unknown,0,0,,19,8,0.890443,0,,0,2026-05-31 21:49:31
c74f8581f50a7fc8,,unknown,0,0,,19,1,0.945914,0,,0,2026-05-31 21:49:31
c752a46ca266ae81,,unknown,0,0,,10,14,0.983389,0,,0,2026-05-31 21:49:31
c7537da2f37bf998,,unknown,0,0,,19,8,0.905024,0,,0,2026-05-31 21:49:31
c769e3dac6891c80,,unknown,0,0,,11,15,0.961029,0,,0,2026-05-31 21:49:31
c7830f96f51ea435,,unknown,0,0,,19,7,0.957007,0,,0,2026-05-31 21:49:31
c7890e0bad474e2f,,unknown,0,0,,9,8,1.060783,0,,0,2026-05-31 21:49:31
c79073608171f1e4,,unknown,0,0,,19,13,0.944754,0,,0,2026-05-31 21:49:31
c791ca9d9bc34380,,unknown,0,0,,10,14,1.077998,0,,0,2026-05-31 21:49:31
c79510c1357087c4,docs\documents-atlas-index.md#chunk-81,unknown,0,0,,19,16,0.878121,0,,0,2026-05-31 21:49:31
c79a3f8f7c7a7a50,,unknown,0,0,,19,5,1.052941,0,,0,2026-05-31 21:49:31
c79ab20ce46ff267,,unknown,0,0,,19,6,1.069945,0,,0,2026-05-31 21:49:31
c79f2f130c745902,,unknown,0,0,,5,,1.034858,0,,0,2026-05-31 21:49:31
c7a3731915247df1,docs\documents-atlas-index.md#chunk-516,unknown,0,0,,9,15,0.933952,0,,0,2026-05-31 21:49:31
c7a71e69b892aac3,,unknown,0,0,,3,9,0.920474,0,,0,2026-05-31 21:49:31
c7ae5294af15fa27,,unknown,0,0,,2,10,0.955974,0,,0,2026-05-31 21:49:31
c7c78476f3b5ed80,,unknown,0,0,,2,10,0.930149,0,,0,2026-05-31 21:49:31
c7c7d7efda3c29a8,,unknown,0,0,,19,5,1.15783,0,,0,2026-05-31 21:49:31
c7cd37209dd7eac1,docs\documents-atlas-index.md#chunk-871,unknown,0,0,,11,12,1.175643,0,,0,2026-05-31 21:49:31
c7d17140033a0a94,docs\documents-atlas-index.md#chunk-936,unknown,0,0,,9,13,1.068146,0,,0,2026-05-31 21:49:31
c7d4ca0a37567b4b,,unknown,0,0,,6,15,0.919255,0,,0,2026-05-31 21:49:31
c7d5574addca9455,,unknown,0,0,,,,0.982045,0,,0,2026-05-31 21:49:31
c7e1c37580bae07d,docs\documents-atlas-index.md#chunk-1250,unknown,0,0,,,19,1.076167,0,,0,2026-05-31 21:49:31
c7e2b5d8a0ed99b6,,unknown,0,0,,13,14,1.163724,0,,0,2026-05-31 21:49:31
c7ea4bd32016cde6,,unknown,0,0,,1,11,1.095714,0,,0,2026-05-31 21:49:31
c7ec86d7cde85d3c,,unknown,0,0,,10,1,1.126968,0,,0,2026-05-31 21:49:31
c7ec92de5963e08a,docs\documents-atlas-index.md#chunk-651,unknown,0,0,,,17,1.058803,0,,0,2026-05-31 21:49:31
c7ee93f673482335,,unknown,0,0,,,15,1.041943,0,,0,2026-05-31 21:49:31
c7f70ded0c1bea49,,unknown,0,0,,,10,1.172073,0,,0,2026-05-31 21:49:31
c7f81f5dac9987ff,,unknown,0,0,,3,3,1.086028,0,,0,2026-05-31 21:49:31
c7fdaac26e61283f,docs\documents-atlas-index.md#chunk-1118,unknown,0,0,,2,19,1.041612,0,,0,2026-05-31 21:49:31
c80d0b16c3dae89d,,unknown,0,0,,15,8,1.138415,0,,0,2026-05-31 21:49:31
c810342c20c9410e,,unknown,0,0,,16,19,0.963874,0,,0,2026-05-31 21:49:31
c8203e331843667e,,unknown,0,0,,12,14,1.028651,0,,0,2026-05-31 21:49:31
c82163c89b0907f9,,unknown,0,0,,17,19,0.91178,0,,0,2026-05-31 21:49:31
c825a1970c40512e,docs\documents-atlas-index.md#chunk-215,unknown,0,0,,9,19,0.87323,0,,0,2026-05-31 21:49:31
c829d6e2fcc66ee3,,unknown,0,0,,12,17,1.097231,0,,0,2026-05-31 21:49:31
c832a1d3d41403be,,unknown,0,0,,12,19,0.974422,0,,0,2026-05-31 21:49:31
c8334531c1a64c2f,,unknown,0,0,,11,14,0.969007,0,,0,2026-05-31 21:49:31
c83629600c19b75f,,unknown,0,0,,13,15,0.932873,0,,0,2026-05-31 21:49:31
c839991bf5fbd40a,docs\documents-atlas-index.md#chunk-1223,unknown,0,0,,19,8,1.068517,0,,0,2026-05-31 21:49:31
c839b3874ab5b45d,,unknown,0,0,,11,17,0.963982,0,,0,2026-05-31 21:49:31
c83a0288da807c37,,unknown,0,0,,11,11,1.011147,0,,0,2026-05-31 21:49:31
c83c724692a70c3d,,unknown,0,0,,17,19,0.857087,0,,0,2026-05-31 21:49:31
c84158c4d567535f,,unknown,0,0,,16,15,0.881171,0,,0,2026-05-31 21:49:31
c847b316c98154c3,,unknown,0,0,,11,18,0.925156,0,,0,2026-05-31 21:49:31
c84eede990ab9577,,unknown,0,0,,19,5,1.073959,0,,0,2026-05-31 21:49:31
c856cc5f04d674a9,,unknown,0,0,,12,16,0.98887,0,,0,2026-05-31 21:49:31
c858861423275904,,unknown,0,0,,12,14,0.884018,0,,0,2026-05-31 21:49:31
c8626a6e5e6d7502,,unknown,0,0,,19,5,1.009305,0,,0,2026-05-31 21:49:31
c868219fe9ea6300,,unknown,0,0,,19,8,1.025505,0,,0,2026-05-31 21:49:31
c86dea0a3f56d613,,unknown,0,0,,19,6,1.108124,0,,0,2026-05-31 21:49:31
c873f4ffbf813cdb,,unknown,0,0,,12,19,0.924319,0,,0,2026-05-31 21:49:31
c87cadd4faf7dcd5,,unknown,0,0,,13,,1.041306,0,,0,2026-05-31 21:49:31
c88dfd4164ab79d8,,unknown,0,0,,18,,1.000651,0,,0,2026-05-31 21:49:31
c88f6ca859a33a27,,unknown,0,0,,11,12,0.981466,0,,0,2026-05-31 21:49:31
c8905564f38f0395,,unknown,0,0,,19,7,0.889782,0,,0,2026-05-31 21:49:31
c890a186c4d054b2,,unknown,0,0,,13,17,0.969658,0,,0,2026-05-31 21:49:31
c8911a680569bf0b,,unknown,0,0,,10,13,0.978258,0,,0,2026-05-31 21:49:31
c894c05b39e7c9bb,,unknown,0,0,,14,19,0.903822,0,,0,2026-05-31 21:49:31
c8963f5beb13b1b6,,unknown,0,0,,19,10,1.045218,0,,0,2026-05-31 21:49:31
c8a685adc852cb57,,unknown,0,0,,,11,0.879867,0,,0,2026-05-31 21:49:31
c8aa8000db796ebd,,unknown,0,0,,13,19,1.055568,0,,0,2026-05-31 21:49:31
c8aaf7599e89bfce,,unknown,0,0,,1,19,0.966037,0,,0,2026-05-31 21:49:31
c8b23b2bd1f8e4a1,,unknown,0,0,,1,5,1.123669,0,,0,2026-05-31 21:49:31
c8b6086c39c29ca3,,unknown,0,0,,14,19,0.980952,0,,0,2026-05-31 21:49:31
c8ba6592eb222710,,unknown,0,0,,3,5,0.942609,0,,0,2026-05-31 21:49:31
c8bc5d446e6a78f1,,unknown,0,0,,2,,1.087263,0,,0,2026-05-31 21:49:31
c8bd92b2014284ac,,unknown,0,0,,19,17,1.01866,0,,0,2026-05-31 21:49:31
c8cc41afe46064e4,docs\documents-atlas-index.md#chunk-222,unknown,0,0,,19,18,1.130797,0,,0,2026-05-31 21:49:31
c8d05ef771c0d3f0,,unknown,0,0,,19,13,1.196549,0,,0,2026-05-31 21:49:31
c8d39ad103927833,,unknown,0,0,,,12,0.940079,0,,0,2026-05-31 21:49:31
c8da0e3d3d4a8395,,unknown,0,0,,2,,0.976928,0,,0,2026-05-31 21:49:31
c8e1d80c5f26fc9c,,unknown,0,0,,3,18,0.936438,0,,0,2026-05-31 21:49:31
c8e5475afae39c52,,unknown,0,0,,2,6,1.009151,0,,0,2026-05-31 21:49:31
c8eaee7de4c3c59b,,unknown,0,0,,7,9,1.14251,0,,0,2026-05-31 21:49:31
c8ee7e913c9ad5f4,docs\documents-atlas-index.md#chunk-119,unknown,0,0,,2,,1.130546,0,,0,2026-05-31 21:49:31
c8fd006d22dafb93,,unknown,0,0,,12,13,1.191109,0,,0,2026-05-31 21:49:31
c8ff69f2a56ec961,,unknown,0,0,,18,9,1.03385,0,,0,2026-05-31 21:49:31
c9066b5551f8a73a,,unknown,0,0,,13,13,0.963259,0,,0,2026-05-31 21:49:31
c91d480d26896e21,,unknown,0,0,,12,14,0.957619,0,,0,2026-05-31 21:49:31
c9270919c10954ec,,unknown,0,0,,19,17,0.812606,0,,0,2026-05-31 21:49:31
c9277ddafb5e7e9d,,unknown,0,0,,14,6,1.055473,0,,0,2026-05-31 21:49:31
c94191984b728581,,unknown,0,0,,13,15,0.944004,0,,0,2026-05-31 21:49:31
c94e70f7beef4b73,,unknown,0,0,,15,,1.065276,0,,0,2026-05-31 21:49:31
c955742c8abd94bc,,unknown,0,0,,15,19,0.970977,0,,0,2026-05-31 21:49:31
c9582de5dce99983,,unknown,0,0,,13,10,1.019885,0,,0,2026-05-31 21:49:31
c95fdd2bc029d02e,,unknown,0,0,,14,10,1.169327,0,,0,2026-05-31 21:49:31
c9679846617dbd10,,unknown,0,0,,19,8,0.927221,0,,0,2026-05-31 21:49:31
c967a7d151e81518,,unknown,0,0,,13,15,0.967531,0,,0,2026-05-31 21:49:31
c9687913475fcc2e,,unknown,0,0,,12,14,0.981634,0,,0,2026-05-31 21:49:31
c96b79214b20e99e,,unknown,0,0,,19,19,0.932667,0,,0,2026-05-31 21:49:31
c9706cb72cd4a0d2,,unknown,0,0,,19,13,1.039333,0,,0,2026-05-31 21:49:31
c972f2c7918932fb,,unknown,0,0,,15,19,0.871226,0,,0,2026-05-31 21:49:31
c974760ea9d79bda,,unknown,0,0,,14,19,0.793864,0,,0,2026-05-31 21:49:31
c97b92d926087713,,unknown,0,0,,19,14,0.881727,0,,0,2026-05-31 21:49:31
c97c4954daa523e1,docs\documents-atlas-index.md#chunk-828,unknown,0,0,,19,18,1.032983,0,,0,2026-05-31 21:49:31
c9918cfb5ac67c7c,,unknown,0,0,,14,19,1.030904,0,,0,2026-05-31 21:49:31
c99296602cb6ec3b,,unknown,0,0,,12,15,0.938891,0,,0,2026-05-31 21:49:31
c995e47aab618820,,unknown,0,0,,10,16,1.004769,0,,0,2026-05-31 21:49:31
c998d8e8ca6922db,,unknown,0,0,,12,19,0.892615,0,,0,2026-05-31 21:49:31
c9a1aff8db7f8566,,unknown,0,0,,2,10,1.031797,0,,0,2026-05-31 21:49:31
c9a2a4949f809584,,unknown,0,0,,1,18,0.8156,0,,0,2026-05-31 21:49:31
c9a9b66d4ed6aeac,,unknown,0,0,,6,19,0.96658,0,,0,2026-05-31 21:49:31
c9aa39c98d1a4f26,,unknown,0,0,,10,8,1.055231,0,,0,2026-05-31 21:49:31
c9b776ee301cbe7e,docs\documents-atlas-index.md#chunk-926,unknown,0,0,,,16,1.076634,0,,0,2026-05-31 21:49:31
c9c0979ba37a3fa5,,unknown,0,0,,12,14,1.071298,0,,0,2026-05-31 21:49:31
c9d91c86522b83cb,docs\documents-atlas-index.md#chunk-302,unknown,0,0,,19,18,1.06653,0,,0,2026-05-31 21:49:31
c9e50b68794d11da,docs\documents-atlas-index.md#chunk-821,unknown,0,0,,,,1.021149,0,,0,2026-05-31 21:49:31
c9e71ab2d19ed359,docs\documents-atlas-index.md#chunk-399,unknown,0,0,,1,9,1.003559,0,,0,2026-05-31 21:49:31
c9eed2feb8b02181,,unknown,0,0,,12,14,1.248391,0,,0,2026-05-31 21:49:31
c9ef90ee28b33cff,,unknown,0,0,,16,19,1.030129,0,,0,2026-05-31 21:49:31
c9f68046f5309007,docs\documents-atlas-index.md#chunk-50,unknown,0,0,,,6,0.930387,0,,0,2026-05-31 21:49:31
c9f6cb661aa226be,,unknown,0,0,,2,19,1.116793,0,,0,2026-05-31 21:49:31
ca0176aaa9a44825,,unknown,0,0,,17,14,0.989252,0,,0,2026-05-31 21:49:31
ca0dcbcfc5d846d1,,unknown,0,0,,19,18,1.111423,0,,0,2026-05-31 21:49:31
ca1b55668bba6b97,,unknown,0,0,,19,,0.964057,0,,0,2026-05-31 21:49:31
ca287965141573b5,,unknown,0,0,,19,17,0.76372,0,,0,2026-05-31 21:49:31
ca2b940ab000cc06,,unknown,0,0,,15,12,1.065645,0,,0,2026-05-31 21:49:31
ca37adf33c9e1efa,,unknown,0,0,,15,19,1.095894,0,,0,2026-05-31 21:49:31
ca41acaab70aaffd,,unknown,0,0,,13,16,1.201045,0,,0,2026-05-31 21:49:31
ca44d98d8c2c825e,,unknown,0,0,,13,19,1.02668,0,,0,2026-05-31 21:49:31
ca450e26cfaed2de,,unknown,0,0,,19,18,1.118708,0,,0,2026-05-31 21:49:31
ca4baf46caab9617,,unknown,0,0,,13,,1.008595,0,,0,2026-05-31 21:49:31
ca56e74ed8ce0f58,,unknown,0,0,,19,1,1.070075,0,,0,2026-05-31 21:49:31
ca5a43a4343e2f34,,unknown,0,0,,19,,0.992091,0,,0,2026-05-31 21:49:31
ca5af13f098fc6be,,unknown,0,0,,19,19,1.045722,0,,0,2026-05-31 21:49:31
ca687391ebb2aa33,,unknown,0,0,,13,13,1.050154,0,,0,2026-05-31 21:49:31
ca6e673ed4f14b04,,unknown,0,0,,18,19,1.076027,0,,0,2026-05-31 21:49:31
ca73ab0c1d3a746a,,unknown,0,0,,19,5,1.127043,0,,0,2026-05-31 21:49:31
ca77894638c17fea,,unknown,0,0,,19,19,0.709101,0,,0,2026-05-31 21:49:31
ca7dbbf9ae5be1e9,,unknown,0,0,,15,,1.102097,0,,0,2026-05-31 21:49:31
ca86bf65a760d410,,unknown,0,0,,2,11,1.032551,0,,0,2026-05-31 21:49:31
ca8f587b9dd09efa,,unknown,0,0,,19,19,0.862074,0,,0,2026-05-31 21:49:31
ca97de37b439b248,,unknown,0,0,,3,11,1.057634,0,,0,2026-05-31 21:49:31
caa2098f7f4f6017,docs\documents-atlas-index.md#chunk-257,unknown,0,0,,,,1.075217,0,,0,2026-05-31 21:49:31
caa386529f855aca,,unknown,0,0,,19,19,0.907022,0,,0,2026-05-31 21:49:31
caa80d8cf30a3ed6,,unknown,0,0,,5,7,1.131263,0,,0,2026-05-31 21:49:31
cac12c64550832b3,,unknown,0,0,,,,1.010042,0,,0,2026-05-31 21:49:31
cac56c60f51bf887,,unknown,0,0,,2,9,1.04379,0,,0,2026-05-31 21:49:31
cacf66c3c882fce6,,unknown,0,0,,1,12,1.068663,0,,0,2026-05-31 21:49:31
cad4401d79b9632a,docs\documents-atlas-index.md#chunk-1045,unknown,0,0,,16,19,0.97024,0,,0,2026-05-31 21:49:31
cad48fc31f35b5fa,docs\documents-atlas-index.md#chunk-1018,unknown,0,0,,,18,1.06231,0,,0,2026-05-31 21:49:31
cad4ade5132fe08b,,unknown,0,0,,,18,1.0865,0,,0,2026-05-31 21:49:31
cad57525af10ea76,,unknown,0,0,,2,11,0.923072,0,,0,2026-05-31 21:49:31
cad8dc0bd31fb520,,unknown,0,0,,2,11,1.172119,0,,0,2026-05-31 21:49:31
cadcd738daac14fb,,unknown,0,0,,12,,1.152045,0,,0,2026-05-31 21:49:31
cadf098a4ef68762,,unknown,0,0,,3,,1.10837,0,,0,2026-05-31 21:49:31
caecbe11fd94be2c,,unknown,0,0,,3,12,1.066096,0,,0,2026-05-31 21:49:31
caf2cdf7737fc4c5,,unknown,0,0,,,15,1.1904,0,,0,2026-05-31 21:49:31
cafa82fef70c2799,,unknown,0,0,,19,15,1.173611,0,,0,2026-05-31 21:49:31
cb11838c5fd2b786,,unknown,0,0,,19,19,0.987263,0,,0,2026-05-31 21:49:31
cb2e42847468cb2b,docs\documents-atlas-index.md#chunk-101,unknown,0,0,,19,19,0.866839,0,,0,2026-05-31 21:49:31
cb3603f4adb54d16,,unknown,0,0,,18,19,1.062964,0,,0,2026-05-31 21:49:31
cb36733b2e6ad879,,unknown,0,0,,19,8,1.020267,0,,0,2026-05-31 21:49:31
cb3aee705f30f47b,,unknown,0,0,,1,19,1.107828,0,,0,2026-05-31 21:49:31
cb4550176724c572,,unknown,0,0,,19,13,0.886418,0,,0,2026-05-31 21:49:31
cb49037daeeb618c,,unknown,0,0,,19,19,1.014348,0,,0,2026-05-31 21:49:31
cb545cd16e32eece,,unknown,0,0,,19,19,1.016886,0,,0,2026-05-31 21:49:31
cb593049251ab9ef,,unknown,0,0,,19,19,0.859545,0,,0,2026-05-31 21:49:31
cb5f92162aa54188,,unknown,0,0,,19,19,0.956794,0,,0,2026-05-31 21:49:31
cb6121b15b7a5c1a,,unknown,0,0,,16,19,0.989839,0,,0,2026-05-31 21:49:31
cb62006e60108370,docs\documents-atlas-index.md#chunk-1126,unknown,0,0,,19,19,0.964257,0,,0,2026-05-31 21:49:31
cb7d59a204594361,,unknown,0,0,,19,15,0.910183,0,,0,2026-05-31 21:49:31
cb7e315d75d13fcf,,unknown,0,0,,19,19,0.756528,0,,0,2026-05-31 21:49:31
cb89048d26480e6a,,unknown,0,0,,14,19,0.846835,0,,0,2026-05-31 21:49:31
cb8e9ee028c4ab66,,unknown,0,0,,19,14,1.062607,0,,0,2026-05-31 21:49:31
cb945633099ba0af,,unknown,0,0,,19,17,0.851558,0,,0,2026-05-31 21:49:31
cb9f137bceb54e80,,unknown,0,0,,19,19,1.099595,0,,0,2026-05-31 21:49:31
cba11a4a2df4ca37,,unknown,0,0,,1,,1.074614,0,,0,2026-05-31 21:49:31
cba3ec8f17179e34,,unknown,0,0,,3,15,0.977002,0,,0,2026-05-31 21:49:31
cba597c90c91bbaf,,unknown,0,0,,,18,0.906521,0,,0,2026-05-31 21:49:31
cbb73dd81a2b561a,,unknown,0,0,,,18,1.10891,0,,0,2026-05-31 21:49:31
cbb873e77b57074b,,unknown,0,0,,,19,0.932595,0,,0,2026-05-31 21:49:31
cbbf9030478835f6,,unknown,0,0,,19,18,0.90582,0,,0,2026-05-31 21:49:31
cbd4f08b4c699180,docs\documents-atlas-index.md#chunk-193,unknown,0,0,,1,18,0.929811,0,,0,2026-05-31 21:49:31
cbd5e85b42504b17,,unknown,0,0,,3,18,0.951522,0,,0,2026-05-31 21:49:31
cbd7f1ebdb36e7bd,,unknown,0,0,,,18,1.075178,0,,0,2026-05-31 21:49:31
cbe6ba8b6d04d7a3,docs\documents-atlas-index.md#chunk-712,unknown,0,0,,,16,1.036996,0,,0,2026-05-31 21:49:31
cbedd1d0275133a6,,unknown,0,0,,,19,1.06881,0,,0,2026-05-31 21:49:31
cbeeb35db468107e,,unknown,0,0,,,19,1.095143,0,,0,2026-05-31 21:49:31
cbef782fc8b9d95e,,unknown,0,0,,19,18,1.111712,0,,0,2026-05-31 21:49:31
cbf355b335b42c00,,unknown,0,0,,,19,1.091078,0,,0,2026-05-31 21:49:31
cbf8b47275864d22,,unknown,0,0,,,19,0.807867,0,,0,2026-05-31 21:49:31
cbfc76f16b2188fa,,unknown,0,0,,18,18,0.99642,0,,0,2026-05-31 21:49:31
cc1b199135a55d99,,unknown,0,0,,19,19,0.894383,0,,0,2026-05-31 21:49:31
cc1cae92543c93b6,,unknown,0,0,,19,,1.007005,0,,0,2026-05-31 21:49:31
cc1cbbb2de9b6d00,,unknown,0,0,,15,,0.97506,0,,0,2026-05-31 21:49:31
cc2210d928c419de,,unknown,0,0,,19,19,0.735497,0,,0,2026-05-31 21:49:31
cc348a28d05477b7,,unknown,0,0,,19,18,0.922037,0,,0,2026-05-31 21:49:31
cc3f1a19708f8ea8,,unknown,0,0,,19,,1.01638,0,,0,2026-05-31 21:49:31
cc4f2ba7cb3ae2b8,docs\documents-atlas-index.md#chunk-981,unknown,0,0,,18,11,1.071556,0,,0,2026-05-31 21:49:31
cc57f39a44102ef7,,unknown,0,0,,13,19,0.924158,0,,0,2026-05-31 21:49:31
cc729cbf3172a13c,,unknown,0,0,,17,15,1.05014,0,,0,2026-05-31 21:49:31
cc7d1041a400a31d,,unknown,0,0,,19,17,0.982592,0,,0,2026-05-31 21:49:31
cc8c96a5cb442e05,docs\CODEBASE_DIRECTORY_MAP.md#chunk-11,unknown,0,0,,15,11,1.007717,0,,0,2026-05-31 21:49:31
cc9072392f408a73,,unknown,0,0,,13,19,0.94146,0,,0,2026-05-31 21:49:31
cc9c6012b1e7687b,,unknown,0,0,,19,18,0.895176,0,,0,2026-05-31 21:49:31
cca9402017b993fa,,unknown,0,0,,19,19,0.925532,0,,0,2026-05-31 21:49:31
ccaa92c9443a975c,docs\documents-atlas-index.md#chunk-56,unknown,0,0,,18,16,0.959593,0,,0,2026-05-31 21:49:31
ccac09efd66833d6,,unknown,0,0,,19,18,1.06346,0,,0,2026-05-31 21:49:31
ccb0519f657900a6,,unknown,0,0,,18,18,1.003682,0,,0,2026-05-31 21:49:31
ccd14abbe39c4311,,unknown,0,0,,2,8,1.137999,0,,0,2026-05-31 21:49:31
ccd80f620f5edf55,,unknown,0,0,,2,11,1.060289,0,,0,2026-05-31 21:49:31
ccd95cb33f2c25ca,,unknown,0,0,,18,18,1.133864,0,,0,2026-05-31 21:49:31
ccd9dc0c7edb4e00,,unknown,0,0,,5,,1.159366,0,,0,2026-05-31 21:49:31
cce9900e889cb4d1,docs\documents-atlas-index.md#chunk-355,unknown,0,0,,19,15,1.055234,0,,0,2026-05-31 21:49:31
cced58f6ebdbcee2,,unknown,0,0,,13,,1.183052,0,,0,2026-05-31 21:49:31
ccf16e73f93fa915,,unknown,0,0,,2,9,1.023775,0,,0,2026-05-31 21:49:31
ccf17e9f241f905f,,unknown,0,0,,1,,1.119923,0,,0,2026-05-31 21:49:31
ccfe04f65b413b28,,unknown,0,0,,,19,1.086537,0,,0,2026-05-31 21:49:31
ccfe8a2b91bd2874,,unknown,0,0,,5,,1.116423,0,,0,2026-05-31 21:49:31
cd0207b72d954a5b,,unknown,0,0,,19,19,0.864018,0,,0,2026-05-31 21:49:31
cd080da56cdd3552,,unknown,0,0,,18,15,1.115182,0,,0,2026-05-31 21:49:31
cd11a945ea030d4c,,unknown,0,0,,7,19,0.920081,0,,0,2026-05-31 21:49:31
cd12c88a7e591cbb,,unknown,0,0,,12,19,0.771813,0,,0,2026-05-31 21:49:31
cd17920eaf6f9805,,unknown,0,0,,19,6,1.045393,0,,0,2026-05-31 21:49:31
cd1ac2e82b358876,,unknown,0,0,,18,19,1.052453,0,,0,2026-05-31 21:49:31
cd1b4ca58bea02f1,,unknown,0,0,,19,18,1.095529,0,,0,2026-05-31 21:49:31
cd1bb917f3cbe09a,,unknown,0,0,,19,18,1.043923,0,,0,2026-05-31 21:49:31
cd1ce4c94b2ba5e0,,unknown,0,0,,19,14,1.107588,0,,0,2026-05-31 21:49:31
cd1d039f72348478,,unknown,0,0,,19,19,0.913963,0,,0,2026-05-31 21:49:31
cd1dd4e7f75776d2,,unknown,0,0,,19,16,0.980789,0,,0,2026-05-31 21:49:31
cd3271ef4d34c929,,unknown,0,0,,18,14,1.043672,0,,0,2026-05-31 21:49:31
cd32dd0751571554,,unknown,0,0,,10,13,1.009078,0,,0,2026-05-31 21:49:31
cd33ad8d6b28a4ea,,unknown,0,0,,14,19,1.076894,0,,0,2026-05-31 21:49:31
cd342181966e2845,,unknown,0,0,,19,14,0.988327,0,,0,2026-05-31 21:49:31
cd34fbebf0ee25fa,,unknown,0,0,,19,18,1.168188,0,,0,2026-05-31 21:49:31
cd57159f7231165d,,unknown,0,0,,19,19,0.828083,0,,0,2026-05-31 21:49:31
cd5bbd78977bd99f,,unknown,0,0,,19,,1.05764,0,,0,2026-05-31 21:49:31
cd61d14d8d565117,,unknown,0,0,,11,18,0.977176,0,,0,2026-05-31 21:49:31
cd6c0ac8d9c318a9,,unknown,0,0,,19,18,0.977753,0,,0,2026-05-31 21:49:31
cd7a876cb4cbcbf4,,unknown,0,0,,19,18,1.075509,0,,0,2026-05-31 21:49:31
cd7cc1541f967301,docs\documents-atlas-index.md#chunk-58,unknown,0,0,,,19,1.058367,0,,0,2026-05-31 21:49:31
cd88f0bc296af32e,,unknown,0,0,,17,15,1.087305,0,,0,2026-05-31 21:49:31
cd8a1d74c5787b7c,,unknown,0,0,,19,18,0.945059,0,,0,2026-05-31 21:49:31
cd8a4144ddc4c249,,unknown,0,0,,19,12,1.052675,0,,0,2026-05-31 21:49:31
cd8d717ac6ff47d7,,unknown,0,0,,19,18,1.015163,0,,0,2026-05-31 21:49:31
cd909d6dd3ae9dbb,docs\documents-atlas-index.md#chunk-1142,unknown,0,0,,19,18,1.065214,0,,0,2026-05-31 21:49:31
cd90e1ccb95ec45e,,unknown,0,0,,17,15,1.132837,0,,0,2026-05-31 21:49:31
cdadd2f7e8cfdb70,,unknown,0,0,,13,,1.166912,0,,0,2026-05-31 21:49:31
cdb21211a2c41acb,,unknown,0,0,,19,19,1.022627,0,,0,2026-05-31 21:49:31
cdb47e7f9a717175,,unknown,0,0,,1,,1.003264,0,,0,2026-05-31 21:49:31
cdc092e0863aee83,,unknown,0,0,,,16,1.020293,0,,0,2026-05-31 21:49:31
cdc1808e808777e0,,unknown,0,0,,18,18,0.968002,0,,0,2026-05-31 21:49:31
cdc2a7a616d4e31a,,unknown,0,0,,,19,0.923182,0,,0,2026-05-31 21:49:31
cdc87d5cce0b4709,,unknown,0,0,,1,,1.085657,0,,0,2026-05-31 21:49:31
cdc9346c58b9b4f9,,unknown,0,0,,18,18,0.964262,0,,0,2026-05-31 21:49:31
cdd3867cfce3d263,,unknown,0,0,,1,10,1.121363,0,,0,2026-05-31 21:49:31
cdf03d905f4391d1,,unknown,0,0,,,,1.108075,0,,0,2026-05-31 21:49:31
cdf56b2fb81eca85,,unknown,0,0,,2,9,1.029178,0,,0,2026-05-31 21:49:31
cdf8a42d45583372,,unknown,0,0,,,19,1.007776,0,,0,2026-05-31 21:49:31
ce1406df4ce0e64b,,unknown,0,0,,19,19,1.008537,0,,0,2026-05-31 21:49:31
ce17e320a969a182,,unknown,0,0,,19,8,1.02252,0,,0,2026-05-31 21:49:31
ce197cb53dd1685d,,unknown,0,0,,19,19,0.989663,0,,0,2026-05-31 21:49:31
ce1c994178c6549f,,unknown,0,0,,19,19,0.815035,0,,0,2026-05-31 21:49:31
ce1f6d536de0f80e,,unknown,0,0,,19,19,1.080022,0,,0,2026-05-31 21:49:31
ce214ecccce743fd,,unknown,0,0,,19,19,1.063654,0,,0,2026-05-31 21:49:31
ce2438f0f9b1448c,docs\documents-atlas-index.md#chunk-1218,unknown,0,0,,18,17,0.949388,0,,0,2026-05-31 21:49:31
ce266b151eedf387,,unknown,0,0,,18,8,1.113765,0,,0,2026-05-31 21:49:31
ce2fa8f6dfa31b1f,docs\documents-atlas-index.md#chunk-80,unknown,0,0,,15,19,1.140292,0,,0,2026-05-31 21:49:31
ce349ab9794f8abb,docs\documents-atlas-index.md#chunk-78,unknown,0,0,,19,18,0.95478,0,,0,2026-05-31 21:49:31
ce3752b722a32f70,,unknown,0,0,,18,19,0.950665,0,,0,2026-05-31 21:49:31
ce3ed9de08ca4ad5,docs\documents-atlas-index.md#chunk-1002,unknown,0,0,,18,19,1.086711,0,,0,2026-05-31 21:49:31
ce3f5b76b76838dd,,unknown,0,0,,19,18,0.890935,0,,0,2026-05-31 21:49:31
ce457fc8efcd5ba8,docs\CODEBASE_DIRECTORY_MAP.md#chunk-21,unknown,0,0,,14,,1.091966,0,,0,2026-05-31 21:49:31
ce4766e542322cd2,docs\documents-atlas-index.md#chunk-49,unknown,0,0,,18,18,0.864597,0,,0,2026-05-31 21:49:31
ce5746d075ed1dad,,unknown,0,0,,18,19,0.869066,0,,0,2026-05-31 21:49:31
ce63662c7d1dcb62,,unknown,0,0,,19,8,1.082942,0,,0,2026-05-31 21:49:31
ce708d0178d12bc2,,unknown,0,0,,19,19,0.974029,0,,0,2026-05-31 21:49:31
ce716a093b99f2a2,,unknown,0,0,,19,19,1.040833,0,,0,2026-05-31 21:49:31
ce87855f20271053,,unknown,0,0,,19,19,0.957151,0,,0,2026-05-31 21:49:31
ce88c7a242bdad87,,unknown,0,0,,13,14,1.033504,0,,0,2026-05-31 21:49:31
ce899055227d3559,,unknown,0,0,,18,16,0.952942,0,,0,2026-05-31 21:49:31
ce9ddc5d740b4757,docs\documents-atlas-index.md#chunk-356,unknown,0,0,,19,,1.065742,0,,0,2026-05-31 21:49:31
cea490650ca6843a,docs\documents-atlas-index.md#chunk-210,unknown,0,0,,,19,0.968193,0,,0,2026-05-31 21:49:31
ceb5989093a245e6,,unknown,0,0,,19,18,0.926135,0,,0,2026-05-31 21:49:31
cecbc67a05568691,,unknown,0,0,,,19,1.02943,0,,0,2026-05-31 21:49:31
cecfbcec934d3c8b,,unknown,0,0,,,19,1.211065,0,,0,2026-05-31 21:49:31
ced7021f7b9d7780,,unknown,0,0,,,,1.090594,0,,0,2026-05-31 21:49:31
ced94b5af116c50c,,unknown,0,0,,2,9,0.993818,0,,0,2026-05-31 21:49:31
cedab57ac2d2ccc6,,unknown,0,0,,18,19,1.20404,0,,0,2026-05-31 21:49:31
cedd184784dac225,docs\documents-atlas-index.md#chunk-1177,unknown,0,0,,19,14,1.046212,0,,0,2026-05-31 21:49:31
cefd060374776564,,unknown,0,0,,,19,1.047376,0,,0,2026-05-31 21:49:31
cf0c71555de60f3e,,unknown,0,0,,19,19,0.904125,0,,0,2026-05-31 21:49:31
cf1e75f7e8391abc,,unknown,0,0,,19,19,0.874701,0,,0,2026-05-31 21:49:31
cf1f59e21fd890f8,,unknown,0,0,,19,19,0.95771,0,,0,2026-05-31 21:49:31
cf2903a32c90b058,,unknown,0,0,,19,13,0.95185,0,,0,2026-05-31 21:49:31
cf31eadc195d00fa,,unknown,0,0,,18,18,1.096399,0,,0,2026-05-31 21:49:31
cf3a6da642854c65,,unknown,0,0,,19,16,0.998706,0,,0,2026-05-31 21:49:31
cf4c395c1a3f12c7,docs\documents-atlas-index.md#chunk-1309,unknown,0,0,,19,19,0.99517,0,,0,2026-05-31 21:49:31
cf523611025ddb5b,,unknown,0,0,,19,19,1.027409,0,,0,2026-05-31 21:49:31
cf54bdc604ae011b,,unknown,0,0,,18,16,1.079977,0,,0,2026-05-31 21:49:31
cf5643136eba4b4b,,unknown,0,0,,19,19,1.040024,0,,0,2026-05-31 21:49:31
cf56c7dcf84c71e9,,unknown,0,0,,18,17,1.072162,0,,0,2026-05-31 21:49:31
cf5fc9ba1139681e,,unknown,0,0,,16,19,0.993199,0,,0,2026-05-31 21:49:31
cf6b6e0d5ffe0201,,unknown,0,0,,15,,1.13952,0,,0,2026-05-31 21:49:31
cf75d3b1f9f864e3,,unknown,0,0,,18,17,1.003383,0,,0,2026-05-31 21:49:31
cf86d6a1bfd92568,,unknown,0,0,,13,14,1.118687,0,,0,2026-05-31 21:49:31
cf9a7cde0aafa42c,,unknown,0,0,,19,18,1.128834,0,,0,2026-05-31 21:49:31
cfa176cea5474502,,unknown,0,0,,1,11,1.101536,0,,0,2026-05-31 21:49:31
cfacb7341de780f7,,unknown,0,0,,18,19,1.117696,0,,0,2026-05-31 21:49:31
cfad256a1330cf81,docs\documents-atlas-index.md#chunk-753,unknown,0,0,,19,19,1.152074,0,,0,2026-05-31 21:49:31
cfaec80ae1084e5a,,unknown,0,0,,5,18,1.089361,0,,0,2026-05-31 21:49:31
cfb5aa43611181d3,,unknown,0,0,,,19,1.084611,0,,0,2026-05-31 21:49:31
cfbaaccc49cae025,,unknown,0,0,,,13,1.286268,0,,0,2026-05-31 21:49:31
cfc88f9396df535f,,unknown,0,0,,6,,1.082077,0,,0,2026-05-31 21:49:31
cfcc5d4b325402a7,,unknown,0,0,,19,18,1.065778,0,,0,2026-05-31 21:49:31
cfcd82b79d3050f9,,unknown,0,0,,18,18,1.071609,0,,0,2026-05-31 21:49:31
cfd0b62accb6dd33,docs\documents-atlas-index.md#chunk-87,unknown,0,0,,3,13,1.105448,0,,0,2026-05-31 21:49:31
cfd17adb01c7be1b,,unknown,0,0,,,16,1.115702,0,,0,2026-05-31 21:49:31
cfd868e71bced1b7,,unknown,0,0,,18,18,1.120834,0,,0,2026-05-31 21:49:31
cfd8c8b8d9d28344,docs\documents-atlas-index.md#chunk-481,unknown,0,0,,,19,1.05565,0,,0,2026-05-31 21:49:31
cfea0303549259ce,,unknown,0,0,,19,19,0.929098,0,,0,2026-05-31 21:49:31
cff37055e6091c44,,unknown,0,0,,3,11,0.942941,0,,0,2026-05-31 21:49:31
cff4a27a4b538da6,,unknown,0,0,,1,19,0.989481,0,,0,2026-05-31 21:49:31
cff59ddba6c04eb6,,unknown,0,0,,19,18,1.119228,0,,0,2026-05-31 21:49:31
cff9aad40214783e,,unknown,0,0,,,19,0.962213,0,,0,2026-05-31 21:49:31
cfffd3d28696bfe3,,unknown,0,0,,,19,1.047571,0,,0,2026-05-31 21:49:31
d005fd29066be2fb,,unknown,0,0,,12,14,1.133873,0,,0,2026-05-31 21:49:31
d0074b5c4f372f43,,unknown,0,0,,10,13,1.055129,0,,0,2026-05-31 21:49:31
d0144457ebb78987,,unknown,0,0,,19,8,0.975539,0,,0,2026-05-31 21:49:31
d016143cf225a8f4,,unknown,0,0,,19,12,1.013335,0,,0,2026-05-31 21:49:31
d017d22407ab4a7d,,unknown,0,0,,11,18,1.013227,0,,0,2026-05-31 21:49:31
d01c8df2067a05dd,,unknown,0,0,,19,16,1.074375,0,,0,2026-05-31 21:49:31
d01f9443fa08c117,,unknown,0,0,,19,8,1.005963,0,,0,2026-05-31 21:49:31
d020f4f2f4d38955,,unknown,0,0,,12,14,1.04213,0,,0,2026-05-31 21:49:31
d0260f37c9d7d2e7,docs\documents-atlas-index.md#chunk-35,unknown,0,0,,19,12,1.01907,0,,0,2026-05-31 21:49:31
d03542051ce67d87,,unknown,0,0,,12,15,0.947916,0,,0,2026-05-31 21:49:31
d04238471a861d8e,,unknown,0,0,,12,19,0.889926,0,,0,2026-05-31 21:49:31
d0450345a0f6e8ed,,unknown,0,0,,19,18,0.914178,0,,0,2026-05-31 21:49:31
d0461abe60050d86,docs\documents-atlas-index.md#chunk-61,unknown,0,0,,12,13,1.047445,0,,0,2026-05-31 21:49:31
d04fda30a876b717,,unknown,0,0,,10,11,1.048142,0,,0,2026-05-31 21:49:31
d050f2f820ef2c40,,unknown,0,0,,12,14,1.075415,0,,0,2026-05-31 21:49:31
d0530c89c6f6335b,,unknown,0,0,,11,10,1.016671,0,,0,2026-05-31 21:49:31
d054e4033919fcc0,,unknown,0,0,,10,15,0.980711,0,,0,2026-05-31 21:49:31
d058e8fedcb93d6a,,unknown,0,0,,12,19,1.038533,0,,0,2026-05-31 21:49:31
d06067c7a02cdc0d,,unknown,0,0,,13,12,1.065166,0,,0,2026-05-31 21:49:31
d064e5e4d7a45f72,,unknown,0,0,,10,14,0.954258,0,,0,2026-05-31 21:49:31
d069686eff3802a0,,unknown,0,0,,19,8,1.090015,0,,0,2026-05-31 21:49:31
d06ea33d5069cd20,docs\documents-atlas-index.md#chunk-742,unknown,0,0,,10,14,1.05523,0,,0,2026-05-31 21:49:31
d07a67861824ff0a,,unknown,0,0,,12,14,0.966509,0,,0,2026-05-31 21:49:31
d0812f672739045d,,unknown,0,0,,11,13,0.983565,0,,0,2026-05-31 21:49:31
d086adc680d71ada,,unknown,0,0,,11,15,1.00234,0,,0,2026-05-31 21:49:31
d0871ebf32c493d0,,unknown,0,0,,19,16,1.116011,0,,0,2026-05-31 21:49:31
d0902774d5c8759f,,unknown,0,0,,12,14,0.971822,0,,0,2026-05-31 21:49:31
d0a4a02f5f57b579,,unknown,0,0,,1,17,0.953718,0,,0,2026-05-31 21:49:31
d0a58fdf93e0f644,,unknown,0,0,,,10,1.139121,0,,0,2026-05-31 21:49:31
d0afb98f0f76d794,,unknown,0,0,,1,17,1.030911,0,,0,2026-05-31 21:49:31
d0b5fbb06e6a549d,,unknown,0,0,,,18,1.117824,0,,0,2026-05-31 21:49:31
d0b9ab44ab6f5683,docs\documents-atlas-index.md#chunk-37,unknown,0,0,,8,,1.003431,0,,0,2026-05-31 21:49:31
d0bf747d3331cd11,,unknown,0,0,,,13,1.077535,0,,0,2026-05-31 21:49:31
d0bfc38d3b2ac693,,unknown,0,0,,,15,1.129796,0,,0,2026-05-31 21:49:31
d0cca2736a8a5089,,unknown,0,0,,1,19,1.120344,0,,0,2026-05-31 21:49:31
d0d18c6430a58e6a,,unknown,0,0,,9,13,1.00462,0,,0,2026-05-31 21:49:31
d0dbf53e14c51e65,,unknown,0,0,,9,14,1.11512,0,,0,2026-05-31 21:49:31
d0df2919929e8e33,,unknown,0,0,,5,3,1.053464,0,,0,2026-05-31 21:49:31
d0e45f393aed8f46,,unknown,0,0,,3,,1.028282,0,,0,2026-05-31 21:49:31
d0efad1e918a46c0,,unknown,0,0,,6,1,1.20096,0,,0,2026-05-31 21:49:31
d0f31ca3a2f42326,,unknown,0,0,,3,7,1.067705,0,,0,2026-05-31 21:49:31
d0f61e2d28ef345a,,unknown,0,0,,4,,1.057289,0,,0,2026-05-31 21:49:31
d0fa829cdfc387a7,,unknown,0,0,,4,,1.164044,0,,0,2026-05-31 21:49:31
d102fd3882a74c0d,,unknown,0,0,,10,13,1.004312,0,,0,2026-05-31 21:49:31
d122439e11d92fdf,,unknown,0,0,,14,19,0.912303,0,,0,2026-05-31 21:49:31
d1225e104316ca92,,unknown,0,0,,10,12,1.044396,0,,0,2026-05-31 21:49:31
d1278cb88c4af7c5,,unknown,0,0,,19,7,1.007743,0,,0,2026-05-31 21:49:31
d12a02b8f4fa19d4,,unknown,0,0,,19,15,1.106866,0,,0,2026-05-31 21:49:31
d130bc1209b08db5,,unknown,0,0,,10,14,0.958555,0,,0,2026-05-31 21:49:31
d13af83c61ff4471,,unknown,0,0,,19,6,1.129222,0,,0,2026-05-31 21:49:31
d1427c294bb541ff,,unknown,0,0,,19,19,1.023731,0,,0,2026-05-31 21:49:31
d1440839cd2f5aaf,,unknown,0,0,,12,19,1.006772,0,,0,2026-05-31 21:49:31
d146879639a2a8a3,docs\documents-atlas-index.md#chunk-558,unknown,0,0,,19,14,0.894423,0,,0,2026-05-31 21:49:31
d147cd7435f2dd27,,unknown,0,0,,10,13,0.923968,0,,0,2026-05-31 21:49:31
d14b5ece6f7f744d,docs\documents-atlas-index.md#chunk-1076,unknown,0,0,,19,5,1.164716,0,,0,2026-05-31 21:49:31
d14fa604204aa7de,,unknown,0,0,,19,18,1.085878,0,,0,2026-05-31 21:49:31
d16554f9598dfc2a,,unknown,0,0,,14,14,1.011709,0,,0,2026-05-31 21:49:31
d16ba10b70892d7c,,unknown,0,0,,11,19,0.946425,0,,0,2026-05-31 21:49:31
d1709a4269e88b85,,unknown,0,0,,11,12,0.91136,0,,0,2026-05-31 21:49:31
d181eb7ce4f73e5a,,unknown,0,0,,10,13,1.058449,0,,0,2026-05-31 21:49:31
d188b17868343498,,unknown,0,0,,9,17,0.838384,0,,0,2026-05-31 21:49:31
d189342002064250,,unknown,0,0,,19,13,1.032146,0,,0,2026-05-31 21:49:31
d18abdc634371fdd,,unknown,0,0,,15,19,1.084954,0,,0,2026-05-31 21:49:31
d190a3dbf7ec1ebc,,unknown,0,0,,13,19,1.022138,0,,0,2026-05-31 21:49:31
d1939fbd15697f76,,unknown,0,0,,10,13,0.980184,0,,0,2026-05-31 21:49:31
d1945c770ea302d1,,unknown,0,0,,17,19,1.086283,0,,0,2026-05-31 21:49:31
d19d3c2810ec26a5,,unknown,0,0,,19,18,1.045302,0,,0,2026-05-31 21:49:31
d19ee794f05c6dbb,docs\documents-atlas-index.md#chunk-1021,unknown,0,0,,18,1,1.050078,0,,0,2026-05-31 21:49:31
d1b3a83c02f6fe27,,unknown,0,0,,1,17,1.045828,0,,0,2026-05-31 21:49:31
d1b7b2eade76f7fa,,unknown,0,0,,2,17,1.098881,0,,0,2026-05-31 21:49:31
d1d260d089f56ab1,docs\documents-atlas-index.md#chunk-400,unknown,0,0,,15,18,1.088669,0,,0,2026-05-31 21:49:31
d1d6ca248193eddb,docs\documents-atlas-index.md#chunk-236,unknown,0,0,,6,15,1.035484,0,,0,2026-05-31 21:49:31
d1e28fd89b704fea,,unknown,0,0,,6,15,1.083741,0,,0,2026-05-31 21:49:31
d1e8c88be87348bb,,unknown,0,0,,10,19,0.983139,0,,0,2026-05-31 21:49:31
d1ec1dd45145b330,,unknown,0,0,,,9,1.13322,0,,0,2026-05-31 21:49:31
d1edcfb8f151fffc,,unknown,0,0,,6,11,1.171507,0,,0,2026-05-31 21:49:31
d1f5a46af58de26a,,unknown,0,0,,3,17,1.139903,0,,0,2026-05-31 21:49:31
d1f82819f48380fe,,unknown,0,0,,15,18,1.01577,0,,0,2026-05-31 21:49:31
d20b19702a37629b,,unknown,0,0,,19,19,0.971692,0,,0,2026-05-31 21:49:31
d21b88a6e7bd7aad,,unknown,0,0,,19,18,1.00778,0,,0,2026-05-31 21:49:31
d22013132d908eb4,,unknown,0,0,,12,19,0.988398,0,,0,2026-05-31 21:49:31
d2219a94ed2b6aeb,,unknown,0,0,,19,4,1.01063,0,,0,2026-05-31 21:49:31
d24019370aace16b,,unknown,0,0,,19,13,1.100949,0,,0,2026-05-31 21:49:31
d249be2a313df16c,,unknown,0,0,,19,7,1.105243,0,,0,2026-05-31 21:49:31
d24ec84399ca5e1a,,unknown,0,0,,18,,1.035112,0,,0,2026-05-31 21:49:31
d2556e2b68a808c4,,unknown,0,0,,17,19,1.035026,0,,0,2026-05-31 21:49:31
d25a2edcc6c34bc9,,unknown,0,0,,14,12,1.129968,0,,0,2026-05-31 21:49:31
d25b846c7dc61004,,unknown,0,0,,15,19,1.058249,0,,0,2026-05-31 21:49:31
d25b930a503f8d1c,,unknown,0,0,,13,16,1.045649,0,,0,2026-05-31 21:49:31
d2602d9b5eefc296,,unknown,0,0,,19,7,1.162863,0,,0,2026-05-31 21:49:31
d268766c8d1b3eed,,unknown,0,0,,12,19,0.943526,0,,0,2026-05-31 21:49:31
d26a1c1f20360280,,unknown,0,0,,14,12,1.155552,0,,0,2026-05-31 21:49:31
d26aa429a4869b1f,,unknown,0,0,,10,15,0.957358,0,,0,2026-05-31 21:49:31
d27a3b95d2edc28f,,unknown,0,0,,15,8,1.068287,0,,0,2026-05-31 21:49:31
d281617e419fe8b6,,unknown,0,0,,19,13,0.993435,0,,0,2026-05-31 21:49:31
d286724070cd7f9e,,unknown,0,0,,15,19,1.021528,0,,0,2026-05-31 21:49:31
d28cbd619cc34bc4,,unknown,0,0,,12,,1.064024,0,,0,2026-05-31 21:49:31
d28d118ce98d6ddc,,unknown,0,0,,16,19,1.024553,0,,0,2026-05-31 21:49:31
d2a4c61c5ab602b4,,unknown,0,0,,11,19,1.04508,0,,0,2026-05-31 21:49:31
d2d9b7ddfc024c67,docs\documents-atlas-index.md#chunk-420,unknown,0,0,,1,14,1.040118,0,,0,2026-05-31 21:49:31
d2e57d1afa906c49,,unknown,0,0,,3,8,0.953288,0,,0,2026-05-31 21:49:31
d2e603d2cecd5e7a,,unknown,0,0,,10,8,1.132385,0,,0,2026-05-31 21:49:31
d2eee3bdf0dbdc9a,docs\documents-atlas-index.md#chunk-401,unknown,0,0,,10,11,1.267808,0,,0,2026-05-31 21:49:31
d2f964df30d4feca,,unknown,0,0,,15,19,1.054923,0,,0,2026-05-31 21:49:31
d2fd0a2dbe582481,,unknown,0,0,,4,1,1.004603,0,,0,2026-05-31 21:49:31
d3037eb0e3bb15ae,,unknown,0,0,,19,16,1.110988,0,,0,2026-05-31 21:49:31
d303897ae4685e7a,,unknown,0,0,,12,19,0.882133,0,,0,2026-05-31 21:49:31
d30efe34f510157c,,unknown,0,0,,11,5,1.13225,0,,0,2026-05-31 21:49:31
d3128e01f69421ff,,unknown,0,0,,19,18,1.057926,0,,0,2026-05-31 21:49:31
d315390ca7e9ca19,,unknown,0,0,,12,13,0.990145,0,,0,2026-05-31 21:49:31
d31623310e106326,,unknown,0,0,,12,15,1.032259,0,,0,2026-05-31 21:49:31
d32a9dbfba236fee,,unknown,0,0,,14,19,1.118209,0,,0,2026-05-31 21:49:31
d33a16d27b1d79bb,,unknown,0,0,,19,17,1.002869,0,,0,2026-05-31 21:49:31
d346197d1b8d69f7,,unknown,0,0,,15,19,0.987909,0,,0,2026-05-31 21:49:31
d3480d4f21dfdc4a,,unknown,0,0,,12,13,1.10663,0,,0,2026-05-31 21:49:31
d360208110b87648,,unknown,0,0,,14,14,0.989293,0,,0,2026-05-31 21:49:31
d3634b65e9fe10af,,unknown,0,0,,19,18,1.059941,0,,0,2026-05-31 21:49:31
d379158c3329eac0,,unknown,0,0,,13,15,0.98594,0,,0,2026-05-31 21:49:31
d37c61b6173dffae,,unknown,0,0,,19,17,1.012299,0,,0,2026-05-31 21:49:31
d37c6ed8e04a14dd,docs\documents-atlas-index.md#chunk-1124,unknown,0,0,,19,15,1.083394,0,,0,2026-05-31 21:49:31
d384b666d0d654ae,,unknown,0,0,,13,19,0.984607,0,,0,2026-05-31 21:49:31
d39ec3ab715e5342,,unknown,0,0,,19,6,1.062508,0,,0,2026-05-31 21:49:31
d39f7982af116bb7,,unknown,0,0,,14,7,1.072807,0,,0,2026-05-31 21:49:31
d3a2f8dd65d7a557,docs\documents-atlas-index.md#chunk-790,unknown,0,0,,,16,1.071895,0,,0,2026-05-31 21:49:31
d3b058955ad5f611,,unknown,0,0,,,,0.984779,0,,0,2026-05-31 21:49:31
d3c09cab1d63df9b,,unknown,0,0,,1,13,1.013101,0,,0,2026-05-31 21:49:31
d3d05ab2406c782b,,unknown,0,0,,9,9,1.132717,0,,0,2026-05-31 21:49:31
d3e83f85a38967a2,,unknown,0,0,,3,5,0.927378,0,,0,2026-05-31 21:49:31
d3eedef20a925134,,unknown,0,0,,,15,1.124008,0,,0,2026-05-31 21:49:31
d3f2504bee439d52,,unknown,0,0,,2,9,0.982285,0,,0,2026-05-31 21:49:31
d407829e521df18f,,unknown,0,0,,19,14,1.038493,0,,0,2026-05-31 21:49:31
d412e779e3aae383,docs\documents-atlas-index.md#chunk-398,unknown,0,0,,19,7,0.970423,0,,0,2026-05-31 21:49:31
d4131d11d014df02,,unknown,0,0,,10,11,1.039835,0,,0,2026-05-31 21:49:31
d41e6ed034016d85,,unknown,0,0,,12,12,1.080143,0,,0,2026-05-31 21:49:31
d42390c0e8bbce96,,unknown,0,0,,19,9,1.04951,0,,0,2026-05-31 21:49:31
d42616b8f03f00da,,unknown,0,0,,19,15,0.987187,0,,0,2026-05-31 21:49:31
d464e39b8af11860,docs\documents-atlas-index.md#chunk-268,unknown,0,0,,11,18,0.99597,0,,0,2026-05-31 21:49:31
d467d7e0a27d2966,,unknown,0,0,,19,6,0.993565,0,,0,2026-05-31 21:49:31
d468d9c4c6ec57c3,,unknown,0,0,,19,7,1.083423,0,,0,2026-05-31 21:49:31
d46a17092a2bd314,,unknown,0,0,,19,7,1.007589,0,,0,2026-05-31 21:49:31
d46b74d869363849,,unknown,0,0,,19,14,0.870211,0,,0,2026-05-31 21:49:31
d47e98d1d68eea37,,unknown,0,0,,19,8,1.023399,0,,0,2026-05-31 21:49:31
d48587c15165dd28,,unknown,0,0,,12,13,0.917359,0,,0,2026-05-31 21:49:31
d48940734f12fc5e,,unknown,0,0,,7,19,0.950475,0,,0,2026-05-31 21:49:31
d489bebda38e87c4,,unknown,0,0,,19,5,1.134595,0,,0,2026-05-31 21:49:31
d4900bb3e5781cbb,,unknown,0,0,,12,13,1.09012,0,,0,2026-05-31 21:49:31
d4a78d903ccdda22,,unknown,0,0,,1,,1.104323,0,,0,2026-05-31 21:49:31
d4b3d28272908a22,,unknown,0,0,,4,16,0.790743,0,,0,2026-05-31 21:49:31
d4bb3f8086fa4a08,,unknown,0,0,,7,,1.053424,0,,0,2026-05-31 21:49:31
d4c934f767fa0796,docs\documents-atlas-index.md#chunk-814,unknown,0,0,,16,15,1.10523,0,,0,2026-05-31 21:49:31
d4d48a9579d8e306,,unknown,0,0,,,,0.942675,0,,0,2026-05-31 21:49:31
d4db8cc08d4852e9,,unknown,0,0,,5,1,1.113883,0,,0,2026-05-31 21:49:31
d4ec2405df0b8dae,,unknown,0,0,,10,6,1.101306,0,,0,2026-05-31 21:49:31
d4ee9a493cbb8664,,unknown,0,0,,6,,0.930558,0,,0,2026-05-31 21:49:31
d4f85f4359ac0a9b,,unknown,0,0,,9,8,1.009778,0,,0,2026-05-31 21:49:31
d4f8fdddd3bbdba3,,unknown,0,0,,8,12,1.267822,0,,0,2026-05-31 21:49:31
d4f96357050844cf,,unknown,0,0,,16,19,0.968652,0,,0,2026-05-31 21:49:31
d4fe3e1639efd8e7,docs\documents-atlas-index.md#chunk-176,unknown,0,0,,3,,1.185839,0,,0,2026-05-31 21:49:31
d503f7db70cdc4ac,,unknown,0,0,,15,19,1.106836,0,,0,2026-05-31 21:49:31
d50a1e0306b84923,,unknown,0,0,,13,11,1.033967,0,,0,2026-05-31 21:49:31
d50e6bda29a0be88,,unknown,0,0,,14,12,1.109138,0,,0,2026-05-31 21:49:31
d50f7caaec8bd722,,unknown,0,0,,19,7,1.044827,0,,0,2026-05-31 21:49:31
d515f913713164b1,docs\documents-atlas-index.md#chunk-414,unknown,0,0,,11,18,0.960571,0,,0,2026-05-31 21:49:31
d517c67f35d42b3e,,unknown,0,0,,12,19,0.864167,0,,0,2026-05-31 21:49:31
d51826ae34c68486,,unknown,0,0,,16,15,0.969756,0,,0,2026-05-31 21:49:31
d51db01891c53178,,unknown,0,0,,12,14,1.001606,0,,0,2026-05-31 21:49:31
d5212076d27fb745,docs\documents-atlas-index.md#chunk-727,unknown,0,0,,19,8,0.925174,0,,0,2026-05-31 21:49:31
d524fe9772b71211,,unknown,0,0,,10,13,1.028146,0,,0,2026-05-31 21:49:31
d5310e7ebbf87331,,unknown,0,0,,5,,1.099229,0,,0,2026-05-31 21:49:31
d53766358bb51f73,,unknown,0,0,,11,14,0.970356,0,,0,2026-05-31 21:49:31
d53781b6f0c143cd,,unknown,0,0,,18,17,0.937253,0,,0,2026-05-31 21:49:31
d54c88efe89b7ff2,,unknown,0,0,,19,10,1.111422,0,,0,2026-05-31 21:49:31
d5677f71f58695d5,,unknown,0,0,,19,10,1.002772,0,,0,2026-05-31 21:49:31
d56c48d24b9b57ac,,unknown,0,0,,19,17,0.944585,0,,0,2026-05-31 21:49:31
d56c923cc4f3f7a4,,unknown,0,0,,19,12,0.990516,0,,0,2026-05-31 21:49:31
d57232a03c3abca9,,unknown,0,0,,19,9,1.025617,0,,0,2026-05-31 21:49:31
d576ea0ac564c27c,,unknown,0,0,,10,14,1.095824,0,,0,2026-05-31 21:49:31
d57bab3c6466c866,,unknown,0,0,,11,12,1.036665,0,,0,2026-05-31 21:49:31
d57c9ba3fedc5b42,,unknown,0,0,,13,,0.973335,0,,0,2026-05-31 21:49:31
d581afeff2f3a8e9,,unknown,0,0,,12,13,1.174941,0,,0,2026-05-31 21:49:31
d58680e61ecab0d0,,unknown,0,0,,19,13,1.038872,0,,0,2026-05-31 21:49:31
d58d81af16724c33,,unknown,0,0,,13,15,1.018104,0,,0,2026-05-31 21:49:31
d58d9e8c7ed84d0c,,unknown,0,0,,8,,1.041947,0,,0,2026-05-31 21:49:31
d598e7fa943a88aa,,unknown,0,0,,13,18,0.95456,0,,0,2026-05-31 21:49:31
d59dab650c3b4402,,unknown,0,0,,18,4,1.030319,0,,0,2026-05-31 21:49:31
d59e3ef6bd18d0a6,,unknown,0,0,,17,11,1.049975,0,,0,2026-05-31 21:49:31
d5a92538270e560b,,unknown,0,0,,,19,1.053902,0,,0,2026-05-31 21:49:31
d5af81a2121a231b,,unknown,0,0,,,19,1.171948,0,,0,2026-05-31 21:49:31
d5c0e16de6548019,,unknown,0,0,,4,16,1.031897,0,,0,2026-05-31 21:49:31
d5eacc7ed01e2a37,docs\documents-atlas-index.md#chunk-117,unknown,0,0,,9,4,1.041565,0,,0,2026-05-31 21:49:31
d5f7721ce0a16e80,,unknown,0,0,,9,13,1.065018,0,,0,2026-05-31 21:49:31
d5f8a91d2c6d1cf0,,unknown,0,0,,11,19,1.109516,0,,0,2026-05-31 21:49:31
d60fd03578c80854,,unknown,0,0,,12,14,1.057662,0,,0,2026-05-31 21:49:31
d6104ab3d2f4399c,,unknown,0,0,,19,16,1.042772,0,,0,2026-05-31 21:49:31
d6149304faa38156,,unknown,0,0,,19,8,1.045937,0,,0,2026-05-31 21:49:31
d615be5c65e2180c,docs\documents-atlas-index.md#chunk-592,unknown,0,0,,11,15,1.028535,0,,0,2026-05-31 21:49:31
d6250c28dd12689c,,unknown,0,0,,11,9,1.042958,0,,0,2026-05-31 21:49:31
d627424a808fe8fb,,unknown,0,0,,19,15,0.967888,0,,0,2026-05-31 21:49:31
d63caefc92ab633d,,unknown,0,0,,15,14,1.149387,0,,0,2026-05-31 21:49:31
d6487441be0872b3,,unknown,0,0,,13,17,1.001635,0,,0,2026-05-31 21:49:31
d64874d701eb02f8,,unknown,0,0,,19,16,0.976345,0,,0,2026-05-31 21:49:31
d6587ebf1673a62d,,unknown,0,0,,16,13,1.04074,0,,0,2026-05-31 21:49:31
d659cdb595a92efa,,unknown,0,0,,11,15,0.982908,0,,0,2026-05-31 21:49:31
d6681930e597a25a,,unknown,0,0,,19,11,0.870414,0,,0,2026-05-31 21:49:31
d669e1ea70a21956,,unknown,0,0,,13,15,0.963769,0,,0,2026-05-31 21:49:31
d66c42222f8d3566,,unknown,0,0,,19,6,0.937558,0,,0,2026-05-31 21:49:31
d6722c211c36c688,,unknown,0,0,,18,10,1.016602,0,,0,2026-05-31 21:49:31
d6744a3944982b14,,unknown,0,0,,10,12,0.896424,0,,0,2026-05-31 21:49:31
d6754c6921a832e5,docs\documents-atlas-index.md#chunk-386,unknown,0,0,,19,18,1.022022,0,,0,2026-05-31 21:49:31
d68a1b1fe4d7e27c,,unknown,0,0,,14,10,1.130103,0,,0,2026-05-31 21:49:31
d69b90a211f2fec4,,unknown,0,0,,19,14,0.998146,0,,0,2026-05-31 21:49:31
d69c476e3c8eb99a,,unknown,0,0,,19,13,1.057374,0,,0,2026-05-31 21:49:31
d6a0ced31e87b4e8,,unknown,0,0,,,15,1.018296,0,,0,2026-05-31 21:49:31
d6a2b307f2260661,,unknown,0,0,,4,16,0.951302,0,,0,2026-05-31 21:49:31
d6a303374e290fc1,,unknown,0,0,,11,19,1.092022,0,,0,2026-05-31 21:49:31
d6aa96284a66ce23,,unknown,0,0,,1,15,0.914186,0,,0,2026-05-31 21:49:31
d6b21d03737c2b4a,,unknown,0,0,,9,8,1.001862,0,,0,2026-05-31 21:49:31
d6b57b8c03ec3833,docs\documents-atlas-index.md#chunk-393,unknown,0,0,,3,,1.022075,0,,0,2026-05-31 21:49:31
d6ba7d942dd908a6,docs\documents-atlas-index.md#chunk-96,unknown,0,0,,6,,1.021257,0,,0,2026-05-31 21:49:31
d6bceed3ddc8f91e,,unknown,0,0,,11,,1.059961,0,,0,2026-05-31 21:49:31
d6bd5da8d06e3571,,unknown,0,0,,9,4,1.048576,0,,0,2026-05-31 21:49:31
d6c6e1142400f4e0,,unknown,0,0,,1,19,1.033654,0,,0,2026-05-31 21:49:31
d6c781ee2e8d1109,,unknown,0,0,,,,1.160586,0,,0,2026-05-31 21:49:31
d6c9f86c8a86c697,,unknown,0,0,,1,17,0.862524,0,,0,2026-05-31 21:49:31
d6cabbbf9b255515,,unknown,0,0,,,13,1.125315,0,,0,2026-05-31 21:49:31
d6ccfd7d19ddec47,,unknown,0,0,,10,11,1.182514,0,,0,2026-05-31 21:49:31
d6cea29787c0dca4,,unknown,0,0,,10,14,1.114937,0,,0,2026-05-31 21:49:31
d6e33445123dd614,,unknown,0,0,,,,1.087775,0,,0,2026-05-31 21:49:31
d6e7120e4c23d89f,,unknown,0,0,,1,18,0.948179,0,,0,2026-05-31 21:49:31
d6ec9998e78755e4,,unknown,0,0,,5,4,1.041651,0,,0,2026-05-31 21:49:31
d6ed1ba76d065691,,unknown,0,0,,4,2,1.03975,0,,0,2026-05-31 21:49:31
d6f5b1a168e9683c,docs\documents-atlas-index.md#chunk-495,unknown,0,0,,,19,0.984292,0,,0,2026-05-31 21:49:31
d6f85eb71abb8ca5,,unknown,0,0,,10,10,1.114592,0,,0,2026-05-31 21:49:31
d6fe4a6b38712fe2,,unknown,0,0,,5,1,1.054883,0,,0,2026-05-31 21:49:31
d6fec9b1c56f4094,,unknown,0,0,,18,6,1.049416,0,,0,2026-05-31 21:49:31
d7002a01472e8300,,unknown,0,0,,19,7,1.009052,0,,0,2026-05-31 21:49:31
d702e72a185797d3,,unknown,0,0,,12,19,0.905426,0,,0,2026-05-31 21:49:31
d705bfd010c76907,sveltekit-frontend/src/lib/server/cache/cache-config.ts,code-artifact,6,5.94,0.9900000000000001,11,12,1.044574,18,17.82,0,2026-05-31 21:49:31
d71aa4aa6aef952d,docs\documents-atlas-index.md#chunk-776,unknown,0,0,,15,19,1.135288,0,,0,2026-05-31 21:49:31
d71c32e6b8c5e5a0,,unknown,0,0,,19,12,0.989577,0,,0,2026-05-31 21:49:31
d71f55a38b85f234,,unknown,0,0,,19,12,1.007028,0,,0,2026-05-31 21:49:31
d72098e5dee4a3a7,docs\documents-atlas-index.md#chunk-882,unknown,0,0,,19,12,1.044216,0,,0,2026-05-31 21:49:31
d7247631946e8780,,unknown,0,0,,19,7,0.882271,0,,0,2026-05-31 21:49:31
d72527dbe1d3eec2,,unknown,0,0,,19,12,1.041075,0,,0,2026-05-31 21:49:31
d72870389b642c53,,unknown,0,0,,12,15,0.891504,0,,0,2026-05-31 21:49:31
d72dfbb71146897b,docs\documents-atlas-index.md#chunk-1141,unknown,0,0,,11,14,1.064879,0,,0,2026-05-31 21:49:31
d73eb72ee3ae11e4,,unknown,0,0,,19,5,1.099794,0,,0,2026-05-31 21:49:31
d74335fc6ae1af52,,unknown,0,0,,13,14,1.023677,0,,0,2026-05-31 21:49:31
d74e928b432faf0a,,unknown,0,0,,14,14,1.040874,0,,0,2026-05-31 21:49:31
d75346c9f8ffb87b,,unknown,0,0,,19,12,0.984494,0,,0,2026-05-31 21:49:31
d758fcf05b6b60e5,,unknown,0,0,,19,5,1.124134,0,,0,2026-05-31 21:49:31
d75d49ad421a678c,,unknown,0,0,,19,15,0.966775,0,,0,2026-05-31 21:49:31
d766706ff7f26038,docs\documents-atlas-index.md#chunk-1247,unknown,0,0,,13,13,0.993086,0,,0,2026-05-31 21:49:31
d783fdf7f626e83a,,unknown,0,0,,9,12,1.026578,0,,0,2026-05-31 21:49:31
d7844935932e4087,,unknown,0,0,,19,7,0.848718,0,,0,2026-05-31 21:49:31
d787ab5dcf033344,,unknown,0,0,,9,12,1.050851,0,,0,2026-05-31 21:49:31
d78801f7e55a71c5,,unknown,0,0,,19,13,0.977183,0,,0,2026-05-31 21:49:31
d78c875361d839fd,,unknown,0,0,,19,19,0.769166,0,,0,2026-05-31 21:49:31
d78e21ea9ddabb4d,,unknown,0,0,,14,14,1.114183,0,,0,2026-05-31 21:49:31
d78f3c492541a82d,,unknown,0,0,,14,12,0.986166,0,,0,2026-05-31 21:49:31
d7921ddecda8200b,,unknown,0,0,,14,12,1.156247,0,,0,2026-05-31 21:49:31
d7a9ee9d81b0f350,,unknown,0,0,,8,12,1.073859,0,,0,2026-05-31 21:49:31
d7b8c64d471d1d83,,unknown,0,0,,8,15,1.025474,0,,0,2026-05-31 21:49:31
d7bf3f82fe5920c4,,unknown,0,0,,7,1,1.046856,0,,0,2026-05-31 21:49:31
d7c06cfdfc1815e3,,unknown,0,0,,,6,1.177759,0,,0,2026-05-31 21:49:31
d7c4db84a0bddffa,,unknown,0,0,,9,12,1.131082,0,,0,2026-05-31 21:49:31
d7c899ad82ecc24d,,unknown,0,0,,16,15,1.114195,0,,0,2026-05-31 21:49:31
d7d0320a04cce1be,,unknown,0,0,,18,18,1.105118,0,,0,2026-05-31 21:49:31
d7d4b87e2590ab1e,,unknown,0,0,,3,18,0.832043,0,,0,2026-05-31 21:49:31
d7d4d9d8c20a8922,,unknown,0,0,,1,14,1.019,0,,0,2026-05-31 21:49:31
d7d9fee0b8c2b55e,,unknown,0,0,,,12,1.034037,0,,0,2026-05-31 21:49:31
d7de44750b371b4e,docs\documents-atlas-index.md#chunk-388,unknown,0,0,,2,19,1.02281,0,,0,2026-05-31 21:49:31
d7e1c5fc7f92297f,,unknown,0,0,,6,19,0.970404,0,,0,2026-05-31 21:49:31
d7e2a4fc7659a799,,unknown,0,0,,,16,1.005115,0,,0,2026-05-31 21:49:31
d7e34978a7050f6c,,unknown,0,0,,6,10,0.843371,0,,0,2026-05-31 21:49:31
d7ec4ff4a6adae41,,unknown,0,0,,10,7,1.143801,0,,0,2026-05-31 21:49:31
d7f04e9ca20b4588,,unknown,0,0,,3,3,0.996436,0,,0,2026-05-31 21:49:31
d7f713e9443411e5,,unknown,0,0,,17,18,1.026789,0,,0,2026-05-31 21:49:31
d7f7c73b135b1ca0,,unknown,0,0,,6,19,1.093863,0,,0,2026-05-31 21:49:31
d801a6d30e6a24aa,,unknown,0,0,,15,19,1.012286,0,,0,2026-05-31 21:49:31
d80277e43b4785cf,,unknown,0,0,,16,19,0.822217,0,,0,2026-05-31 21:49:31
d806bae9b149f0aa,,unknown,0,0,,19,12,1.057443,0,,0,2026-05-31 21:49:31
d807b67b7ad5ce6f,,unknown,0,0,,12,19,0.981048,0,,0,2026-05-31 21:49:31
d8082e3bd0f55e18,docs\documents-atlas-index.md#chunk-744,unknown,0,0,,11,12,1.033847,0,,0,2026-05-31 21:49:31
d80eb50c56778351,,unknown,0,0,,12,16,1.05752,0,,0,2026-05-31 21:49:31
d81a39e844d7be66,docs\documents-atlas-index.md#chunk-671,unknown,0,0,,19,14,0.96643,0,,0,2026-05-31 21:49:31
d828b8c05eb29c5e,,unknown,0,0,,11,18,0.94257,0,,0,2026-05-31 21:49:31
d8297d3a90688ad4,,unknown,0,0,,12,14,0.950677,0,,0,2026-05-31 21:49:31
d83ecaf6584b90b5,,unknown,0,0,,19,5,1.064077,0,,0,2026-05-31 21:49:31
d84e43fae7f94c7d,,unknown,0,0,,15,19,1.028694,0,,0,2026-05-31 21:49:31
d8515613b70a6236,,unknown,0,0,,19,8,0.847078,0,,0,2026-05-31 21:49:31
d857f0c5b43acf89,,unknown,0,0,,19,6,0.999303,0,,0,2026-05-31 21:49:31
d863307bfb2349ea,,unknown,0,0,,14,19,0.919835,0,,0,2026-05-31 21:49:31
d86e0f630653b727,,unknown,0,0,,18,11,1.04185,0,,0,2026-05-31 21:49:31
d86e967e1fa82bdf,,unknown,0,0,,15,19,0.935782,0,,0,2026-05-31 21:49:31
d876edeff5d3696e,,unknown,0,0,,11,14,1.115622,0,,0,2026-05-31 21:49:31
d879b914bdc15de3,,unknown,0,0,,11,16,1.032936,0,,0,2026-05-31 21:49:31
d879e6d624087dea,,unknown,0,0,,12,19,0.830037,0,,0,2026-05-31 21:49:31
d87a682c74c33c5d,,unknown,0,0,,15,19,0.922715,0,,0,2026-05-31 21:49:31
d88a045d787e178c,,unknown,0,0,,19,18,1.027919,0,,0,2026-05-31 21:49:31
d88be511bec4bef3,,unknown,0,0,,12,15,1.131799,0,,0,2026-05-31 21:49:31
d89a233636e8c740,,unknown,0,0,,19,12,0.901792,0,,0,2026-05-31 21:49:31
d89b0b00221d6f96,,unknown,0,0,,19,,0.962215,0,,0,2026-05-31 21:49:31
d89fd0b1bfff1b1a,,unknown,0,0,,13,,1.112403,0,,0,2026-05-31 21:49:31
d8ad48523e07a43a,,unknown,0,0,,1,18,1.007035,0,,0,2026-05-31 21:49:31
d8b3b26018750858,,unknown,0,0,,1,18,0.847762,0,,0,2026-05-31 21:49:31
d8ba53c30f3e9d50,,unknown,0,0,,,15,1.143683,0,,0,2026-05-31 21:49:31
d8ca25416956cd96,,unknown,0,0,,2,13,0.969591,0,,0,2026-05-31 21:49:31
d8cd6646959e5ffd,,unknown,0,0,,16,19,1.040853,0,,0,2026-05-31 21:49:31
d8d0a92fb19b6854,docs\CODEBASE_DIRECTORY_MAP.md#chunk-3,unknown,0,0,,8,12,1.072931,0,,0,2026-05-31 21:49:31
d8d5224eb24b93df,,unknown,0,0,,14,18,1.075485,0,,0,2026-05-31 21:49:31
d8d6547169cf6cd9,docs\documents-atlas-index.md#chunk-1199,unknown,0,0,,15,18,1.018965,0,,0,2026-05-31 21:49:31
d8dacc0fcce76ae4,,unknown,0,0,,10,,1.170537,0,,0,2026-05-31 21:49:31
d8e14db3726a9787,,unknown,0,0,,1,7,1.03408,0,,0,2026-05-31 21:49:31
d8e20de3a1989c09,,unknown,0,0,,3,9,0.933803,0,,0,2026-05-31 21:49:31
d8e2881bd6b6547b,,unknown,0,0,,4,1,1.067687,0,,0,2026-05-31 21:49:31
d8ea94eacd556de0,,unknown,0,0,,4,11,1.129261,0,,0,2026-05-31 21:49:31
d8ec941ca78f6b64,,unknown,0,0,,6,5,1.035697,0,,0,2026-05-31 21:49:31
d8ecf06fe64fae53,,unknown,0,0,,6,12,1.173342,0,,0,2026-05-31 21:49:31
d8ee4cd441df9979,,unknown,0,0,,6,,1.169998,0,,0,2026-05-31 21:49:31
d8f575bf2525476a,,unknown,0,0,,3,18,1.060491,0,,0,2026-05-31 21:49:31
d8f5f40ce44d9b66,,unknown,0,0,,7,14,1.055877,0,,0,2026-05-31 21:49:31
d8fcb68e72f5f2aa,,unknown,0,0,,15,19,1.073412,0,,0,2026-05-31 21:49:31
d8fd96d77850511b,,unknown,0,0,,,19,1.000092,0,,0,2026-05-31 21:49:31
d9008255fa5192dd,,unknown,0,0,,14,19,0.958344,0,,0,2026-05-31 21:49:31
d913fcc99b66083d,,unknown,0,0,,10,18,1.042455,0,,0,2026-05-31 21:49:31
d9146b832832ec00,,unknown,0,0,,10,12,0.928034,0,,0,2026-05-31 21:49:31
d919ffb7060fb6e3,docs\documents-atlas-index.md#chunk-612,unknown,0,0,,19,7,1.033748,0,,0,2026-05-31 21:49:31
d91e7523d0e8fcd7,,unknown,0,0,,19,18,1.01712,0,,0,2026-05-31 21:49:31
d921ac2eb0d8e223,,unknown,0,0,,11,12,1.141691,0,,0,2026-05-31 21:49:31
d92350d2f05c40cb,,unknown,0,0,,19,15,1.010137,0,,0,2026-05-31 21:49:31
d936c616988982eb,,unknown,0,0,,12,19,0.795671,0,,0,2026-05-31 21:49:31
d938515a8d388e7d,,unknown,0,0,,12,19,0.786468,0,,0,2026-05-31 21:49:31
d939b5d1abb1e2b3,,unknown,0,0,,13,14,1.106522,0,,0,2026-05-31 21:49:31
d939db685f00bcb4,docs\documents-atlas-index.md#chunk-351,unknown,0,0,,10,14,0.943269,0,,0,2026-05-31 21:49:31
d942c2f51dc09b6a,docs\documents-atlas-index.md#chunk-445,unknown,0,0,,11,18,0.864341,0,,0,2026-05-31 21:49:31
d9441f5eb12a453d,,unknown,0,0,,19,7,1.127009,0,,0,2026-05-31 21:49:31
d9469aeab5f1d107,,unknown,0,0,,16,11,1.044687,0,,0,2026-05-31 21:49:31
d94ec3ce52a38c47,,unknown,0,0,,15,19,1.000987,0,,0,2026-05-31 21:49:31
d9558653b6e7d4a4,,unknown,0,0,,19,12,0.902654,0,,0,2026-05-31 21:49:31
d96c4a4558d92ab5,,unknown,0,0,,19,18,0.987492,0,,0,2026-05-31 21:49:31
d970a5eafa699619,docs\documents-atlas-index.md#chunk-367,unknown,0,0,,10,17,1.056166,0,,0,2026-05-31 21:49:31
d9777ba01d3b1ebc,,unknown,0,0,,15,19,1.077587,0,,0,2026-05-31 21:49:31
d97a29118d4070b9,,unknown,0,0,,19,19,0.97003,0,,0,2026-05-31 21:49:31
d9823b80d36795a0,,unknown,0,0,,19,10,0.969275,0,,0,2026-05-31 21:49:31
d9859929233c4aa4,,unknown,0,0,,13,16,0.94784,0,,0,2026-05-31 21:49:31
d98d9300d675c3d8,,unknown,0,0,,19,12,0.906893,0,,0,2026-05-31 21:49:31
d992c7c776cfd5a6,docs\documents-atlas-index.md#chunk-1255,unknown,0,0,,19,14,1.077277,0,,0,2026-05-31 21:49:31
d9942c64a4630df5,,unknown,0,0,,11,12,0.976465,0,,0,2026-05-31 21:49:31
d998af9d914d290e,,unknown,0,0,,11,14,1.019523,0,,0,2026-05-31 21:49:31
d999d66940921946,docs\documents-atlas-index.md#chunk-754,unknown,0,0,,10,16,0.864541,0,,0,2026-05-31 21:49:31
d9a498980a753ec1,,unknown,0,0,,5,17,0.922856,0,,0,2026-05-31 21:49:31
d9a8f556a0e5ff61,,unknown,0,0,,5,13,0.974255,0,,0,2026-05-31 21:49:31
d9b3d6ea225f277d,,unknown,0,0,,3,18,1.067198,0,,0,2026-05-31 21:49:31
d9bab586fe276480,,unknown,0,0,,1,15,1.048217,0,,0,2026-05-31 21:49:31
d9c7fd66369e674f,,unknown,0,0,,8,13,0.993349,0,,0,2026-05-31 21:49:31
d9c9112f180fb65a,,unknown,0,0,,,,1.138682,0,,0,2026-05-31 21:49:31
d9c9b912a3f73d30,,unknown,0,0,,8,12,0.952506,0,,0,2026-05-31 21:49:31
d9c9f79dbee32a7b,,unknown,0,0,,7,17,1.002853,0,,0,2026-05-31 21:49:31
d9cdcfbf7e8f190c,,unknown,0,0,,8,,1.230291,0,,0,2026-05-31 21:49:31
d9dc6604280c9820,,unknown,0,0,,2,,1.049784,0,,0,2026-05-31 21:49:31
d9dc97f32f525f64,,unknown,0,0,,,15,0.98826,0,,0,2026-05-31 21:49:31
d9e78715c3178103,,unknown,0,0,,2,7,0.900412,0,,0,2026-05-31 21:49:31
da03ff677d10d774,,unknown,0,0,,1,19,1.079977,0,,0,2026-05-31 21:49:31
da0c78bb8923708e,,unknown,0,0,,19,17,0.833201,0,,0,2026-05-31 21:49:31
da15a2ec1f84c851,,unknown,0,0,,14,15,1.078847,0,,0,2026-05-31 21:49:31
da1b2c45fe70b3fc,,unknown,0,0,,19,19,1.072856,0,,0,2026-05-31 21:49:31
da1da933f17ed9e2,,unknown,0,0,,19,6,1.011466,0,,0,2026-05-31 21:49:31
da24c889bf8f9ddb,,unknown,0,0,,12,19,0.965289,0,,0,2026-05-31 21:49:31
da25de4054b58321,,unknown,0,0,,11,12,1.112659,0,,0,2026-05-31 21:49:31
da27b568d4f5ad78,,unknown,0,0,,11,13,1.009467,0,,0,2026-05-31 21:49:31
da3180f03d9e854e,,unknown,0,0,,18,16,0.951051,0,,0,2026-05-31 21:49:31
da32b2405d76ab35,,unknown,0,0,,1,19,0.941652,0,,0,2026-05-31 21:49:31
da426759815ab704,,unknown,0,0,,19,13,0.915629,0,,0,2026-05-31 21:49:31
da438faad10549ed,,unknown,0,0,,19,18,0.973415,0,,0,2026-05-31 21:49:31
da4596f296abb804,,unknown,0,0,,19,14,0.9211,0,,0,2026-05-31 21:49:31
da48d1983f7f0179,,unknown,0,0,,19,5,0.98497,0,,0,2026-05-31 21:49:31
da4e6ef1821d877f,docs\documents-atlas-index.md#chunk-266,unknown,0,0,,19,16,1.035052,0,,0,2026-05-31 21:49:31
da52da6cb8ec2a3e,,unknown,0,0,,14,,1.127916,0,,0,2026-05-31 21:49:31
da5c6b34a0838df8,,unknown,0,0,,19,18,0.974369,0,,0,2026-05-31 21:49:31
da5f4ecf7761bf68,,unknown,0,0,,19,14,1.133675,0,,0,2026-05-31 21:49:31
da62fbe90584a3b0,,unknown,0,0,,19,16,1.023509,0,,0,2026-05-31 21:49:31
da699593dc480dd2,,unknown,0,0,,19,19,0.944198,0,,0,2026-05-31 21:49:31
da70170fd6a7a11b,docs\documents-atlas-index.md#chunk-586,unknown,0,0,,19,19,0.997585,0,,0,2026-05-31 21:49:31
da72eb92efd715c0,,unknown,0,0,,12,,1.146095,0,,0,2026-05-31 21:49:31
da78c36e82dc7fbf,,unknown,0,0,,15,19,0.952034,0,,0,2026-05-31 21:49:31
da7e4fe9bc2aba89,,unknown,0,0,,15,,1.06294,0,,0,2026-05-31 21:49:31
da7e627049177670,,unknown,0,0,,19,15,0.92113,0,,0,2026-05-31 21:49:31
da81ee30f9bd8f89,,unknown,0,0,,15,,1.064459,0,,0,2026-05-31 21:49:31
da83b561bf48b99a,,unknown,0,0,,1,19,0.977956,0,,0,2026-05-31 21:49:31
da83bf09029bb2c6,,unknown,0,0,,19,7,1.10587,0,,0,2026-05-31 21:49:31
da84bc0b0b088486,,unknown,0,0,,9,15,1.097683,0,,0,2026-05-31 21:49:31
da875fdb40fd7f3b,docs\documents-atlas-index.md#chunk-1190,unknown,0,0,,19,18,1.087501,0,,0,2026-05-31 21:49:31
da87879d604e2ccd,,unknown,0,0,,19,19,0.876381,0,,0,2026-05-31 21:49:31
da8a03f5605cc131,,unknown,0,0,,19,13,0.966395,0,,0,2026-05-31 21:49:31
da8b93a004299864,,unknown,0,0,,19,15,0.856292,0,,0,2026-05-31 21:49:31
da903bfa645b0a03,docs\documents-atlas-index.md#chunk-817,unknown,0,0,,15,14,1.093647,0,,0,2026-05-31 21:49:31
da946554e90d8f7c,,unknown,0,0,,13,17,1.016731,0,,0,2026-05-31 21:49:31
da98fbdd9d7a3f14,,unknown,0,0,,19,,1.136695,0,,0,2026-05-31 21:49:31
da9918135fd31a8a,,unknown,0,0,,19,19,0.92706,0,,0,2026-05-31 21:49:31
daa43aaa80744958,,unknown,0,0,,1,11,1.029426,0,,0,2026-05-31 21:49:31
daa63aa38be17720,,unknown,0,0,,,12,1.08269,0,,0,2026-05-31 21:49:31
daa974a2ecf2b77b,,unknown,0,0,,,18,1.038919,0,,0,2026-05-31 21:49:31
daaddaef02cb94db,docs\documents-atlas-index.md#chunk-709,unknown,0,0,,19,18,1.179196,0,,0,2026-05-31 21:49:31
dac07eddf4f52357,,unknown,0,0,,2,8,1.149863,0,,0,2026-05-31 21:49:31
dacb2f40808e030f,,unknown,0,0,,6,,1.137565,0,,0,2026-05-31 21:49:31
dad737bbe081e3fc,,unknown,0,0,,18,18,1.02283,0,,0,2026-05-31 21:49:31
dae59184af28d3a7,,unknown,0,0,,1,13,1.025329,0,,0,2026-05-31 21:49:31
daeb26d72f3058ad,,unknown,0,0,,18,18,0.941461,0,,0,2026-05-31 21:49:31
daf1a919f468c620,,unknown,0,0,,1,14,0.981409,0,,0,2026-05-31 21:49:31
daf4dff255a22b2b,,unknown,0,0,,,18,1.145452,0,,0,2026-05-31 21:49:31
daf714d00131d6ab,,unknown,0,0,,18,18,0.964133,0,,0,2026-05-31 21:49:31
db047a12aaa7dbf2,,unknown,0,0,,19,19,1.116469,0,,0,2026-05-31 21:49:31
db22311d4fbff9a1,docs\documents-atlas-index.md#chunk-533,unknown,0,0,,19,19,1.135737,0,,0,2026-05-31 21:49:31
db24b9d0256cdc0a,,unknown,0,0,,,19,1.033131,0,,0,2026-05-31 21:49:31
db26547980485ebc,,unknown,0,0,,19,19,0.6449,0,,0,2026-05-31 21:49:31
db2707428b40301b,,unknown,0,0,,19,19,0.918025,0,,0,2026-05-31 21:49:31
db36c50c215f01c0,,unknown,0,0,,18,19,1.028422,0,,0,2026-05-31 21:49:31
db3aed5fdbff316a,docs\documents-atlas-index.md#chunk-432,unknown,0,0,,13,,1.169243,0,,0,2026-05-31 21:49:31
db4bc742be0636be,,unknown,0,0,,19,19,1.001553,0,,0,2026-05-31 21:49:31
db4c65b4ebfc62ba,,unknown,0,0,,19,18,0.983529,0,,0,2026-05-31 21:49:31
db5451822f625c5b,docs\documents-atlas-index.md#chunk-898,unknown,0,0,,13,19,0.897113,0,,0,2026-05-31 21:49:31
db6cb67d51ea7083,,unknown,0,0,,19,18,1.10364,0,,0,2026-05-31 21:49:31
db70f19d804dc27f,,unknown,0,0,,15,19,1.109399,0,,0,2026-05-31 21:49:31
db712367eb12e016,,unknown,0,0,,19,10,1.028316,0,,0,2026-05-31 21:49:31
db7664707364da06,,unknown,0,0,,13,13,0.965653,0,,0,2026-05-31 21:49:31
db7adbb5fe024312,,unknown,0,0,,12,,1.06348,0,,0,2026-05-31 21:49:31
db8314351a90fc2a,,unknown,0,0,,19,19,0.902689,0,,0,2026-05-31 21:49:31
db840dae7ad6f03c,,unknown,0,0,,18,18,1.092747,0,,0,2026-05-31 21:49:31
db8e2fe7af1e225c,docs\documents-atlas-index.md#chunk-908,unknown,0,0,,13,,1.092714,0,,0,2026-05-31 21:49:31
db91690084c583d2,,unknown,0,0,,19,19,0.78064,0,,0,2026-05-31 21:49:31
db94b70821bdacd0,,unknown,0,0,,18,19,1.065928,0,,0,2026-05-31 21:49:31
dba2bc2ce47d1c4d,,unknown,0,0,,7,10,1.145934,0,,0,2026-05-31 21:49:31
dba3d3cd07b0ed23,docs\CODEBASE_INDEXING_PIPELINE.md#chunk-4,unknown,0,0,,,16,1.103426,0,,0,2026-05-31 21:49:31
dbb117fad9dc8f48,,unknown,0,0,,17,15,1.129831,0,,0,2026-05-31 21:49:31
dbb1975a23dbc5aa,docs\documents-atlas-index.md#chunk-512,unknown,0,0,,18,18,1.022775,0,,0,2026-05-31 21:49:31
dbb7b2678de11765,,unknown,0,0,,,19,0.972625,0,,0,2026-05-31 21:49:31
dbbb307818a0628a,,unknown,0,0,,19,18,0.951437,0,,0,2026-05-31 21:49:31
dbbd0f05f177419c,,unknown,0,0,,7,5,1.035708,0,,0,2026-05-31 21:49:31
dbc1c1269a65b71e,,unknown,0,0,,1,19,0.864732,0,,0,2026-05-31 21:49:31
dbd6d99b4f2c5b82,,unknown,0,0,,1,18,1.071119,0,,0,2026-05-31 21:49:31
dbe34471056438ae,,unknown,0,0,,19,19,0.874395,0,,0,2026-05-31 21:49:31
dbe4e7c4a42a3e55,,unknown,0,0,,1,14,1.068976,0,,0,2026-05-31 21:49:31
dbec5bfd6c6602c6,,unknown,0,0,,18,18,1.149914,0,,0,2026-05-31 21:49:31
dc034f2f8bf7df93,docs\documents-atlas-index.md#chunk-167,unknown,0,0,,12,13,1.131284,0,,0,2026-05-31 21:49:31
dc0c3513edafec7a,,unknown,0,0,,15,,1.142605,0,,0,2026-05-31 21:49:31
dc16a095089e985f,,unknown,0,0,,18,19,0.977216,0,,0,2026-05-31 21:49:31
dc19dd318c60b7e3,,unknown,0,0,,19,19,1.128648,0,,0,2026-05-31 21:49:31
dc1dd08301a460c6,docs\documents-atlas-index.md#chunk-290,unknown,0,0,,19,18,0.887464,0,,0,2026-05-31 21:49:31
dc1fee76a9d988b6,,unknown,0,0,,14,,0.99498,0,,0,2026-05-31 21:49:31
dc22dac59fb5f487,,unknown,0,0,,13,13,1.111949,0,,0,2026-05-31 21:49:31
dc29cfbaf14bc2bb,,unknown,0,0,,19,15,1.212018,0,,0,2026-05-31 21:49:31
dc2b5dbbca50eacb,,unknown,0,0,,19,19,1.116866,0,,0,2026-05-31 21:49:31
dc3595ec5167d062,,unknown,0,0,,18,13,0.922893,0,,0,2026-05-31 21:49:31
dc495a0415d5a4fd,,unknown,0,0,,19,19,0.90169,0,,0,2026-05-31 21:49:31
dc5d58e41f84d95e,,unknown,0,0,,19,17,0.969188,0,,0,2026-05-31 21:49:31
dc61b9daa5800cd0,,unknown,0,0,,14,19,1.036112,0,,0,2026-05-31 21:49:31
dc69f54f5c4b625b,,unknown,0,0,,13,19,1.088918,0,,0,2026-05-31 21:49:31
dc6b3353ac8ebb2b,,unknown,0,0,,15,5,1.077674,0,,0,2026-05-31 21:49:31
dc6c1191f9f115e7,,unknown,0,0,,19,18,0.890591,0,,0,2026-05-31 21:49:31
dc6f1d75e9b45d1f,,unknown,0,0,,11,,1.020633,0,,0,2026-05-31 21:49:31
dc7556371a99aaf4,docs\documents-atlas-index.md#chunk-572,unknown,0,0,,19,19,0.888202,0,,0,2026-05-31 21:49:31
dc79819dea187c54,,unknown,0,0,,14,19,1.036837,0,,0,2026-05-31 21:49:31
dc830fb0393350c8,,unknown,0,0,,19,16,0.900139,0,,0,2026-05-31 21:49:31
dc888181f4cd3047,,unknown,0,0,,19,15,1.032836,0,,0,2026-05-31 21:49:31
dc88ef8e9aa69f54,,unknown,0,0,,10,14,1.101463,0,,0,2026-05-31 21:49:31
dc8db107fc0478e9,docs\documents-atlas-index.md#chunk-731,unknown,0,0,,19,19,1.081716,0,,0,2026-05-31 21:49:31
dc8de624139dc57f,,unknown,0,0,,19,18,0.997279,0,,0,2026-05-31 21:49:31
dcab039682c710e3,,unknown,0,0,,19,18,0.959854,0,,0,2026-05-31 21:49:31
dcabf22c992b0c65,,unknown,0,0,,19,,1.189935,0,,0,2026-05-31 21:49:31
dcafa05a63299b6a,docs\documents-atlas-index.md#chunk-827,unknown,0,0,,1,19,0.997942,0,,0,2026-05-31 21:49:31
dcbeb50dee20048c,docs\documents-atlas-index.md#chunk-1028,unknown,0,0,,4,18,1.149987,0,,0,2026-05-31 21:49:31
dcc2ed569b79ac3c,,unknown,0,0,,,18,0.912399,0,,0,2026-05-31 21:49:31
dcc657c5bdbc6224,,unknown,0,0,,10,,1.156503,0,,0,2026-05-31 21:49:31
dcce4a217a847679,,unknown,0,0,,3,,0.997437,0,,0,2026-05-31 21:49:31
dcd46ac3edb87be8,,unknown,0,0,,2,10,1.120481,0,,0,2026-05-31 21:49:31
dce427c86581a3b3,docs\documents-atlas-index.md#chunk-567,unknown,0,0,,19,16,0.976547,0,,0,2026-05-31 21:49:31
dce662de92405d16,docs\documents-atlas-index.md#chunk-762,unknown,0,0,,,16,1.058617,0,,0,2026-05-31 21:49:31
dce9b68b2faee88a,,unknown,0,0,,,19,1.106944,0,,0,2026-05-31 21:49:31
dcf7fdf693ed2850,,unknown,0,0,,12,,1.168996,0,,0,2026-05-31 21:49:31
dcfa44b05e92d29a,,unknown,0,0,,,19,0.983171,0,,0,2026-05-31 21:49:31
dcfc61f05f391839,,unknown,0,0,,,19,1.086136,0,,0,2026-05-31 21:49:31
dd051c2fc4463b12,,unknown,0,0,,12,11,1.071062,0,,0,2026-05-31 21:49:31
dd1124091de4b294,,unknown,0,0,,19,19,1.038006,0,,0,2026-05-31 21:49:31
dd14958a57150f0b,,unknown,0,0,,13,19,0.857641,0,,0,2026-05-31 21:49:31
dd1c7a842591d8d5,,unknown,0,0,,19,18,0.885827,0,,0,2026-05-31 21:49:31
dd2322008d7779df,,unknown,0,0,,19,19,0.788479,0,,0,2026-05-31 21:49:31
dd2c06ca74b38a0d,,unknown,0,0,,19,19,0.885785,0,,0,2026-05-31 21:49:31
dd2cbe02ab0bfe6a,,unknown,0,0,,14,,1.049001,0,,0,2026-05-31 21:49:31
dd3667b5a652d382,docs\documents-atlas-index.md#chunk-1186,unknown,0,0,,18,13,0.907824,0,,0,2026-05-31 21:49:31
dd3b95329780a8f4,docs\documents-atlas-index.md#chunk-672,unknown,0,0,,19,17,0.849241,0,,0,2026-05-31 21:49:31
dd3e388aed3de1b9,,unknown,0,0,,19,13,1.05296,0,,0,2026-05-31 21:49:31
dd3e9af20abbe3ef,docs\documents-atlas-index.md#chunk-1000,unknown,0,0,,19,18,1.027778,0,,0,2026-05-31 21:49:31
dd41b5559445c4ec,,unknown,0,0,,19,19,0.906211,0,,0,2026-05-31 21:49:31
dd42b176e8e8642d,,unknown,0,0,,18,19,0.999905,0,,0,2026-05-31 21:49:31
dd48aedfdadd647f,,unknown,0,0,,13,,1.185763,0,,0,2026-05-31 21:49:31
dd4e2c6ed0b33216,,unknown,0,0,,19,18,1.088167,0,,0,2026-05-31 21:49:31
dd4e64b40e1d2842,,unknown,0,0,,19,15,1.087949,0,,0,2026-05-31 21:49:31
dd5105ff48c6e286,docs\documents-atlas-index.md#chunk-279,unknown,0,0,,17,15,0.976239,0,,0,2026-05-31 21:49:31
dd52435b2af7b515,,unknown,0,0,,19,19,1.034115,0,,0,2026-05-31 21:49:31
dd5e00552a625465,,unknown,0,0,,19,19,0.944901,0,,0,2026-05-31 21:49:31
dd63f7ee24e29d44,,unknown,0,0,,14,19,1.013025,0,,0,2026-05-31 21:49:31
dd71168b56cf8a10,docs\documents-atlas-index.md#chunk-513,unknown,0,0,,18,19,1.060841,0,,0,2026-05-31 21:49:31
dd7c7c15fa10da6a,,unknown,0,0,,11,3,1.110021,0,,0,2026-05-31 21:49:31
dd7ccfbfbb4caeec,,unknown,0,0,,14,,1.164506,0,,0,2026-05-31 21:49:31
dd84e3bb7c4b4c92,,unknown,0,0,,12,17,1.081227,0,,0,2026-05-31 21:49:31
dd85dece3870d7a1,,unknown,0,0,,19,16,1.105828,0,,0,2026-05-31 21:49:31
dd90e81428be06af,,unknown,0,0,,18,19,0.950928,0,,0,2026-05-31 21:49:31
dd92072fe39c615a,,unknown,0,0,,19,15,1.002249,0,,0,2026-05-31 21:49:31
dd947ce52b297db7,,unknown,0,0,,19,19,0.97329,0,,0,2026-05-31 21:49:31
dda6f41e6e5b6a6e,,unknown,0,0,,5,19,1.077989,0,,0,2026-05-31 21:49:31
dda82b1be43aeec4,,unknown,0,0,,2,9,1.141753,0,,0,2026-05-31 21:49:31
ddb191cd60fb37c0,,unknown,0,0,,17,17,1.073366,0,,0,2026-05-31 21:49:31
ddb3d6568ef125b5,,unknown,0,0,,,19,1.081192,0,,0,2026-05-31 21:49:31
ddb4382cede17a14,,unknown,0,0,,2,9,1.115296,0,,0,2026-05-31 21:49:31
ddcd6a5845098b33,,unknown,0,0,,4,9,1.000034,0,,0,2026-05-31 21:49:31
ddcddf32250c3401,docs\documents-atlas-index.md#chunk-241,unknown,0,0,,6,,1.207226,0,,0,2026-05-31 21:49:31
ddce4aa5b3fbedfb,,unknown,0,0,,19,18,1.208678,0,,0,2026-05-31 21:49:31
ddd56cfa5314b5bf,,unknown,0,0,,18,18,1.080463,0,,0,2026-05-31 21:49:31
ddd8cf40dd6d8144,,unknown,0,0,,10,,1.13152,0,,0,2026-05-31 21:49:31
dddaea06632fec4b,,unknown,0,0,,,17,1.11269,0,,0,2026-05-31 21:49:31
dddb791d0470820b,,unknown,0,0,,19,19,1.040025,0,,0,2026-05-31 21:49:31
dde370150b94cb66,docs\documents-atlas-index.md#chunk-791,unknown,0,0,,1,18,0.896449,0,,0,2026-05-31 21:49:31
dde3b90dd0eec0c5,,unknown,0,0,,19,18,1.238265,0,,0,2026-05-31 21:49:31
ddf7c69eba75dde6,,unknown,0,0,,2,15,1.069876,0,,0,2026-05-31 21:49:31
ddfcf6b4237f0d9f,,unknown,0,0,,,19,1.037468,0,,0,2026-05-31 21:49:31
de0d2ec53b5bba89,,unknown,0,0,,19,,1.135433,0,,0,2026-05-31 21:49:31
de0dc5b997566ca7,,unknown,0,0,,18,19,0.858143,0,,0,2026-05-31 21:49:31
de1691f726eba6b9,,unknown,0,0,,19,16,0.953263,0,,0,2026-05-31 21:49:31
de1c8cadfbee8379,docs\documents-atlas-index.md#chunk-1208,unknown,0,0,,13,,1.070961,0,,0,2026-05-31 21:49:31
de2304b48756ac48,,unknown,0,0,,19,14,0.940843,0,,0,2026-05-31 21:49:31
de2b8392e7e2fd11,,unknown,0,0,,13,12,1.016343,0,,0,2026-05-31 21:49:31
de2b986cccaf1181,docs\documents-atlas-index.md#chunk-950,unknown,0,0,,15,,1.138852,0,,0,2026-05-31 21:49:31
de2eb094a8bfe9b6,,unknown,0,0,,19,14,1.062967,0,,0,2026-05-31 21:49:31
de38dcd475f56981,docs\documents-atlas-index.md#chunk-946,unknown,0,0,,19,16,1.127597,0,,0,2026-05-31 21:49:31
de40923e5d321637,docs\documents-atlas-index.md#chunk-71,unknown,0,0,,14,19,1.003507,0,,0,2026-05-31 21:49:31
de46c5db598882e4,,unknown,0,0,,16,18,0.928849,0,,0,2026-05-31 21:49:31
de4f45b4602f9140,,unknown,0,0,,19,14,1.035432,0,,0,2026-05-31 21:49:31
de55254b9457c0ed,,unknown,0,0,,19,19,0.826123,0,,0,2026-05-31 21:49:31
de5532ca0db6e76f,,unknown,0,0,,19,19,0.992634,0,,0,2026-05-31 21:49:31
de67282fba9bf057,,unknown,0,0,,19,9,1.038853,0,,0,2026-05-31 21:49:31
de7418cf81f42032,,unknown,0,0,,17,15,0.968942,0,,0,2026-05-31 21:49:31
de7e9b3a38efbbd6,,unknown,0,0,,19,18,1.064064,0,,0,2026-05-31 21:49:31
de87b946d18dc2ee,docs\documents-atlas-index.md#chunk-1123,unknown,0,0,,19,18,1.06045,0,,0,2026-05-31 21:49:31
de8d30ca3275bea3,,unknown,0,0,,19,19,0.963205,0,,0,2026-05-31 21:49:31
de99f9c2496a18aa,,unknown,0,0,,18,17,0.903558,0,,0,2026-05-31 21:49:31
de9f8ce58fd242de,,unknown,0,0,,19,19,0.957777,0,,0,2026-05-31 21:49:31
deafeef1c8a9d684,,unknown,0,0,,12,,1.18545,0,,0,2026-05-31 21:49:31
deb201a4b5b7e576,,unknown,0,0,,,12,1.034023,0,,0,2026-05-31 21:49:31
decdd4308d477f8f,,unknown,0,0,,1,19,0.935235,0,,0,2026-05-31 21:49:31
ded6baa9c0cb12c3,,unknown,0,0,,12,,1.234313,0,,0,2026-05-31 21:49:31
dee1005c2efdcb6d,,unknown,0,0,,14,19,1.189256,0,,0,2026-05-31 21:49:31
dee6eabbd5e96d7c,,unknown,0,0,,6,13,1.104222,0,,0,2026-05-31 21:49:31
dee8bd505ab8ae91,,unknown,0,0,,,16,1.02509,0,,0,2026-05-31 21:49:31
deeb0f350dde788a,,unknown,0,0,,6,,1.189654,0,,0,2026-05-31 21:49:31
def92dfef854e2a0,,unknown,0,0,,1,9,1.178305,0,,0,2026-05-31 21:49:31
defcd6addc280107,,unknown,0,0,,,15,1.184868,0,,0,2026-05-31 21:49:32
deff9bb0d9b9f2e9,,unknown,0,0,,19,18,1.213223,0,,0,2026-05-31 21:49:32
df08bd267a8a45e3,,unknown,0,0,,19,1,1.081145,0,,0,2026-05-31 21:49:32
df0d138855a17807,docs\documents-atlas-index.md#chunk-380,unknown,0,0,,19,18,0.852574,0,,0,2026-05-31 21:49:32
df10c40b3015aba9,,unknown,0,0,,13,19,1.044853,0,,0,2026-05-31 21:49:32
df1410a8943a143e,,unknown,0,0,,18,16,0.887573,0,,0,2026-05-31 21:49:32
df1575fd440597ca,,unknown,0,0,,19,19,0.794442,0,,0,2026-05-31 21:49:32
df159a7178134a92,,unknown,0,0,,12,13,0.945817,0,,0,2026-05-31 21:49:32
df19ff426ab6164e,,unknown,0,0,,18,19,1.117109,0,,0,2026-05-31 21:49:32
df2fd2decc11017d,,unknown,0,0,,14,19,1.175602,0,,0,2026-05-31 21:49:32
df3956d8c71be358,,unknown,0,0,,18,12,0.971348,0,,0,2026-05-31 21:49:32
df3bdb076ba655a7,docs\documents-atlas-index.md#chunk-496,unknown,0,0,,18,19,1.063954,0,,0,2026-05-31 21:49:32
df3c964f1854d843,docs\documents-atlas-index.md#chunk-53,unknown,0,0,,19,15,0.977112,0,,0,2026-05-31 21:49:32
df4016e5b2fc1dbc,,unknown,0,0,,19,18,0.958164,0,,0,2026-05-31 21:49:32
df4040625bc52e54,,unknown,0,0,,18,19,1.013195,0,,0,2026-05-31 21:49:32
df407a18de64a57e,docs\documents-atlas-index.md#chunk-196,unknown,0,0,,16,10,1.041587,0,,0,2026-05-31 21:49:32
df443a0e1cc7e6c4,,unknown,0,0,,19,19,1.091717,0,,0,2026-05-31 21:49:32
df477e0b1675eb60,,unknown,0,0,,13,13,1.083858,0,,0,2026-05-31 21:49:32
df4f9b652b31ed1e,docs\documents-atlas-index.md#chunk-1038,unknown,0,0,,19,19,1.081702,0,,0,2026-05-31 21:49:32
df50b51066339183,,unknown,0,0,,3,19,0.924642,0,,0,2026-05-31 21:49:32
df5c874bcb726c4f,,unknown,0,0,,19,19,0.997104,0,,0,2026-05-31 21:49:32
df5f036b9da56c33,docs\documents-atlas-index.md#chunk-1136,unknown,0,0,,19,19,1.04577,0,,0,2026-05-31 21:49:32
df5fb42d7b08ab5a,,unknown,0,0,,13,19,1.025817,0,,0,2026-05-31 21:49:32
df61b7e47c7debb7,,unknown,0,0,,15,16,1.099373,0,,0,2026-05-31 21:49:32
df656e5386180b90,,unknown,0,0,,11,12,1.057998,0,,0,2026-05-31 21:49:32
df69760634c6fa3a,,unknown,0,0,,19,19,0.842592,0,,0,2026-05-31 21:49:32
df6e60f63f775c69,,unknown,0,0,,19,19,1.003327,0,,0,2026-05-31 21:49:32
df6ec176c5d2af7d,,unknown,0,0,,18,19,1.10143,0,,0,2026-05-31 21:49:32
df79b3256c0eba75,,unknown,0,0,,1,19,1.02317,0,,0,2026-05-31 21:49:32
df7df5324f5c11da,,unknown,0,0,,19,19,1.08321,0,,0,2026-05-31 21:49:32
df80e5846f10f06b,,unknown,0,0,,1,19,0.895302,0,,0,2026-05-31 21:49:32
df811b6d4900be2e,,unknown,0,0,,19,19,1.07708,0,,0,2026-05-31 21:49:32
df831ee48577f605,,unknown,0,0,,18,13,0.981817,0,,0,2026-05-31 21:49:32
df864b46dcb9ef02,,unknown,0,0,,11,11,1.125598,0,,0,2026-05-31 21:49:32
df8a9706087297bf,,unknown,0,0,,19,19,0.664115,0,,0,2026-05-31 21:49:32
df97cb914c329303,,unknown,0,0,,2,18,1.035749,0,,0,2026-05-31 21:49:32
dfa161772ad377fa,,unknown,0,0,,19,19,0.908684,0,,0,2026-05-31 21:49:32
dfac68df9fd6dc0e,,unknown,0,0,,,18,1.181603,0,,0,2026-05-31 21:49:32
dfb1ca094223aca2,docs\documents-atlas-index.md#chunk-794,unknown,0,0,,,16,1.040971,0,,0,2026-05-31 21:49:32
dfb3c45224d8c4e9,,unknown,0,0,,,19,1.082943,0,,0,2026-05-31 21:49:32
dfb48e6db512d33d,,unknown,0,0,,2,9,1.042009,0,,0,2026-05-31 21:49:32
dfbbef0bce5239f3,,unknown,0,0,,10,,1.157426,0,,0,2026-05-31 21:49:32
dfc6c0452203513f,,unknown,0,0,,,19,0.906581,0,,0,2026-05-31 21:49:32
dfc84b8eff84c85f,,unknown,0,0,,2,9,1.047613,0,,0,2026-05-31 21:49:32
dfdb2f89b69482fb,,unknown,0,0,,19,18,1.002222,0,,0,2026-05-31 21:49:32
dfe5158696cb5d72,docs\documents-atlas-index.md#chunk-834,unknown,0,0,,17,17,1.09971,0,,0,2026-05-31 21:49:32
dfed1777be125554,,unknown,0,0,,2,3,1.044988,0,,0,2026-05-31 21:49:32
dfed7fdeb30d2447,,unknown,0,0,,9,1,1.213457,0,,0,2026-05-31 21:49:32
e007abb0fd0ce94f,,unknown,0,0,,19,6,1.085195,0,,0,2026-05-31 21:49:32
e00c7cdfb50a9ee6,docs\documents-atlas-index.md#chunk-499,unknown,0,0,,19,,1.085596,0,,0,2026-05-31 21:49:32
e00c8a017212ce74,,unknown,0,0,,11,11,1.012484,0,,0,2026-05-31 21:49:32
e0142ff43b66cde3,,unknown,0,0,,19,12,1.127787,0,,0,2026-05-31 21:49:32
e031859f1ad68aba,,unknown,0,0,,14,19,0.863343,0,,0,2026-05-31 21:49:32
e04009dfeb48b4f3,,unknown,0,0,,19,10,1.018696,0,,0,2026-05-31 21:49:32
e04647e017d28753,,unknown,0,0,,19,14,0.963888,0,,0,2026-05-31 21:49:32
e046d7193ecff731,docs\documents-atlas-index.md#chunk-19,unknown,0,0,,19,6,1.103363,0,,0,2026-05-31 21:49:32
e049a425595f35fe,,unknown,0,0,,12,19,0.962,0,,0,2026-05-31 21:49:32
e05531b791925f28,,unknown,0,0,,12,14,0.924311,0,,0,2026-05-31 21:49:32
e0626e8becac7786,,unknown,0,0,,19,5,1.085468,0,,0,2026-05-31 21:49:32
e0663e3f43090187,,unknown,0,0,,12,13,1.09226,0,,0,2026-05-31 21:49:32
e0747daf6725b170,,unknown,0,0,,18,11,1.004459,0,,0,2026-05-31 21:49:32
e0755e27473f1718,,unknown,0,0,,19,7,0.946194,0,,0,2026-05-31 21:49:32
e07be9518ce6fa77,docs\documents-atlas-index.md#chunk-660,unknown,0,0,,10,13,1.024399,0,,0,2026-05-31 21:49:32
e07d18e6950f0fce,,unknown,0,0,,19,18,1.055521,0,,0,2026-05-31 21:49:32
e0859e612cb29d4e,,unknown,0,0,,10,13,0.994959,0,,0,2026-05-31 21:49:32
e08b11830c91a335,docs\documents-atlas-index.md#chunk-394,unknown,0,0,,19,12,0.959287,0,,0,2026-05-31 21:49:32
e096a45d4e230d53,,unknown,0,0,,10,17,0.936321,0,,0,2026-05-31 21:49:32
e0a6f35ea4941f88,,unknown,0,0,,6,15,0.975346,0,,0,2026-05-31 21:49:32
e0aa31035aa21675,docs\CODEBASE_DIRECTORY_MAP.md#chunk-10,unknown,0,0,,3,,0.991725,0,,0,2026-05-31 21:49:32
e0ab47fa51ebf690,,unknown,0,0,,19,13,1.140095,0,,0,2026-05-31 21:49:32
e0ce0b9da8a258db,docs\documents-atlas-index.md#chunk-757,unknown,0,0,,6,1,1.108689,0,,0,2026-05-31 21:49:32
e0ced2079898a09b,,unknown,0,0,,1,19,0.998771,0,,0,2026-05-31 21:49:32
e0e2eae02abc025d,,unknown,0,0,,,18,1.212229,0,,0,2026-05-31 21:49:32
e0e3c6a0c0390bbc,,unknown,0,0,,7,18,1.012226,0,,0,2026-05-31 21:49:32
e0e3dcc1f3516058,,unknown,0,0,,2,11,1.013093,0,,0,2026-05-31 21:49:32
e0e62ea3527b80ad,,unknown,0,0,,18,16,1.187499,0,,0,2026-05-31 21:49:32
e0ed4f14e294866d,docs\documents-atlas-index.md#chunk-969,unknown,0,0,,7,5,0.992465,0,,0,2026-05-31 21:49:32
e0f2885e2a0af4bb,,unknown,0,0,,,,1.163836,0,,0,2026-05-31 21:49:32
e0fadbab73f98a2b,,unknown,0,0,,9,12,1.116808,0,,0,2026-05-31 21:49:32
e0fcbb204198c9f4,,unknown,0,0,,,15,1.208592,0,,0,2026-05-31 21:49:32
e101f2aa3d30196e,,unknown,0,0,,10,19,0.96089,0,,0,2026-05-31 21:49:32
e102873e1de2a1b8,docs\documents-atlas-index.md#chunk-714,unknown,0,0,,14,19,1.066159,0,,0,2026-05-31 21:49:32
e1189665562ff3c8,,unknown,0,0,,19,12,0.891682,0,,0,2026-05-31 21:49:32
e11ef8631d8d88b5,,unknown,0,0,,19,5,1.079289,0,,0,2026-05-31 21:49:32
e12255f4c8e0bb45,,unknown,0,0,,12,13,1.038674,0,,0,2026-05-31 21:49:32
e122dd95c47031fe,,unknown,0,0,,10,18,1.030161,0,,0,2026-05-31 21:49:32
e1239bea86567e0d,docs\documents-atlas-index.md#chunk-219,unknown,0,0,,11,14,0.970557,0,,0,2026-05-31 21:49:32
e12a9057490f6183,docs\documents-atlas-index.md#chunk-1170,unknown,0,0,,19,7,1.014259,0,,0,2026-05-31 21:49:32
e12da2c29958c55b,,unknown,0,0,,19,14,1.037377,0,,0,2026-05-31 21:49:32
e12ed196fd8d7adf,,unknown,0,0,,18,1,1.067592,0,,0,2026-05-31 21:49:32
e13ee27b90e103f6,,unknown,0,0,,15,19,1.042095,0,,0,2026-05-31 21:49:32
e14277590ec39d76,,unknown,0,0,,11,14,0.956796,0,,0,2026-05-31 21:49:32
e1428b20a5723235,,unknown,0,0,,19,8,1.013644,0,,0,2026-05-31 21:49:32
e14903fc3740f5d4,docs\documents-atlas-index.md#chunk-1296,unknown,0,0,,19,13,0.974421,0,,0,2026-05-31 21:49:32
e150a3a1d1fd1ef1,docs\documents-atlas-index.md#chunk-15,unknown,0,0,,12,14,1.144748,0,,0,2026-05-31 21:49:32
e152f4ca2c8cf9d8,,unknown,0,0,,19,7,1.137798,0,,0,2026-05-31 21:49:32
e15911f1eff09d79,,unknown,0,0,,13,14,1.095055,0,,0,2026-05-31 21:49:32
e168372148d914b1,,unknown,0,0,,17,19,0.927969,0,,0,2026-05-31 21:49:32
e16a08de44cafdeb,,unknown,0,0,,19,18,1.089456,0,,0,2026-05-31 21:49:32
e170de4e5cb8e132,,unknown,0,0,,10,13,1.189396,0,,0,2026-05-31 21:49:32
e17f0f03f4b47ec7,,unknown,0,0,,11,8,1.078633,0,,0,2026-05-31 21:49:32
e1860b298dc7d37f,,unknown,0,0,,12,13,1.0568,0,,0,2026-05-31 21:49:32
e187941670ccc7c2,,unknown,0,0,,19,14,0.975077,0,,0,2026-05-31 21:49:32
e187ebbd76a422ea,,unknown,0,0,,15,19,0.929155,0,,0,2026-05-31 21:49:32
e1891de63d3206f1,,unknown,0,0,,19,13,1.115557,0,,0,2026-05-31 21:49:32
e18ce9e0ad0cadc6,,unknown,0,0,,19,4,1.083877,0,,0,2026-05-31 21:49:32
e18ed7228708b236,,unknown,0,0,,19,8,0.970549,0,,0,2026-05-31 21:49:32
e199f84b5a036040,,unknown,0,0,,10,17,1.058214,0,,0,2026-05-31 21:49:32
e1a44c8c984f347a,,unknown,0,0,,4,,1.081286,0,,0,2026-05-31 21:49:32
e1b1a8d6f60a5246,docs\documents-atlas-index.md#chunk-112,unknown,0,0,,1,14,1.087785,0,,0,2026-05-31 21:49:32
e1b58b76ab0f338b,,unknown,0,0,,7,3,1.03449,0,,0,2026-05-31 21:49:32
e1bdea7f281ddd8e,docs\documents-atlas-index.md#chunk-621,unknown,0,0,,8,12,1.130223,0,,0,2026-05-31 21:49:32
e1be0fb66d7ebdef,,unknown,0,0,,10,8,1.31092,0,,0,2026-05-31 21:49:32
e1be97cfe92bfb1a,,unknown,0,0,,10,9,1.198948,0,,0,2026-05-31 21:49:32
e1c4b41b87672539,,unknown,0,0,,6,19,0.995702,0,,0,2026-05-31 21:49:32
e1ccc39ad54d5d0f,,unknown,0,0,,10,8,1.131079,0,,0,2026-05-31 21:49:32
e1ce5920cd9cfb1f,,unknown,0,0,,10,8,1.138057,0,,0,2026-05-31 21:49:32
e1dd6e920384c15b,,unknown,0,0,,4,6,1.048424,0,,0,2026-05-31 21:49:32
e1de652c8128219d,,unknown,0,0,,16,19,1.101638,0,,0,2026-05-31 21:49:32
e1e00d7fa45aa491,,unknown,0,0,,,6,1.049021,0,,0,2026-05-31 21:49:32
e1e49d35c79bbb45,,unknown,0,0,,3,9,0.908786,0,,0,2026-05-31 21:49:32
e1ee4d86ea12a0e7,,unknown,0,0,,2,7,1.076836,0,,0,2026-05-31 21:49:32
e1f50aaaee8a7a6f,,unknown,0,0,,4,8,1.142429,0,,0,2026-05-31 21:49:32
e1fecf4b16414c02,,unknown,0,0,,8,12,1.083188,0,,0,2026-05-31 21:49:32
e1ff883c14cfdf0e,,unknown,0,0,,10,11,1.211078,0,,0,2026-05-31 21:49:32
e203cc2c6a3d5ad0,,unknown,0,0,,19,5,1.107282,0,,0,2026-05-31 21:49:32
e21356be13b6d131,,unknown,0,0,,19,13,1.027481,0,,0,2026-05-31 21:49:32
e21935ed97162fb5,,unknown,0,0,,14,19,0.958281,0,,0,2026-05-31 21:49:32
e21dc77771e7351e,,unknown,0,0,,12,16,0.946985,0,,0,2026-05-31 21:49:32
e21e4cf9e0e269dc,,unknown,0,0,,19,18,1.026712,0,,0,2026-05-31 21:49:32
e225aef9ad3b38a8,,unknown,0,0,,19,5,1.040239,0,,0,2026-05-31 21:49:32
e235c065eb0461cc,,unknown,0,0,,10,19,0.946912,0,,0,2026-05-31 21:49:32
e236e055873f0afb,,unknown,0,0,,11,19,0.915333,0,,0,2026-05-31 21:49:32
e242ae6a6af9445b,,unknown,0,0,,11,15,1.064308,0,,0,2026-05-31 21:49:32
e2475f184cb231bb,,unknown,0,0,,19,19,1.071337,0,,0,2026-05-31 21:49:32
e24ae330a16db656,,unknown,0,0,,19,6,0.943662,0,,0,2026-05-31 21:49:32
e24f34806f713480,docs\documents-atlas-index.md#chunk-856,unknown,0,0,,19,13,1.044124,0,,0,2026-05-31 21:49:32
e258d937bf2995ae,,unknown,0,0,,12,19,0.928452,0,,0,2026-05-31 21:49:32
e26613881f948905,,unknown,0,0,,12,14,1.012673,0,,0,2026-05-31 21:49:32
e26e3e710f0430cf,,unknown,0,0,,19,19,1.094925,0,,0,2026-05-31 21:49:32
e275030a576567ac,,unknown,0,0,,16,19,0.885635,0,,0,2026-05-31 21:49:32
e27b67e9a456bad6,,unknown,0,0,,19,12,0.962186,0,,0,2026-05-31 21:49:32
e28241f5449a621f,,unknown,0,0,,16,15,1.006063,0,,0,2026-05-31 21:49:32
e2886d59cbf5921e,,unknown,0,0,,8,,1.009204,0,,0,2026-05-31 21:49:32
e297fd8b5f5ebe6b,,unknown,0,0,,9,15,1.08545,0,,0,2026-05-31 21:49:32
e29b8f73687d1db2,,unknown,0,0,,19,,1.01573,0,,0,2026-05-31 21:49:32
e2bb5ada80cf3ff8,,unknown,0,0,,10,9,1.220837,0,,0,2026-05-31 21:49:32
e2bb9fc32d873c38,docs\documents-atlas-index.md#chunk-638,unknown,0,0,,5,8,1.085856,0,,0,2026-05-31 21:49:32
e2bbde7056437c51,,unknown,0,0,,7,11,0.94363,0,,0,2026-05-31 21:49:32
e2bfa6de2e85c54d,,unknown,0,0,,2,17,1.126918,0,,0,2026-05-31 21:49:32
e2cd0aef0b099b76,,unknown,0,0,,2,8,1.173115,0,,0,2026-05-31 21:49:32
e2cde3f12c1a7c9c,,unknown,0,0,,1,19,1.130904,0,,0,2026-05-31 21:49:32
e2d7207e58dc2fb8,,unknown,0,0,,15,19,1.132686,0,,0,2026-05-31 21:49:32
e2da6602c131ed05,,unknown,0,0,,3,9,0.992201,0,,0,2026-05-31 21:49:32
e2e12e0d13d95534,,unknown,0,0,,3,,1.033751,0,,0,2026-05-31 21:49:32
e2eb2187481520ea,,unknown,0,0,,19,18,0.994599,0,,0,2026-05-31 21:49:32
e30db8268db88930,,unknown,0,0,,19,6,1.021462,0,,0,2026-05-31 21:49:32
e320ece21b1e0207,,unknown,0,0,,19,5,1.089715,0,,0,2026-05-31 21:49:32
e3267b61f703303d,,unknown,0,0,,11,10,1.041152,0,,0,2026-05-31 21:49:32
e32ad812c0695dc4,,unknown,0,0,,19,,1.052157,0,,0,2026-05-31 21:49:32
e3324344e2d4fa43,,unknown,0,0,,12,13,0.998492,0,,0,2026-05-31 21:49:32
e334e01d2b9e8e1a,,unknown,0,0,,9,19,1.023324,0,,0,2026-05-31 21:49:32
e336e40d52a0e498,,unknown,0,0,,12,14,1.026635,0,,0,2026-05-31 21:49:32
e33ab4eebeec654a,,unknown,0,0,,19,5,1.176887,0,,0,2026-05-31 21:49:32
e33c2e753f4ca5fa,,unknown,0,0,,19,18,1.116239,0,,0,2026-05-31 21:49:32
e34cae559c603706,,unknown,0,0,,10,12,1.066936,0,,0,2026-05-31 21:49:32
e3554e0716fe5eb9,,unknown,0,0,,12,13,1.06203,0,,0,2026-05-31 21:49:32
e355918d921d6cc3,docs\documents-atlas-index.md#chunk-781,unknown,0,0,,13,17,1.016885,0,,0,2026-05-31 21:49:32
e355fc6b77ac6887,,unknown,0,0,,19,5,1.026406,0,,0,2026-05-31 21:49:32
e361322a878cda7c,,unknown,0,0,,13,15,1.029549,0,,0,2026-05-31 21:49:32
e371cc6d4972fa7c,,unknown,0,0,,9,15,0.954541,0,,0,2026-05-31 21:49:32
e37fb27bc0d35052,,unknown,0,0,,12,14,1.102096,0,,0,2026-05-31 21:49:32
e380725576922e51,,unknown,0,0,,11,14,0.864693,0,,0,2026-05-31 21:49:32
e383bfbcb9fc2874,,unknown,0,0,,19,5,1.061463,0,,0,2026-05-31 21:49:32
e39026665d5fbc79,,unknown,0,0,,19,6,1.010134,0,,0,2026-05-31 21:49:32
e395e8bd5259db8f,,unknown,0,0,,10,17,0.966576,0,,0,2026-05-31 21:49:32
e39c19b0d692b84e,,unknown,0,0,,19,12,0.950006,0,,0,2026-05-31 21:49:32
e3bb423a74c40bc1,,unknown,0,0,,17,19,1.105651,0,,0,2026-05-31 21:49:32
e3bdf33ef01a1372,,unknown,0,0,,19,6,1.175729,0,,0,2026-05-31 21:49:32
e3c5447a9fbeb889,,unknown,0,0,,,,1.062013,0,,0,2026-05-31 21:49:32
e3cd9194765661bb,,unknown,0,0,,19,18,0.936902,0,,0,2026-05-31 21:49:32
e3d08699ac13cbe3,,unknown,0,0,,2,11,0.980995,0,,0,2026-05-31 21:49:32
e3d2419972c34661,,unknown,0,0,,,,1.004219,0,,0,2026-05-31 21:49:32
e3df04332b1ff5a1,,unknown,0,0,,,,1.196786,0,,0,2026-05-31 21:49:32
e3dfd0ed828c9200,,unknown,0,0,,,16,1.228908,0,,0,2026-05-31 21:49:32
e3e77ef37b0e2c3d,,unknown,0,0,,9,8,1.086738,0,,0,2026-05-31 21:49:32
e3eb84e63590ff89,docs\documents-atlas-index.md#chunk-1140,unknown,0,0,,,13,0.987049,0,,0,2026-05-31 21:49:32
e3ec36a8636562e7,,unknown,0,0,,19,17,0.975202,0,,0,2026-05-31 21:49:32
e3f10c5bf77fe9e0,,unknown,0,0,,1,5,1.14785,0,,0,2026-05-31 21:49:32
e3f5dbb06d577757,,unknown,0,0,,,15,0.991175,0,,0,2026-05-31 21:49:32
e400b08daec497d1,docs\error-analysis-architecture.md#chunk-3,unknown,0,0,,12,19,1.044954,0,,0,2026-05-31 21:49:32
e4010314b9d492a8,,unknown,0,0,,19,18,0.961563,0,,0,2026-05-31 21:49:32
e401ae82c3eac7da,,unknown,0,0,,19,7,1.197071,0,,0,2026-05-31 21:49:32
e40cde7aec2c29ed,docs\documents-atlas-index.md#chunk-1096,unknown,0,0,,19,5,1.181807,0,,0,2026-05-31 21:49:32
e415d477b13ea8c5,docs\documents-atlas-index.md#chunk-1183,unknown,0,0,,19,7,0.96889,0,,0,2026-05-31 21:49:32
e41f88883d1c5e21,docs\documents-atlas-index.md#chunk-863,unknown,0,0,,19,3,1.058952,0,,0,2026-05-31 21:49:32
e42070a290f6458e,,unknown,0,0,,16,18,0.971289,0,,0,2026-05-31 21:49:32
e4209796f71bc941,docs\documents-atlas-index.md#chunk-324,unknown,0,0,,19,8,0.914547,0,,0,2026-05-31 21:49:32
e4245cbb1261e93b,,unknown,0,0,,14,14,1.047809,0,,0,2026-05-31 21:49:32
e434913890252ec8,docs\documents-atlas-index.md#chunk-732,unknown,0,0,,12,19,0.818718,0,,0,2026-05-31 21:49:32
e43a6f4a9f4e7b2e,,unknown,0,0,,15,4,1.120771,0,,0,2026-05-31 21:49:32
e43c3f525cf45560,,unknown,0,0,,8,,1.071109,0,,0,2026-05-31 21:49:32
e452a008964c57bd,,unknown,0,0,,12,19,0.91337,0,,0,2026-05-31 21:49:32
e457151750e82950,,unknown,0,0,,19,14,0.991765,0,,0,2026-05-31 21:49:32
e487555cb0b15ec7,,unknown,0,0,,14,19,0.951659,0,,0,2026-05-31 21:49:32
e48c6b843046d784,,unknown,0,0,,18,11,0.976315,0,,0,2026-05-31 21:49:32
e495c181c59b7b58,,unknown,0,0,,19,4,0.921842,0,,0,2026-05-31 21:49:32
e49b45c95e79f832,,unknown,0,0,,18,11,1.002399,0,,0,2026-05-31 21:49:32
e49b4bb23291d81c,,unknown,0,0,,19,13,1.01724,0,,0,2026-05-31 21:49:32
e4a11e3f4aee210f,,unknown,0,0,,3,,1.121134,0,,0,2026-05-31 21:49:32
e4a37be964e40296,,unknown,0,0,,4,2,1.037429,0,,0,2026-05-31 21:49:32
e4a8b3933b8c406c,,unknown,0,0,,1,18,0.952902,0,,0,2026-05-31 21:49:32
e4ab1fef7c8e685a,,unknown,0,0,,5,,1.14883,0,,0,2026-05-31 21:49:32
e4acc30f119768c5,docs\documents-atlas-index.md#chunk-832,unknown,0,0,,12,17,1.138116,0,,0,2026-05-31 21:49:32
e4adbae88ad77282,,unknown,0,0,,10,,1.136016,0,,0,2026-05-31 21:49:32
e4b9c6b2017f6221,,unknown,0,0,,,19,1.110527,0,,0,2026-05-31 21:49:32
e4c245277f90be53,,unknown,0,0,,1,13,0.902441,0,,0,2026-05-31 21:49:32
e4cf2c0320ac933d,,unknown,0,0,,6,,1.115397,0,,0,2026-05-31 21:49:32
e4e26b6c10db807f,,unknown,0,0,,3,,1.113811,0,,0,2026-05-31 21:49:32
e4f8a4ddcb744aeb,,unknown,0,0,,10,19,0.996277,0,,0,2026-05-31 21:49:32
e4fb34d908793a76,docs\documents-atlas-index.md#chunk-1117,unknown,0,0,,,15,1.046728,0,,0,2026-05-31 21:49:32
e503abca91d07604,,unknown,0,0,,12,13,1.119214,0,,0,2026-05-31 21:49:32
e5114b2a11981379,,unknown,0,0,,13,13,1.03713,0,,0,2026-05-31 21:49:32
e515a5c52971bb6e,,unknown,0,0,,4,19,0.963008,0,,0,2026-05-31 21:49:32
e51c61a15351e906,,unknown,0,0,,19,13,0.95232,0,,0,2026-05-31 21:49:32
e51cf50fa32702e5,,unknown,0,0,,14,18,1.102245,0,,0,2026-05-31 21:49:32
e52a89505d35a4ab,,unknown,0,0,,19,19,0.954287,0,,0,2026-05-31 21:49:32
e533e692a2baa929,,unknown,0,0,,19,7,1.011534,0,,0,2026-05-31 21:49:32
e5372b70c4a42ce5,docs\documents-atlas-index.md#chunk-330,unknown,0,0,,12,13,1.013137,0,,0,2026-05-31 21:49:32
e542551113aa49e0,,unknown,0,0,,19,18,0.971775,0,,0,2026-05-31 21:49:32
e5440f1458a7fd44,,unknown,0,0,,11,12,0.992805,0,,0,2026-05-31 21:49:32
e54695273d78afd4,,unknown,0,0,,12,16,0.954892,0,,0,2026-05-31 21:49:32
e56184ec69e17050,docs\documents-atlas-index.md#chunk-1224,unknown,0,0,,15,15,1.022357,0,,0,2026-05-31 21:49:32
e562d00e21e41666,,unknown,0,0,,12,16,1.004408,0,,0,2026-05-31 21:49:32
e5636374e9d7f69b,,unknown,0,0,,13,13,0.961033,0,,0,2026-05-31 21:49:32
e56f634dfb4db412,,unknown,0,0,,19,7,1.055942,0,,0,2026-05-31 21:49:32
e575a20bb7ed8266,docs\documents-atlas-index.md#chunk-1132,unknown,0,0,,19,6,1.098291,0,,0,2026-05-31 21:49:32
e577640805de8ceb,,unknown,0,0,,15,19,0.911732,0,,0,2026-05-31 21:49:32
e5888a182ff48d39,,unknown,0,0,,10,13,0.982869,0,,0,2026-05-31 21:49:32
e58bb54f17b82143,,unknown,0,0,,15,19,1.091716,0,,0,2026-05-31 21:49:32
e59e7b647a48258f,,unknown,0,0,,12,12,1.022287,0,,0,2026-05-31 21:49:32
e5a22595230672a9,,unknown,0,0,,17,18,1.018513,0,,0,2026-05-31 21:49:32
e5a47aa52ddff08e,,unknown,0,0,,,,1.171732,0,,0,2026-05-31 21:49:32
e5b5decc9a04846d,docs\documents-atlas-index.md#chunk-1127,unknown,0,0,,2,17,1.064496,0,,0,2026-05-31 21:49:32
e5bb1727a34e7165,docs\documents-atlas-index.md#chunk-410,unknown,0,0,,6,4,0.999579,0,,0,2026-05-31 21:49:32
e5bd8f8e65c221bd,,unknown,0,0,,19,18,1.090973,0,,0,2026-05-31 21:49:32
e5c127a8fc10f60e,,unknown,0,0,,1,12,0.997743,0,,0,2026-05-31 21:49:32
e5cf7cac5bf257bf,,unknown,0,0,,17,19,1.145669,0,,0,2026-05-31 21:49:32
e5d9b6f60f85f54d,,unknown,0,0,,1,18,0.89244,0,,0,2026-05-31 21:49:32
e5db7460728b8bc7,docs\documents-atlas-index.md#chunk-1050,unknown,0,0,,12,14,1.065731,0,,0,2026-05-31 21:49:32
e5db83852a66ceb0,,unknown,0,0,,,15,1.039119,0,,0,2026-05-31 21:49:32
e5ef87351d3ac749,,unknown,0,0,,,1,1.023063,0,,0,2026-05-31 21:49:32
e5f07e8ee86068bb,,unknown,0,0,,4,6,1.086775,0,,0,2026-05-31 21:49:32
e5f2ca5eb7e01367,docs\documents-atlas-index.md#chunk-1122,unknown,0,0,,5,,1.038698,0,,0,2026-05-31 21:49:32
e5f67ea4b639e5fa,,unknown,0,0,,1,9,1.055045,0,,0,2026-05-31 21:49:32
e5fb4234b71d5ea5,,unknown,0,0,,10,7,1.089373,0,,0,2026-05-31 21:49:32
e5fbe0ce0ff046d5,,unknown,0,0,,14,19,1.244318,0,,0,2026-05-31 21:49:32
e5fcfad4228419c3,,unknown,0,0,,9,12,1.166841,0,,0,2026-05-31 21:49:32
e60710bda529ab11,,unknown,0,0,,19,10,1.024261,0,,0,2026-05-31 21:49:32
e61b341d0c027580,docs\documents-atlas-index.md#chunk-26,unknown,0,0,,14,18,1.122256,0,,0,2026-05-31 21:49:32
e61eb34dfdee12fa,,unknown,0,0,,14,19,1.158991,0,,0,2026-05-31 21:49:32
e622d75a84465049,,unknown,0,0,,11,17,0.93352,0,,0,2026-05-31 21:49:32
e63960789aeae240,,unknown,0,0,,19,8,1.00138,0,,0,2026-05-31 21:49:32
e64b83bd69ea4d41,,unknown,0,0,,14,14,1.071649,0,,0,2026-05-31 21:49:32
e64bf18aec2b9c96,,unknown,0,0,,19,4,1.019649,0,,0,2026-05-31 21:49:32
e64f8ea8cb818883,,unknown,0,0,,15,9,1.010604,0,,0,2026-05-31 21:49:32
e65602e41e939428,docs\documents-atlas-index.md#chunk-532,unknown,0,0,,19,13,0.965614,0,,0,2026-05-31 21:49:32
e66293552c9828fc,,unknown,0,0,,14,19,0.804291,0,,0,2026-05-31 21:49:32
e66adff553d2d165,,unknown,0,0,,13,12,1.137735,0,,0,2026-05-31 21:49:32
e66df23b8c96b000,,unknown,0,0,,19,8,1.128015,0,,0,2026-05-31 21:49:32
e677636c6509a17f,,unknown,0,0,,14,17,0.947551,0,,0,2026-05-31 21:49:32
e67b780e95a411d5,,unknown,0,0,,19,19,0.911738,0,,0,2026-05-31 21:49:32
e67bbebcd8c7dc45,,unknown,0,0,,10,11,1.106011,0,,0,2026-05-31 21:49:32
e6a06bc6bbc716f6,,unknown,0,0,,8,,1.136983,0,,0,2026-05-31 21:49:32
e6a30f4be97e0e61,,unknown,0,0,,5,5,1.048357,0,,0,2026-05-31 21:49:32
e6a408c32f904441,,unknown,0,0,,,5,1.016867,0,,0,2026-05-31 21:49:32
e6a5b149e3e8a4ce,,unknown,0,0,,10,15,1.10182,0,,0,2026-05-31 21:49:32
e6af15aed1009305,,unknown,0,0,,1,7,1.131671,0,,0,2026-05-31 21:49:32
e6bcc0ca9d2e7cf2,,unknown,0,0,,1,19,1.193957,0,,0,2026-05-31 21:49:32
e6bcc885991f21c5,,unknown,0,0,,19,5,1.128045,0,,0,2026-05-31 21:49:32
e6bf20612a3d04b7,,unknown,0,0,,19,18,1.145194,0,,0,2026-05-31 21:49:32
e6c69c0f5b562362,docs\documents-atlas-index.md#chunk-4,unknown,0,0,,,,0.872408,0,,0,2026-05-31 21:49:32
e6ca6c7485ce3e58,,unknown,0,0,,7,,0.993321,0,,0,2026-05-31 21:49:32
e6cbe342a29c3419,,unknown,0,0,,19,5,1.073207,0,,0,2026-05-31 21:49:32
e6da7a4a19f40412,,unknown,0,0,,4,,1.011869,0,,0,2026-05-31 21:49:32
e6df85090c16d5ca,,unknown,0,0,,19,19,1.07626,0,,0,2026-05-31 21:49:32
e6e2f55f1ff4d013,,unknown,0,0,,1,17,1.107851,0,,0,2026-05-31 21:49:32
e6e42464dd44f58f,,unknown,0,0,,2,12,1.012487,0,,0,2026-05-31 21:49:32
e6e4828c770d377c,,unknown,0,0,,6,19,1.053336,0,,0,2026-05-31 21:49:32
e6f13226a080944c,,unknown,0,0,,3,19,0.975131,0,,0,2026-05-31 21:49:32
e6f1d3a776e2b232,,unknown,0,0,,,15,0.991172,0,,0,2026-05-31 21:49:32
e6f7caa020bbf04b,,unknown,0,0,,,15,1.194583,0,,0,2026-05-31 21:49:32
e6f883bf8831499f,,unknown,0,0,,13,19,1.038159,0,,0,2026-05-31 21:49:32
e70275554db3ed2b,,unknown,0,0,,11,15,1.008952,0,,0,2026-05-31 21:49:32
e70489813915f69a,docs\documents-atlas-index.md#chunk-752,unknown,0,0,,14,14,0.87301,0,,0,2026-05-31 21:49:32
e70696ffe398dc16,,unknown,0,0,,15,12,1.015671,0,,0,2026-05-31 21:49:32
e708789c6fc1417d,,unknown,0,0,,14,19,0.950292,0,,0,2026-05-31 21:49:32
e70940290747d419,,unknown,0,0,,19,13,0.897015,0,,0,2026-05-31 21:49:32
e70c1a265aeda164,,unknown,0,0,,19,6,1.053278,0,,0,2026-05-31 21:49:32
e7147dca3f40ac6e,,unknown,0,0,,11,14,1.053884,0,,0,2026-05-31 21:49:32
e71a7b30f56815e1,docs\documents-atlas-index.md#chunk-681,unknown,0,0,,19,10,1.027366,0,,0,2026-05-31 21:49:32
e71b966122adea55,,unknown,0,0,,13,12,1.00218,0,,0,2026-05-31 21:49:32
e72f40178763f844,,unknown,0,0,,19,12,0.908324,0,,0,2026-05-31 21:49:32
e7307433cc8f4a5e,docs\documents-atlas-index.md#chunk-444,unknown,0,0,,19,6,0.985776,0,,0,2026-05-31 21:49:32
e73f648419083a46,,unknown,0,0,,12,14,0.963246,0,,0,2026-05-31 21:49:32
e744cd0504d18107,,unknown,0,0,,10,13,1.011302,0,,0,2026-05-31 21:49:32
e75d183d60e60e4e,,unknown,0,0,,15,19,0.955935,0,,0,2026-05-31 21:49:32
e761988dd583875b,docs\documents-atlas-index.md#chunk-1188,unknown,0,0,,12,17,0.882116,0,,0,2026-05-31 21:49:32
e7708134298ee423,,unknown,0,0,,19,8,0.972987,0,,0,2026-05-31 21:49:32
e77268189939ebaa,docs\documents-atlas-index.md#chunk-938,unknown,0,0,,13,19,0.814722,0,,0,2026-05-31 21:49:32
e7749d07cccd28a8,,unknown,0,0,,16,4,1.023058,0,,0,2026-05-31 21:49:32
e776987c5694a247,,unknown,0,0,,14,14,0.867994,0,,0,2026-05-31 21:49:32
e77f2b1215d72dc3,,unknown,0,0,,19,18,1.05514,0,,0,2026-05-31 21:49:32
e795e9b303358ed9,,unknown,0,0,,10,17,0.889985,0,,0,2026-05-31 21:49:32
e79f5cab316befc7,,unknown,0,0,,19,12,1.047583,0,,0,2026-05-31 21:49:32
e7a05409060c3993,,unknown,0,0,,,,0.933973,0,,0,2026-05-31 21:49:32
e7a64cae3e946b06,,unknown,0,0,,1,10,1.016942,0,,0,2026-05-31 21:49:32
e7a672afa9a5c1bc,,unknown,0,0,,16,18,1.004613,0,,0,2026-05-31 21:49:32
e7a70115d734e9eb,,unknown,0,0,,19,17,1.029531,0,,0,2026-05-31 21:49:32
e7afcbf309f7ce6d,,unknown,0,0,,,17,1.08138,0,,0,2026-05-31 21:49:32
e7b6fda62da983a1,,unknown,0,0,,10,13,1.157173,0,,0,2026-05-31 21:49:32
e7bf81fc91eb2df7,,unknown,0,0,,16,19,1.185601,0,,0,2026-05-31 21:49:32
e7bfcf2ac6299fd8,,unknown,0,0,,7,7,1.094078,0,,0,2026-05-31 21:49:32
e7c11d306fadfceb,,unknown,0,0,,1,,1.189015,0,,0,2026-05-31 21:49:32
e7c30c942c5e8cf9,,unknown,0,0,,,,1.097287,0,,0,2026-05-31 21:49:32
e7d8068311ec3a4a,,unknown,0,0,,10,12,1.097618,0,,0,2026-05-31 21:49:32
e7d9ff9a7e7a06b8,docs\documents-atlas-index.md#chunk-1115,unknown,0,0,,,,1.097055,0,,0,2026-05-31 21:49:32
e7dacc6bc07a3526,,unknown,0,0,,7,1,1.072817,0,,0,2026-05-31 21:49:32
e7df815bd71889c5,,unknown,0,0,,19,18,1.056534,0,,0,2026-05-31 21:49:32
e7e151a8251466b4,,unknown,0,0,,17,17,1.038888,0,,0,2026-05-31 21:49:32
e7e2c196c6002424,,unknown,0,0,,2,18,0.972358,0,,0,2026-05-31 21:49:32
e7e76036cc4ddf75,,unknown,0,0,,2,10,1.022976,0,,0,2026-05-31 21:49:32
e7f851f657db5244,docs\documents-atlas-index.md#chunk-68,unknown,0,0,,16,15,1.13584,0,,0,2026-05-31 21:49:32
e7f9279edcfab09c,,unknown,0,0,,,,1.131605,0,,0,2026-05-31 21:49:32
e8019f11ed5a39c4,,unknown,0,0,,19,5,1.033928,0,,0,2026-05-31 21:49:32
e804daca41784093,,unknown,0,0,,11,14,1.047274,0,,0,2026-05-31 21:49:32
e8112b94f8da28d3,,unknown,0,0,,19,7,1.063595,0,,0,2026-05-31 21:49:32
e834eac4f2fe151b,docs\documents-atlas-index.md#chunk-1248,unknown,0,0,,14,3,1.119086,0,,0,2026-05-31 21:49:32
e841bbcf127cef78,docs\documents-atlas-index.md#chunk-1113,unknown,0,0,,10,13,1.092107,0,,0,2026-05-31 21:49:32
e859973c4f2a9c3c,docs\documents-atlas-index.md#chunk-95,unknown,0,0,,12,19,0.914106,0,,0,2026-05-31 21:49:32
e862162f5f54a5d7,,unknown,0,0,,14,19,1.056343,0,,0,2026-05-31 21:49:32
e8662b9a94b5bc93,,unknown,0,0,,12,13,0.95272,0,,0,2026-05-31 21:49:32
e866ee5d6f8d1407,docs\documents-atlas-index.md#chunk-900,unknown,0,0,,19,5,1.059482,0,,0,2026-05-31 21:49:32
e86ed9c9785803fb,,unknown,0,0,,16,19,0.888811,0,,0,2026-05-31 21:49:32
e87099866477f8f3,,unknown,0,0,,19,14,0.882825,0,,0,2026-05-31 21:49:32
e879258f2614d331,,unknown,0,0,,19,12,0.957308,0,,0,2026-05-31 21:49:32
e87a9f2bda402050,,unknown,0,0,,8,,1.098854,0,,0,2026-05-31 21:49:32
e88985115c3584c2,,unknown,0,0,,17,19,0.897832,0,,0,2026-05-31 21:49:32
e88ed0d362e058e0,,unknown,0,0,,19,18,1.013053,0,,0,2026-05-31 21:49:32
e892218e454985aa,,unknown,0,0,,16,19,0.809213,0,,0,2026-05-31 21:49:32
e89c63a5aa448b97,,unknown,0,0,,13,8,1.013682,0,,0,2026-05-31 21:49:32
e89f759f1a7079a2,docs\documents-atlas-index.md#chunk-1276,unknown,0,0,,19,19,0.99133,0,,0,2026-05-31 21:49:32
e8a29fd7ce5391fa,docs\documents-atlas-index.md#chunk-982,unknown,0,0,,4,9,1.145117,0,,0,2026-05-31 21:49:32
e8aad1a4f298eec8,docs\documents-atlas-index.md#chunk-458,unknown,0,0,,,15,1.041868,0,,0,2026-05-31 21:49:32
e8ae74f2d9462a71,,unknown,0,0,,4,11,0.964485,0,,0,2026-05-31 21:49:32
e8b39b50e32a1006,,unknown,0,0,,4,4,0.969796,0,,0,2026-05-31 21:49:32
e8b9e6f31095c1da,,unknown,0,0,,,19,1.015723,0,,0,2026-05-31 21:49:32
e8c03ea7a982fc66,,unknown,0,0,,2,10,0.879452,0,,0,2026-05-31 21:49:32
e8c63b0596f775f5,,unknown,0,0,,3,,1.001497,0,,0,2026-05-31 21:49:32
e8cb49050561e3f1,,unknown,0,0,,19,17,1.084878,0,,0,2026-05-31 21:49:32
e8d274d0bdb5cf1e,,unknown,0,0,,1,16,1.077062,0,,0,2026-05-31 21:49:32
e8d2ee27e61c96d4,docs\documents-atlas-index.md#chunk-649,unknown,0,0,,19,5,1.150185,0,,0,2026-05-31 21:49:32
e8de0691923e982f,,unknown,0,0,,19,15,1.113076,0,,0,2026-05-31 21:49:32
e8e1d4eb65de53be,,unknown,0,0,,15,18,1.0992,0,,0,2026-05-31 21:49:32
e8e70567cf8d2dc4,,unknown,0,0,,10,8,1.113831,0,,0,2026-05-31 21:49:32
e8e937234de678b7,,unknown,0,0,,,,0.981642,0,,0,2026-05-31 21:49:32
e8eb4b5b55edc212,docs\documents-atlas-index.md#chunk-876,unknown,0,0,,4,,1.080018,0,,0,2026-05-31 21:49:32
e90d1c6d966eff56,,unknown,0,0,,19,8,1.077133,0,,0,2026-05-31 21:49:32
e90d8d1dc4595568,,unknown,0,0,,14,9,1.0571,0,,0,2026-05-31 21:49:32
e90dfd9c6bbd231f,,unknown,0,0,,13,,1.187674,0,,0,2026-05-31 21:49:32
e91ab6bfcf15e6e8,,unknown,0,0,,19,10,1.144212,0,,0,2026-05-31 21:49:32
e91da3d0bac61111,,unknown,0,0,,13,,1.169878,0,,0,2026-05-31 21:49:32
e92aec46047ee953,,unknown,0,0,,19,6,1.022266,0,,0,2026-05-31 21:49:32
e92c8b9037cb7d57,,unknown,0,0,,17,,0.9496,0,,0,2026-05-31 21:49:32
e9320c2ca649d795,,unknown,0,0,,19,10,1.029231,0,,0,2026-05-31 21:49:32
e936f3f80179387c,docs\documents-atlas-index.md#chunk-613,unknown,0,0,,9,19,0.95757,0,,0,2026-05-31 21:49:32
e939d4639948c266,,unknown,0,0,,11,14,0.901055,0,,0,2026-05-31 21:49:32
e940f71a8bf745c9,,unknown,0,0,,12,19,0.972814,0,,0,2026-05-31 21:49:32
e94ce9701c8adfe7,,unknown,0,0,,19,2,1.045372,0,,0,2026-05-31 21:49:32
e95db4bda0d70012,,unknown,0,0,,14,14,1.131509,0,,0,2026-05-31 21:49:32
e95eb6aa1069de93,,unknown,0,0,,12,14,1.071476,0,,0,2026-05-31 21:49:32
e9630f5bfb803a1a,docs\documents-atlas-index.md#chunk-1026,unknown,0,0,,10,14,1.061329,0,,0,2026-05-31 21:49:32
e966c58f72757ee3,,unknown,0,0,,12,19,0.864901,0,,0,2026-05-31 21:49:32
e969be30af331387,docs\documents-atlas-index.md#chunk-326,unknown,0,0,,18,6,1.064617,0,,0,2026-05-31 21:49:32
e9763d63f9a94067,,unknown,0,0,,12,10,0.979277,0,,0,2026-05-31 21:49:32
e988e4a4c9bed1f6,,unknown,0,0,,19,9,1.04817,0,,0,2026-05-31 21:49:32
e98e59665227f601,,unknown,0,0,,19,12,0.923004,0,,0,2026-05-31 21:49:32
e990053049df1238,,unknown,0,0,,19,7,1.094351,0,,0,2026-05-31 21:49:32
e998e6c0d4a73193,,unknown,0,0,,13,13,1.002052,0,,0,2026-05-31 21:49:32
e99f84104a6682fc,,unknown,0,0,,19,19,0.851976,0,,0,2026-05-31 21:49:32
e9a625cad5fe5148,,unknown,0,0,,17,14,1.195571,0,,0,2026-05-31 21:49:32
e9afaef4522ccc55,,unknown,0,0,,,13,1.161445,0,,0,2026-05-31 21:49:32
e9b771a9fd29e6c8,,unknown,0,0,,,10,0.996742,0,,0,2026-05-31 21:49:32
e9b874a70f2fd458,docs\documents-atlas-index.md#chunk-1292,unknown,0,0,,,15,1.051548,0,,0,2026-05-31 21:49:32
e9baa767832646c7,,unknown,0,0,,3,19,1.021886,0,,0,2026-05-31 21:49:32
e9bc638052d6bdd0,,unknown,0,0,,19,18,1.113211,0,,0,2026-05-31 21:49:32
e9bd592418a9a6dd,,unknown,0,0,,19,18,1.001964,0,,0,2026-05-31 21:49:32
e9cac8ade9d6aeda,,unknown,0,0,,14,19,1.189764,0,,0,2026-05-31 21:49:32
e9cfe8a64342653d,,unknown,0,0,,,19,1.011383,0,,0,2026-05-31 21:49:32
e9db138ec2dd923e,,unknown,0,0,,7,,1.120124,0,,0,2026-05-31 21:49:32
e9db19157802c6bd,,unknown,0,0,,19,18,1.006117,0,,0,2026-05-31 21:49:32
e9e2f03edcb0c935,docs\documents-atlas-index.md#chunk-570,unknown,0,0,,2,15,1.062252,0,,0,2026-05-31 21:49:32
e9e7d60f6af76a71,,unknown,0,0,,7,15,1.046285,0,,0,2026-05-31 21:49:32
e9e7db0e8880b78d,docs\documents-atlas-index.md#chunk-1246,unknown,0,0,,3,17,1.025316,0,,0,2026-05-31 21:49:32
e9ec4938c5df4538,,unknown,0,0,,6,,1.04656,0,,0,2026-05-31 21:49:32
e9fadfc1b54e4aa3,,unknown,0,0,,16,,1.163365,0,,0,2026-05-31 21:49:32
ea0c9dcc5e9ca298,,unknown,0,0,,16,10,1.121748,0,,0,2026-05-31 21:49:32
ea10669cbbf3aba8,,unknown,0,0,,14,19,1.013414,0,,0,2026-05-31 21:49:32
ea14dd43e023f6fc,,unknown,0,0,,19,18,1.091473,0,,0,2026-05-31 21:49:32
ea19ad4a3de7fe12,,unknown,0,0,,10,13,1.159973,0,,0,2026-05-31 21:49:32
ea204735e06e325b,,unknown,0,0,,19,15,1.009585,0,,0,2026-05-31 21:49:32
ea2a4888541c7a38,,unknown,0,0,,19,18,0.940087,0,,0,2026-05-31 21:49:32
ea3b740efdef6d2e,,unknown,0,0,,14,,1.176754,0,,0,2026-05-31 21:49:32
ea43d60c77507098,,unknown,0,0,,14,18,0.967491,0,,0,2026-05-31 21:49:32
ea44ad4af2198b8f,,unknown,0,0,,10,15,1.057902,0,,0,2026-05-31 21:49:32
ea46870e136c5564,,unknown,0,0,,19,15,0.981232,0,,0,2026-05-31 21:49:32
ea46b416fc7ce4fa,,unknown,0,0,,19,19,1.103225,0,,0,2026-05-31 21:49:32
ea487fe6cdf02b40,,unknown,0,0,,11,,1.075151,0,,0,2026-05-31 21:49:32
ea4b24df92e64397,,unknown,0,0,,19,16,0.933028,0,,0,2026-05-31 21:49:32
ea5440f7a438c61a,,unknown,0,0,,18,14,0.904066,0,,0,2026-05-31 21:49:32
ea5f79091c014625,,unknown,0,0,,19,19,1.033597,0,,0,2026-05-31 21:49:32
ea61553a27c68e25,,unknown,0,0,,17,19,0.925586,0,,0,2026-05-31 21:49:32
ea61a722298e8a1d,,unknown,0,0,,5,19,0.988729,0,,0,2026-05-31 21:49:32
ea653be5a258e80f,,unknown,0,0,,18,14,1.019075,0,,0,2026-05-31 21:49:32
ea6baa3fe2cb3beb,docs\documents-atlas-index.md#chunk-778,unknown,0,0,,14,,1.132814,0,,0,2026-05-31 21:49:32
ea6d6203c2be528f,,unknown,0,0,,19,18,0.988697,0,,0,2026-05-31 21:49:32
ea6ec9cd300edeed,,unknown,0,0,,19,18,1.046364,0,,0,2026-05-31 21:49:32
ea7638e1e17e3352,,unknown,0,0,,19,13,0.995695,0,,0,2026-05-31 21:49:32
ea7d66ed723f5687,,unknown,0,0,,19,15,0.943893,0,,0,2026-05-31 21:49:32
ea7e269479c56259,,unknown,0,0,,19,18,0.853368,0,,0,2026-05-31 21:49:32
ea84f23837507ea9,,unknown,0,0,,12,19,0.847062,0,,0,2026-05-31 21:49:32
ea8dfa1836b73053,,unknown,0,0,,19,18,1.063602,0,,0,2026-05-31 21:49:32
ea9759ff843044fc,,unknown,0,0,,18,18,0.802734,0,,0,2026-05-31 21:49:32
ea9e8a4ce211092a,docs\documents-atlas-index.md#chunk-67,unknown,0,0,,19,18,1.01147,0,,0,2026-05-31 21:49:32
ea9ef5aa2a4c09bf,,unknown,0,0,,16,19,1.05061,0,,0,2026-05-31 21:49:32
eaa21be2b40e83c4,,unknown,0,0,,18,14,1.193005,0,,0,2026-05-31 21:49:32
eaa53417db50b0e1,,unknown,0,0,,1,10,1.069165,0,,0,2026-05-31 21:49:32
eab1ac3a55e3d77a,,unknown,0,0,,1,17,1.083071,0,,0,2026-05-31 21:49:32
eabd80cea97b611b,,unknown,0,0,,19,15,1.1544,0,,0,2026-05-31 21:49:32
eabe134ef58fb5e8,,unknown,0,0,,19,15,1.193805,0,,0,2026-05-31 21:49:32
eac86f91d6e92b7a,,unknown,0,0,,9,8,1.072603,0,,0,2026-05-31 21:49:32
ead237b3ddc4643a,docs\documents-atlas-index.md#chunk-715,unknown,0,0,,17,17,1.127276,0,,0,2026-05-31 21:49:32
eade7a2fc33745d2,,unknown,0,0,,5,1,1.126914,0,,0,2026-05-31 21:49:32
eaec264b7c939bbd,,unknown,0,0,,19,19,0.940042,0,,0,2026-05-31 21:49:32
eaf031f9d23ac9b6,,unknown,0,0,,18,14,1.128584,0,,0,2026-05-31 21:49:32
eb04b7502f44db18,,unknown,0,0,,1,19,0.934378,0,,0,2026-05-31 21:49:32
eb0bd3f69438814a,docs\documents-atlas-index.md#chunk-799,unknown,0,0,,18,17,0.947839,0,,0,2026-05-31 21:49:32
eb14afd0dd75209a,,unknown,0,0,,18,17,1.180644,0,,0,2026-05-31 21:49:32
eb3de62c9480d48c,,unknown,0,0,,19,19,1.003436,0,,0,2026-05-31 21:49:32
eb45090e086246e0,,unknown,0,0,,19,19,0.859268,0,,0,2026-05-31 21:49:32
eb4e94f23ea40d6b,,unknown,0,0,,19,19,1.000408,0,,0,2026-05-31 21:49:32
eb4fd24f9125e2db,,unknown,0,0,,19,19,1.021772,0,,0,2026-05-31 21:49:32
eb545efd3d7d09ad,,unknown,0,0,,18,18,1.064852,0,,0,2026-05-31 21:49:32
eb60958a38ae4f0c,,unknown,0,0,,15,19,0.962749,0,,0,2026-05-31 21:49:32
eb68a31cc535d988,,unknown,0,0,,13,15,1.021712,0,,0,2026-05-31 21:49:32
eb69c3a71ca458c7,,unknown,0,0,,18,19,0.914788,0,,0,2026-05-31 21:49:32
eb6ce4b6b4ff35c8,,unknown,0,0,,19,18,1.094199,0,,0,2026-05-31 21:49:32
eb735d46ccbc8228,,unknown,0,0,,15,5,1.08585,0,,0,2026-05-31 21:49:32
eb7ad7dc5757a601,docs\documents-atlas-index.md#chunk-281,unknown,0,0,,18,13,1.06673,0,,0,2026-05-31 21:49:32
eb7b3b27fec11875,,unknown,0,0,,11,,1.011046,0,,0,2026-05-31 21:49:32
eb8530afd90e56ea,,unknown,0,0,,18,18,0.967588,0,,0,2026-05-31 21:49:32
eb9464cea6b4a84b,,unknown,0,0,,18,16,0.954081,0,,0,2026-05-31 21:49:32
eba063d122243436,,unknown,0,0,,,19,0.968383,0,,0,2026-05-31 21:49:32
ebaa006fcfb12629,,unknown,0,0,,5,,1.177719,0,,0,2026-05-31 21:49:32
ebb01a1e4bce8fe3,,unknown,0,0,,1,,1.194514,0,,0,2026-05-31 21:49:32
ebb062cc974ca9ca,,unknown,0,0,,18,18,1.057081,0,,0,2026-05-31 21:49:32
ebb8fca685ce8adc,docs\documents-atlas-index.md#chunk-195,unknown,0,0,,19,18,1.159518,0,,0,2026-05-31 21:49:32
ebbf10e3727a15b7,,unknown,0,0,,19,17,1.02792,0,,0,2026-05-31 21:49:32
ebd4634a8dd97284,,unknown,0,0,,,,1.123368,0,,0,2026-05-31 21:49:32
ebd8b3bd45a14f28,,unknown,0,0,,,19,1.056922,0,,0,2026-05-31 21:49:32
ebd8d15ee4d4b712,,unknown,0,0,,3,13,1.11498,0,,0,2026-05-31 21:49:32
ebd9773f7072e0a8,,unknown,0,0,,18,18,0.952742,0,,0,2026-05-31 21:49:32
ebddb519427e7a24,,unknown,0,0,,,19,1.06818,0,,0,2026-05-31 21:49:32
ebec7f1842f0b190,,unknown,0,0,,3,,1.148702,0,,0,2026-05-31 21:49:32
ec02b424a9e6a766,,unknown,0,0,,13,13,1.032665,0,,0,2026-05-31 21:49:32
ec03252343225b76,,unknown,0,0,,19,19,0.883191,0,,0,2026-05-31 21:49:32
ec05addafc7bb661,,unknown,0,0,,19,6,1.144654,0,,0,2026-05-31 21:49:32
ec0932169f72b899,,unknown,0,0,,19,19,0.936145,0,,0,2026-05-31 21:49:32
ec0e7a6d2fc95ed5,,unknown,0,0,,19,19,1.072664,0,,0,2026-05-31 21:49:32
ec1db184024d60e8,,unknown,0,0,,19,18,1.004896,0,,0,2026-05-31 21:49:32
ec336b5a3909b464,,unknown,0,0,,18,13,0.992603,0,,0,2026-05-31 21:49:32
ec356b9626b7dab3,,unknown,0,0,,19,19,0.925404,0,,0,2026-05-31 21:49:32
ec535514843a071d,,unknown,0,0,,18,16,0.927074,0,,0,2026-05-31 21:49:32
ec605966e6c113e4,docs\documents-atlas-index.md#chunk-1060,unknown,0,0,,19,19,0.946762,0,,0,2026-05-31 21:49:32
ec635fe281bf0384,,unknown,0,0,,18,15,1.052656,0,,0,2026-05-31 21:49:32
ec64f1d412f36919,,unknown,0,0,,17,17,0.998588,0,,0,2026-05-31 21:49:32
ec7a3931a75c10d9,,unknown,0,0,,19,15,0.940452,0,,0,2026-05-31 21:49:32
ec7effffa681d9ae,docs\documents-atlas-index.md#chunk-583,unknown,0,0,,19,18,1.11987,0,,0,2026-05-31 21:49:32
ec81df3fc25ea735,,unknown,0,0,,19,7,1.132409,0,,0,2026-05-31 21:49:32
ec8bf688f910bf5b,,unknown,0,0,,4,19,1.045519,0,,0,2026-05-31 21:49:32
ec98a71918d2d823,,unknown,0,0,,13,14,1.01747,0,,0,2026-05-31 21:49:32
ecb23afabae8be1b,,unknown,0,0,,2,10,1.126444,0,,0,2026-05-31 21:49:32
ecc211babd5b0ccb,,unknown,0,0,,14,19,1.175376,0,,0,2026-05-31 21:49:32
ecc754a7f9899bc5,,unknown,0,0,,18,18,0.999551,0,,0,2026-05-31 21:49:32
ecc9fe5085d7374b,docs\documents-atlas-index.md#chunk-1071,unknown,0,0,,,19,1.027379,0,,0,2026-05-31 21:49:32
ecd047d1194407cc,,unknown,0,0,,18,18,0.922058,0,,0,2026-05-31 21:49:32
ecd94b072ed6963e,,unknown,0,0,,3,,1.007391,0,,0,2026-05-31 21:49:32
ecda8acbaa6bae21,,unknown,0,0,,2,10,1.103104,0,,0,2026-05-31 21:49:32
ecf11be0a6404cc5,,unknown,0,0,,2,10,1.085272,0,,0,2026-05-31 21:49:32
ecfd4450788275a8,,unknown,0,0,,19,18,0.918977,0,,0,2026-05-31 21:49:32
ecff5b7a095509a0,,unknown,0,0,,19,18,1.168699,0,,0,2026-05-31 21:49:32
ed0965da37a390c2,,unknown,0,0,,18,18,0.869117,0,,0,2026-05-31 21:49:32
ed106ada0982c1bb,,unknown,0,0,,18,18,0.937086,0,,0,2026-05-31 21:49:32
ed138a1a02c6f0b5,,unknown,0,0,,19,18,1.055939,0,,0,2026-05-31 21:49:32
ed22e1f58205004a,docs\documents-atlas-index.md#chunk-501,unknown,0,0,,18,17,0.970253,0,,0,2026-05-31 21:49:32
ed28f2f4ee8101c8,,unknown,0,0,,18,19,1.095658,0,,0,2026-05-31 21:49:32
ed2a9220a8f88ebe,,unknown,0,0,,19,19,0.854344,0,,0,2026-05-31 21:49:32
ed2fb5e8f67268f8,,unknown,0,0,,19,18,0.983153,0,,0,2026-05-31 21:49:32
ed33c2044a2fdeac,,unknown,0,0,,13,19,1.07665,0,,0,2026-05-31 21:49:32
ed5579ae130848f5,,unknown,0,0,,18,18,0.869787,0,,0,2026-05-31 21:49:32
ed561e14588a89b8,,unknown,0,0,,19,16,0.978761,0,,0,2026-05-31 21:49:32
ed5d17616c27368b,,unknown,0,0,,19,19,0.922445,0,,0,2026-05-31 21:49:32
ed61a78c6e065029,,unknown,0,0,,5,19,1.061179,0,,0,2026-05-31 21:49:32
ed6456089af75d51,docs\documents-atlas-index.md#chunk-1280,unknown,0,0,,12,14,0.98504,0,,0,2026-05-31 21:49:32
ed64d2c35fcd0ebe,,unknown,0,0,,15,19,1.098441,0,,0,2026-05-31 21:49:32
ed696332343c4789,,unknown,0,0,,18,16,0.913433,0,,0,2026-05-31 21:49:32
ed6a9c0ca003a90d,,unknown,0,0,,16,11,1.116725,0,,0,2026-05-31 21:49:32
ed6f49a04665413a,,unknown,0,0,,19,17,0.808957,0,,0,2026-05-31 21:49:32
ed702eb57ed99763,,unknown,0,0,,18,15,1.044546,0,,0,2026-05-31 21:49:32
ed7272a97fd55bbb,,unknown,0,0,,19,19,0.829122,0,,0,2026-05-31 21:49:32
ed76566a1242cf01,,unknown,0,0,,13,15,1.014039,0,,0,2026-05-31 21:49:32
ed845ed41cf8b99a,,unknown,0,0,,19,19,1.053361,0,,0,2026-05-31 21:49:32
ed897fa6e0ed7dda,docs\documents-atlas-index.md#chunk-945,unknown,0,0,,19,18,1.047154,0,,0,2026-05-31 21:49:32
ed921f3ae2ba740d,,unknown,0,0,,19,18,1.107492,0,,0,2026-05-31 21:49:32
ed9319e436831ad2,,unknown,0,0,,19,19,0.856302,0,,0,2026-05-31 21:49:32
ed93d38ecf35d6fd,,unknown,0,0,,14,19,0.971901,0,,0,2026-05-31 21:49:32
ed9a4126c0f98440,,unknown,0,0,,19,15,1.059626,0,,0,2026-05-31 21:49:32
eda779cc1ba20dec,,unknown,0,0,,14,19,1.045434,0,,0,2026-05-31 21:49:32
eda980ee2a8ee6e8,docs\documents-atlas-index.md#chunk-922,unknown,0,0,,19,15,1.107908,0,,0,2026-05-31 21:49:32
edab771862549b02,,unknown,0,0,,,19,0.965325,0,,0,2026-05-31 21:49:32
edb2076c3f34a51b,,unknown,0,0,,1,18,0.955826,0,,0,2026-05-31 21:49:32
edb83d68d109bc74,,unknown,0,0,,2,10,0.923117,0,,0,2026-05-31 21:49:32
edba37f7df8d1960,,unknown,0,0,,13,,1.192255,0,,0,2026-05-31 21:49:32
edba76570181e58c,,unknown,0,0,,19,18,0.968207,0,,0,2026-05-31 21:49:32
edc31fd0e9daf374,,unknown,0,0,,1,10,1.173012,0,,0,2026-05-31 21:49:32
edc81b969c37f874,,unknown,0,0,,1,10,0.920464,0,,0,2026-05-31 21:49:32
edc82a7b154f2312,,unknown,0,0,,1,,1.053859,0,,0,2026-05-31 21:49:32
edc917e859f73809,,unknown,0,0,,17,17,0.941364,0,,0,2026-05-31 21:49:32
edcdbb1e323a4c11,,unknown,0,0,,19,,1.180286,0,,0,2026-05-31 21:49:32
ede3d16520771a81,,unknown,0,0,,,19,0.922903,0,,0,2026-05-31 21:49:32
ede43fa7c6d3b23c,,unknown,0,0,,3,10,1.138324,0,,0,2026-05-31 21:49:32
ede4d01343920b0c,,unknown,0,0,,3,19,0.895329,0,,0,2026-05-31 21:49:32
ede7195c1fcb71dd,,unknown,0,0,,17,19,1.115152,0,,0,2026-05-31 21:49:32
ede8c7928c9d9967,,unknown,0,0,,,19,0.960756,0,,0,2026-05-31 21:49:32
edf9ce9aee3c2331,,unknown,0,0,,5,,1.200379,0,,0,2026-05-31 21:49:32
ee04e4971a4b706c,,unknown,0,0,,12,18,1.048963,0,,0,2026-05-31 21:49:32
ee1281d0e5670584,,unknown,0,0,,18,14,0.993949,0,,0,2026-05-31 21:49:32
ee14a3cb909d69ee,docs\documents-atlas-index.md#chunk-1302,unknown,0,0,,18,18,0.914601,0,,0,2026-05-31 21:49:32
ee1cf31884dc5274,,unknown,0,0,,19,18,1.071856,0,,0,2026-05-31 21:49:32
ee214d3e712387b1,docs\documents-atlas-index.md#chunk-390,unknown,0,0,,19,19,0.966411,0,,0,2026-05-31 21:49:32
ee22d83e5d108db0,,unknown,0,0,,12,19,0.997187,0,,0,2026-05-31 21:49:32
ee28a5866ad55f40,,unknown,0,0,,11,15,1.009739,0,,0,2026-05-31 21:49:32
ee33f82002df3e67,,unknown,0,0,,12,14,1.106153,0,,0,2026-05-31 21:49:32
ee34107c08945a43,,unknown,0,0,,19,19,0.923925,0,,0,2026-05-31 21:49:32
ee3709b18b009eaa,,unknown,0,0,,19,19,0.895322,0,,0,2026-05-31 21:49:32
ee3749de60567900,,unknown,0,0,,17,15,0.932809,0,,0,2026-05-31 21:49:32
ee3bb7f85f77ae41,,unknown,0,0,,1,19,1.051108,0,,0,2026-05-31 21:49:32
ee4058e8621ed260,,unknown,0,0,,19,13,0.966868,0,,0,2026-05-31 21:49:32
ee41c3948b5c40c3,,unknown,0,0,,18,19,1.082713,0,,0,2026-05-31 21:49:32
ee4648d12e8eefce,,unknown,0,0,,19,19,0.9947,0,,0,2026-05-31 21:49:32
ee4747bff025c557,,unknown,0,0,,18,12,0.958486,0,,0,2026-05-31 21:49:32
ee558b1e4bc8df99,,unknown,0,0,,12,13,1.102491,0,,0,2026-05-31 21:49:32
ee5951408553f3c8,,unknown,0,0,,19,17,0.869831,0,,0,2026-05-31 21:49:32
ee5c2f1d82d0124a,,unknown,0,0,,19,18,1.028856,0,,0,2026-05-31 21:49:32
ee6067b1857f4db5,docs\documents-atlas-index.md#chunk-716,unknown,0,0,,18,16,0.987652,0,,0,2026-05-31 21:49:32
ee638e1f3650e2b7,,unknown,0,0,,19,16,1.072055,0,,0,2026-05-31 21:49:32
ee6dcf0caf872b7d,,unknown,0,0,,13,,1.124392,0,,0,2026-05-31 21:49:32
ee7380441b16f558,,unknown,0,0,,1,18,1.025311,0,,0,2026-05-31 21:49:32
ee7f7f6c1931a284,,unknown,0,0,,19,14,1.076311,0,,0,2026-05-31 21:49:32
ee8284f4b054758f,docs\documents-atlas-index.md#chunk-605,unknown,0,0,,18,16,0.913035,0,,0,2026-05-31 21:49:32
ee93edb2c7bb8261,docs\documents-atlas-index.md#chunk-1053,unknown,0,0,,14,,1.139854,0,,0,2026-05-31 21:49:32
eea60bdfbd2f5307,docs\documents-atlas-index.md#chunk-265,unknown,0,0,,1,,1.145095,0,,0,2026-05-31 21:49:32
eea74ef6e91c07e7,docs\documents-atlas-index.md#chunk-1020,unknown,0,0,,19,16,1.170802,0,,0,2026-05-31 21:49:32
eeaac729fc0c02fc,,unknown,0,0,,1,19,1.230624,0,,0,2026-05-31 21:49:32
eeaaccda09033918,,unknown,0,0,,,19,1.126327,0,,0,2026-05-31 21:49:32
eeb70ef10bd32c67,,unknown,0,0,,,12,1.140498,0,,0,2026-05-31 21:49:32
eecf6c56bcf6e29e,,unknown,0,0,,10,,1.162387,0,,0,2026-05-31 21:49:32
eed60381ce592565,,unknown,0,0,,,2,1.043688,0,,0,2026-05-31 21:49:32
eee37bec49dd1272,,unknown,0,0,,,,1.218509,0,,0,2026-05-31 21:49:32
eee4c3cb351d291e,,unknown,0,0,,,19,1.054111,0,,0,2026-05-31 21:49:32
eeeb4dd6f52fcbc7,,unknown,0,0,,19,,1.173113,0,,0,2026-05-31 21:49:32
eeec28b7e57eacae,,unknown,0,0,,19,18,1.156658,0,,0,2026-05-31 21:49:32
eefab4e0f0b90092,,unknown,0,0,,,19,1.190216,0,,0,2026-05-31 21:49:32
ef048099204c051a,,unknown,0,0,,18,16,0.947318,0,,0,2026-05-31 21:49:32
ef1697d90dfeeb20,,unknown,0,0,,19,14,1.13443,0,,0,2026-05-31 21:49:32
ef27ba304523a6b8,,unknown,0,0,,19,18,1.063512,0,,0,2026-05-31 21:49:32
ef30f8222963f79f,,unknown,0,0,,4,19,0.960219,0,,0,2026-05-31 21:49:32
ef32c5c93acd74c9,,unknown,0,0,,18,19,0.993292,0,,0,2026-05-31 21:49:32
ef36771ce1ebc75b,,unknown,0,0,,19,15,1.015961,0,,0,2026-05-31 21:49:32
ef401f7c26db3892,,unknown,0,0,,19,18,1.137198,0,,0,2026-05-31 21:49:32
ef430d6d0e16c141,,unknown,0,0,,19,12,1.073961,0,,0,2026-05-31 21:49:32
ef4da5f941e75d29,,unknown,0,0,,18,19,1.039398,0,,0,2026-05-31 21:49:32
ef4edee043e02444,,unknown,0,0,,19,18,1.194965,0,,0,2026-05-31 21:49:32
ef4f17633372b686,,unknown,0,0,,19,15,0.913119,0,,0,2026-05-31 21:49:32
ef515915da2edcee,,unknown,0,0,,19,19,1.057391,0,,0,2026-05-31 21:49:32
ef5563dd8f3b7539,docs\documents-atlas-index.md#chunk-415,unknown,0,0,,17,15,1.067014,0,,0,2026-05-31 21:49:32
ef63abeefad59c6b,,unknown,0,0,,14,19,1.121421,0,,0,2026-05-31 21:49:32
ef664a5ffb3a8f89,,unknown,0,0,,19,1,1.043296,0,,0,2026-05-31 21:49:32
ef69034b3e797e9f,,unknown,0,0,,14,19,0.925987,0,,0,2026-05-31 21:49:32
ef693d24704fbc92,,unknown,0,0,,19,1,1.038819,0,,0,2026-05-31 21:49:32
ef73659cf61e2987,,unknown,0,0,,19,8,1.020827,0,,0,2026-05-31 21:49:32
ef73c4770e534fd7,,unknown,0,0,,12,19,0.878419,0,,0,2026-05-31 21:49:32
ef75ee60fdb16f28,docs\documents-atlas-index.md#chunk-1174,unknown,0,0,,12,,1.046831,0,,0,2026-05-31 21:49:32
ef7aa89d46cf42ca,,unknown,0,0,,18,19,0.960053,0,,0,2026-05-31 21:49:32
ef97a07e37f7e0f2,docs\documents-atlas-index.md#chunk-1311,unknown,0,0,,18,19,0.975082,0,,0,2026-05-31 21:49:32
efab7ad5eb574e38,,unknown,0,0,,3,10,1.085606,0,,0,2026-05-31 21:49:32
efaeb37283c934aa,,unknown,0,0,,19,18,0.984253,0,,0,2026-05-31 21:49:32
efb04f66ae19ef21,,unknown,0,0,,2,10,0.910289,0,,0,2026-05-31 21:49:32
efcbad4332e4ada6,,unknown,0,0,,9,12,1.170296,0,,0,2026-05-31 21:49:32
efcd13b62c6aafff,,unknown,0,0,,18,18,1.110823,0,,0,2026-05-31 21:49:32
efd5bd06a851695a,,unknown,0,0,,2,18,0.995555,0,,0,2026-05-31 21:49:32
efdf09283f81ce29,,unknown,0,0,,,17,1.031349,0,,0,2026-05-31 21:49:32
efe04ea8ba752631,docs\documents-atlas-index.md#chunk-549,unknown,0,0,,1,9,1.006794,0,,0,2026-05-31 21:49:32
efed0728ace17682,,unknown,0,0,,6,,1.106442,0,,0,2026-05-31 21:49:32
eff34b28668947a0,docs\documents-atlas-index.md#chunk-520,unknown,0,0,,1,,0.995616,0,,0,2026-05-31 21:49:32
f005fd420faeb2fb,,unknown,0,0,,19,6,1.248918,0,,0,2026-05-31 21:49:32
f0176aad10de1a25,,unknown,0,0,,12,13,1.183988,0,,0,2026-05-31 21:49:32
f04695c5acff641a,,unknown,0,0,,19,7,1.065883,0,,0,2026-05-31 21:49:32
f04f233c81099907,,unknown,0,0,,19,13,1.012207,0,,0,2026-05-31 21:49:32
f05d3ab0686227d1,,unknown,0,0,,19,16,1.05036,0,,0,2026-05-31 21:49:32
f0616488a0c8cc38,,unknown,0,0,,11,12,0.961732,0,,0,2026-05-31 21:49:32
f06185d961d0cbf6,,unknown,0,0,,14,14,0.96181,0,,0,2026-05-31 21:49:32
f065e1bf7769967d,docs\documents-atlas-index.md#chunk-1172,unknown,0,0,,10,19,0.899618,0,,0,2026-05-31 21:49:32
f066a8bcf7c41cc0,,unknown,0,0,,12,17,1.081028,0,,0,2026-05-31 21:49:32
f06a7587891fd536,docs\documents-atlas-index.md#chunk-28,unknown,0,0,,19,7,0.960866,0,,0,2026-05-31 21:49:32
f0715a3edc484470,,unknown,0,0,,4,1,1.042819,0,,0,2026-05-31 21:49:32
f074e71969676133,,unknown,0,0,,10,15,0.904995,0,,0,2026-05-31 21:49:32
f07584e8d0ce2984,docs\documents-atlas-index.md#chunk-439,unknown,0,0,,19,7,1.027755,0,,0,2026-05-31 21:49:32
f0827aba7c4a01a4,docs\documents-atlas-index.md#chunk-92,unknown,0,0,,19,7,1.120714,0,,0,2026-05-31 21:49:32
f09aa4c6042189e3,,unknown,0,0,,15,16,1.027182,0,,0,2026-05-31 21:49:32
f09b2910a67445a6,,unknown,0,0,,19,18,0.938782,0,,0,2026-05-31 21:49:32
f09da3d6555c1807,docs\documents-atlas-index.md#chunk-991,unknown,0,0,,19,6,1.003245,0,,0,2026-05-31 21:49:32
f0a3a6d674cbdfba,,unknown,0,0,,,19,1.091853,0,,0,2026-05-31 21:49:32
f0a456d5b5ff9026,,unknown,0,0,,10,8,1.128052,0,,0,2026-05-31 21:49:32
f0a4676279d02c3e,,unknown,0,0,,10,14,0.987736,0,,0,2026-05-31 21:49:32
f0a49bec657a8537,,unknown,0,0,,,,1.10633,0,,0,2026-05-31 21:49:32
f0a985e88b04439e,,unknown,0,0,,2,19,0.954804,0,,0,2026-05-31 21:49:32
f0ab66b4471746a9,,unknown,0,0,,19,17,1.022251,0,,0,2026-05-31 21:49:32
f0bbf591ca3c203a,docs\documents-atlas-index.md#chunk-515,unknown,0,0,,2,18,1.099519,0,,0,2026-05-31 21:49:32
f0c6b72e84a1f231,,unknown,0,0,,1,17,1.091056,0,,0,2026-05-31 21:49:32
f0c83ab67ac1abb6,,unknown,0,0,,,10,1.09025,0,,0,2026-05-31 21:49:32
f0ca0ce7098bc64e,,unknown,0,0,,19,13,1.209242,0,,0,2026-05-31 21:49:32
f0ca15bec9d303c0,,unknown,0,0,,19,15,1.166595,0,,0,2026-05-31 21:49:32
f0cc371529d10115,,unknown,0,0,,4,,1.059737,0,,0,2026-05-31 21:49:32
f0ce7163ea39a423,,unknown,0,0,,1,8,1.067056,0,,0,2026-05-31 21:49:32
f0cfca42008a86c7,,unknown,0,0,,7,1,1.168854,0,,0,2026-05-31 21:49:32
f0d5e8f41497a14e,,unknown,0,0,,,17,0.929338,0,,0,2026-05-31 21:49:32
f0d62c739d6a3084,,unknown,0,0,,,,0.954563,0,,0,2026-05-31 21:49:32
f0d8eb5edb5ee102,,unknown,0,0,,1,10,1.132416,0,,0,2026-05-31 21:49:32
f0d93c2a1683e8a1,,unknown,0,0,,,,1.091424,0,,0,2026-05-31 21:49:32
f0e159055a87ab34,,unknown,0,0,,1,13,0.879121,0,,0,2026-05-31 21:49:32
f0e367c2e6234061,,unknown,0,0,,,9,1.012665,0,,0,2026-05-31 21:49:32
f0ebf60123f5f1c1,,unknown,0,0,,,17,1.184392,0,,0,2026-05-31 21:49:32
f0ec81a9f32b546a,,unknown,0,0,,10,8,1.130916,0,,0,2026-05-31 21:49:32
f0f2c88a452fc585,,unknown,0,0,,,15,1.055985,0,,0,2026-05-31 21:49:32
f0f67d810f8037ac,docs\documents-atlas-index.md#chunk-149,unknown,0,0,,,,1.057391,0,,0,2026-05-31 21:49:32
f10667ad8193240b,,unknown,0,0,,16,18,0.923218,0,,0,2026-05-31 21:49:32
f10768eb9c9fa577,,unknown,0,0,,19,9,0.983704,0,,0,2026-05-31 21:49:32
f10776a132f5ce09,,unknown,0,0,,12,13,0.974068,0,,0,2026-05-31 21:49:32
f107e94c167ab948,,unknown,0,0,,19,6,1.023174,0,,0,2026-05-31 21:49:32
f108191eaae11ff6,,unknown,0,0,,14,19,1.021098,0,,0,2026-05-31 21:49:32
f10b9a8c1b5d4dfb,,unknown,0,0,,15,19,1.10227,0,,0,2026-05-31 21:49:32
f121efbee6404798,,unknown,0,0,,10,14,1.059457,0,,0,2026-05-31 21:49:32
f129cf357dde5913,,unknown,0,0,,19,5,1.057048,0,,0,2026-05-31 21:49:32
f13a007811aa30b5,,unknown,0,0,,19,15,1.013567,0,,0,2026-05-31 21:49:32
f13a9b303522b1d9,docs\documents-atlas-index.md#chunk-986,unknown,0,0,,19,12,0.976515,0,,0,2026-05-31 21:49:32
f13e91a2d9be3fb4,,unknown,0,0,,17,,1.056256,0,,0,2026-05-31 21:49:32
f14070d7652954b6,,unknown,0,0,,19,16,0.932444,0,,0,2026-05-31 21:49:32
f1425137bae9cbef,,unknown,0,0,,14,19,0.99775,0,,0,2026-05-31 21:49:32
f14cd8fedfdd3141,,unknown,0,0,,19,5,1.20625,0,,0,2026-05-31 21:49:32
f14fc080b5583260,,unknown,0,0,,19,6,1.063991,0,,0,2026-05-31 21:49:32
f159ccb1f9966b1d,,unknown,0,0,,10,13,0.955461,0,,0,2026-05-31 21:49:32
f1610b8166ccdedd,,unknown,0,0,,12,13,1.082398,0,,0,2026-05-31 21:49:32
f179a3ff716e0c7e,,unknown,0,0,,12,19,0.981496,0,,0,2026-05-31 21:49:32
f17c1f194b1b6c13,,unknown,0,0,,19,3,1.061941,0,,0,2026-05-31 21:49:32
f17e5774ab211d7b,,unknown,0,0,,12,15,1.055845,0,,0,2026-05-31 21:49:32
f1820b60934a580a,,unknown,0,0,,19,7,1.055474,0,,0,2026-05-31 21:49:32
f18718c47aa25be9,,unknown,0,0,,15,19,0.960313,0,,0,2026-05-31 21:49:32
f18efd2dce2879c9,,unknown,0,0,,12,,1.185843,0,,0,2026-05-31 21:49:32
f19ac582e21c8376,,unknown,0,0,,19,6,0.958087,0,,0,2026-05-31 21:49:32
f19db541901343c5,,unknown,0,0,,12,16,1.037273,0,,0,2026-05-31 21:49:32
f19fd38a26acc911,,unknown,0,0,,19,6,1.120153,0,,0,2026-05-31 21:49:32
f1a1bfb5ca60b864,docs\documents-atlas-index.md#chunk-91,unknown,0,0,,1,12,0.987862,0,,0,2026-05-31 21:49:32
f1a31358922debf7,,unknown,0,0,,12,13,1.154268,0,,0,2026-05-31 21:49:32
f1a5597acba1a050,,unknown,0,0,,,6,0.99539,0,,0,2026-05-31 21:49:32
f1a747b2c1b06369,,unknown,0,0,,1,9,1.018747,0,,0,2026-05-31 21:49:32
f1ab59b0d9e7fdd9,,unknown,0,0,,13,12,1.203269,0,,0,2026-05-31 21:49:32
f1ab87e41bbf6c76,,unknown,0,0,,10,8,1.199829,0,,0,2026-05-31 21:49:32
f1bc9b49df8d73da,,unknown,0,0,,9,2,1.12529,0,,0,2026-05-31 21:49:32
f1c5bdae3aba63fd,,unknown,0,0,,14,19,1.232862,0,,0,2026-05-31 21:49:32
f1c8065b6a807342,,unknown,0,0,,,,0.986139,0,,0,2026-05-31 21:49:32
f1caf8866ac03064,docs\documents-atlas-index.md#chunk-624,unknown,0,0,,2,19,1.064622,0,,0,2026-05-31 21:49:32
f1d9aa43d28aceb2,,unknown,0,0,,4,10,1.110821,0,,0,2026-05-31 21:49:32
f1dd6a89525e94fc,,unknown,0,0,,19,18,1.121082,0,,0,2026-05-31 21:49:32
f1e0877aa5692ee1,,unknown,0,0,,11,16,1.051731,0,,0,2026-05-31 21:49:32
f1f53be8c01b60e6,,unknown,0,0,,3,7,1.115826,0,,0,2026-05-31 21:49:32
f1f82d4996089af6,,unknown,0,0,,3,6,0.995862,0,,0,2026-05-31 21:49:32
f1f886638f6f86ca,,unknown,0,0,,16,19,1.057138,0,,0,2026-05-31 21:49:32
f1fa1043e6f824b9,,unknown,0,0,,19,18,1.127794,0,,0,2026-05-31 21:49:32
f201fe8eb425390e,docs\documents-atlas-index.md#chunk-442,unknown,0,0,,10,14,1.040122,0,,0,2026-05-31 21:49:32
f216cf90c0e19bfa,,unknown,0,0,,11,14,1.037239,0,,0,2026-05-31 21:49:32
f218bcd03a94b209,,unknown,0,0,,10,13,1.12542,0,,0,2026-05-31 21:49:32
f21a5029fd16b63b,docs\documents-atlas-index.md#chunk-147,unknown,0,0,,19,9,1.064875,0,,0,2026-05-31 21:49:32
f220def0beb54ad7,docs\documents-atlas-index.md#chunk-984,unknown,0,0,,11,14,1.145678,0,,0,2026-05-31 21:49:32
f2219703fb98c0b6,,unknown,0,0,,19,10,1.013148,0,,0,2026-05-31 21:49:32
f2328e42bce852af,,unknown,0,0,,19,19,1.070423,0,,0,2026-05-31 21:49:32
f234006b8f3fda7a,,unknown,0,0,,12,19,1.077497,0,,0,2026-05-31 21:49:32
f236edaa6eefe933,docs\documents-atlas-index.md#chunk-584,unknown,0,0,,19,6,1.174513,0,,0,2026-05-31 21:49:32
f23dfed284fb07a3,,unknown,0,0,,17,,1.157428,0,,0,2026-05-31 21:49:32
f24437ac635ab957,,unknown,0,0,,19,11,0.936714,0,,0,2026-05-31 21:49:32
f245b2ef87678bc8,,unknown,0,0,,12,19,0.94836,0,,0,2026-05-31 21:49:32
f24b9a1f6ef04406,,unknown,0,0,,6,,1.109338,0,,0,2026-05-31 21:49:32
f25ab6519fcb5fef,,unknown,0,0,,15,19,1.056286,0,,0,2026-05-31 21:49:32
f26e62d1ed56cf61,docs\documents-atlas-index.md#chunk-102,unknown,0,0,,19,9,1.052986,0,,0,2026-05-31 21:49:32
f2749c9f80e2c938,,unknown,0,0,,12,13,1.004717,0,,0,2026-05-31 21:49:32
f28845caadec8e37,,unknown,0,0,,19,7,1.127757,0,,0,2026-05-31 21:49:32
f28d64f28d8110fe,,unknown,0,0,,19,19,0.920217,0,,0,2026-05-31 21:49:32
f28da22f0799a43e,,unknown,0,0,,12,16,1.030239,0,,0,2026-05-31 21:49:32
f28e4121cd8031bb,docs\documents-atlas-index.md#chunk-807,unknown,0,0,,19,19,1.065141,0,,0,2026-05-31 21:49:32
f28f161f4d597d63,,unknown,0,0,,12,15,1.04126,0,,0,2026-05-31 21:49:32
f296a38660515392,,unknown,0,0,,10,15,0.89109,0,,0,2026-05-31 21:49:32
f2973ba0ee3d700f,,unknown,0,0,,18,6,1.079597,0,,0,2026-05-31 21:49:32
f2a6d7aa4c5819e2,,unknown,0,0,,10,19,1.044625,0,,0,2026-05-31 21:49:32
f2b8c94095b10680,,unknown,0,0,,9,14,0.968664,0,,0,2026-05-31 21:49:32
f2ba2dddf217a6b6,,unknown,0,0,,17,11,1.178104,0,,0,2026-05-31 21:49:32
f2c1d30a6d34476b,,unknown,0,0,,6,19,0.88016,0,,0,2026-05-31 21:49:32
f2c62ada297cb80e,,unknown,0,0,,1,13,1.179725,0,,0,2026-05-31 21:49:32
f2c7c51abfc48585,,unknown,0,0,,6,14,1.065289,0,,0,2026-05-31 21:49:32
f2d04abb7e622878,,unknown,0,0,,,5,1.012035,0,,0,2026-05-31 21:49:32
f2dab8888813c42d,,unknown,0,0,,1,19,0.940708,0,,0,2026-05-31 21:49:32
f2daf24dc4a7abe8,,unknown,0,0,,10,14,1.207837,0,,0,2026-05-31 21:49:32
f2de092747b0ac55,,unknown,0,0,,9,11,1.10846,0,,0,2026-05-31 21:49:32
f2e037751c332a2f,,unknown,0,0,,2,19,0.937539,0,,0,2026-05-31 21:49:32
f2e106b2111aba15,,unknown,0,0,,1,13,1.071607,0,,0,2026-05-31 21:49:32
f2ef1ad383078bc1,docs\documents-atlas-index.md#chunk-751,unknown,0,0,,7,9,1.129291,0,,0,2026-05-31 21:49:32
f2f14bd712da31c1,,unknown,0,0,,17,15,1.245107,0,,0,2026-05-31 21:49:32
f2ffb190a1ad1b79,,unknown,0,0,,11,4,1.072874,0,,0,2026-05-31 21:49:32
f301e30b54abb3ac,docs\documents-atlas-index.md#chunk-304,unknown,0,0,,14,19,1.057531,0,,0,2026-05-31 21:49:32
f3121b1b26793454,,unknown,0,0,,13,13,1.067675,0,,0,2026-05-31 21:49:32
f3183174bbeed189,,unknown,0,0,,19,7,0.965694,0,,0,2026-05-31 21:49:32
f31935c2d6cdcc77,,unknown,0,0,,19,10,1.028589,0,,0,2026-05-31 21:49:32
f31ce03e0e9af7b2,docs\documents-atlas-index.md#chunk-18,unknown,0,0,,19,6,1.1981,0,,0,2026-05-31 21:49:32
f33a1fcb802ce88f,,unknown,0,0,,18,11,1.09693,0,,0,2026-05-31 21:49:32
f33f591dd380268f,,unknown,0,0,,19,19,1.018305,0,,0,2026-05-31 21:49:32
f340f0d139806294,,unknown,0,0,,7,18,0.972035,0,,0,2026-05-31 21:49:32
f34601d72ac916ff,,unknown,0,0,,17,19,0.891168,0,,0,2026-05-31 21:49:32
f3484f60dced3a6f,,unknown,0,0,,13,4,1.026843,0,,0,2026-05-31 21:49:32
f34c9857360baec1,,unknown,0,0,,19,12,1.012389,0,,0,2026-05-31 21:49:32
f351576ac27b1699,,unknown,0,0,,19,7,0.954076,0,,0,2026-05-31 21:49:32
f3544decf63b96de,,unknown,0,0,,17,15,1.099299,0,,0,2026-05-31 21:49:32
f355af05f6c82901,,unknown,0,0,,10,12,1.053881,0,,0,2026-05-31 21:49:32
f35ab199439ce957,,unknown,0,0,,19,6,0.991368,0,,0,2026-05-31 21:49:32
f35b841c8202c598,,unknown,0,0,,19,12,0.939309,0,,0,2026-05-31 21:49:32
f366a7a2ed3d322c,,unknown,0,0,,19,6,1.050059,0,,0,2026-05-31 21:49:32
f36b3cd21857de53,,unknown,0,0,,14,11,1.012425,0,,0,2026-05-31 21:49:32
f37da472b360f6f3,docs\CODEBASE_DIRECTORY_MAP.md#chunk-14,unknown,0,0,,19,11,1.04569,0,,0,2026-05-31 21:49:32
f380f9887466f2e4,docs\documents-atlas-index.md#chunk-363,unknown,0,0,,13,15,0.976504,0,,0,2026-05-31 21:49:32
f387750bbb7429cf,,unknown,0,0,,12,19,0.888608,0,,0,2026-05-31 21:49:32
f389532eb243f022,,unknown,0,0,,19,10,0.960639,0,,0,2026-05-31 21:49:32
f38aee0d13726d9d,,unknown,0,0,,10,14,1.012765,0,,0,2026-05-31 21:49:32
f38ef092b541fdc0,,unknown,0,0,,10,14,1.071856,0,,0,2026-05-31 21:49:32
f397d70338513968,,unknown,0,0,,9,17,0.862371,0,,0,2026-05-31 21:49:32
f3a13b4a5cba2104,,unknown,0,0,,1,,1.02551,0,,0,2026-05-31 21:49:32
f3a30e1af07e552e,,unknown,0,0,,4,4,1.125364,0,,0,2026-05-31 21:49:32
f3a396cae1a257e2,,unknown,0,0,,15,18,1.120188,0,,0,2026-05-31 21:49:32
f3a812f9fdaaa635,,unknown,0,0,,,10,1.214903,0,,0,2026-05-31 21:49:32
f3a9aa1a4263ff07,,unknown,0,0,,2,11,0.9615,0,,0,2026-05-31 21:49:32
f3bac75deff35829,,unknown,0,0,,8,,1.137761,0,,0,2026-05-31 21:49:32
f3bc313b39c68850,,unknown,0,0,,3,,1.031921,0,,0,2026-05-31 21:49:32
f3c07d6e92d20bbb,,unknown,0,0,,13,19,1.108153,0,,0,2026-05-31 21:49:32
f3c7b4100f7ddde5,,unknown,0,0,,1,19,1.117348,0,,0,2026-05-31 21:49:32
f3da76def855f53b,docs\documents-atlas-index.md#chunk-274,unknown,0,0,,,13,1.132537,0,,0,2026-05-31 21:49:32
f3e4f4d15dff3c12,,unknown,0,0,,2,16,1.169573,0,,0,2026-05-31 21:49:32
f3f27d2a56c0ef56,,unknown,0,0,,2,9,1.05926,0,,0,2026-05-31 21:49:32
f3f4f1a847b2521d,,unknown,0,0,,2,19,1.011831,0,,0,2026-05-31 21:49:32
f3f5c47035a12a55,,unknown,0,0,,9,14,0.970163,0,,0,2026-05-31 21:49:32
f3fa1391cc02eb78,,unknown,0,0,,2,10,0.967768,0,,0,2026-05-31 21:49:32
f3fffb8676c21c93,,unknown,0,0,,8,12,1.048746,0,,0,2026-05-31 21:49:32
f404da0258310b25,,unknown,0,0,,9,14,0.959644,0,,0,2026-05-31 21:49:32
f41aa5803a9288da,,unknown,0,0,,12,19,0.936169,0,,0,2026-05-31 21:49:32
f4279d2bde23418f,docs\documents-atlas-index.md#chunk-1187,unknown,0,0,,12,15,1.120869,0,,0,2026-05-31 21:49:32
f42de1eb9fb4c30a,,unknown,0,0,,14,19,1.197986,0,,0,2026-05-31 21:49:32
f430fddd08c0c000,,unknown,0,0,,12,13,1.18078,0,,0,2026-05-31 21:49:32
f431481de8349379,,unknown,0,0,,19,10,0.972308,0,,0,2026-05-31 21:49:32
f440d047d66f1134,,unknown,0,0,,19,6,0.989776,0,,0,2026-05-31 21:49:32
f4468bf80818d071,docs\documents-atlas-index.md#chunk-518,unknown,0,0,,19,12,0.974037,0,,0,2026-05-31 21:49:32
f4472dad03c2d16c,,unknown,0,0,,19,14,1.059995,0,,0,2026-05-31 21:49:32
f44812b9a6927ed6,,unknown,0,0,,14,15,0.941841,0,,0,2026-05-31 21:49:32
f456cffb8838e145,,unknown,0,0,,12,13,1.043164,0,,0,2026-05-31 21:49:32
f456df48ab7cd396,,unknown,0,0,,19,6,0.985338,0,,0,2026-05-31 21:49:32
f458dbfb00d7ee9c,,unknown,0,0,,11,14,1.079121,0,,0,2026-05-31 21:49:32
f474a6ccd2699d94,,unknown,0,0,,10,15,0.985362,0,,0,2026-05-31 21:49:32
f475f7a9868ae29c,,unknown,0,0,,19,7,0.960945,0,,0,2026-05-31 21:49:32
f47cdc36e0cc980e,,unknown,0,0,,13,3,1.063991,0,,0,2026-05-31 21:49:32
f4830655dbe07eb2,,unknown,0,0,,14,19,1.076488,0,,0,2026-05-31 21:49:32
f484f171f4e29175,docs\CODEBASE_DIRECTORY_MAP.md#chunk-6,unknown,0,0,,12,14,0.960216,0,,0,2026-05-31 21:49:32
f49fb72cb60a5268,,unknown,0,0,,19,6,1.013186,0,,0,2026-05-31 21:49:32
f4ad6bc1285e12d5,,unknown,0,0,,19,15,1.171078,0,,0,2026-05-31 21:49:32
f4ae102ff3a32ccc,,unknown,0,0,,16,19,1.158873,0,,0,2026-05-31 21:49:32
f4b2d809723a9f49,,unknown,0,0,,5,16,0.965413,0,,0,2026-05-31 21:49:32
f4b4c465a2ee3168,,unknown,0,0,,10,10,1.112057,0,,0,2026-05-31 21:49:32
f4d3825cccd5bf96,,unknown,0,0,,1,10,1.022407,0,,0,2026-05-31 21:49:32
f4d85633e5f355bd,docs\documents-atlas-index.md#chunk-581,unknown,0,0,,17,18,1.0709,0,,0,2026-05-31 21:49:32
f4e329cdf6fd7e17,,unknown,0,0,,10,9,1.182267,0,,0,2026-05-31 21:49:32
f4fda50ffb712cb7,,unknown,0,0,,11,19,1.167926,0,,0,2026-05-31 21:49:32
f5122bb5a28581d4,,unknown,0,0,,19,12,0.994815,0,,0,2026-05-31 21:49:32
f520d6e154811b88,,unknown,0,0,,10,15,0.963106,0,,0,2026-05-31 21:49:32
f52127e9e62c0c72,,unknown,0,0,,19,7,1.027688,0,,0,2026-05-31 21:49:32
f529f1fc39c76a58,,unknown,0,0,,11,15,0.982102,0,,0,2026-05-31 21:49:32
f52ada0cb3dc0811,,unknown,0,0,,15,4,1.098251,0,,0,2026-05-31 21:49:32
f53785c678ea990f,,unknown,0,0,,16,15,0.929778,0,,0,2026-05-31 21:49:32
f538346effc09476,,unknown,0,0,,14,19,1.090127,0,,0,2026-05-31 21:49:32
f54016185eab0f71,,unknown,0,0,,12,14,1.082793,0,,0,2026-05-31 21:49:32
f5539697b9fbe56b,,unknown,0,0,,19,9,1.041471,0,,0,2026-05-31 21:49:32
f5545ebce5a41ca3,,unknown,0,0,,12,13,1.048853,0,,0,2026-05-31 21:49:32
f555ce3071e56532,,unknown,0,0,,11,12,0.994077,0,,0,2026-05-31 21:49:32
f55bcd2b9eae1293,docs\documents-atlas-index.md#chunk-312,unknown,0,0,,19,5,1.111545,0,,0,2026-05-31 21:49:32
f55cf9a155b8f98e,,unknown,0,0,,19,18,1.025037,0,,0,2026-05-31 21:49:32
f564fb7ed41cce79,,unknown,0,0,,19,6,1.083572,0,,0,2026-05-31 21:49:32
f574db42bb39483d,,unknown,0,0,,9,14,1.022181,0,,0,2026-05-31 21:49:32
f58682569d13f975,,unknown,0,0,,19,11,0.916181,0,,0,2026-05-31 21:49:32
f588cd22e5464754,,unknown,0,0,,9,12,0.970164,0,,0,2026-05-31 21:49:32
f59038f481c19741,,unknown,0,0,,16,14,0.948219,0,,0,2026-05-31 21:49:32
f590c1ec96a80e7a,,unknown,0,0,,12,19,0.95081,0,,0,2026-05-31 21:49:32
f593fcf02823d868,,unknown,0,0,,,15,1.066601,0,,0,2026-05-31 21:49:32
f5a4b490760b4c35,docs\CODEBASE_DIRECTORY_MAP.md#chunk-9,unknown,0,0,,3,19,0.973643,0,,0,2026-05-31 21:49:32
f5b3acb4e66b24f3,,unknown,0,0,,19,5,1.133426,0,,0,2026-05-31 21:49:32
f5bba72e145511fc,,unknown,0,0,,11,19,1.085713,0,,0,2026-05-31 21:49:32
f5c0c21d61b8070d,,unknown,0,0,,6,19,1.033219,0,,0,2026-05-31 21:49:32
f5c3418e8d4669f6,,unknown,0,0,,13,19,1.027909,0,,0,2026-05-31 21:49:32
f5c89e23057a8045,docs\documents-atlas-index.md#chunk-902,unknown,0,0,,,,0.972576,0,,0,2026-05-31 21:49:32
f5d0f2304cc4dd98,,unknown,0,0,,1,17,0.962531,0,,0,2026-05-31 21:49:32
f5ddea9815073f6d,,unknown,0,0,,6,13,0.93485,0,,0,2026-05-31 21:49:32
f5de0823e9cfdbc3,docs\CODEBASE_DIRECTORY_MAP.md#chunk-30,unknown,0,0,,11,8,1.152562,0,,0,2026-05-31 21:49:32
f5e3b5375585a1d2,,unknown,0,0,,1,17,0.984787,0,,0,2026-05-31 21:49:32
f5e58a4f4cf24c45,,unknown,0,0,,3,,0.994261,0,,0,2026-05-31 21:49:32
f5e60e6f9139bae4,,unknown,0,0,,2,8,1.056976,0,,0,2026-05-31 21:49:32
f5ebfa31eccc14b8,,unknown,0,0,,12,,1.095046,0,,0,2026-05-31 21:49:32
f5f0b5c7c6d87738,,unknown,0,0,,6,14,1.042485,0,,0,2026-05-31 21:49:32
f5f20217c64deec5,docs\documents-atlas-index.md#chunk-352,unknown,0,0,,2,9,1.084189,0,,0,2026-05-31 21:49:32
f5fc8162cbafde5e,,unknown,0,0,,10,8,1.119696,0,,0,2026-05-31 21:49:32
f601418d7da4ebfd,,unknown,0,0,,14,19,0.911346,0,,0,2026-05-31 21:49:32
f6052743a7d51b28,,unknown,0,0,,12,13,1.004169,0,,0,2026-05-31 21:49:32
f6075fb7a9b39ac9,,unknown,0,0,,12,13,1.01747,0,,0,2026-05-31 21:49:32
f609914e8fd9f1f2,,unknown,0,0,,17,19,1.076477,0,,0,2026-05-31 21:49:32
f60ad02b4856b56e,,unknown,0,0,,12,17,1.021129,0,,0,2026-05-31 21:49:32
f61bac15730534d5,,unknown,0,0,,12,14,1.075426,0,,0,2026-05-31 21:49:32
f61e12581bd297cd,,unknown,0,0,,19,19,0.903017,0,,0,2026-05-31 21:49:32
f61f0c450fa8befd,,unknown,0,0,,19,19,1.044202,0,,0,2026-05-31 21:49:32
f62af676d96d5db2,docs\documents-atlas-index.md#chunk-187,unknown,0,0,,19,,0.924257,0,,0,2026-05-31 21:49:32
f62e4f8491b7cff3,,unknown,0,0,,19,18,1.046253,0,,0,2026-05-31 21:49:32
f62f4f702a35524b,,unknown,0,0,,13,11,1.053868,0,,0,2026-05-31 21:49:32
f6370391093cb1d3,,unknown,0,0,,19,13,0.950328,0,,0,2026-05-31 21:49:32
f63b4f8d98478bb6,,unknown,0,0,,19,19,0.959138,0,,0,2026-05-31 21:49:32
f64358f12025c4e6,docs\documents-atlas-index.md#chunk-999,unknown,0,0,,19,14,0.883712,0,,0,2026-05-31 21:49:32
f6444f7f5134b398,,unknown,0,0,,19,12,1.066487,0,,0,2026-05-31 21:49:32
f64f59f410378546,,unknown,0,0,,19,13,0.953391,0,,0,2026-05-31 21:49:32
f65357f6fee45555,,unknown,0,0,,18,12,1.016118,0,,0,2026-05-31 21:49:32
f654ede7d8602686,,unknown,0,0,,10,12,1.046965,0,,0,2026-05-31 21:49:32
f65592df3cab01d3,,unknown,0,0,,16,18,1.076253,0,,0,2026-05-31 21:49:32
f65c3134b11e8d03,,unknown,0,0,,19,6,1.06695,0,,0,2026-05-31 21:49:32
f680177d4ab51ceb,,unknown,0,0,,14,19,0.814106,0,,0,2026-05-31 21:49:32
f68adc05b905b227,,unknown,0,0,,18,7,1.030062,0,,0,2026-05-31 21:49:32
f68f9fe4d25e99f4,docs\documents-atlas-index.md#chunk-1001,unknown,0,0,,19,,1.061933,0,,0,2026-05-31 21:49:32
f6939bc892e8d87d,,unknown,0,0,,13,13,0.977788,0,,0,2026-05-31 21:49:32
f693d626f42bd1a6,,unknown,0,0,,19,7,0.953462,0,,0,2026-05-31 21:49:32
f696238b574e0f87,docs\documents-atlas-index.md#chunk-1239,unknown,0,0,,12,14,0.957179,0,,0,2026-05-31 21:49:32
f6996a0caaccdf78,,unknown,0,0,,13,7,1.071325,0,,0,2026-05-31 21:49:32
f6a14fd77301d50e,,unknown,0,0,,,12,1.025441,0,,0,2026-05-31 21:49:32
f6a21c6599e5363e,,unknown,0,0,,5,,0.9901,0,,0,2026-05-31 21:49:32
f6a66a69d4f05435,,unknown,0,0,,5,3,0.965793,0,,0,2026-05-31 21:49:32
f6a8d66cea9d02d1,,unknown,0,0,,19,5,1.219254,0,,0,2026-05-31 21:49:32
f6bd8c4263c6e642,,unknown,0,0,,4,,1.059189,0,,0,2026-05-31 21:49:32
f6bf78192c8b5827,,unknown,0,0,,2,,1.008295,0,,0,2026-05-31 21:49:32
f6c5f473eb5260c0,,unknown,0,0,,3,19,1.027293,0,,0,2026-05-31 21:49:32
f6d21a96fcd7376b,,unknown,0,0,,6,,0.974031,0,,0,2026-05-31 21:49:32
f6d2284ec830fea5,docs\documents-atlas-index.md#chunk-168,unknown,0,0,,1,9,0.980093,0,,0,2026-05-31 21:49:32
f6d48909c1574c2c,,unknown,0,0,,6,10,0.967778,0,,0,2026-05-31 21:49:32
f6d5926c0645c2e0,,unknown,0,0,,14,15,1.069113,0,,0,2026-05-31 21:49:32
f6e17909b775380f,docs\documents-atlas-index.md#chunk-300,unknown,0,0,,4,6,0.967468,0,,0,2026-05-31 21:49:32
f6ef4553bdefbcfe,,unknown,0,0,,12,3,1.233011,0,,0,2026-05-31 21:49:32
f6f8d152f35197ba,,unknown,0,0,,8,18,0.980479,0,,0,2026-05-31 21:49:32
f6f944ad9569d05e,,unknown,0,0,,1,17,0.972686,0,,0,2026-05-31 21:49:32
f6fb1baf5438d51c,,unknown,0,0,,1,11,1.13299,0,,0,2026-05-31 21:49:32
f6fc7dc70a09b9a3,,unknown,0,0,,,12,1.129476,0,,0,2026-05-31 21:49:32
f70e9f40e83f5723,,unknown,0,0,,18,5,0.967791,0,,0,2026-05-31 21:49:32
f71130ea7c3c39f5,,unknown,0,0,,15,19,1.041372,0,,0,2026-05-31 21:49:32
f711c1495fef424d,,unknown,0,0,,12,18,1.096079,0,,0,2026-05-31 21:49:32
f7184b606aed8966,,unknown,0,0,,19,5,0.98458,0,,0,2026-05-31 21:49:32
f71ea1f298329390,,unknown,0,0,,19,13,1.04171,0,,0,2026-05-31 21:49:32
f720e1f01c01d9dd,,unknown,0,0,,12,19,1.058323,0,,0,2026-05-31 21:49:32
f72a4675ee847a13,,unknown,0,0,,12,7,0.977401,0,,0,2026-05-31 21:49:32
f72e722e9630c1ee,,unknown,0,0,,19,19,0.937779,0,,0,2026-05-31 21:49:32
f72ecf7f450fb105,,unknown,0,0,,19,6,1.094797,0,,0,2026-05-31 21:49:32
f732b819eb12eaa1,docs\documents-atlas-index.md#chunk-192,unknown,0,0,,10,17,1.035203,0,,0,2026-05-31 21:49:32
f7336bd8619f4646,,unknown,0,0,,19,7,0.96104,0,,0,2026-05-31 21:49:32
f73e472530fefb19,,unknown,0,0,,19,12,1.092528,0,,0,2026-05-31 21:49:32
f74a86637f5070cb,,unknown,0,0,,19,19,0.946422,0,,0,2026-05-31 21:49:32
f74d04f003c7e90c,,unknown,0,0,,19,16,1.005403,0,,0,2026-05-31 21:49:32
f75390081824bc13,,unknown,0,0,,12,14,0.929388,0,,0,2026-05-31 21:49:32
f75930d336f13a08,,unknown,0,0,,12,14,0.992321,0,,0,2026-05-31 21:49:32
f7633a7d2b3414a8,,unknown,0,0,,14,19,1.027865,0,,0,2026-05-31 21:49:32
f76b35d63499de55,,unknown,0,0,,19,13,0.929827,0,,0,2026-05-31 21:49:32
f7700fcf6bb7c39c,,unknown,0,0,,16,14,1.146242,0,,0,2026-05-31 21:49:32
f77bbb090f6e01d1,,unknown,0,0,,18,3,1.063198,0,,0,2026-05-31 21:49:32
f77cb6345b855e0d,,unknown,0,0,,7,19,0.90834,0,,0,2026-05-31 21:49:32
f7820321cb5787ab,docs\documents-atlas-index.md#chunk-285,unknown,0,0,,14,19,0.941009,0,,0,2026-05-31 21:49:32
f786b96ef1279865,,unknown,0,0,,10,15,0.949007,0,,0,2026-05-31 21:49:32
f7897aa34ebf6586,,unknown,0,0,,19,7,1.022858,0,,0,2026-05-31 21:49:32
f78a0ecfae74b436,,unknown,0,0,,16,10,1.078251,0,,0,2026-05-31 21:49:32
f78bedc3ad8624ec,,unknown,0,0,,12,,1.102601,0,,0,2026-05-31 21:49:32
f7925b6948b92f8f,docs\documents-atlas-index.md#chunk-925,unknown,0,0,,11,14,0.938771,0,,0,2026-05-31 21:49:32
f7925d7bf0af7a0d,,unknown,0,0,,11,8,1.096938,0,,0,2026-05-31 21:49:32
f7a45c3d0cbf4f7c,,unknown,0,0,,5,,1.107588,0,,0,2026-05-31 21:49:32
f7a77ec988d2f8eb,,unknown,0,0,,18,18,1.07728,0,,0,2026-05-31 21:49:32
f7a925b3249be77f,,unknown,0,0,,19,13,1.034101,0,,0,2026-05-31 21:49:32
f7bd19faa06ac98c,,unknown,0,0,,18,12,1.130656,0,,0,2026-05-31 21:49:32
f7c3ebb08187bd5b,,unknown,0,0,,3,15,0.905315,0,,0,2026-05-31 21:49:32
f7c45bac7f1a065b,docs\documents-atlas-index.md#chunk-726,unknown,0,0,,,,1.137364,0,,0,2026-05-31 21:49:32
f7cb410be03b9367,,unknown,0,0,,19,7,1.120402,0,,0,2026-05-31 21:49:32
f7ccc3f9b3d1ce57,docs\documents-atlas-index.md#chunk-41,unknown,0,0,,,13,1.105765,0,,0,2026-05-31 21:49:32
f7cd45602d7b39e2,,unknown,0,0,,19,18,1.118541,0,,0,2026-05-31 21:49:32
f7cd6e85e4257639,,unknown,0,0,,6,5,0.909237,0,,0,2026-05-31 21:49:32
f7d0596acbe922d2,,unknown,0,0,,,,1.090396,0,,0,2026-05-31 21:49:32
f7d2dbdc79c80292,,unknown,0,0,,9,13,1.133285,0,,0,2026-05-31 21:49:32
f7e4fc3b0e430df8,,unknown,0,0,,7,16,1.08714,0,,0,2026-05-31 21:49:32
f7eb639123de7d1d,,unknown,0,0,,10,11,1.099532,0,,0,2026-05-31 21:49:32
f7ff4335b081252a,,unknown,0,0,,6,5,1.021988,0,,0,2026-05-31 21:49:32
f80014b7d9510144,,unknown,0,0,,18,12,0.962726,0,,0,2026-05-31 21:49:32
f8001674a958037e,,unknown,0,0,,14,18,0.916274,0,,0,2026-05-31 21:49:32
f8069a1f557205ef,docs\documents-atlas-index.md#chunk-955,unknown,0,0,,15,19,0.974853,0,,0,2026-05-31 21:49:32
f80c448a873ca860,,unknown,0,0,,19,9,0.992497,0,,0,2026-05-31 21:49:32
f80d9e4236fb548c,,unknown,0,0,,15,4,1.051225,0,,0,2026-05-31 21:49:32
f80fe561a62fe49b,,unknown,0,0,,19,6,1.011339,0,,0,2026-05-31 21:49:32
f810903fb3cf370e,docs\documents-atlas-index.md#chunk-1196,unknown,0,0,,15,19,1.062118,0,,0,2026-05-31 21:49:32
f839f00eda624eda,,unknown,0,0,,12,19,0.878822,0,,0,2026-05-31 21:49:32
f846ba6d550cd9f5,,unknown,0,0,,19,7,1.03487,0,,0,2026-05-31 21:49:32
f84b8551c9dafe89,,unknown,0,0,,19,8,0.977636,0,,0,2026-05-31 21:49:32
f84dfeedb14ed33a,,unknown,0,0,,19,7,1.169123,0,,0,2026-05-31 21:49:32
f854c161ffc3adeb,,unknown,0,0,,12,19,1.014572,0,,0,2026-05-31 21:49:32
f855846ef0fed484,,unknown,0,0,,19,8,1.02328,0,,0,2026-05-31 21:49:32
f85aec13785fdbf9,docs\documents-atlas-index.md#chunk-810,unknown,0,0,,19,,1.069849,0,,0,2026-05-31 21:49:32
f863cae097850a97,,unknown,0,0,,10,13,0.921998,0,,0,2026-05-31 21:49:32
f873417abac16836,,unknown,0,0,,13,15,1.031704,0,,0,2026-05-31 21:49:32
f87a8c1f00c95826,docs\documents-atlas-index.md#chunk-25,unknown,0,0,,13,13,1.041156,0,,0,2026-05-31 21:49:32
f87aec42089bebf3,,unknown,0,0,,19,,1.018374,0,,0,2026-05-31 21:49:32
f87d4b4504653d1a,,unknown,0,0,,10,12,0.990397,0,,0,2026-05-31 21:49:32
f883ebeed5341996,docs\documents-atlas-index.md#chunk-188,unknown,0,0,,11,12,1.043103,0,,0,2026-05-31 21:49:32
f89bc832aca77169,,unknown,0,0,,12,,1.027765,0,,0,2026-05-31 21:49:32
f8a18da1c8243853,,unknown,0,0,,1,9,0.923038,0,,0,2026-05-31 21:49:32
f8b866b12958f366,,unknown,0,0,,,15,0.911422,0,,0,2026-05-31 21:49:32
f8b9eafdf9ef2df7,,unknown,0,0,,13,,1.221695,0,,0,2026-05-31 21:49:32
f8bd877060557e1e,,unknown,0,0,,2,19,0.961862,0,,0,2026-05-31 21:49:32
f8d04d93826488ef,,unknown,0,0,,19,18,1.037723,0,,0,2026-05-31 21:49:32
f8e124834395ebb0,,unknown,0,0,,,16,0.999541,0,,0,2026-05-31 21:49:32
f8e82bd5de6e8f57,,unknown,0,0,,2,9,1.017663,0,,0,2026-05-31 21:49:32
f8ef5e860dd321b9,,unknown,0,0,,3,,1.074094,0,,0,2026-05-31 21:49:32
f8f75df38dc7a358,,unknown,0,0,,,12,1.042377,0,,0,2026-05-31 21:49:32
f8fa417d65b7f324,,unknown,0,0,,3,1,1.151813,0,,0,2026-05-31 21:49:32
f901494ceefe4123,,unknown,0,0,,19,7,1.098591,0,,0,2026-05-31 21:49:32
f9088d68d8b77eea,,unknown,0,0,,19,19,0.991718,0,,0,2026-05-31 21:49:32
f912df0161096055,,unknown,0,0,,10,13,1.01848,0,,0,2026-05-31 21:49:32
f913f6cfd7450cfb,,unknown,0,0,,12,19,0.973497,0,,0,2026-05-31 21:49:32
f9146a4c51e45fb8,docs\documents-atlas-index.md#chunk-957,unknown,0,0,,17,19,0.975229,0,,0,2026-05-31 21:49:32
f9164f9f4facf51a,docs\documents-atlas-index.md#chunk-777,unknown,0,0,,13,13,1.101398,0,,0,2026-05-31 21:49:32
f91c0095431228fe,,unknown,0,0,,19,19,0.772087,0,,0,2026-05-31 21:49:32
f92203ecaef779c6,,unknown,0,0,,16,18,1.02806,0,,0,2026-05-31 21:49:32
f92c1b3293ece3cd,,unknown,0,0,,19,18,1.015888,0,,0,2026-05-31 21:49:32
f930e030c0e01a00,,unknown,0,0,,10,14,1.052012,0,,0,2026-05-31 21:49:32
f93178cfab7e35af,,unknown,0,0,,14,19,1.124826,0,,0,2026-05-31 21:49:32
f93390c2930203ab,,unknown,0,0,,19,17,0.783291,0,,0,2026-05-31 21:49:32
f9354b9d824a8c83,docs\documents-atlas-index.md#chunk-575,unknown,0,0,,12,13,0.959581,0,,0,2026-05-31 21:49:32
f93b534aec79a508,,unknown,0,0,,19,9,1.004934,0,,0,2026-05-31 21:49:32
f941eecbe2556677,,unknown,0,0,,11,12,1.042975,0,,0,2026-05-31 21:49:32
f948ac060883d476,docs\documents-atlas-index.md#chunk-230,unknown,0,0,,10,13,0.942874,0,,0,2026-05-31 21:49:32
f9493eef02a2a4da,,unknown,0,0,,19,16,1.029101,0,,0,2026-05-31 21:49:32
f951a816bebad497,docs\documents-atlas-index.md#chunk-1153,unknown,0,0,,19,6,0.986399,0,,0,2026-05-31 21:49:32
f95b868aae1515a0,,unknown,0,0,,19,10,1.035851,0,,0,2026-05-31 21:49:32
f95c5aa059c1932f,,unknown,0,0,,19,18,0.979157,0,,0,2026-05-31 21:49:32
f95e0d8614909a0b,,unknown,0,0,,11,12,0.986654,0,,0,2026-05-31 21:49:32
f97412f12e0af008,,unknown,0,0,,19,9,1.023204,0,,0,2026-05-31 21:49:32
f97cda2b0bd470eb,,unknown,0,0,,15,19,1.117446,0,,0,2026-05-31 21:49:32
f98d5a712b628d74,,unknown,0,0,,10,11,0.996256,0,,0,2026-05-31 21:49:32
f994801dc1ab03fd,,unknown,0,0,,16,19,1.055011,0,,0,2026-05-31 21:49:32
f998e8c0a8278813,,unknown,0,0,,8,14,1.001656,0,,0,2026-05-31 21:49:32
f9a0db4623eff513,,unknown,0,0,,1,,1.111915,0,,0,2026-05-31 21:49:32
f9bb779d862f8d70,,unknown,0,0,,9,11,1.065871,0,,0,2026-05-31 21:49:32
f9bc4218ca3617d2,,unknown,0,0,,2,3,1.097333,0,,0,2026-05-31 21:49:32
f9bcfe53b1ee2d05,,unknown,0,0,,12,,1.047394,0,,0,2026-05-31 21:49:32
f9c142985fc7ab7e,,unknown,0,0,,2,19,0.982271,0,,0,2026-05-31 21:49:32
f9c1b9597bd2f1d5,,unknown,0,0,,1,19,1.069401,0,,0,2026-05-31 21:49:32
f9cc07bb71f418a8,,unknown,0,0,,18,18,1.043035,0,,0,2026-05-31 21:49:32
f9e4f1e2cbd365aa,,unknown,0,0,,2,19,1.162982,0,,0,2026-05-31 21:49:32
f9e6cc3265a7e110,,unknown,0,0,,,12,1.058812,0,,0,2026-05-31 21:49:32
f9ed792d2b896e44,,unknown,0,0,,2,,1.001091,0,,0,2026-05-31 21:49:32
f9eff5510b93e528,,unknown,0,0,,,17,0.98364,0,,0,2026-05-31 21:49:32
f9f645328d148848,,unknown,0,0,,,1,0.809821,0,,0,2026-05-31 21:49:32
f9f8ceeec0fa3455,,unknown,0,0,,8,,1.183691,0,,0,2026-05-31 21:49:32
f9fd12f180d12281,,unknown,0,0,,19,18,1.188475,0,,0,2026-05-31 21:49:32
fa0c21524d6c470d,,unknown,0,0,,19,19,1.028608,0,,0,2026-05-31 21:49:32
fa0fa9a0ba322009,,unknown,0,0,,18,7,1.142527,0,,0,2026-05-31 21:49:32
fa1a754ce98750a1,,unknown,0,0,,19,19,0.95142,0,,0,2026-05-31 21:49:32
fa1afd47f060329c,,unknown,0,0,,19,18,1.118852,0,,0,2026-05-31 21:49:32
fa221f7293eba433,docs\documents-atlas-index.md#chunk-201,unknown,0,0,,19,12,1.038323,0,,0,2026-05-31 21:49:32
fa2eac064f3262fc,,unknown,0,0,,19,19,1.038898,0,,0,2026-05-31 21:49:32
fa5629c2a1dcea3b,,unknown,0,0,,19,14,1.04064,0,,0,2026-05-31 21:49:32
fa65cd502989e57a,,unknown,0,0,,2,19,1.013615,0,,0,2026-05-31 21:49:32
fa661ef905a526b5,,unknown,0,0,,18,17,0.978425,0,,0,2026-05-31 21:49:32
fa67be76c9d4fd75,,unknown,0,0,,10,12,1.02316,0,,0,2026-05-31 21:49:32
fa68a3edfcd9858f,,unknown,0,0,,14,19,0.98918,0,,0,2026-05-31 21:49:32
fa6a549719bbf21b,,unknown,0,0,,19,18,0.951434,0,,0,2026-05-31 21:49:32
fa7200274f912a7a,,unknown,0,0,,19,19,0.945955,0,,0,2026-05-31 21:49:32
fa85b8eae9a4f84f,,unknown,0,0,,15,18,1.076142,0,,0,2026-05-31 21:49:32
fa8691d0448d9998,,unknown,0,0,,18,16,0.8595,0,,0,2026-05-31 21:49:32
fa888c34051777e9,,unknown,0,0,,19,18,0.884347,0,,0,2026-05-31 21:49:32
fa8c22be5693f0fd,,unknown,0,0,,19,17,0.893443,0,,0,2026-05-31 21:49:32
fa981704f64150ab,,unknown,0,0,,19,19,0.887661,0,,0,2026-05-31 21:49:32
fa9e13535b7e9824,,unknown,0,0,,19,3,1.063928,0,,0,2026-05-31 21:49:32
fa9e1d9939795fc1,,unknown,0,0,,19,19,0.978105,0,,0,2026-05-31 21:49:32
faa1499d3c5c3b16,,unknown,0,0,,1,18,1.076446,0,,0,2026-05-31 21:49:32
faa70467c6f75ca4,,unknown,0,0,,18,19,0.974927,0,,0,2026-05-31 21:49:32
fabf6cccc68c84f8,,unknown,0,0,,19,15,1.144424,0,,0,2026-05-31 21:49:32
fac7ce3ffa29cd3f,,unknown,0,0,,3,12,1.014246,0,,0,2026-05-31 21:49:32
facdb838f4053b5f,,unknown,0,0,,3,19,1.093744,0,,0,2026-05-31 21:49:32
fadb845aeec431ec,,unknown,0,0,,19,19,1.108838,0,,0,2026-05-31 21:49:32
faf08a09d3e3619b,,unknown,0,0,,4,8,1.049718,0,,0,2026-05-31 21:49:32
faf450739049420b,docs\documents-atlas-index.md#chunk-571,unknown,0,0,,,19,0.935301,0,,0,2026-05-31 21:49:32
faf9142d08e03c1b,,unknown,0,0,,16,19,1.037841,0,,0,2026-05-31 21:49:32
fafb681b713524aa,,unknown,0,0,,19,19,0.947412,0,,0,2026-05-31 21:49:32
fb02f24f034c84ce,,unknown,0,0,,15,19,0.980418,0,,0,2026-05-31 21:49:32
fb11d4486559be96,,unknown,0,0,,1,19,0.972463,0,,0,2026-05-31 21:49:32
fb22342fa96feea3,,unknown,0,0,,19,12,1.068211,0,,0,2026-05-31 21:49:32
fb2384e36f477bcc,docs\documents-atlas-index.md#chunk-1267,unknown,0,0,,19,19,0.80336,0,,0,2026-05-31 21:49:32
fb359b70bdee263f,,unknown,0,0,,14,2,1.096232,0,,0,2026-05-31 21:49:32
fb360fc0fd3265a9,,unknown,0,0,,19,16,1.056577,0,,0,2026-05-31 21:49:32
fb3e1f3dcf11b6a3,,unknown,0,0,,16,10,1.201436,0,,0,2026-05-31 21:49:32
fb47628709d6634f,,unknown,0,0,,19,19,0.806491,0,,0,2026-05-31 21:49:32
fb4cae02d761df3e,,unknown,0,0,,9,12,1.110699,0,,0,2026-05-31 21:49:32
fb50c5fc02a499d8,docs\documents-atlas-index.md#chunk-132,unknown,0,0,,18,19,0.977256,0,,0,2026-05-31 21:49:32
fb52c723b306d220,docs\documents-atlas-index.md#chunk-130,unknown,0,0,,3,16,1.061577,0,,0,2026-05-31 21:49:32
fb55f87bb5e7dc8b,,unknown,0,0,,13,19,1.000081,0,,0,2026-05-31 21:49:32
fb5da55eb098c72e,,unknown,0,0,,19,18,1.063487,0,,0,2026-05-31 21:49:32
fb62369353b51728,docs\documents-atlas-index.md#chunk-979,unknown,0,0,,19,19,0.856293,0,,0,2026-05-31 21:49:32
fb6ece2f5811e77a,,unknown,0,0,,19,18,1.156016,0,,0,2026-05-31 21:49:32
fb716f7fc71f58ef,,unknown,0,0,,19,18,1.109343,0,,0,2026-05-31 21:49:32
fb73e198e563283f,,unknown,0,0,,9,19,0.99273,0,,0,2026-05-31 21:49:32
fb7d5405056ce3a2,,unknown,0,0,,19,15,0.938953,0,,0,2026-05-31 21:49:32
fb7fcdcfaa8c1742,docs\documents-atlas-index.md#chunk-769,unknown,0,0,,13,,1.100022,0,,0,2026-05-31 21:49:32
fb8640aa8ece1c00,,unknown,0,0,,15,19,1.076173,0,,0,2026-05-31 21:49:32
fb8650ebba9f74e3,,unknown,0,0,,19,15,1.075477,0,,0,2026-05-31 21:49:32
fb88b24f6df29359,,unknown,0,0,,14,19,1.009108,0,,0,2026-05-31 21:49:32
fb8a38a73ad2c784,,unknown,0,0,,19,16,0.987677,0,,0,2026-05-31 21:49:32
fb91659b7b2b14df,,unknown,0,0,,19,19,0.921088,0,,0,2026-05-31 21:49:32
fb9c85bf693eeaa2,,unknown,0,0,,19,15,1.016017,0,,0,2026-05-31 21:49:32
fb9e8cd5f5fff894,,unknown,0,0,,16,10,1.067968,0,,0,2026-05-31 21:49:32
fba9a253c9a97cc3,,unknown,0,0,,9,14,1.006212,0,,0,2026-05-31 21:49:32
fbbc5154387529f7,,unknown,0,0,,19,18,0.960091,0,,0,2026-05-31 21:49:32
fbc016765c475da6,,unknown,0,0,,1,19,1.028701,0,,0,2026-05-31 21:49:32
fbcf33451c25df55,,unknown,0,0,,,17,1.035692,0,,0,2026-05-31 21:49:32
fbda1bbec9e83abd,,unknown,0,0,,19,18,1.109543,0,,0,2026-05-31 21:49:32
fbf248496eddce5b,,unknown,0,0,,,18,1.109636,0,,0,2026-05-31 21:49:32
fbf90f0913cd12be,,unknown,0,0,,19,18,1.079041,0,,0,2026-05-31 21:49:32
fbfe6bb48b500894,,unknown,0,0,,3,10,1.104012,0,,0,2026-05-31 21:49:32
fc02f12f4aa9868f,,unknown,0,0,,14,19,0.987473,0,,0,2026-05-31 21:49:32
fc05ff8f0915c4af,,unknown,0,0,,19,19,1.026033,0,,0,2026-05-31 21:49:32
fc0fa85851a3e1b4,,unknown,0,0,,19,18,0.944035,0,,0,2026-05-31 21:49:32
fc1d6fbec2b646f5,docs\documents-atlas-index.md#chunk-626,unknown,0,0,,19,18,1.125895,0,,0,2026-05-31 21:49:32
fc1e957074f38078,,unknown,0,0,,19,18,0.859045,0,,0,2026-05-31 21:49:32
fc226a7cba11bf09,,unknown,0,0,,3,10,1.058734,0,,0,2026-05-31 21:49:32
fc27dd7267a4ae24,,unknown,0,0,,10,13,0.997955,0,,0,2026-05-31 21:49:32
fc30083497813627,docs\documents-atlas-index.md#chunk-345,unknown,0,0,,19,16,0.880266,0,,0,2026-05-31 21:49:32
fc32273a724346e2,,unknown,0,0,,19,19,0.882064,0,,0,2026-05-31 21:49:32
fc391666ddcad449,docs\documents-atlas-index.md#chunk-885,unknown,0,0,,19,9,1.030839,0,,0,2026-05-31 21:49:32
fc4a0260d2cde7b7,,unknown,0,0,,19,15,1.064619,0,,0,2026-05-31 21:49:32
fc4e2e375db6e61f,docs\documents-atlas-index.md#chunk-348,unknown,0,0,,19,19,1.11493,0,,0,2026-05-31 21:49:32
fc5497a449959b82,,unknown,0,0,,19,16,0.846779,0,,0,2026-05-31 21:49:32
fc60a7846122908b,,unknown,0,0,,4,19,0.894195,0,,0,2026-05-31 21:49:32
fc70717c0908948f,,unknown,0,0,,19,19,0.852485,0,,0,2026-05-31 21:49:32
fc7258dc7acd1e13,,unknown,0,0,,15,19,1.112801,0,,0,2026-05-31 21:49:32
fc756007ffe487cb,,unknown,0,0,,19,19,0.921086,0,,0,2026-05-31 21:49:32
fc77bdf80c834f8b,docs\documents-atlas-index.md#chunk-474,unknown,0,0,,5,19,1.0172,0,,0,2026-05-31 21:49:32
fc7c070b2158ebbb,,unknown,0,0,,19,19,0.898537,0,,0,2026-05-31 21:49:32
fc8456cbab50dfa5,,unknown,0,0,,14,19,1.013813,0,,0,2026-05-31 21:49:32
fc86cfc7f71d3a4d,,unknown,0,0,,15,,1.122679,0,,0,2026-05-31 21:49:32
fc89dadfedc6c7b5,docs\documents-atlas-index.md#chunk-1112,unknown,0,0,,15,12,1.142855,0,,0,2026-05-31 21:49:32
fc9a113349aab344,,unknown,0,0,,19,14,1.023435,0,,0,2026-05-31 21:49:32
fcad975d8d3e7dfc,docs\documents-atlas-index.md#chunk-378,unknown,0,0,,16,19,1.043105,0,,0,2026-05-31 21:49:32
fcc1171bd6de711f,,unknown,0,0,,19,18,1.187422,0,,0,2026-05-31 21:49:32
fcc629afebd0239f,,unknown,0,0,,16,18,1.142782,0,,0,2026-05-31 21:49:32
fcc7faf864317e88,,unknown,0,0,,1,14,0.969883,0,,0,2026-05-31 21:49:32
fcca7e761f9e36ac,,unknown,0,0,,19,18,1.111736,0,,0,2026-05-31 21:49:32
fccbf46e4a5003e5,,unknown,0,0,,1,19,1.164977,0,,0,2026-05-31 21:49:32
fccea30a1c81ae7c,,unknown,0,0,,1,19,0.996706,0,,0,2026-05-31 21:49:32
fcdb8866a6e44482,,unknown,0,0,,19,18,1.050537,0,,0,2026-05-31 21:49:32
fcdcbfc3b297cd6b,docs\documents-atlas-index.md#chunk-801,unknown,0,0,,3,12,1.075056,0,,0,2026-05-31 21:49:32
fce6b3af8978861a,,unknown,0,0,,,19,0.917718,0,,0,2026-05-31 21:49:32
fcf693e7e4e87655,,unknown,0,0,,17,17,1.049877,0,,0,2026-05-31 21:49:32
fcfb9f3e86f4ea2a,,unknown,0,0,,7,11,1.134361,0,,0,2026-05-31 21:49:32
fcfd21f5f6506858,docs\documents-atlas-index.md#chunk-150,unknown,0,0,,19,15,1.008778,0,,0,2026-05-31 21:49:32
fd04ea209c3947e7,,unknown,0,0,,19,19,1.009289,0,,0,2026-05-31 21:49:32
fd0bbcf8c0dfb5f9,,unknown,0,0,,16,,1.143925,0,,0,2026-05-31 21:49:32
fd0eae499aba1294,,unknown,0,0,,15,,1.079372,0,,0,2026-05-31 21:49:32
fd230fb9a6189f5d,,unknown,0,0,,19,16,1.019971,0,,0,2026-05-31 21:49:32
fd233bb6cad077cf,,unknown,0,0,,19,19,1.027034,0,,0,2026-05-31 21:49:32
fd2a169c128f9fad,,unknown,0,0,,19,19,0.852413,0,,0,2026-05-31 21:49:32
fd31384758553cd4,,unknown,0,0,,19,19,0.791368,0,,0,2026-05-31 21:49:32
fd325835d811b877,,unknown,0,0,,19,12,0.929916,0,,0,2026-05-31 21:49:32
fd34e85e1263efa4,,unknown,0,0,,14,19,1.018178,0,,0,2026-05-31 21:49:32
fd3bfa811f3571ef,,unknown,0,0,,19,19,1.062051,0,,0,2026-05-31 21:49:32
fd3e35c2920af062,,unknown,0,0,,19,13,1.02554,0,,0,2026-05-31 21:49:32
fd44eb78455e5da5,,unknown,0,0,,19,,1.032591,0,,0,2026-05-31 21:49:32
fd4e9e7424113449,,unknown,0,0,,19,16,0.983971,0,,0,2026-05-31 21:49:32
fd4ee317f6cb5b6e,,unknown,0,0,,16,,1.07705,0,,0,2026-05-31 21:49:32
fd50dba84de8a09e,,unknown,0,0,,18,19,1.174137,0,,0,2026-05-31 21:49:32
fd53338d106d665d,,unknown,0,0,,19,19,0.935732,0,,0,2026-05-31 21:49:32
fd69b0f048eb4e40,,unknown,0,0,,13,14,1.171154,0,,0,2026-05-31 21:49:32
fd724092cc99e3fa,docs\documents-atlas-index.md#chunk-580,unknown,0,0,,19,19,0.957106,0,,0,2026-05-31 21:49:32
fd78573eb6e58f83,,unknown,0,0,,13,15,1.033795,0,,0,2026-05-31 21:49:32
fd837b358def5086,,unknown,0,0,,18,5,1.121286,0,,0,2026-05-31 21:49:32
fd85558a928be4b8,,unknown,0,0,,19,15,0.900144,0,,0,2026-05-31 21:49:32
fd85cba4d553bbb9,,unknown,0,0,,12,13,1.082701,0,,0,2026-05-31 21:49:32
fd8e5aacbf6cad1a,,unknown,0,0,,16,10,1.147318,0,,0,2026-05-31 21:49:32
fd98f8c6aa6fcb1d,,unknown,0,0,,,18,1.077343,0,,0,2026-05-31 21:49:32
fd9e44f8b5b5798e,,unknown,0,0,,19,18,0.858925,0,,0,2026-05-31 21:49:32
fda23a139a55e390,,unknown,0,0,,1,,0.960795,0,,0,2026-05-31 21:49:32
fda4d8c91b911249,,unknown,0,0,,,19,0.920471,0,,0,2026-05-31 21:49:32
fda4dba186731fd2,,unknown,0,0,,,18,1.115011,0,,0,2026-05-31 21:49:32
fdcf2d7bc38fd278,,unknown,0,0,,3,3,1.150424,0,,0,2026-05-31 21:49:32
fdd538758586eedb,docs\CODEBASE_DIRECTORY_MAP.md#chunk-1,unknown,0,0,,,19,0.94158,0,,0,2026-05-31 21:49:32
fddf1b31fb184a4c,,unknown,0,0,,8,3,1.019635,0,,0,2026-05-31 21:49:32
fde4d207a77079e0,,unknown,0,0,,3,19,1.048518,0,,0,2026-05-31 21:49:32
fdebbf5015cf80ae,,unknown,0,0,,19,18,1.15036,0,,0,2026-05-31 21:49:32
fdf3c53333171e84,,unknown,0,0,,,19,0.882361,0,,0,2026-05-31 21:49:32
fdf60ecd699fde07,,unknown,0,0,,1,11,1.161674,0,,0,2026-05-31 21:49:32
fdf73738fc7a486c,,unknown,0,0,,,18,1.120323,0,,0,2026-05-31 21:49:32
fdf9fb4bc6911761,,unknown,0,0,,3,11,1.053782,0,,0,2026-05-31 21:49:32
fdfc5693a96c0a06,,unknown,0,0,,10,7,1.074732,0,,0,2026-05-31 21:49:32
fdfebf6133ae0380,,unknown,0,0,,12,,1.2224,0,,0,2026-05-31 21:49:32
fe148ae179935e09,,unknown,0,0,,19,16,0.964677,0,,0,2026-05-31 21:49:32
fe1a60f43c0eac9a,,unknown,0,0,,19,19,1.027427,0,,0,2026-05-31 21:49:32
fe2370c1bd27e873,,unknown,0,0,,19,12,1.018931,0,,0,2026-05-31 21:49:32
fe25a61da711da2c,,unknown,0,0,,12,19,1.071726,0,,0,2026-05-31 21:49:32
fe39f798a25f8c0e,docs\documents-atlas-index.md#chunk-1301,unknown,0,0,,11,15,1.042382,0,,0,2026-05-31 21:49:32
fe3c1da04ca7094e,,unknown,0,0,,19,18,1.002642,0,,0,2026-05-31 21:49:32
fe6308f6cf535c1e,,unknown,0,0,,14,19,1.026415,0,,0,2026-05-31 21:49:32
fe6fd4e2d0fdc60c,,unknown,0,0,,19,14,1.184333,0,,0,2026-05-31 21:49:32
fe70fa490df0d756,,unknown,0,0,,11,13,1.128728,0,,0,2026-05-31 21:49:32
fe7e5475b15f1493,,unknown,0,0,,19,,1.02855,0,,0,2026-05-31 21:49:32
fe817311d6d379cc,,unknown,0,0,,19,19,0.838092,0,,0,2026-05-31 21:49:32
fe858f806912775a,,unknown,0,0,,19,19,0.902429,0,,0,2026-05-31 21:49:32
fe938f29efb163b3,,unknown,0,0,,19,19,1.095111,0,,0,2026-05-31 21:49:32
fe949b042eabf34e,,unknown,0,0,,19,19,1.122212,0,,0,2026-05-31 21:49:32
fe9f1623f3193dc6,,unknown,0,0,,19,18,0.964876,0,,0,2026-05-31 21:49:32
fea317109f0394cc,,unknown,0,0,,19,19,0.98856,0,,0,2026-05-31 21:49:32
fea88801eafa4ef4,,unknown,0,0,,18,19,1.195254,0,,0,2026-05-31 21:49:32
fea942e952bd2214,,unknown,0,0,,18,16,1.07897,0,,0,2026-05-31 21:49:32
fec032ab2851dd52,,unknown,0,0,,,16,1.027524,0,,0,2026-05-31 21:49:32
fec9bd2e528ceb04,,unknown,0,0,,1,13,1.11755,0,,0,2026-05-31 21:49:32
fecb2e26a49f5fbb,,unknown,0,0,,10,2,1.147124,0,,0,2026-05-31 21:49:32
fecbdd49e372c325,,unknown,0,0,,2,11,1.107837,0,,0,2026-05-31 21:49:32
fed3327d2389545f,,unknown,0,0,,16,19,1.003834,0,,0,2026-05-31 21:49:32
fed5038bf2f427ab,,unknown,0,0,,19,19,1.031285,0,,0,2026-05-31 21:49:32
fed50c8c0eb7c633,,unknown,0,0,,1,,1.031949,0,,0,2026-05-31 21:49:32
feeccee7fc10998f,,unknown,0,0,,11,,1.124565,0,,0,2026-05-31 21:49:32
ff0398dda41449ac,,unknown,0,0,,19,19,0.920959,0,,0,2026-05-31 21:49:32
ff04d42392f37a82,docs\documents-atlas-index.md#chunk-464,unknown,0,0,,12,15,1.019307,0,,0,2026-05-31 21:49:32
ff0aacf20f2fa4dc,,unknown,0,0,,19,16,1.188484,0,,0,2026-05-31 21:49:32
ff0e4a632d45f979,,unknown,0,0,,16,10,1.076129,0,,0,2026-05-31 21:49:32
ff18d187841996d9,,unknown,0,0,,18,19,0.848947,0,,0,2026-05-31 21:49:32
ff292c209711da23,,unknown,0,0,,12,12,0.966368,0,,0,2026-05-31 21:49:32
ff2a27f05e150bd1,,unknown,0,0,,19,19,1.019729,0,,0,2026-05-31 21:49:32
ff30545ea5dc766a,,unknown,0,0,,19,18,1.030548,0,,0,2026-05-31 21:49:32
ff39b4bcb04b7a0f,,unknown,0,0,,14,18,1.082277,0,,0,2026-05-31 21:49:32
ff3e2fdc13713887,docs\documents-atlas-index.md#chunk-597,unknown,0,0,,19,16,1.0326,0,,0,2026-05-31 21:49:32
ff4bd1a87ba99062,,unknown,0,0,,18,19,1.087408,0,,0,2026-05-31 21:49:32
ff51adc4996295e7,,unknown,0,0,,19,16,0.988571,0,,0,2026-05-31 21:49:32
ff51de3122e734cc,,unknown,0,0,,18,19,0.994475,0,,0,2026-05-31 21:49:32
ff56b4a65b52bb3f,docs\documents-atlas-index.md#chunk-1232,unknown,0,0,,1,19,0.910619,0,,0,2026-05-31 21:49:32
ff5d79b60480f2e5,docs\documents-atlas-index.md#chunk-783,unknown,0,0,,19,17,0.912481,0,,0,2026-05-31 21:49:32
ff5f4cf18d63c70f,,unknown,0,0,,19,16,1.133147,0,,0,2026-05-31 21:49:32
ff70bfd90fc447c7,docs\documents-atlas-index.md#chunk-494,unknown,0,0,,18,19,1.101067,0,,0,2026-05-31 21:49:32
ff7c17c0ee6f0e07,,unknown,0,0,,19,,1.01986,0,,0,2026-05-31 21:49:32
ff820eef84cf3b59,,unknown,0,0,,17,15,1.162546,0,,0,2026-05-31 21:49:32
ff83b6ab1721d9bf,,unknown,0,0,,18,18,0.9608,0,,0,2026-05-31 21:49:32
ff871e8092dda914,,unknown,0,0,,19,12,1.073217,0,,0,2026-05-31 21:49:32
ff8737e6ef4dd5ef,,unknown,0,0,,18,17,0.994325,0,,0,2026-05-31 21:49:32
ff926f17d02c65da,,unknown,0,0,,19,18,1.067535,0,,0,2026-05-31 21:49:32
ffa0a9e46a8761da,docs\documents-atlas-index.md#chunk-940,unknown,0,0,,,19,0.971988,0,,0,2026-05-31 21:49:32
ffa235c5be3a738c,,unknown,0,0,,,18,1.165724,0,,0,2026-05-31 21:49:32
ffa88cae50fb131a,,unknown,0,0,,17,17,1.167267,0,,0,2026-05-31 21:49:32
ffae260db69a3103,,unknown,0,0,,5,,1.082127,0,,0,2026-05-31 21:49:32
ffb200ca5ce25250,,unknown,0,0,,17,17,1.154161,0,,0,2026-05-31 21:49:32
ffbc1e7c0c89724d,,unknown,0,0,,4,,1.118532,0,,0,2026-05-31 21:49:32
ffbc6c034837a579,,unknown,0,0,,2,1,1.070004,0,,0,2026-05-31 21:49:32
ffcbf14b4b6b701d,docs\documents-atlas-index.md#chunk-1202,unknown,0,0,,,19,1.106437,0,,0,2026-05-31 21:49:32
ffcd724484e9beb4,,unknown,0,0,,19,18,1.014279,0,,0,2026-05-31 21:49:32
ffcf0e70ce0b35bc,,unknown,0,0,,11,1,1.23142,0,,0,2026-05-31 21:49:32
ffd72b5520daa8da,docs\documents-atlas-index.md#chunk-913,unknown,0,0,,19,18,1.109011,0,,0,2026-05-31 21:49:32
ffdb447ad4b72406,,unknown,0,0,,19,18,1.131112,0,,0,2026-05-31 21:49:32
ffde511dbee41a7e,,unknown,0,0,,14,19,1.18345,0,,0,2026-05-31 21:49:32
ffe0cfebf8b0dc46,,unknown,0,0,,1,11,1.090986,0,,0,2026-05-31 21:49:32
ffee4ab7f26e4da1,,unknown,0,0,,19,,1.111853,0,,0,2026-05-31 21:49:32
ffef2e2321c4421c,,unknown,0,0,,19,18,1.108385,0,,0,2026-05-31 21:49:32
fff2d26da4d0c891,,unknown,0,0,,,16,1.10399,0,,0,2026-05-31 21:49:32
fff9dad1d7f12758,,unknown,0,0,,3,12,1.116028,0,,0,2026-05-31 21:49:32
fffa938c4b308f1f,,unknown,0,0,,2,19,1.00545,0,,0,2026-05-31 21:49:32