id,sourceRef,som_bmu_row,som_bmu_col,som_bmu_distance,cluster_size,cluster_avg_reward,reward_avg,reward_count,reward_rank
d705bfd010c76907,sveltekit-frontend/src/lib/server/cache/cache-config.ts,11,12,1.044574,53,0.9900000000000001,0.9900000000000001,6,1
,,,,,,,,0,2
,,,,,,,,0,3
000678ef52ca67b0,,17,14,0.977094,54,,,0,4
00116e85cfe0456e,,8,,0.979304,,,,0,5
0012bc7350ff2a70,,19,2,0.958532,48,,,0,6
001570455730d2d7,,19,11,0.862272,51,,,0,7
001f2d08e4459234,,8,4,0.954428,7,,,0,8
0024f386d46d7f23,docs\documents-atlas-index.md#chunk-1258,19,4,0.802876,58,,,0,9
00262e5f02b7c99d,,13,12,0.927101,22,,,0,10
002add0263b8e6c8,,17,,1.08591,,,,0,11
002aee21948f778f,,17,3,0.857048,25,,,0,12
002e5c7880802f89,,9,5,0.809509,6,,,0,13
002eef270abc533c,docs\documents-atlas-index.md#chunk-608,15,2,0.980389,3,,,0,14
002fbf452f355e62,,15,1,0.970826,6,,,0,15
00376eb299856fbe,docs\documents-atlas-index.md#chunk-623,12,13,0.946836,61,,,0,16
004b71ea087384b7,,18,13,1.003913,53,,,0,17
004cff5b333f1f92,,19,,0.923081,,,,0,18
004f8942bf2140ae,,15,8,1.035212,16,,,0,19
0056213574662f41,,10,14,0.855996,36,,,0,20
005b287a19bf51c2,,19,11,1.027633,51,,,0,21
005d877f65beacff,docs\documents-atlas-index.md#chunk-309,14,14,1.03213,30,,,0,22
006501fd958b9d97,,19,8,0.915688,183,,,0,23
006535601f442f32,,7,16,0.947125,6,,,0,24
006f14c54a2cbd19,,19,4,0.961243,58,,,0,25
008b374b79d2d44e,,14,12,0.935414,21,,,0,26
008c047432b8fdd4,,19,12,0.928714,127,,,0,27
008d27b749e0742c,,16,14,0.888321,17,,,0,28
00956a83446f98eb,,19,7,0.925394,165,,,0,29
0099365f2954a7c8,docs\documents-atlas-index.md#chunk-252,19,11,0.864264,51,,,0,30
009d83f27333771d,,16,13,0.930988,18,,,0,31
00a337a7c6c8fadc,,9,10,1.041646,1,,,0,32
00a7f26545d7a728,,1,16,0.827452,15,,,0,33
00c2c6e692efd4a1,,19,7,1.144693,165,,,0,34
00c681c077a81a5d,,6,14,0.943133,11,,,0,35
00cab26de4491175,,5,4,0.973204,7,,,0,36
00cadc920830512d,,6,4,0.971498,14,,,0,37
00cd512fb4f9a7be,,6,3,1.096558,10,,,0,38
00d6d263332b5312,,,,0.966186,,,,0,39
00d8acf7823fae83,,,12,0.936021,,,,0,40
00dcd72830a5244f,,7,1,1.038807,11,,,0,41
00de915f0301dacb,,8,17,1.04932,12,,,0,42
00e5d971c47c8ae9,,19,2,0.9713,48,,,0,43
00e841b0b956f18e,,,9,0.858783,,,,0,44
00f4245426617dab,,8,18,0.866042,19,,,0,45
00f9b72594f1e8c1,,,15,1.017046,,,,0,46
00ff4b115be2d0ba,,3,,1.034036,,,,0,47
010d0b2d9524ea21,,15,9,0.946318,23,,,0,48
01173cbc9ea61255,,16,10,1.047859,101,,,0,49
01195c4fd7875b60,docs\documents-atlas-index.md#chunk-1317,6,5,0.879263,10,,,0,50
0129e35b12f3d546,,12,13,0.998818,61,,,0,51
012bdcf41b358b39,,16,1,0.93939,7,,,0,52
012eadc6ea32515f,,12,2,0.951552,3,,,0,53
013d249936c805aa,,17,18,0.904948,20,,,0,54
013f2ecd0be93182,,8,,1.079169,,,,0,55
015d0d46e2512b31,,9,5,0.918053,6,,,0,56
015f759e91f3e398,,19,11,0.92199,51,,,0,57
015fdb847bd4b1fe,,12,,1.013689,,,,0,58
0167f3ca94dc2620,docs\documents-atlas-index.md#chunk-1184,19,5,0.972332,196,,,0,59
0172337b4ed348d6,,12,18,1.002539,17,,,0,60
01894a389e7eff90,,19,4,0.83227,58,,,0,61
018ec061477a0264,,19,3,0.921846,52,,,0,62
018ee3a7166e2539,,19,4,0.894636,58,,,0,63
0192524efece8a97,,19,5,0.993162,196,,,0,64
019a1a18c5a36961,,8,2,0.819004,8,,,0,65
01a390422666396a,,3,19,0.778979,24,,,0,66
01a62b77dc3374be,,2,4,0.877208,4,,,0,67
01a862043c8c156e,,,,0.866649,,,,0,68
01aebc03901a5aaf,docs\documents-atlas-index.md#chunk-354,9,4,1.027301,12,,,0,69
01c20b96e1e377a3,,4,2,0.920543,16,,,0,70
01c469b5c1811b96,,,8,0.786116,,,,0,71
01c6a5605c27e5fc,,1,19,0.864111,95,,,0,72
01cb823b12408bc0,,,3,1.030411,,,,0,73
01d16f576344841f,,3,2,0.842573,5,,,0,74
01e1657967e949c1,,,,0.844167,,,,0,75
01e6b01a790663ca,,9,19,0.824074,70,,,0,76
01f0ae80c775d8da,,5,10,0.907196,5,,,0,77
01f0af8d35f3583f,docs\documents-atlas-index.md#chunk-212,5,,0.955849,,,,0,78
01f58df7c9edcea9,docs\documents-atlas-index.md#chunk-837,10,8,1.040166,27,,,0,79
01f7d6e3e42cede9,,,13,1.063271,,,,0,80
02017f5bee894a7b,,8,4,0.934767,7,,,0,81
020b6f5f39b7233c,,7,,0.961743,,,,0,82
0212cb44df359a58,,13,4,0.853396,3,,,0,83
0214853329b1f651,,18,10,0.895562,57,,,0,84
021b14a2f39ec72e,,19,9,0.947969,88,,,0,85
021ced9efb90d060,,14,5,0.998127,5,,,0,86
021f2c521a230f3a,,9,5,0.945547,6,,,0,87
023025f3514b11ff,,17,15,0.935706,78,,,0,88
023116f7dd2d2791,,19,6,0.845297,170,,,0,89
02318915bf53fc79,docs\documents-atlas-index.md#chunk-315,19,8,0.911515,183,,,0,90
0232b28b94b16a2e,,9,19,0.806888,70,,,0,91
0236a70ae076de62,,9,14,0.974871,22,,,0,92
023a357b64af438a,,16,15,0.990781,43,,,0,93
023ae7c3181a79ff,,19,4,0.973217,58,,,0,94
023f71fd6a387629,,17,10,1.011778,30,,,0,95
024f8973c0da4e20,,17,,0.863366,,,,0,96
02611fa6e5886c23,,10,7,0.890544,12,,,0,97
026319be52caef60,,19,9,1.079058,88,,,0,98
02660f795d104c53,,2,,0.973183,,,,0,99
026f931d5ddb4e15,,19,3,0.972632,52,,,0,100
0270849ffd85b308,,19,8,0.918361,183,,,0,101
0276c4d0906fd014,,19,7,0.91779,165,,,0,102
027b97529e921d16,,12,7,0.90027,7,,,0,103
027d9c66454518f1,docs\documents-atlas-index.md#chunk-1070,14,9,0.91837,11,,,0,104
027f978ee9724521,docs\documents-atlas-index.md#chunk-306,15,9,0.877565,23,,,0,105
029772b692b7d3c4,,19,12,0.853831,127,,,0,106
029c081fcb7c687e,,19,6,0.923027,170,,,0,107
029c99c656679142,,17,11,0.846907,76,,,0,108
02abca46b74f6b1a,,10,4,0.777643,3,,,0,109
02b13f822614c604,,,5,0.717609,,,,0,110
02b25302bb18b930,,,6,0.747974,,,,0,111
02b3dedbacb85f9b,,10,,1.062547,,,,0,112
02bb250e49554089,,3,1,0.891175,14,,,0,113
02bdad5e94d6af6b,,8,5,1.008508,11,,,0,114
02bf23f02b4eca0e,,,15,1.097371,,,,0,115
02c85f601b99752a,,,,0.737704,,,,0,116
02cb8a2cae16bdae,docs\documents-atlas-index.md#chunk-531,5,5,0.952363,11,,,0,117
02cf69b0e9b24066,,8,2,0.956654,8,,,0,118
02cfd0e189b724dc,,,19,1.148936,,,,0,119
02d6d5dac6b75c56,docs\documents-atlas-index.md#chunk-63,7,12,0.994065,1,,,0,120
02db9392f4e32836,,6,3,0.877353,10,,,0,121
02df2d195de7e47d,,3,,0.922277,,,,0,122
02e15aaa64e9547b,,3,1,0.935465,14,,,0,123
02e1bdb43a4d9ec0,,18,3,1.124245,25,,,0,124
02ed82fbdc75c973,docs\documents-atlas-index.md#chunk-1203,,8,0.969253,,,,0,125
02f6e7fb7c0e7451,,,,1.089763,,,,0,126
0300dcfc4d23344d,,9,19,1.029993,70,,,0,127
0308f531c85d5804,docs\documents-atlas-index.md#chunk-796,19,5,0.735746,196,,,0,128
031db91771dd5a02,,18,,0.869931,,,,0,129
032019ce1bf0345c,,14,16,1.026508,13,,,0,130
0324eb2e3143a773,,10,13,1.001738,65,,,0,131
03351baa29fba5a5,,18,11,1.00207,40,,,0,132
0335e87d2bafa7ce,docs\CODEBASE_DIRECTORY_MAP.md#chunk-26,11,18,1.058962,30,,,0,133
033b0ad8edfee3dd,docs\documents-atlas-index.md#chunk-1221,16,10,1.020623,101,,,0,134
034485c9b005446b,,16,12,0.871072,12,,,0,135
035aa2a7fec2c54b,,12,1,1.091918,8,,,0,136
035c522ebbbcdd5d,,14,5,1.014893,5,,,0,137
0361210742dfdd6e,,12,13,1.007357,61,,,0,138
037012482cc4474e,,11,17,0.963175,9,,,0,139
037cb9a27af5e9cf,,14,16,1.048754,13,,,0,140
037cc690ff5106e3,,17,3,0.887821,25,,,0,141
0389628fc25d5306,,19,7,0.853572,165,,,0,142
0389b5452057662b,,8,18,0.800864,19,,,0,143
03949a93ee80ba1d,,7,8,0.85275,4,,,0,144
0397414aa7006adb,,11,19,0.803857,37,,,0,145
039ca9bf82d025c0,,14,14,1.047637,30,,,0,146
039d069c35daff3f,,13,10,1.030057,19,,,0,147
03a346cecd4eb6b7,,,5,1.080106,,,,0,148
03a3f03f7314dd19,,4,15,0.878733,2,,,0,149
03a5f9488be47441,,,,0.878752,,,,0,150
03aad3579e2ed28c,,,17,0.977164,,,,0,151
03b09f2d51609f2f,,4,4,0.865869,12,,,0,152
03b5760840e471ae,docs\documents-atlas-index.md#chunk-1262,,,0.994452,,,,0,153
03c70049866f88b0,,,,0.880237,,,,0,154
03d373cd3e1f8ec5,,,,1.122338,,,,0,155
03e0fbe1c46ea382,,,9,1.042104,,,,0,156
03e14cfaf790ed77,,,9,0.78915,,,,0,157
03e74a376a075bf3,,,1,0.798322,,,,0,158
03ef83c8a052b0c0,,,9,1.037395,,,,0,159
03fb1f6ad5cf910d,,7,1,1.056403,11,,,0,160
04019748644a4b52,,19,4,0.821832,58,,,0,161
040392cd7175123d,docs\documents-atlas-index.md#chunk-57,14,16,0.958949,13,,,0,162
040ebac4853b857e,,17,3,0.919183,25,,,0,163
0412233b68ea1040,,19,7,0.958592,165,,,0,164
0421c55eea4d6d01,,19,5,0.863639,196,,,0,165
0429e0aeeeaa8b31,,19,4,1.053501,58,,,0,166
04353af433cb3049,docs\documents-atlas-index.md#chunk-498,17,8,0.936128,14,,,0,167
0439f41a871f30bf,,10,19,0.883386,49,,,0,168
0440b16fc04889ab,,10,19,0.850646,49,,,0,169
0448d0e2225cd18b,,19,7,0.993196,165,,,0,170
044acab38aa95f00,,12,,0.920318,,,,0,171
04517a30c0c92331,,7,,0.922285,,,,0,172
04563ad7bc7bd3d0,,18,8,0.933627,18,,,0,173
04679597b5d364ef,docs\documents-atlas-index.md#chunk-907,13,17,0.858218,13,,,0,174
047159a0680d8316,docs\documents-atlas-index.md#chunk-418,19,7,0.793484,165,,,0,175
04773c08dafa7f33,,13,3,0.823934,5,,,0,176
048699597e424ba8,,11,19,0.818589,37,,,0,177
04b4ee5de7bdeaa7,,8,9,1.065777,3,,,0,178
04b8d3f6aad31e54,,,14,0.964899,,,,0,179
04c0ad5d7822d926,,,6,0.829118,,,,0,180
04c4d90bb8f8c7d1,,,5,1.045867,,,,0,181
04c6160442547efb,,8,18,0.883216,19,,,0,182
04d0d4b7cde00939,,,14,1.006088,,,,0,183
04d221fed2e1043f,,,5,1.11868,,,,0,184
04d791ea740d5b0a,,6,16,1.013878,4,,,0,185
04db420d8ba99288,,,,0.88547,,,,0,186
04e718be5af03b1d,,6,15,1.052238,11,,,0,187
04eb24394995dd6a,,6,7,0.875177,8,,,0,188
04ee4ff3c992daec,,6,8,0.98307,3,,,0,189
0508f90968fbe9db,,19,6,0.986109,170,,,0,190
0509751baf2a0190,,19,6,0.839667,170,,,0,191
051ffb686fcffc0f,docs\documents-atlas-index.md#chunk-360,13,,0.971025,,,,0,192
052137b6ec09464b,docs\documents-atlas-index.md#chunk-1139,16,9,0.921417,18,,,0,193
05250dc8f40383f5,,18,10,0.89038,57,,,0,194
052d2ee3ad5c295e,,14,3,0.913964,11,,,0,195
053cab5faf25f0f7,,18,6,1.080878,26,,,0,196
0544214fb38fcf9a,,19,8,0.942652,183,,,0,197
054729cd34017f3e,,10,19,0.872163,49,,,0,198
054b73931c0bf374,docs\documents-atlas-index.md#chunk-808,19,6,0.879067,170,,,0,199
0556d469083645d7,,9,19,0.830858,70,,,0,200
055bafc6e978f31d,docs\documents-atlas-index.md#chunk-868,15,9,0.922291,23,,,0,201
055de8d46baffa85,,17,,0.964591,,,,0,202
0566387d5eff8880,,19,5,0.981817,196,,,0,203
05714f67afff10e9,,16,4,0.932037,5,,,0,204
058cf870fc1acd74,,18,3,0.876394,25,,,0,205
05913a2dd06a77dd,,14,8,0.997552,7,,,0,206
0599b10c08506da8,,10,19,0.781766,49,,,0,207
05a0fbf9f7cde6bb,,12,8,1.108244,7,,,0,208
05ab0ae1637b9694,,4,2,0.953965,16,,,0,209
05b2f5ac9c1b7c79,,,16,0.991382,,,,0,210
05bb62e8302a684e,,,19,1.074631,,,,0,211
05bcbb072f3dd81a,,9,,1.061324,,,,0,212
05c43bf3349e47ee,,,,1.024334,,,,0,213
05cd8b714b55f3bb,,,1,0.964973,,,,0,214
05d1b5a92a1ff72c,,,17,0.916116,,,,0,215
05d994fd4596e79f,,,15,0.903488,,,,0,216
05e231e99ef3f457,,,5,0.978123,,,,0,217
05e4b943b719a6d0,,,7,0.937581,,,,0,218
05e59657ea3db16b,,,2,0.907381,,,,0,219
05f4961864314ada,,8,18,0.772431,19,,,0,220
05f5056aa6669196,,,3,0.775656,,,,0,221
05f6831a5fbbd1ea,docs\documents-atlas-index.md#chunk-1014,,,1.072593,,,,0,222
05f9f5d9f767ea6d,,,14,0.775872,,,,0,223
05fce994c47c773b,,10,5,0.891834,5,,,0,224
0609237b0d9504f5,,13,18,0.905662,18,,,0,225
06173fb4ef93cc2c,,12,7,0.944986,7,,,0,226
061760922cce4bc8,docs\documents-atlas-index.md#chunk-1006,19,2,0.926787,48,,,0,227
061c2d86d51f4b19,,19,1,0.756556,75,,,0,228
061ec4f440ad977a,,19,3,0.996401,52,,,0,229
061effad255ce2cf,,19,5,1.170697,196,,,0,230
06221c22dbb3b924,,14,8,0.915632,7,,,0,231
0629d0e5f60c1262,,19,6,0.902532,170,,,0,232
06306d4392a3a488,,18,10,0.85757,57,,,0,233
064465cdbce86dce,,12,19,0.949075,84,,,0,234
064e620ccaa385f5,,19,10,1.021383,64,,,0,235
0654f0007e37c96f,,6,18,0.820348,7,,,0,236
066592ecd06549c2,,18,12,0.915709,53,,,0,237
0667d02616adcd93,,10,13,0.913502,65,,,0,238
067f03d74265c4b5,,19,12,0.845613,127,,,0,239
068120390fa0fc3d,,10,15,0.942813,33,,,0,240
0693f8500cbd6430,,19,5,0.89826,196,,,0,241
069c52abdfe2f54d,,16,10,1.0844,101,,,0,242
069f33a2b9dd5049,,17,8,0.893925,14,,,0,243
06a8be201ba5128c,,5,,0.912916,,,,0,244
06aa93b33e7fe13f,,,15,1.033461,,,,0,245
06ae29bfcd287bad,,7,5,1.057737,11,,,0,246
06b63170971c16e8,,,,0.885743,,,,0,247
06bef17916220496,,,17,0.949137,,,,0,248
06c9468d84538033,,,2,0.739262,,,,0,249
06ce08b9051d7178,,,,1.009617,,,,0,250
06db98ad2bb5f38f,,,15,1.065211,,,,0,251
06e6f87760239499,,3,18,0.771257,14,,,0,252
06ed075d405b1ca8,,4,,1.026786,,,,0,253
06f419cac345e1a7,,,6,1.040437,,,,0,254
06ff6c20443e8957,,4,,0.811402,,,,0,255
070025b3d97fb492,,19,8,0.810278,183,,,0,256
0708595c0015dc9b,,11,15,0.846198,26,,,0,257
070f0047be8bf8f3,,19,8,0.94014,183,,,0,258
071419c3faf5f7b1,,18,10,0.968223,57,,,0,259
07161c04dc171bb0,,15,5,0.955589,14,,,0,260
071a8566467fedb7,,19,2,0.827008,48,,,0,261
071aeea2b4e8116e,,12,,0.926554,,,,0,262
072f85c4c0c2ec73,,16,10,0.964588,101,,,0,263
07374f73fca5209d,,8,,0.913877,,,,0,264
073a51f749b16299,,18,12,0.835264,53,,,0,265
073d066ac3e976c1,,19,11,0.920284,51,,,0,266
0740b5c0aeb07a39,,9,14,0.975355,22,,,0,267
0741f028bb282f11,docs\documents-atlas-index.md#chunk-397,7,17,0.872971,13,,,0,268
07434a92a7280f6a,,9,6,0.777931,5,,,0,269
0746ef4043c997cd,,11,15,1.001748,26,,,0,270
076ae5cfea2f68a5,,19,5,0.999861,196,,,0,271
076f1ec3bdc925b7,,12,,0.934751,,,,0,272
077053a7ab52d00e,,18,10,0.880948,57,,,0,273
07734b9c80bfd70b,,15,9,0.994425,23,,,0,274
077c04205fbf3810,,19,3,0.963109,52,,,0,275
077c96c2d6b0efeb,,16,12,0.993209,12,,,0,276
0785fec690c7270a,,10,13,0.95026,65,,,0,277
0788c0b9a948cc18,,6,14,0.829007,11,,,0,278
079437f0d916d9f3,,18,10,0.856253,57,,,0,279
07958de568d73607,,13,10,0.918336,19,,,0,280
0795d80b627a4210,,19,5,0.865172,196,,,0,281
07b28423efe87a6c,,7,6,0.873443,7,,,0,282
07b82b7941a15d32,,4,2,0.723155,16,,,0,283
07bf860eb4f477a6,,5,1,1.007366,15,,,0,284
07c1d1f8c82336ab,,6,19,0.94409,38,,,0,285
07c292d3ed527a53,,,9,0.802309,,,,0,286
07c61b776ecd3fc6,,1,,0.879008,,,,0,287
07c9d9a3816ab43c,,,17,0.951622,,,,0,288
07cd4ba9f32c91d1,,9,4,1.08065,12,,,0,289
07d7d8e5161e44a9,,19,5,1.017815,196,,,0,290
07d8f913f8dfddd6,docs\documents-atlas-index.md#chunk-1165,19,2,1.062657,48,,,0,291
07e7272d3adebe7f,,,,0.971919,,,,0,292
07e7aef228c3ffda,,,16,1.012549,,,,0,293
07ea0c508a1beae6,docs\documents-atlas-index.md#chunk-327,2,,0.934901,,,,0,294
07f206acf7019255,,,6,0.912346,,,,0,295
07f2072a5e6596b9,,,,0.710723,,,,0,296
07f3e19f15ec88fb,,10,19,1.006887,49,,,0,297
0801d80cbdb33641,,10,16,1.0663,18,,,0,298
08047446ec2d02b8,,19,6,0.870585,170,,,0,299
08081ed9366df3f4,docs\documents-atlas-index.md#chunk-702,18,10,0.927565,57,,,0,300
080ee60099d72133,,17,3,0.967766,25,,,0,301
08183445e7be778b,,19,8,0.882123,183,,,0,302
082ca53da734c842,,19,8,0.932829,183,,,0,303
083d6bd814f49a59,,13,10,0.952275,19,,,0,304
083e26d2cfe5f2f0,,18,10,1.053014,57,,,0,305
084583552fa0535b,docs\CODEBASE_INDEXING_PIPELINE.md#chunk-2,11,18,0.885748,30,,,0,306
084b96a3299aa080,docs\documents-atlas-index.md#chunk-182,19,9,0.807323,88,,,0,307
085ab229893853e1,,19,6,0.901339,170,,,0,308
085cea915b6afbe5,,18,1,0.8073,11,,,0,309
0861834e1692eae4,,12,16,0.91261,30,,,0,310
086ac9a263e750fb,,15,16,0.949257,22,,,0,311
086faf5c12e712a1,,8,,1.050594,,,,0,312
0871c6e841964ac0,,9,18,0.818675,27,,,0,313
087a30924a38c185,docs\documents-atlas-index.md#chunk-852,19,9,0.804285,88,,,0,314
087e0fac6b44922b,,16,10,1.011659,101,,,0,315
0881a26cc554bfd7,,10,17,0.880343,23,,,0,316
08846510787dd38c,,19,8,0.829438,183,,,0,317
089064da63695562,,18,12,0.953507,53,,,0,318
0892c1c8d02daacc,,9,18,1.0105,27,,,0,319
0894feec6574a16e,docs\documents-atlas-index.md#chunk-1283,8,14,1.059076,18,,,0,320
08a4c83677eb58ab,,8,18,0.979049,19,,,0,321
08a7de233400b740,,,12,0.890453,,,,0,322
08b47366dd8bec6f,,3,8,0.923262,5,,,0,323
08b83bbeab3d7519,docs\documents-atlas-index.md#chunk-1263,1,3,0.951008,5,,,0,324
08c58f7b339466f3,,,,0.840516,,,,0,325
08d56597c7a25f9d,,8,7,0.727805,6,,,0,326
08d90b1a5f8275de,,,,0.862652,,,,0,327
08e162dd4e16a18a,,,15,1.014363,,,,0,328
08e601345a77b72b,docs\documents-atlas-index.md#chunk-1194,,1,0.810596,,,,0,329
08e82543d5c3dbe7,,,6,0.940136,,,,0,330
08eb46f902702fe5,,8,11,1.027074,2,,,0,331
08eb6b6b14f371ef,,4,,0.955959,,,,0,332
08ec468452dcedfd,,11,10,1.06741,14,,,0,333
08ec7290ee5a83f3,,18,3,0.98795,25,,,0,334
08f0a3adb7b01c18,,6,14,0.962709,11,,,0,335
08fb6bc427aa8982,,6,,0.919315,,,,0,336
0915a4d50ff655d8,,11,18,0.952769,30,,,0,337
091d407ca92de9d7,,19,8,0.945671,183,,,0,338
092738d9cb84a567,,18,10,0.778702,57,,,0,339
0928e79d24198bda,docs\documents-atlas-index.md#chunk-40,10,19,0.669309,49,,,0,340
092dfc3f25d2164f,docs\documents-atlas-index.md#chunk-1219,10,14,1.080122,36,,,0,341
0935366cf26305e5,,19,10,0.864493,64,,,0,342
094a6b8774d48de9,,13,10,0.917854,19,,,0,343
0950be21f18f7495,,19,5,0.772129,196,,,0,344
09535d63247e6fe3,,19,2,0.835789,48,,,0,345
09710e28a13215f7,,16,9,0.93959,18,,,0,346
0986e4da4a0c5fbc,,9,19,0.928406,70,,,0,347
09880ca59d8c75be,,19,5,0.987633,196,,,0,348
098a16a6343fe0b9,docs\documents-atlas-index.md#chunk-632,19,11,0.862052,51,,,0,349
09929897416909cb,,10,19,0.724014,49,,,0,350
0995afe6577e42a0,,19,5,0.888331,196,,,0,351
09a90856bf5256e0,,,3,0.804472,,,,0,352
09b234c8545c6a0e,,,19,0.92277,,,,0,353
09bd12f08be091e4,,,,1.112989,,,,0,354
09c9d0481f5d997e,,1,19,0.869783,95,,,0,355
09ccace457973659,,7,3,0.893531,7,,,0,356
09cd5259a2272185,,4,4,0.791434,12,,,0,357
09d43e0963e2b96c,,3,,0.823843,,,,0,358
09d8f7abd972946d,,4,16,0.842273,10,,,0,359
09daf410d57f5082,,7,4,0.975866,7,,,0,360
09df40a529f8a900,,,5,1.043555,,,,0,361
09e6c552543ded98,,,15,0.817368,,,,0,362
09fad4599e3be351,,,15,0.955461,,,,0,363
0a04b7433cb0fc47,,9,14,1.002538,22,,,0,364
0a0d4d3cb0871d93,docs\documents-atlas-index.md#chunk-1121,12,5,0.933405,5,,,0,365
0a0ea41ad315a081,docs\documents-atlas-index.md#chunk-99,17,9,1.000022,22,,,0,366
0a11e0b08dfce97d,,19,6,1.118657,170,,,0,367
0a12083629f38748,docs\documents-atlas-index.md#chunk-1305,17,14,0.8868,54,,,0,368
0a15f18db163cc42,,8,14,1.025138,18,,,0,369
0a1a8dc75658a9d1,,17,11,0.897794,76,,,0,370
0a233dd885228215,,17,11,0.847361,76,,,0,371
0a2612de22adefb1,,17,14,1.079654,54,,,0,372
0a2f98a114fa2196,,17,14,0.940883,54,,,0,373
0a378d11088a400e,,19,3,0.963383,52,,,0,374
0a40513e5dba2719,docs\documents-atlas-index.md#chunk-1102,,,0.996321,,,,0,375
0a42990bb65dbe74,,19,8,0.934541,183,,,0,376
0a488b0ecc65ea7a,,12,9,1.010118,8,,,0,377
0a4db797c8812070,,17,3,0.896456,25,,,0,378
0a4ee5bf585365e9,,17,16,0.94836,14,,,0,379
0a5036aa8ff10927,,17,14,1.066217,54,,,0,380
0a5bb4bee759f767,,17,10,0.956146,30,,,0,381
0a5de06bf60810cc,,14,18,1.041568,16,,,0,382
0a6f11909ade67a2,,17,,0.978649,,,,0,383
0a79de13c6a24943,,11,,0.872442,,,,0,384
0a8cf6b1c229d37f,docs\documents-atlas-index.md#chunk-479,17,11,0.987142,76,,,0,385
0a9076a2c818834c,,17,12,0.885777,7,,,0,386
0a960e4e6853d326,,1,1,0.951399,8,,,0,387
0a986554448d9211,,19,8,0.86717,183,,,0,388
0aa45e368a8a1ef4,,1,,1.003907,,,,0,389
0aaad4bb45cf05a5,,16,16,1.141958,16,,,0,390
0ab26933d1610440,,,4,0.821817,,,,0,391
0ac00ea06cfdf475,,1,,1.023435,,,,0,392
0ac2abf60981be96,,,12,0.824005,,,,0,393
0ad5d65e071aafaf,,1,19,0.988185,95,,,0,394
0aee082773cf387e,,6,,1.021237,,,,0,395
0af0a91540c9c47f,,,19,0.891441,,,,0,396
0af38aea3b8cc527,,,,1.009685,,,,0,397
0afb4d625a4105b9,,2,,0.943675,,,,0,398
0afb74bf6d0a0e1c,,,19,1.08741,,,,0,399
0afd02430e69776a,,,19,0.911038,,,,0,400
0b03a2fb122ae296,,19,9,1.06927,88,,,0,401
0b09147fd0dbcd6a,docs\documents-atlas-index.md#chunk-1027,15,12,1.026219,14,,,0,402
0b17cc89abb76aa9,,14,,0.857861,,,,0,403
0b18fc4762e70cd4,,18,,0.959892,,,,0,404
0b1940ddd359fe52,docs\documents-atlas-index.md#chunk-1286,17,11,0.954428,76,,,0,405
0b197ac0564da942,,18,10,0.911858,57,,,0,406
0b1b94d8a70c6667,,17,8,0.9486,14,,,0,407
0b22808dfa4895d3,,19,10,0.958091,64,,,0,408
0b2a202a7862db48,,16,11,0.961447,26,,,0,409
0b3d4035c13f42a9,,19,1,0.985907,75,,,0,410
0b3e06b7df709019,,16,10,0.958147,101,,,0,411
0b4b5fb9b91b6138,,16,,0.909813,,,,0,412
0b54cf456930ff61,,7,13,0.929671,6,,,0,413
0b556e39187aa0f9,,18,11,0.933258,40,,,0,414
0b57d4e2b7af5a61,,17,,0.904236,,,,0,415
0b592824eff8ce43,,13,9,0.999576,6,,,0,416
0b6f18e01b774039,,17,12,0.967197,7,,,0,417
0b828ed7ecbb8e9c,,13,,0.877156,,,,0,418
0b8543c3e5af12a8,,18,14,0.953026,36,,,0,419
0b8e32b3ba7b6c78,docs\documents-atlas-index.md#chunk-33,19,,0.87634,,,,0,420
0b90d8ac54f4a2ba,,16,16,0.9561,16,,,0,421
0b9a6ca3a285615a,,16,10,0.962603,101,,,0,422
0ba7849b1e2fe689,,,,0.915967,,,,0,423
0bb6c7c98a7ced42,,,16,0.902153,,,,0,424
0bba279ec8fdae34,,9,,1.123939,,,,0,425
0bc10760f886b00f,,1,8,0.890386,11,,,0,426
0bc1ba11eeedc4d5,,12,,1.055438,,,,0,427
0bdfdd8c6d559ba9,docs\documents-atlas-index.md#chunk-560,10,,1.026871,,,,0,428
0bff571c4141bbbb,docs\documents-atlas-index.md#chunk-870,16,19,1.091662,43,,,0,429
0c06c28504615524,,8,17,0.931455,12,,,0,430
0c12489a6026299a,docs\error-analysis-architecture.md#chunk-2,17,15,0.846825,78,,,0,431
0c17bcd2319f5e36,,19,,0.930205,,,,0,432
0c1d8876570418e7,,18,15,0.805177,24,,,0,433
0c2a254764271b21,,19,,0.91371,,,,0,434
0c37f80e768d1d38,,9,17,0.94446,15,,,0,435
0c41077c95a99fcf,docs\documents-atlas-index.md#chunk-524,14,19,0.811219,121,,,0,436
0c426d11fba0868e,docs\documents-atlas-index.md#chunk-618,10,,0.968445,,,,0,437
0c4431d6ae7daa99,,17,8,0.892894,14,,,0,438
0c5fa8bd2092442b,,17,15,1.024089,78,,,0,439
0c68735285eddc97,,14,11,0.948606,8,,,0,440
0c6a66c072bc7177,,17,14,0.985584,54,,,0,441
0c7726681722c640,docs\documents-atlas-index.md#chunk-203,17,12,0.881879,7,,,0,442
0c7cb1c987ad0858,,19,,0.953931,,,,0,443
0c862080a846e31f,,17,11,0.85702,76,,,0,444
0c871691329513dd,,18,16,0.791693,49,,,0,445
0c90536af9ceeb9a,,14,10,1.040287,9,,,0,446
0c9fe1571a1f9b37,,19,,0.885179,,,,0,447
0ca51efc38080b3b,,5,10,0.980281,5,,,0,448
0ca8fdc7f10b7a35,,4,10,0.969427,4,,,0,449
0cabfab28d338ce1,,12,,1.05834,,,,0,450
0caf7f3285fcfcbd,,14,,1.111053,,,,0,451
0cafb86a607f8f25,,19,,1.043198,,,,0,452
0cb815996e63d2fe,,,19,0.998058,,,,0,453
0cba4b5ce1eec1a8,,6,,1.115642,,,,0,454
0cc263f6e5b1f18e,,,14,1.0644,,,,0,455
0cc59fa845d709ac,,17,17,1.043369,51,,,0,456
0cc7b63ad4a2db6e,,3,17,0.989194,7,,,0,457
0cccd824470b60be,,,19,1.058926,,,,0,458
0cd15311a9affa5d,,10,8,1.05558,27,,,0,459
0cd80ffc6abf205f,,3,,1.106548,,,,0,460
0cdbc436c08b9fe4,,19,,0.984363,,,,0,461
0cdc60cddd52022f,docs\documents-atlas-index.md#chunk-1257,6,2,1.173849,7,,,0,462
0cddf07613fb2648,,18,,1.064738,,,,0,463
0ce20f06bdccbc19,,1,,0.929421,,,,0,464
0cec0bdb146f4f57,,6,,1.04205,,,,0,465
0cf5f98dfd150378,,,3,1.020213,,,,0,466
0cfa98d822512800,docs\documents-atlas-index.md#chunk-475,,15,0.934436,,,,0,467
0cfc07ec71986831,,1,3,1.021143,5,,,0,468
0d052fa0397da325,,18,10,0.977202,57,,,0,469
0d0dba1edbbc619f,,13,,0.971254,,,,0,470
0d0e5900e8e6d24b,,19,12,0.978702,127,,,0,471
0d0f1072fc62dd15,,16,9,1.01188,18,,,0,472
0d1042e34c2fa75a,,17,12,0.924718,7,,,0,473
0d116f50fef9735c,,11,,0.973044,,,,0,474
0d13158a84754a50,,14,14,0.912605,30,,,0,475
0d1674a0f765483a,,17,13,0.843433,28,,,0,476
0d1e822e67e9f9c2,,19,14,0.947211,76,,,0,477
0d23553d91408164,,17,14,0.922345,54,,,0,478
0d2b8b4143d9ef5c,,13,11,0.992156,14,,,0,479
0d318736f8d48a41,,12,10,0.948791,7,,,0,480
0d351ea247975d4e,,16,14,0.909666,17,,,0,481
0d354e2ef3cd85b7,,17,9,1.068391,22,,,0,482
0d3945011409c47f,,18,13,0.883471,53,,,0,483
0d58b4ff239c7b5e,,9,19,0.97973,70,,,0,484
0d5be7ae7045d30b,,17,14,1.05416,54,,,0,485
0d6aa70b2c9cf68f,,19,5,1.056741,196,,,0,486
0d7226e77536cb78,docs\CODEBASE_DIRECTORY_MAP.md#chunk-4,17,13,0.837745,28,,,0,487
0d7304fe9ef17eb5,,14,19,1.017713,121,,,0,488
0d7e5a5def1f104b,,13,3,1.044125,5,,,0,489
0d80c12d9526d5e4,,13,15,1.02267,41,,,0,490
0d875dcef5735e23,,14,9,0.998733,11,,,0,491
0d91f6dffc6a0f91,,19,1,1.029669,75,,,0,492
0da2dacaf111ec03,docs\CODEBASE_DIRECTORY_MAP.md#chunk-18,,11,0.933458,,,,0,493
0da534c2317fdf8f,docs\documents-atlas-index.md#chunk-308,,19,1.025941,,,,0,494
0da8eac9f071d050,,,12,0.848557,,,,0,495
0dacdc855e6dc7a2,,13,,1.031916,,,,0,496
0db3ff739af68aa9,,10,,1.005083,,,,0,497
0db4b49c9a372eee,,6,19,0.88107,38,,,0,498
0de09f3502cc9781,,1,,0.945087,,,,0,499
0decbddc044f4e67,,19,,1.115746,,,,0,500
0df67d6ec9d7f67a,docs\documents-atlas-index.md#chunk-1087,2,4,1.001822,4,,,0,501
0dfc0c54df635abf,,10,2,0.946094,14,,,0,502
0dfcf1b5233785d5,,,19,1.020137,,,,0,503
0e08c0b0550d0086,,19,5,0.974557,196,,,0,504
0e11be330dbe695d,docs\documents-atlas-index.md#chunk-43,15,,1.064525,,,,0,505
0e14d9a063175a11,,5,19,0.941995,21,,,0,506
0e1a91160da8ec59,,14,12,0.974597,21,,,0,507
0e1c5ade047084f1,docs\documents-atlas-index.md#chunk-604,18,13,1.01712,53,,,0,508
0e2593987c0aaa52,,19,8,0.906543,183,,,0,509
0e2c302c3a6050e2,,19,15,1.032285,77,,,0,510
0e3039267a9672c0,,18,14,0.919781,36,,,0,511
0e3cb6ec5343bd0c,,14,14,1.072263,30,,,0,512
0e40631e9c374bc3,,13,19,0.933297,52,,,0,513
0e45677e870c5f8e,,13,18,0.952996,18,,,0,514
0e4a9ae0564d72d4,,19,,0.917842,,,,0,515
0e4ca4beeeb7640f,docs\documents-atlas-index.md#chunk-98,12,,1.083312,,,,0,516
0e4f2d5c5a24f6bc,docs\documents-atlas-index.md#chunk-527,16,10,1.070041,101,,,0,517
0e5722958ed0a9e3,,19,13,0.884053,82,,,0,518
0e579d65656fb9e3,,18,10,0.938035,57,,,0,519
0e60b37f15f9fa83,,12,14,1.032983,60,,,0,520
0e62f4a8e1e38e54,,9,14,1.020013,22,,,0,521
0e700f6605c5b82e,,16,12,0.988253,12,,,0,522
0e776d4241acd525,docs\documents-atlas-index.md#chunk-297,18,10,0.899377,57,,,0,523
0e851530bc038a06,,13,8,0.960523,11,,,0,524
0e88cc09e9fa5b09,,14,,0.806231,,,,0,525
0e8de1e1330d9ac1,,19,,0.906917,,,,0,526
0e995cf3c537ea46,,16,10,0.878512,101,,,0,527
0e9c7920e5de04ab,,16,,0.989174,,,,0,528
0ea4b3c2ef4f4933,,,15,1.064192,,,,0,529
0ea8fb62d3984e71,,4,10,0.759687,4,,,0,530
0eab78cd8c5ca14e,,16,10,1.134733,101,,,0,531
0eb4530995bfff97,docs\documents-atlas-index.md#chunk-347,1,,1.038553,,,,0,532
0ebaa7a393ed0393,docs\documents-atlas-index.md#chunk-634,19,,1.085526,,,,0,533
0ec363a194aa4a28,,10,9,1.014801,6,,,0,534
0ec4195a3a117c33,,,1,0.844248,,,,0,535
0ecab5533bb02e4e,,2,19,0.96524,29,,,0,536
0ecaf5f1070e6de6,,19,,1.094593,,,,0,537
0eccc86e7ce3137d,,,19,1.057961,,,,0,538
0ed3db4d76278781,,1,1,0.886248,8,,,0,539
0ee8bd0216f98fad,,4,18,1.075643,6,,,0,540
0eece2a246833511,,,19,0.901525,,,,0,541
0ef0fb2f7ae1bf50,docs\CODEBASE_DIRECTORY_MAP.md#chunk-17,1,13,1.086418,20,,,0,542
0ef93cb8ffac7d4a,,11,,0.925889,,,,0,543
0f1465a5614ac7c2,,19,12,0.874931,127,,,0,544
0f1823994899db15,,14,13,0.904787,13,,,0,545
0f20f853618b3e21,,19,2,0.874549,48,,,0,546
0f2f8053dacdac86,,17,,0.928638,,,,0,547
0f469ba9baef1900,,15,,0.894861,,,,0,548
0f489f53644b869c,,19,3,0.902065,52,,,0,549
0f4baef2fdb9eb39,,13,,0.944097,,,,0,550
0f4d2e56a851011f,,9,3,0.898861,6,,,0,551
0f638cd2b69d2a9c,,15,,0.903173,,,,0,552
0f721beeadf8de6f,,16,10,1.132659,101,,,0,553
0f86914efc1d49e7,,19,5,0.992754,196,,,0,554
0f86f980c1815fd4,,9,18,0.942851,27,,,0,555
0f8821751ccd57dc,,17,17,0.885608,51,,,0,556
0f8931a89a15732b,,17,15,0.926547,78,,,0,557
0f8be336b0db1457,docs\documents-atlas-index.md#chunk-1104,18,,0.935413,,,,0,558
0f8de9449ee2ba22,,14,,1.019075,,,,0,559
0f939e605080d6bb,,18,14,0.967852,36,,,0,560
0f9f951086d7341c,,18,16,0.882209,49,,,0,561
0fa1bc6ad6825fe7,,5,10,0.979372,5,,,0,562
0fac245792048424,,1,3,0.918942,5,,,0,563
0fb693e5638ddb43,,,15,0.957697,,,,0,564
0fb825b798462703,,,19,0.887764,,,,0,565
0fc00e1116bc5473,,1,,0.891391,,,,0,566
0fc0a51569fe124d,,,19,1.036988,,,,0,567
0fce5cd26ba3c069,,3,,1.008196,,,,0,568
0fcf05efd2c34bfa,,17,17,1.111676,51,,,0,569
0fd41eef74391f0d,,5,8,1.038584,7,,,0,570
0fd7d92330d787a5,,,19,0.97691,,,,0,571
0fdda899edef1202,,12,,0.955402,,,,0,572
0fddef2503190af0,,19,,1.080868,,,,0,573
0fe06a25aeedaa7f,,9,,1.016151,,,,0,574
0fe4627b355117a3,,,,0.892394,,,,0,575
0fef8f67bf6685ab,docs\documents-atlas-index.md#chunk-1240,9,1,0.994832,14,,,0,576
0ff1ebf7a207a199,docs\documents-atlas-index.md#chunk-1260,,12,0.89383,,,,0,577
0ff5e0d6cdb9706a,docs\documents-atlas-index.md#chunk-1216,,18,1.042935,,,,0,578
10004a50adaf33f8,,17,4,0.953307,2,,,0,579
100089e724684cd4,,15,14,0.920183,18,,,0,580
1009a5009643b4be,,9,19,0.83082,70,,,0,581
100a1b11028a3c27,,19,,0.820056,,,,0,582
100b7e49772285f1,,17,11,0.820355,76,,,0,583
1015debbece5ab1b,,10,13,1.14156,65,,,0,584
101b9da37f84770e,,12,6,0.990971,5,,,0,585
101f3b896832662f,,8,4,0.967221,7,,,0,586
1022976e1f5e64bd,,12,19,0.999101,84,,,0,587
1025863611b6ab8a,,11,14,0.860603,30,,,0,588
1029dcb7e3cfce3d,docs\documents-atlas-index.md#chunk-478,14,3,1.01442,11,,,0,589
10303813f4b8f55d,,19,9,0.967966,88,,,0,590
1042f351032611cd,,9,19,0.828792,70,,,0,591
1044d1884eba64dd,,10,19,0.9291,49,,,0,592
105161c9ddfefa5a,,15,7,1.000412,5,,,0,593
1054d6ffc4eb9aee,,12,19,1.10629,84,,,0,594
1057c996e0badd6a,,14,6,0.952455,9,,,0,595
105a67c981791c3d,,14,12,0.909275,21,,,0,596
106816dd1ac3bb36,docs\documents-atlas-index.md#chunk-1074,13,13,1.01892,35,,,0,597
106a3103f6f25d8f,,11,7,0.949642,2,,,0,598
106b49de07df5041,docs\documents-atlas-index.md#chunk-569,18,9,0.987969,17,,,0,599
10711e6382a646c6,,13,11,0.944859,14,,,0,600
10755556f6047f0e,,9,8,0.842641,17,,,0,601
1079a94c79ac6abe,docs\documents-atlas-index.md#chunk-1015,11,19,0.897867,37,,,0,602
1088e967913f623b,docs\documents-atlas-index.md#chunk-224,19,5,0.864734,196,,,0,603
10a0369ec9a25901,,,2,0.873153,,,,0,604
10a067f602b8c548,,,12,0.957862,,,,0,605
10a3cb1bbdd3380c,,8,,0.953693,,,,0,606
10a76cfe697f9e00,,,4,0.991642,,,,0,607
10ab427b5c5cc72c,,,,0.991995,,,,0,608
10b15027ef28a744,,,4,0.798042,,,,0,609
10b2cfe8030b5679,,,5,1.071545,,,,0,610
10bb8010d05a78fc,,8,5,1.064056,11,,,0,611
10c1404192a66b77,,,4,0.869392,,,,0,612
10c28242cde41ffe,,10,19,0.981367,49,,,0,613
10c5aa193af0df59,,5,12,0.919601,4,,,0,614
10c7ad9a2265cae5,,6,13,0.943934,6,,,0,615
10d564e3afa45942,docs\documents-atlas-index.md#chunk-786,,5,0.94079,,,,0,616
10dd1ddf01cf866d,,6,,1.076461,,,,0,617
10f1238cf611b0ef,,,5,1.041398,,,,0,618
10fac6827039c17b,,,17,0.890578,,,,0,619
1115e87ee034eff5,,10,17,0.981174,23,,,0,620
112519e066ca1363,,19,7,0.950062,165,,,0,621
1132fad3778c0ba3,,19,2,0.961414,48,,,0,622
11366891dc3079f1,,19,8,0.924518,183,,,0,623
113a964200f9c4b4,,19,12,0.954424,127,,,0,624
113c26c6d6cf3d4d,,13,5,0.948372,5,,,0,625
114ca7114327cf43,,9,12,0.970183,28,,,0,626
114cf364ae6fea89,,18,3,0.865982,25,,,0,627
114f7cf3eeeffab7,,14,,0.981365,,,,0,628
11517d390d57538c,,,,0.879514,,,,0,629
115dfae01e578367,,17,5,1.015198,9,,,0,630
11661a6e0498bd22,,12,11,0.993983,13,,,0,631
1169b7d310e83396,docs\documents-atlas-index.md#chunk-389,12,14,0.960329,60,,,0,632
1176b084c9acc07a,,19,6,0.953275,170,,,0,633
1178f0104a8a9f56,,19,3,0.805761,52,,,0,634
117b568864e4ccfa,,14,14,0.909198,30,,,0,635
118a3d798f014580,,4,,0.90639,,,,0,636
118d895b9258c482,,19,10,0.881412,64,,,0,637
119000460da5b340,,,,0.928993,,,,0,638
1195866bc6d85ca9,docs\documents-atlas-index.md#chunk-460,12,16,0.932304,30,,,0,639
119989cb1eb3f118,docs\compiler-landscape.md#chunk-1,16,11,0.98372,26,,,0,640
1199cb5bc47f6581,,19,5,0.854214,196,,,0,641
11ad942cfcb87bb6,,7,2,1.001824,13,,,0,642
11b03503eb383756,,,3,0.760309,,,,0,643
11b1d4ce4b32e4dd,,4,19,1.026371,25,,,0,644
11c0c6c7b3b17dcc,,8,18,0.971038,19,,,0,645
11c7cc8ccc438d6c,,6,7,0.912482,8,,,0,646
11d19fb8658dffbb,,,9,1.079608,,,,0,647
11d23813440ec73a,,,1,0.89402,,,,0,648
11dbc5d3e9552393,,,13,0.95809,,,,0,649
11dcf5adf0a98ce4,,8,12,1.200835,14,,,0,650
11de2a087e7f4f7c,,7,1,0.879471,11,,,0,651
11f18da6ddb4b04b,docs\CODEBASE_DIRECTORY_MAP.md#chunk-24,1,7,0.99451,9,,,0,652
11f2741e5b2304b1,,,,0.919887,,,,0,653
11f64c1fbbf68ad0,,4,,0.938657,,,,0,654
11fad90b9e10ef40,,,13,0.942737,,,,0,655
11fd3326bc3ef839,,,4,0.952609,,,,0,656
11ff9cf33d7536fc,,6,2,1.081735,7,,,0,657
12096184574e874f,,19,6,0.810882,170,,,0,658
1214d2327c456791,,7,19,0.864871,15,,,0,659
1218120a4c9b8ff6,docs\documents-atlas-index.md#chunk-357,19,4,0.992761,58,,,0,660
121d2a4f1e747cf0,,6,1,1.101063,19,,,0,661
121f3bacb9bf9a1f,,12,4,0.946302,5,,,0,662
123a812bf148cc0c,,12,9,1.011719,8,,,0,663
12413e815165fb57,,10,11,0.874743,28,,,0,664
12479198e1b0182c,,13,11,0.919595,14,,,0,665
126a3ea5b0223d0d,,9,6,0.861279,5,,,0,666
126d95b1729686bd,,17,15,0.812732,78,,,0,667
128182a949dd1f1c,,12,14,0.951853,60,,,0,668
128aec6f8c646010,,7,,1.001114,,,,0,669
129ece7b5995cfd4,,11,11,1.018232,14,,,0,670
12a11db4d4581498,,,6,0.795847,,,,0,671
12a6d207ab40c1cd,docs\documents-atlas-index.md#chunk-1109,3,19,0.988787,24,,,0,672
12b0b0bea179c3d9,docs\documents-atlas-index.md#chunk-877,,13,1.076857,,,,0,673
12b21e94c1a0bd9e,docs\documents-atlas-index.md#chunk-307,5,7,0.895943,6,,,0,674
12b95c11eda030b1,,3,,0.897386,,,,0,675
12bc3f9c36f2b1bf,docs\documents-atlas-index.md#chunk-691,4,,1.077386,,,,0,676
12c40285301c3f6b,,6,16,0.969036,4,,,0,677
12c4242007e0eef9,,9,13,1.006435,11,,,0,678
12cb47c829b24000,,3,1,0.956141,14,,,0,679
12cbeeef54abfadf,docs\documents-atlas-index.md#chunk-1111,12,,1.234846,,,,0,680
12cf61abee7a2eba,,10,6,1.137322,10,,,0,681
12d8f84c79d0766b,,6,19,0.874711,38,,,0,682
12e068bc6a3a3643,,,,0.906446,,,,0,683
12e68b09311a8882,,,,0.706368,,,,0,684
12fb944dcf0630c2,docs\documents-atlas-index.md#chunk-22,,3,0.970985,,,,0,685
12ff884539d87486,,4,,0.770596,,,,0,686
13023353a3b74e4d,,11,10,0.970772,14,,,0,687
1306348815c26e84,,12,13,0.863438,61,,,0,688
1308e9832cfa0639,,19,5,0.900485,196,,,0,689
130e8b16a4c51896,,10,3,0.830671,5,,,0,690
130ef7761f268483,,18,5,0.92831,12,,,0,691
13194a5c294b4e3e,,12,9,0.97136,8,,,0,692
13251c1207971ff4,docs\documents-atlas-index.md#chunk-1225,11,12,0.945517,53,0.9900000000000001,,0,693
132b57028ed49051,,6,,1.005931,,,,0,694
13330098a01b7a7f,,19,6,0.921825,170,,,0,695
133ab9983bbe065b,,17,3,0.925095,25,,,0,696
13405b2c33eccfcf,,12,13,1.03967,61,,,0,697
13440320cbb614ed,,13,17,0.986357,13,,,0,698
134da0189ba05253,docs\CODEBASE_DIRECTORY_MAP.md#chunk-5,17,5,1.015047,9,,,0,699
13505c35cf060bef,docs\documents-atlas-index.md#chunk-172,11,5,1.015183,8,,,0,700
1358c23416f386db,,10,19,0.88582,49,,,0,701
135984503004897a,,9,17,0.83736,15,,,0,702
1362022b25c959e6,,14,16,0.942642,13,,,0,703
1362c2fc9ff4974e,,9,19,0.912178,70,,,0,704
1369e11eaf338d08,,9,18,0.922482,27,,,0,705
136c9f2d44d0af2f,docs\documents-atlas-index.md#chunk-535,10,11,0.926232,28,,,0,706
136df9e8e90e98f1,,19,4,0.846421,58,,,0,707
1370dfc0dccbd3de,,13,1,1.088778,3,,,0,708
1373bc81a7c3e9f0,,12,10,1.001068,7,,,0,709
137725075407f21c,,19,11,0.891951,51,,,0,710
137846df9cbf73c1,,19,9,1.023833,88,,,0,711
137ebb8586f488f5,,12,,0.911582,,,,0,712
137fd951671fb692,,19,6,0.8355,170,,,0,713
1388bf205e8eb6fb,,19,5,0.989422,196,,,0,714
13902ce6975af6a0,docs\documents-atlas-index.md#chunk-1159,18,10,0.88872,57,,,0,715
1394e1523c097a1a,,7,19,0.70701,15,,,0,716
139d544b821b13eb,,19,15,0.934967,77,,,0,717
13b3c67bd2ce3b52,,9,8,1.041313,17,,,0,718
13b90e7199a82d03,,4,2,0.75132,16,,,0,719
13ba39f0ca793b46,docs\documents-atlas-index.md#chunk-491,7,6,0.853382,7,,,0,720
13bc81c7d32cc051,,19,8,0.988641,183,,,0,721
13c5774fe1652847,,,4,0.805715,,,,0,722
13cd919805ac0254,docs\documents-atlas-index.md#chunk-522,6,,0.94952,,,,0,723
13e1f97b97bb7e91,docs\documents-atlas-index.md#chunk-114,,,0.977876,,,,0,724
13e8beb9bc2842d1,,,7,0.982683,,,,0,725
13ee15660bcbc5b1,,,,0.995687,,,,0,726
13eeb1faf970c183,,,13,1.022672,,,,0,727
13f176bee14e73b7,docs\documents-atlas-index.md#chunk-601,,4,1.086603,,,,0,728
13fc3b6c6dc436e9,docs\documents-atlas-index.md#chunk-578,3,,0.921734,,,,0,729
13fce09a7e9cc720,,,,1.035453,,,,0,730
1413020cf2e88f69,,12,11,0.969258,13,,,0,731
14131e446776e2d4,,18,10,0.868017,57,,,0,732
14158d0ecfa7ec2b,,11,9,1.036132,7,,,0,733
141677d4d14149ad,,18,12,0.909971,53,,,0,734
1416998ffbe674bc,,14,19,0.915805,121,,,0,735
14195b308be913d7,,8,,0.940577,,,,0,736
142bb8b02e8c8656,,19,4,0.862032,58,,,0,737
143178db2dd7aaed,,14,19,0.963201,121,,,0,738
1435a0f149e86fff,,10,19,0.894491,49,,,0,739
1437c381a83875cc,,9,19,0.769216,70,,,0,740
143973049e417fcd,,11,19,0.756809,37,,,0,741
145ab60f413f8449,,19,5,0.885243,196,,,0,742
145bf1d77495ead4,,14,12,0.943637,21,,,0,743
145d3ad4cc439179,,10,2,0.939878,14,,,0,744
14602de6ac646dc7,,13,8,0.949169,11,,,0,745
146355ad22bfc725,,18,11,0.971371,40,,,0,746
146c73d657e23573,,16,13,0.906848,18,,,0,747
14700e6ed62a2c0d,,10,7,0.954722,12,,,0,748
1473c9c14aae30ea,,19,5,1.00453,196,,,0,749
14772bf180f8f790,,18,10,0.987462,57,,,0,750
1486837af504d26c,,19,10,0.920438,64,,,0,751
14869a86635aff11,,19,5,0.843683,196,,,0,752
14a0d68f22f24155,,,,0.958556,,,,0,753
14a76baa05a23e99,,4,2,0.92879,16,,,0,754
14af73fed33b2f32,docs\documents-atlas-index.md#chunk-665,9,7,1.098003,4,,,0,755
14b9a2c8950cbacc,,1,19,1.003203,95,,,0,756
14ba688ec5960ce8,,6,4,0.936452,14,,,0,757
14c8e9d8cd71b2f3,,,13,0.97696,,,,0,758
14c93cde4e6300b3,docs\documents-atlas-index.md#chunk-960,,,0.960476,,,,0,759
14cd2e4c06743dae,,5,3,1.008141,13,,,0,760
14d35fc1b8dace05,,,9,0.991184,,,,0,761
14d65e91f6d55148,,5,3,0.784817,13,,,0,762
14e3041d2b5cc0e2,,,,0.967271,,,,0,763
14ef76faa3c09b75,,6,6,0.97947,5,,,0,764
14f5a63f4a32a398,,1,17,0.889436,24,,,0,765
14f7da46b3ddcdff,,10,8,1.111123,27,,,0,766
14fe8240f00c16ee,,9,5,1.001433,6,,,0,767
15004663304ba27a,,19,9,0.855229,88,,,0,768
1516c8574dcefa87,,19,4,0.906675,58,,,0,769
152c44231582d59f,,19,12,0.887921,127,,,0,770
153795c429f24658,,16,13,0.823526,18,,,0,771
153c89f0cbcec577,,18,8,0.933699,18,,,0,772
1540e32d40d8d950,,10,14,0.964033,36,,,0,773
154c8228dd2dc0bd,,19,6,1.014159,170,,,0,774
15531c0a766379c4,docs\documents-atlas-index.md#chunk-1273,,,0.936844,,,,0,775
1556783e4fbf1f4c,,12,18,0.997724,17,,,0,776
15616238455c8f8d,,11,17,0.882721,9,,,0,777
156c3ab3d973107c,,9,4,0.890662,12,,,0,778
15787a0872d2742c,,6,,0.908562,,,,0,779
157946b831d4efcd,,15,15,0.86226,13,,,0,780
15a11f6f8f9b6017,,,,0.774774,,,,0,781
15a849d38fa723db,docs\documents-atlas-index.md#chunk-135,15,16,1.017518,22,,,0,782
15a93e6751cb361f,,5,,0.863272,,,,0,783
15aa0125958376ee,docs\documents-atlas-index.md#chunk-510,17,18,0.975697,20,,,0,784
15b0bd4725cad244,docs\documents-atlas-index.md#chunk-1299,,,0.968593,,,,0,785
15b591cdd03c8a59,,,7,0.947142,,,,0,786
15bd8f86f021df9d,docs\documents-atlas-index.md#chunk-27,6,7,0.819417,8,,,0,787
15bf455935cb637e,,6,,0.939802,,,,0,788
15c4972827abedcd,,12,14,1.014715,60,,,0,789
15ccc2715debf598,,,,1.079098,,,,0,790
15d2a80ad34c2d07,,7,7,1.005671,7,,,0,791
15de4492d60b803e,,8,5,0.907291,11,,,0,792
15df4665412163d3,,,1,0.975814,,,,0,793
15df647ee80c8240,,4,1,1.020586,11,,,0,794
15e2ad5c29ed739f,,5,,0.940474,,,,0,795
15e67ed88d232525,,,3,0.809313,,,,0,796
15f01dd906ff7089,,,,0.983047,,,,0,797
15f87a51179ed88a,docs\documents-atlas-index.md#chunk-846,1,,0.878288,,,,0,798
1602732bc52ac11e,,19,8,0.937877,183,,,0,799
16081c4f092765da,docs\documents-atlas-index.md#chunk-369,15,15,0.987936,13,,,0,800
160970e0f805a6e5,,18,10,0.898354,57,,,0,801
160f3d1685431166,,15,8,0.87909,16,,,0,802
161a62c75a9d329d,,19,6,0.965917,170,,,0,803
162517cc7aab2991,,19,9,0.979259,88,,,0,804
16370a2eec67171d,,5,,0.907698,,,,0,805
1637ff54da295383,docs\documents-atlas-index.md#chunk-413,17,5,0.878784,9,,,0,806
1647778618fe0284,docs\documents-atlas-index.md#chunk-158,19,7,0.849843,165,,,0,807
16581e0db4107c3a,,8,7,0.917392,6,,,0,808
165f00164d86e252,,18,8,0.971696,18,,,0,809
1660392606a1e2d4,,19,12,0.913709,127,,,0,810
1663252c06acf3fb,,16,15,0.938722,43,,,0,811
16646268dae4b3a5,,19,10,0.888184,64,,,0,812
167b15567ca758b0,,19,13,0.916629,82,,,0,813
167cf5f677a43966,,14,12,0.95072,21,,,0,814
167d8070d3a10c7a,,10,6,0.879923,10,,,0,815
16815f640e0909f8,,,,0.950773,,,,0,816
1681ea860da7f0e5,,18,8,1.1266,18,,,0,817
168472aa912196df,,13,18,0.819563,18,,,0,818
168aed56c97bfe24,,15,3,0.82748,6,,,0,819
16a0ce30a44a63f9,,4,2,0.921444,16,,,0,820
16aee29782807b61,,5,14,0.83767,5,,,0,821
16bfcefd53893497,,6,3,1.010597,10,,,0,822
16c73886e6686dd0,,1,6,0.793977,6,,,0,823
16cfaa17cded3321,,10,,0.862955,,,,0,824
16d061250dbe33c8,,,,0.917317,,,,0,825
16db8f5fd4767c13,,6,4,0.720439,14,,,0,826
16f22b28aa9fa242,,1,,0.758646,,,,0,827
16f3f31e446e7800,,,,0.995012,,,,0,828
16f46d01585fb300,,,,0.81837,,,,0,829
16ffdce23cd05202,,10,,1.022425,,,,0,830
171118d4458abc48,,19,9,0.895696,88,,,0,831
171583c4bef3d361,docs\documents-atlas-index.md#chunk-858,18,10,0.966067,57,,,0,832
171efaca7fb56f20,,13,,1.037939,,,,0,833
17349070027773c5,,19,11,0.88566,51,,,0,834
173adb38a5a29b53,,12,,0.78001,,,,0,835
173af6a1c4bfccd8,,17,,0.93901,,,,0,836
173ca778044ef73f,docs\documents-atlas-index.md#chunk-463,19,6,0.911601,170,,,0,837
174ce032b51ff4d4,,19,6,0.947956,170,,,0,838
1767db1a86e4729e,docs\documents-atlas-index.md#chunk-1069,10,14,0.959448,36,,,0,839
176c5b43dbab7444,,13,,0.759296,,,,0,840
1771d131e3c669a7,,10,18,0.95203,28,,,0,841
1788ec4051f73744,,11,12,0.890374,53,0.9900000000000001,,0,842
178adbb70388a98e,,11,11,0.971578,14,,,0,843
179529347c320414,,,,0.833802,,,,0,844
179e9280756cd36a,,19,8,0.853274,183,,,0,845
179faea6a7f5120a,,12,,0.909616,,,,0,846
17a7b369a2023450,,,6,0.901043,,,,0,847
17abf241cf5ac8e1,,18,3,1.011946,25,,,0,848
17ad2d51d68785ca,,7,4,0.822641,7,,,0,849
17ae0ce588ed1ab8,,9,,1.035556,,,,0,850
17af85ed8c48ce54,,,13,0.964729,,,,0,851
17b2f902c9497e25,,5,13,0.773822,5,,,0,852
17bbe9234e5179ee,,6,18,0.909077,7,,,0,853
17beb9fc705ef115,,19,7,1.083398,165,,,0,854
17c4334e53b9dd59,,,,0.904197,,,,0,855
17cd03f156875b41,,5,6,0.938001,10,,,0,856
17cff96e3627b85d,,,17,0.919542,,,,0,857
17d116f05dbd2a0c,,10,8,1.072543,27,,,0,858
17d20dc1739dd4ee,,17,11,1.07259,76,,,0,859
17dd26e164548391,,,5,0.915736,,,,0,860
17dd6c1ba99f9f9b,,8,4,0.861924,7,,,0,861
17ed55c33721b5dd,,18,14,0.983508,36,,,0,862
17eddc3f15f5df51,,6,1,1.091234,19,,,0,863
17f0ee1f1370bb61,,,11,0.878757,,,,0,864
17fd5871ec7f5504,,6,2,0.834141,7,,,0,865
180249e7cc7ac8aa,,19,9,0.933104,88,,,0,866
180273f3b65490cf,,18,14,0.869651,36,,,0,867
1804fa9f117d79ad,docs\documents-atlas-index.md#chunk-299,19,5,1.029405,196,,,0,868
180aedad89404422,docs\documents-atlas-index.md#chunk-116,15,9,1.012586,23,,,0,869
180df8d0b5499eb6,,19,,0.912598,,,,0,870
181067044c88e1ce,,19,11,0.955131,51,,,0,871
1814c662aeb5a51d,,10,15,0.965546,33,,,0,872
181a527264ce9b52,,19,2,0.862158,48,,,0,873
181d259c8a03257d,docs\documents-atlas-index.md#chunk-174,13,18,0.995391,18,,,0,874
18274927370f5633,,19,7,0.795912,165,,,0,875
183faa86a06f2dc7,,18,,0.698403,,,,0,876
1842f867c21ee466,,19,6,0.79977,170,,,0,877
184527071c7d7557,,19,6,0.817642,170,,,0,878
184a9c3e0cd96249,docs\documents-atlas-index.md#chunk-866,6,,0.945517,,,,0,879
185f55fd4fa4b58b,,16,13,1.007669,18,,,0,880
187477d02a5fde73,,19,7,0.901674,165,,,0,881
1884062a61afb48d,docs\documents-atlas-index.md#chunk-288,19,11,0.957961,51,,,0,882
1885d62d61575fa1,,10,19,0.83468,49,,,0,883
188c99df650b8cd1,,19,,0.913008,,,,0,884
188de46dc9c5c47f,,14,10,1.03789,9,,,0,885
189f1161892c9c1b,,19,2,0.907247,48,,,0,886
18a3b410e7d660d7,,,5,1.028531,,,,0,887
18a7ce1aac33176f,,5,3,0.884334,13,,,0,888
18ae7d21fd1cf9c6,,10,2,1.00781,14,,,0,889
18ae7e8b3c50e56d,docs\documents-atlas-index.md#chunk-687,3,1,0.903756,14,,,0,890
18b43a64c3070fbe,,6,7,0.868655,8,,,0,891
18d2fb26fc8ee14e,,1,6,1.010168,6,,,0,892
18dbb7c55c8bf9c9,,19,5,1.071431,196,,,0,893
18e34468ec82916b,,,4,0.76079,,,,0,894
18f92ac2d8a52dc8,,6,6,0.934444,5,,,0,895
18f9a385ad16dba7,,1,13,0.839468,20,,,0,896
190682459b685603,docs\documents-atlas-index.md#chunk-1304,19,8,0.798813,183,,,0,897
190ad542f9feaade,,17,,0.96733,,,,0,898
1912c979ae78faf8,,8,16,0.888,15,,,0,899
19172a2cd893415f,,6,3,0.910453,10,,,0,900
191de9445f0ccca8,,18,3,0.917173,25,,,0,901
191f015bebb2e1c0,,19,10,1.040914,64,,,0,902
1924986b3b8b0301,,19,5,0.849177,196,,,0,903
1928af6dcb72f5c0,,19,8,1.041879,183,,,0,904
192f8114cafce7e0,docs\CODEBASE_DIRECTORY_MAP.md#chunk-15,19,8,0.965469,183,,,0,905
193a95500e4387d5,,19,13,0.891637,82,,,0,906
193b7f2a2735cbc3,,15,10,1.013928,14,,,0,907
193beed2bed8ce37,,12,,0.873501,,,,0,908
193e3cf4d1622654,,15,9,0.966115,23,,,0,909
1943246bf12aa220,,19,8,0.905644,183,,,0,910
1959cb27a852706a,,10,10,0.890152,4,,,0,911
1964b76933ed9be4,,19,2,0.937452,48,,,0,912
1966d3452b96c6d0,,9,18,0.942741,27,,,0,913
196ab5a3094c6f9f,,19,,0.874915,,,,0,914
196cf79c586e89d8,docs\documents-atlas-index.md#chunk-541,19,5,0.883417,196,,,0,915
196f05fe298a9141,docs\documents-atlas-index.md#chunk-697,18,9,0.952152,17,,,0,916
1972b6c92ff372e6,,11,18,0.97295,30,,,0,917
197807c30509d5fc,,18,14,0.79458,36,,,0,918
19846393852029ab,docs\documents-atlas-index.md#chunk-1047,10,19,0.733572,49,,,0,919
198a4ff10c473f81,,16,1,0.978681,7,,,0,920
198b801234fadede,,15,16,0.985613,22,,,0,921
199873fe37ecd09a,,18,12,0.935505,53,,,0,922
199c3a4d5805bb25,,12,9,0.910146,8,,,0,923
199c85613a2dee57,,19,3,0.846317,52,,,0,924
199fba4f8336dcde,,10,14,1.055318,36,,,0,925
19a67606de2ddbed,,1,6,0.995131,6,,,0,926
19a8ca09f5a05f1f,,8,6,0.812738,3,,,0,927
19ab3e27efbf2105,docs\documents-atlas-index.md#chunk-85,8,,0.829124,,,,0,928
19b093b6859f03cf,,16,16,0.994641,16,,,0,929
19b703c1ce7c4e64,,,7,0.93995,,,,0,930
19b7cc0390ace50b,,6,,0.995437,,,,0,931
19b8063ed3cd5c91,,6,,0.948984,,,,0,932
19d19c425665d2f6,,,1,0.794119,,,,0,933
19d30ec18cd6a8f8,,,5,0.980428,,,,0,934
19dd32f4bb4759cf,docs\documents-atlas-index.md#chunk-838,7,5,1.068621,11,,,0,935
19fab27283266519,,,17,0.826038,,,,0,936
19fba33fbb799997,,5,3,0.909739,13,,,0,937
1a040e57cbff0e70,,15,,0.896364,,,,0,938
1a05d44d8a5c6f33,,19,3,0.978841,52,,,0,939
1a06dd33fe8fb4fb,,15,1,1.039454,6,,,0,940
1a0d9fe2f4c26ce8,,14,,0.969114,,,,0,941
1a1c4d2f01240d7a,,14,14,1.098294,30,,,0,942
1a207f3697420432,,2,1,0.954716,17,,,0,943
1a20d9c7ec705475,docs\documents-atlas-index.md#chunk-129,4,16,1.025539,10,,,0,944
1a22b10c3e36a237,docs\documents-atlas-index.md#chunk-84,4,19,1.014209,25,,,0,945
1a28507ecc2658ff,,14,19,0.96043,121,,,0,946
1a295a18b6c197c9,,17,11,0.95406,76,,,0,947
1a4040425271b26c,,18,14,0.866229,36,,,0,948
1a57d364b6ae73b4,,18,1,0.937276,11,,,0,949
1a5b0997c223a51e,,16,10,0.848244,101,,,0,950
1a5b6ce6b1026b56,docs\documents-atlas-index.md#chunk-256,15,,0.952109,,,,0,951
1a5e01e57b89df65,docs\documents-atlas-index.md#chunk-511,17,11,0.904044,76,,,0,952
1a5f2abd4c991c1a,,11,1,1.037733,6,,,0,953
1a632b0f2dcf186e,,5,,1.104758,,,,0,954
1a83e233d4f0c15a,,10,15,1.04294,33,,,0,955
1a85389b4f8e0d38,,19,3,0.929991,52,,,0,956
1a9d317b3423d9e6,,18,13,0.907395,53,,,0,957
1aa636a83351fa43,,,12,0.894972,,,,0,958
1aa6c0c064bb1e6d,,,19,0.921052,,,,0,959
1aa8f5b085d34a76,,,19,0.870398,,,,0,960
1ab3b9f9cb4d367a,,,18,0.998555,,,,0,961
1aba375aae1b96d5,docs\documents-atlas-index.md#chunk-202,,,1.001375,,,,0,962
1abf5cc15f93e1ae,docs\documents-atlas-index.md#chunk-425,,15,1.106828,,,,0,963
1ac3f2f7f62cbd2d,,,18,0.905536,,,,0,964
1acabc37a2b9d51e,,9,1,0.980572,14,,,0,965
1ad40b81cf0913ac,,2,1,0.956698,17,,,0,966
1ad92807f8ad527a,,6,,0.99468,,,,0,967
1ae5dc5a24a4da88,,5,12,0.986218,4,,,0,968
1af38448b7f8c51b,,1,7,0.934726,9,,,0,969
1af385596cc18421,,,,0.78122,,,,0,970
1af8b2a9bd4949b5,docs\documents-atlas-index.md#chunk-79,,18,0.986798,,,,0,971
1afa113587eaf636,,2,,0.954228,,,,0,972
1afede8a0ae6ad1f,,8,,1.084799,,,,0,973
1b00e3b825711164,,16,14,0.927597,17,,,0,974
1b05bac0853d03aa,,19,,1.050384,,,,0,975
1b0a080f747be195,,18,11,0.900793,40,,,0,976
1b0d487d68185b72,,15,12,0.967249,14,,,0,977
1b1c6f13858e3ae4,,19,,0.794244,,,,0,978
1b1e9d3ed7d2b060,,16,10,1.019571,101,,,0,979
1b20950215d8d500,,19,12,0.978551,127,,,0,980
1b20aa7814bf4508,,19,3,0.95457,52,,,0,981
1b2ea903d4be66af,,16,,0.941452,,,,0,982
1b320a3823973431,,2,,0.933532,,,,0,983
1b338076f414a58e,,19,11,0.864788,51,,,0,984
1b3925edc8848aa4,,17,14,0.946251,54,,,0,985
1b418cbfdabf788f,,13,,1.054115,,,,0,986
1b433954b2c78a7e,,13,15,0.897289,41,,,0,987
1b46176002c260ed,docs\documents-atlas-index.md#chunk-1228,17,17,0.794615,51,,,0,988
1b58187fa018f025,,18,11,0.915604,40,,,0,989
1b6ac47f34b5830f,,15,19,1.017262,54,,,0,990
1b6b8e8123a89438,,15,,0.901465,,,,0,991
1b8662369d523299,,17,14,0.858176,54,,,0,992
1b8d4860dc835524,docs\documents-atlas-index.md#chunk-1151,16,8,0.954527,9,,,0,993
1b9418cc8f1c20b5,docs\documents-atlas-index.md#chunk-1291,17,14,0.999369,54,,,0,994
1ba309e4fd1957f5,,,7,1.015602,,,,0,995
1baaa8ac56ba21ee,,17,17,1.11909,51,,,0,996
1bac1d1b7ba791db,,4,,0.951493,,,,0,997
1bb42add20aebd92,,,10,1.153627,,,,0,998
1bb7be36567479c1,,2,1,0.922257,17,,,0,999
1bb7d4a900fea184,docs\documents-atlas-index.md#chunk-249,,16,1.039567,,,,0,1000
1bb7ec8aa0d2c7ac,,7,11,1.080497,10,,,0,1001
1bb830dd53acf835,docs\documents-atlas-index.md#chunk-1089,18,12,1.053726,53,,,0,1002
1bb88cabe05a06b8,,16,9,1.097544,18,,,0,1003
1bc70408beb0dc24,docs\documents-atlas-index.md#chunk-273,2,9,0.964873,22,,,0,1004
1bc78e2f528e2750,,1,,0.85341,,,,0,1005
1bcae4dda670ece2,,,13,1.028058,,,,0,1006
1bcdd90310275faf,,1,19,0.985345,95,,,0,1007
1bd4d5b6f01d69ba,,,19,1.055156,,,,0,1008
1bd5a1fa6b80d625,,,16,0.936937,,,,0,1009
1bd9687edf9bb35b,,1,,0.999581,,,,0,1010
1bdb74ff1585d001,,,13,1.066704,,,,0,1011
1be24f6e624b7283,,1,,0.841052,,,,0,1012
1be72fd2b4b02669,,5,6,0.982615,10,,,0,1013
1be812ba5ed25943,docs\documents-atlas-index.md#chunk-717,,,1.01188,,,,0,1014
1bea7ab4b398a430,,,9,0.922916,,,,0,1015
1bef2c13c1c6880b,,7,2,0.919567,13,,,0,1016
1c0c1c3d0b143ecd,,14,19,1.077437,121,,,0,1017
1c2c92068a65b8c2,,19,12,0.91079,127,,,0,1018
1c2ebb7aa9d7fb7a,,12,,1.010426,,,,0,1019
1c361455f8c34889,,16,12,0.915458,12,,,0,1020
1c377ad2893f64cf,docs\documents-atlas-index.md#chunk-989,17,15,0.912386,78,,,0,1021
1c3781fd8fc00a2d,,14,19,0.89381,121,,,0,1022
1c3bc258ea09710d,docs\documents-atlas-index.md#chunk-259,14,2,0.983486,7,,,0,1023
1c403dea6093f2dc,,17,15,0.949656,78,,,0,1024
1c43db819a9be618,,19,5,0.931817,196,,,0,1025
1c48c7609aa093cd,,11,18,0.897203,30,,,0,1026
1c4a2948995d806c,,19,1,0.928497,75,,,0,1027
1c4b5fc2bd50665e,,12,1,0.947588,8,,,0,1028
1c4de2e9ae122f2d,,14,1,1.073309,8,,,0,1029
1c4ee336efbc171a,docs\documents-atlas-index.md#chunk-466,15,,0.933723,,,,0,1030
1c590d160f77b80f,,16,10,0.99943,101,,,0,1031
1c648b52a461e4bd,,17,11,0.947066,76,,,0,1032
1c6c3980955fa622,docs\documents-atlas-index.md#chunk-542,18,10,0.843683,57,,,0,1033
1c6e12bf180d50e3,,17,14,0.967137,54,,,0,1034
1c86efdc8f799b7d,,5,18,1.034646,6,,,0,1035
1c8d23047222174a,,18,16,0.860966,49,,,0,1036
1c92c5452f33ba36,,1,19,0.827148,95,,,0,1037
1c9e21022f942d0b,,2,19,1.046062,29,,,0,1038
1ca8cd85b4662aab,,7,9,0.920303,5,,,0,1039
1cbb477c2aeecc4a,,2,,1.132392,,,,0,1040
1cc4f6f132fe255e,,,19,1.056471,,,,0,1041
1cc801f7dc5bdff2,docs\CODEBASE_DIRECTORY_MAP.md#chunk-25,,10,1.113925,,,,0,1042
1cc91e533f964d06,,1,,0.802319,,,,0,1043
1cc935205563d1a9,docs\documents-atlas-index.md#chunk-122,,1,0.922187,,,,0,1044
1ccaca2f51716f76,,5,2,1.026015,6,,,0,1045
1cd3b6f303ddeb60,,,16,0.988654,,,,0,1046
1cd8776bbdd4623d,,5,,0.923579,,,,0,1047
1cd90db942b978e5,docs\documents-atlas-index.md#chunk-456,,,1.026126,,,,0,1048
1cdf33e85233d6a4,,18,13,0.972495,53,,,0,1049
1ce1242bc734b63a,,,6,0.905132,,,,0,1050
1ce65fdbfbeb6ee6,,11,,1.139647,,,,0,1051
1cee2c27fb0c85b3,,10,,0.965748,,,,0,1052
1cef3955cd39ef9e,,3,9,0.988528,17,,,0,1053
1cf9b4fd52addbe6,docs\documents-atlas-index.md#chunk-765,,16,1.164495,,,,0,1054
1cfa3c146c67e68b,,2,,0.878556,,,,0,1055
1cfe33fbccfd5dbd,,13,,1.129053,,,,0,1056
1d08996344e708c2,,17,17,0.837971,51,,,0,1057
1d0fef04f6b46ad9,,14,,0.932701,,,,0,1058
1d10b169974df60c,,4,19,0.953523,25,,,0,1059
1d153134cf2c9419,,19,6,0.899934,170,,,0,1060
1d2f2250b36f1085,docs\documents-atlas-index.md#chunk-967,19,1,0.889024,75,,,0,1061
1d31d1bfaa444892,,17,9,1.039422,22,,,0,1062
1d408e8414817a46,,11,12,0.895292,53,0.9900000000000001,,0,1063
1d44a51117a38c16,,10,15,0.883004,33,,,0,1064
1d45f7bdd2a359cc,,15,18,0.938849,23,,,0,1065
1d49b5d35fda8c18,,17,,0.96582,,,,0,1066
1d50cd71a43784f3,,18,1,1.028653,11,,,0,1067
1d5ab0b85e8ed675,,19,6,0.991684,170,,,0,1068
1d5c102395c14ecd,docs\documents-atlas-index.md#chunk-480,18,19,0.844775,56,,,0,1069
1d5c725f667e0801,,19,3,0.976782,52,,,0,1070
1d5c75e38d1c259f,,17,14,1.009396,54,,,0,1071
1d5fa92a48102e20,,8,17,1.009833,12,,,0,1072
1d63b4eaa558c5d9,,18,12,0.937519,53,,,0,1073
1d63b7d3b404297d,docs\documents-atlas-index.md#chunk-247,5,19,0.909159,21,,,0,1074
1d6fc9c4277c4749,,19,,0.885695,,,,0,1075
1d7877f511395d67,,17,13,0.857818,28,,,0,1076
1d793f5ae751264d,,15,10,1.006249,14,,,0,1077
1d7e7cfbe026e317,,16,10,1.014554,101,,,0,1078
1d8900413682dd74,,14,13,0.906,13,,,0,1079
1d895a6f8946ab19,docs\documents-atlas-index.md#chunk-240,12,11,0.908045,13,,,0,1080
1d8dd693e16ef5e5,,19,2,0.928861,48,,,0,1081
1d9ce8abf541c8e6,docs\documents-atlas-index.md#chunk-1154,17,11,1.007493,76,,,0,1082
1da58741b7249bbc,,3,19,0.928685,24,,,0,1083
1da5cfbe59d1f339,,,12,1.036371,,,,0,1084
1db8ad7a9039d045,,,13,0.958293,,,,0,1085
1dcc5303c85b2674,docs\documents-atlas-index.md#chunk-1082,6,2,0.969654,7,,,0,1086
1dcc7b7563b1fb1d,,7,8,1.006869,4,,,0,1087
1dd9b884c98d11f7,,18,1,1.061329,11,,,0,1088
1ddd4a44f06c46c8,,19,,0.99151,,,,0,1089
1ddfb270988bda2e,,,19,0.913848,,,,0,1090
1dee9df3e3d46cb1,,11,,1.007191,,,,0,1091
1df10e7ede670c0b,,5,5,1.005099,11,,,0,1092
1df76ca0ff51b5f9,,1,9,1.008395,15,,,0,1093
1df7bbca16ecb1c4,,,16,1.29044,,,,0,1094
1dfbec9e89b5f306,,4,,1.011932,,,,0,1095
1dfca2b2c787705e,,,19,0.958236,,,,0,1096
1dfdbf32da612a41,,10,,0.86266,,,,0,1097
1e08ad58d1ae3a0b,,15,,0.882862,,,,0,1098
1e0fc3f26a1fb5a5,,18,3,1.035104,25,,,0,1099
1e163f3de2cc6e7c,,12,5,1.027109,5,,,0,1100
1e1991b01a17346c,,16,15,0.914028,43,,,0,1101
1e1d297a93aee982,docs\documents-atlas-index.md#chunk-622,18,11,0.971964,40,,,0,1102
1e233d75bf150d57,,12,5,0.969563,5,,,0,1103
1e32497db36ae05c,,19,10,0.920475,64,,,0,1104
1e33a64f14c94533,,13,15,0.998047,41,,,0,1105
1e33bc70f0884816,,14,6,0.939666,9,,,0,1106
1e4788b37fc48ae7,docs\documents-atlas-index.md#chunk-294,15,16,0.943405,22,,,0,1107
1e571bdb6fd57ab6,,16,14,1.036609,17,,,0,1108
1e59c8b07a63356a,,4,19,0.838179,25,,,0,1109
1e6027aeb007cc8a,,16,11,1.024707,26,,,0,1110
1e64477eb0e43482,,16,12,1.013365,12,,,0,1111
1e656538fa328475,,17,9,0.898909,22,,,0,1112
1e66f7a2f8555da5,docs\documents-atlas-index.md#chunk-283,8,16,0.971662,15,,,0,1113
1e723856b83bee16,,19,8,0.871951,183,,,0,1114
1e7339943b21212e,,8,19,0.904079,21,,,0,1115
1e7ac8f14929b9b7,,18,13,0.89416,53,,,0,1116
1e7b5e148d1f737e,docs\documents-atlas-index.md#chunk-1097,17,1,0.932195,4,,,0,1117
1e80af37312a764d,docs\documents-atlas-index.md#chunk-633,18,4,1.03123,17,,,0,1118
1e851c0e93cb272d,docs\documents-atlas-index.md#chunk-82,5,,1.02816,,,,0,1119
1e888b11861d1338,,19,3,0.869705,52,,,0,1120
1e88afce00bd7111,,19,5,1.105425,196,,,0,1121
1e88ed6eb8277cdc,,11,19,0.965323,37,,,0,1122
1e8b91a035514582,,18,13,0.884384,53,,,0,1123
1e952467f29f1e7b,,19,1,0.917002,75,,,0,1124
1e984f62a83fc79a,,16,9,0.863101,18,,,0,1125
1ea7813e676a3451,,,,0.920846,,,,0,1126
1ea9cfe6796e4354,,,12,0.977096,,,,0,1127
1eab0b6064d289a8,docs\documents-atlas-index.md#chunk-861,4,,0.961763,,,,0,1128
1eb299887c824024,,,,0.753597,,,,0,1129
1ec50137ebc5271b,,5,,1.015611,,,,0,1130
1ed2176f4aa9547e,,,,0.949733,,,,0,1131
1ed35ad50f6947a8,,,,0.929439,,,,0,1132
1ed755108105caf8,,,16,0.921197,,,,0,1133
1ee2a040d79f207b,docs\documents-atlas-index.md#chunk-1138,,19,1.025569,,,,0,1134
1ef020ca23062ad1,,15,16,1.106952,22,,,0,1135
1ef85486f3857c6d,,6,8,0.875498,3,,,0,1136
1f0ef67f7143f830,,17,10,1.069629,30,,,0,1137
1f1330e53173b8ed,docs\documents-atlas-index.md#chunk-609,17,15,0.839328,78,,,0,1138
1f198475ff9bafc2,,19,1,0.930381,75,,,0,1139
1f1b9f5f51869c5f,,12,11,1.052529,13,,,0,1140
1f2b32a027e6f01f,,19,14,0.888579,76,,,0,1141
1f3988bbbfbb263e,,17,14,1.066507,54,,,0,1142
1f3d51f5f3bf30e1,,17,,1.037874,,,,0,1143
1f4556068910321f,,18,16,0.882278,49,,,0,1144
1f532cb2179996ad,docs\documents-atlas-index.md#chunk-540,18,16,0.876646,49,,,0,1145
1f550e955e95c646,,17,10,0.921324,30,,,0,1146
1f5ad40871b64633,,13,14,1.026989,20,,,0,1147
1f5eed7b60ba0948,,19,,0.964577,,,,0,1148
1f66438838b3c578,,18,13,0.844048,53,,,0,1149
1f668db3e96c7536,,17,8,0.848932,14,,,0,1150
1f678b2df923ebdf,docs\documents-atlas-index.md#chunk-1226,16,11,1.065745,26,,,0,1151
1f6c90688ec8c50c,,17,14,0.935717,54,,,0,1152
1f790b9b051d40ca,,18,16,0.954812,49,,,0,1153
1f84f5f0ab406d50,,4,16,0.973992,10,,,0,1154
1f8575b734ef80fe,,18,16,0.80022,49,,,0,1155
1f87c9ad8af3bae7,,14,19,1.039747,121,,,0,1156
1f9464764c5a59bb,,17,17,0.86889,51,,,0,1157
1f97032a5dcaafba,,14,19,0.98881,121,,,0,1158
1f99175ac964f641,docs\documents-atlas-index.md#chunk-232,17,10,0.899947,30,,,0,1159
1f9c9b59020fb2f1,,18,11,1.001809,40,,,0,1160
1fa919732acb9dbe,,15,18,1.018108,23,,,0,1161
1faa5ab8af18ff68,,2,10,0.94187,27,,,0,1162
1faba7691958bdb3,,,19,0.868564,,,,0,1163
1fb2779aeaaa2f4c,,8,,1.074648,,,,0,1164
1fb4a774646a3a20,,,19,0.862418,,,,0,1165
1fb514bd900ceff4,,17,13,1.116929,28,,,0,1166
1fbeac0324a5a5be,,,19,1.06952,,,,0,1167
1fbec2984d8ca7b7,,,19,1.045691,,,,0,1168
1fc1cddd7e90a328,,,13,0.928053,,,,0,1169
1fc4cb1ec564a178,,1,9,0.922831,15,,,0,1170
1fc52a127c0f2940,,1,,0.872686,,,,0,1171
1fd01a295e3aa969,,1,,0.803651,,,,0,1172
1fdb7a57d96eb7e2,,15,1,1.065165,6,,,0,1173
1ff008f2ec128b48,,,10,0.875474,,,,0,1174
1ff0fcae9ac82ad3,docs\documents-atlas-index.md#chunk-396,,16,1.160427,,,,0,1175
1ff217c2bfa301cc,,17,17,1.135184,51,,,0,1176
20067c03092697e3,,18,10,0.938707,57,,,0,1177
2007b74c96326fc8,,10,19,0.788858,49,,,0,1178
2007c8b9fb5b9181,,19,5,0.87028,196,,,0,1179
201c169fe5a2ddee,,14,12,1.009622,21,,,0,1180
2033ecff25b9ad9a,,10,13,0.991709,65,,,0,1181
203a5d3f3a5c5aed,,19,1,1.048297,75,,,0,1182
2042783e047815f1,,13,17,0.958305,13,,,0,1183
204320d1a378cbc1,,19,10,0.899359,64,,,0,1184
2045bd92ae9c6942,,18,4,0.753431,17,,,0,1185
2046c79f9893fa15,,9,15,0.878282,19,,,0,1186
204b90562f254e66,,10,16,0.890199,18,,,0,1187
204c6b0dab9a2d13,,15,3,0.834367,6,,,0,1188
204db00582d7e9bd,,12,16,1.01011,30,,,0,1189
2050bdfad99ddf74,,19,5,1.015148,196,,,0,1190
2056f41c3d0e0653,,19,5,0.919406,196,,,0,1191
205d0f177ea377f8,,8,,0.961165,,,,0,1192
206298c621c2f6e1,,19,12,0.923451,127,,,0,1193
206b6bfd56f23122,docs\documents-atlas-index.md#chunk-90,15,10,1.071241,14,,,0,1194
2074ce51a01e3981,,18,4,0.796308,17,,,0,1195
2074fbf6021475d1,,14,12,1.118495,21,,,0,1196
20881199a1b56492,,13,9,0.832581,6,,,0,1197
209bcf82e3c7a9f0,,12,,0.968119,,,,0,1198
20a69c946a709762,,,1,0.672143,,,,0,1199
20af9501efaf62ad,,10,,1.034169,,,,0,1200
20b8c7d140193cd1,,6,15,0.913414,11,,,0,1201
20cb704be5a71d60,,6,3,0.921435,10,,,0,1202
20d37413cf7f9b9f,,8,5,0.948191,11,,,0,1203
20d9d6e53a96c15c,,1,16,0.810944,15,,,0,1204
20dcd0b3c6e3474c,,9,3,1.030861,6,,,0,1205
20e77ab1da913b13,,3,7,0.802552,10,,,0,1206
20e7cadd8abda707,,,,1.092443,,,,0,1207
20f12f97db16df5a,,3,8,0.776063,5,,,0,1208
20f3eb61fe57d2ac,docs\documents-atlas-index.md#chunk-878,1,8,1.017032,11,,,0,1209
2101fd311968600a,,8,16,0.951893,15,,,0,1210
21020318ca559d80,,16,7,0.900629,3,,,0,1211
210be5d30ae8c0f1,,19,12,1.10581,127,,,0,1212
211fb22b05447e83,,10,16,0.930031,18,,,0,1213
21225cb316b64788,,14,11,0.909642,8,,,0,1214
2134527dcc268490,,19,8,0.908275,183,,,0,1215
213c9fa67ebf0fb5,,17,,0.940757,,,,0,1216
213d20b739d3ee4f,,14,14,0.99431,30,,,0,1217
21407c8a8d1ae22d,,19,7,1.011752,165,,,0,1218
21417ec1801b29aa,,17,13,0.994046,28,,,0,1219
2145e441cb3b1d42,,18,4,0.847793,17,,,0,1220
214aea9af7df2a02,docs\documents-atlas-index.md#chunk-437,14,,0.933445,,,,0,1221
214d093f44202fd3,,12,16,1.004551,30,,,0,1222
214f860371afd6b7,docs\documents-atlas-index.md#chunk-685,19,11,0.967514,51,,,0,1223
21547061c3a54f68,docs\documents-atlas-index.md#chunk-1237,11,10,0.867414,14,,,0,1224
216ea817a4896c8c,docs\documents-atlas-index.md#chunk-295,11,6,0.845325,3,,,0,1225
217bec9cf59a4afb,,18,,0.933722,,,,0,1226
21817dd813d6e954,,17,11,0.909407,76,,,0,1227
218a9776b38cbc4b,,14,6,0.868594,9,,,0,1228
218d39fd6422eaf3,,19,12,0.966879,127,,,0,1229
218e7412f2ad2c91,,17,,0.858967,,,,0,1230
2193a4fa5a253dad,,10,19,0.763996,49,,,0,1231
219857ecfc02b2cf,,16,11,0.99556,26,,,0,1232
219f8e285dfec00f,,14,5,1.001811,5,,,0,1233
21b288dc71f95d0e,,8,14,1.027259,18,,,0,1234
21b53741dfc6b4d5,,,1,0.8966,,,,0,1235
21b54415f28a9c42,,5,6,0.897344,10,,,0,1236
21c65da7985858ab,,4,4,0.972163,12,,,0,1237
21cb5ba3e32cfa1e,,8,7,1.006196,6,,,0,1238
21ce41af8a8415a4,,,3,1.069287,,,,0,1239
21d0c83381292521,,,3,0.865818,,,,0,1240
21d2b8ebe80291ca,,8,18,1.022454,19,,,0,1241
21d7b44a53d5cedc,,8,17,0.932731,12,,,0,1242
21d87c585fe1717a,docs\documents-atlas-index.md#chunk-675,3,,0.813343,,,,0,1243
21d88ad80cc09822,docs\documents-atlas-index.md#chunk-916,,,0.875364,,,,0,1244
21dce9124077957d,,3,19,0.887135,24,,,0,1245
21ed1e47587c4116,,4,,0.848235,,,,0,1246
21f1c1d1519335fb,docs\documents-atlas-index.md#chunk-971,6,19,0.979643,38,,,0,1247
21f3f991e2c65bf3,docs\documents-atlas-index.md#chunk-447,7,11,0.962013,10,,,0,1248
21f4c6ca4a832177,,2,17,0.97449,9,,,0,1249
21f819f393cd93f7,,,,1.02468,,,,0,1250
21f8c9e889d3b34a,,,15,0.891848,,,,0,1251
2213a394460d2965,,19,5,0.749944,196,,,0,1252
221e1f45f46f4c90,,19,1,0.77517,75,,,0,1253
2248249632842bce,,11,19,0.736409,37,,,0,1254
224dcb8677da7e08,docs\documents-atlas-index.md#chunk-1010,17,,0.821714,,,,0,1255
22515be1edca8a99,,14,2,0.906278,7,,,0,1256
22578cdedaab3cbf,,13,3,1.111648,5,,,0,1257
2258106b6dc65ca9,,12,19,0.91978,84,,,0,1258
22711122ee5da86b,,19,8,0.885089,183,,,0,1259
227ef9ab6d783fb8,,11,19,1.003977,37,,,0,1260
227fcd2a1d667ded,,11,19,0.97871,37,,,0,1261
228626800c547fd9,docs\documents-atlas-index.md#chunk-497,11,17,0.881146,9,,,0,1262
22942d9cc943b68f,,16,10,0.901154,101,,,0,1263
229a14d58b31a4da,,19,13,0.957847,82,,,0,1264
229dab5bd6a9310e,,10,3,0.933664,5,,,0,1265
22abec0ed0f314a5,,7,1,1.102897,11,,,0,1266
22bf33afbb1737b9,docs\documents-atlas-index.md#chunk-1295,,5,1.052034,,,,0,1267
22c168c47ce36521,docs\documents-atlas-index.md#chunk-582,,,0.857108,,,,0,1268
22c4361e2f54b2bc,,,,0.993663,,,,0,1269
22d99eb0776ec4bd,,,5,1.037226,,,,0,1270
22e7841dd2ffdbe8,,,4,1.079969,,,,0,1271
22ed44b56afaed4a,,10,8,1.100972,27,,,0,1272
22f0887b050a888f,,,,0.889953,,,,0,1273
22f601f78bc2e354,,,5,0.907207,,,,0,1274
230fc52e05c06629,,12,14,1.038641,60,,,0,1275
231a66cc929c34c5,,19,11,0.970006,51,,,0,1276
231ce98c7e3054e4,,11,19,0.997748,37,,,0,1277
231fde66871c31a8,,18,3,0.920085,25,,,0,1278
233d85830bf01bea,docs\documents-atlas-index.md#chunk-248,14,19,0.930124,121,,,0,1279
233e8a5fb0a6a95b,,14,9,0.973644,11,,,0,1280
2340edefbbc182ba,,10,18,1.141301,28,,,0,1281
2346dafbdb4e8776,,19,5,0.926472,196,,,0,1282
23578447df62dd2b,,7,14,0.90607,3,,,0,1283
2359d07d4564a8f4,,10,17,0.902242,23,,,0,1284
235cfb6b4d7c5444,,18,4,0.873473,17,,,0,1285
235e58a0a06dca56,,17,8,0.902245,14,,,0,1286
235ed5a0265a3bf4,,19,,0.878944,,,,0,1287
2362a8342b52288f,,8,19,0.758641,21,,,0,1288
23634b5d52a11adc,,13,18,0.987228,18,,,0,1289
23667176a8cfa656,,19,8,0.858295,183,,,0,1290
237319e0cdfa23db,,19,9,1.078101,88,,,0,1291
237892db50bc4f46,,14,12,1.041821,21,,,0,1292
237e3fed71c53f6a,,11,10,1.041902,14,,,0,1293
2384a25081ff4cf5,,19,2,0.944167,48,,,0,1294
2386ec9c49622dad,,9,19,0.826099,70,,,0,1295
23921adf59455e4c,,10,13,0.919838,65,,,0,1296
2393eb2a1c4affb4,docs\documents-atlas-index.md#chunk-853,19,5,1.010802,196,,,0,1297
23977941ecc50832,,8,,0.869429,,,,0,1298
23a98e102d85329e,,1,,0.742143,,,,0,1299
23af5fad5ffe2e17,,8,,1.032816,,,,0,1300
23b279e18039b34e,,,15,0.847052,,,,0,1301
23b47e203383b9e2,,,1,0.823948,,,,0,1302
23bbed09f8b51c53,,9,2,0.812803,5,,,0,1303
23be1948231e860e,,5,2,1.004074,6,,,0,1304
23c20bbfb16e39a9,,4,4,1.048228,12,,,0,1305
23c312634a3e3754,,,,0.772362,,,,0,1306
23c56a96d7382658,,4,4,0.59295,12,,,0,1307
23cf0a652a45cd56,,3,5,0.817488,7,,,0,1308
23d791b35b8e0c90,docs\documents-atlas-index.md#chunk-903,,4,0.993756,,,,0,1309
23db920541e206cc,docs\documents-atlas-index.md#chunk-1279,17,18,1.018264,20,,,0,1310
23e50ebb92a9251c,,4,2,0.995805,16,,,0,1311
23e52e36706785bb,,3,2,0.866968,5,,,0,1312
23f61b37fad477d2,,3,,0.830697,,,,0,1313
23fb2d6e707a29fa,,4,,1.007438,,,,0,1314
23fc5cfeac498396,docs\documents-atlas-index.md#chunk-1090,4,4,0.95945,12,,,0,1315
2409d41ec7d460db,,12,19,0.956835,84,,,0,1316
2416e165341ef777,,19,6,0.860261,170,,,0,1317
2420a2bb0bb79203,,10,17,1.014221,23,,,0,1318
242f4db90e932f81,,12,4,0.971339,5,,,0,1319
2436b44858386656,,8,18,0.774799,19,,,0,1320
243e4f127263681e,,8,4,0.946513,7,,,0,1321
244a8d736bbb5632,,16,1,0.855089,7,,,0,1322
244d778ae370530d,,15,10,0.899974,14,,,0,1323
244ffc42a235971f,,11,4,0.931561,3,,,0,1324
24558973f260237f,,13,9,0.874636,6,,,0,1325
2455ec76be2bdcd9,,18,4,0.900511,17,,,0,1326
2457675daaead4ee,,19,9,0.98563,88,,,0,1327
245e284e8854cb26,,12,11,0.881691,13,,,0,1328
245eb1fa299fee05,,19,5,1.05039,196,,,0,1329
24666a74e8176b2f,,9,6,0.767727,5,,,0,1330
246ffd759059ce5f,,10,11,0.923498,28,,,0,1331
2489f4793288309d,,9,19,0.747255,70,,,0,1332
2498a1ef0be5acc9,,11,18,1.015297,30,,,0,1333
249d57ab15081bfa,,13,18,0.907804,18,,,0,1334
24a80af444088123,,,5,0.837239,,,,0,1335
24ad8cca21e59afc,docs\documents-atlas-index.md#chunk-20,7,2,1.092521,13,,,0,1336
24b8f406aa8e1aa9,,18,3,0.991608,25,,,0,1337
24c52ad1fd040635,,,6,0.848814,,,,0,1338
24c73856457a8219,,,,0.696095,,,,0,1339
24c7abf438751307,,,12,0.85225,,,,0,1340
24c82b6631e17ac0,,4,,0.835122,,,,0,1341
24d96b25a18b39af,,6,4,0.830839,14,,,0,1342
24ddf3313f4d1bd2,,18,1,1.074572,11,,,0,1343
24fd10a6d089a315,docs\documents-atlas-index.md#chunk-841,,8,0.902747,,,,0,1344
24fd80e3c20a600c,docs\documents-atlas-index.md#chunk-289,10,6,1.057631,10,,,0,1345
24fe019bc53a43cb,,7,3,1.083555,7,,,0,1346
2502dd4e55e17e2d,,10,14,0.976416,36,,,0,1347
250796d04662af87,,13,12,0.843574,22,,,0,1348
251d0b0507258111,,16,9,0.993712,18,,,0,1349
251ebea4c17596b0,,16,2,0.93213,4,,,0,1350
2520600a8d4c0ce1,docs\documents-atlas-index.md#chunk-1051,19,4,1.017673,58,,,0,1351
252e89e5b50208a3,,17,11,0.864446,76,,,0,1352
25328295f268e46e,,19,9,0.801838,88,,,0,1353
2534c2452d28a177,,6,18,0.870996,7,,,0,1354
2541f7a5aa3fe33d,,19,6,0.925837,170,,,0,1355
255520c53a762e2b,,8,19,0.825866,21,,,0,1356
2556942dd6c3685a,,12,15,0.943903,22,,,0,1357
255c5267cc84ba79,,14,7,0.849804,6,,,0,1358
255decdb32875b49,docs\documents-atlas-index.md#chunk-1073,19,,1.006495,,,,0,1359
256b74fc54b45000,,16,13,0.984121,18,,,0,1360
256d5dc94eb4296d,,10,1,0.995678,5,,,0,1361
256e3b5d76aa74ca,,15,6,1.049709,6,,,0,1362
2576fbf58b847195,,17,5,0.97314,9,,,0,1363
2577cd8380e4bb08,,9,12,0.850582,28,,,0,1364
257f7db86bd8a607,,16,10,0.99265,101,,,0,1365
2597758e4ffecaad,,14,19,0.993798,121,,,0,1366
2598ae6295f5e2fb,,11,14,0.98099,30,,,0,1367
259a550b99760e7b,,11,19,0.82891,37,,,0,1368
259bf97184851109,,18,5,0.870296,12,,,0,1369
25ada4d647aeae80,,,15,1.064421,,,,0,1370
25b14ba80cfaef00,,,10,0.989986,,,,0,1371
25b68a00ba7586f1,docs\documents-atlas-index.md#chunk-851,,2,0.79649,,,,0,1372
25b6a5716f2ca897,,,15,0.824047,,,,0,1373
25b70f756bba1dab,,7,,0.975217,,,,0,1374
25b78714626f3fe0,,,,0.934824,,,,0,1375
25b9fcd2e2de29b0,,12,,1.072005,,,,0,1376
25c7cd1bd4b28a14,,6,3,0.880364,10,,,0,1377
25cbb67f9bd6dc5b,,1,17,1.002804,24,,,0,1378
25cc120c06f52ef7,,4,,1.119434,,,,0,1379
25ccb73b77024fc3,,8,17,1.015567,12,,,0,1380
25d0e587165e5bc2,,7,18,0.974236,15,,,0,1381
25d4f2138ed186a4,,6,18,0.997324,7,,,0,1382
25d6d18263e9ff7e,,1,17,0.812722,24,,,0,1383
25e974186be2f3a5,,,,0.826307,,,,0,1384
25eb9d65a3710c1b,,7,5,0.719932,11,,,0,1385
25ecc6595b35a529,,1,15,0.860152,9,,,0,1386
25ef45a42f184ede,,,19,1.04943,,,,0,1387
25f40f1b34e2b9e3,,,,0.934133,,,,0,1388
25f83ea34b8ac73f,,,,0.9301,,,,0,1389
25f9b05ae7819915,,,6,0.834863,,,,0,1390
25fa7a67aed57f65,,8,3,0.671718,7,,,0,1391
25fd5e2d41a3b317,,4,,0.934268,,,,0,1392
25fe0602832dcc2c,,8,7,1.053086,6,,,0,1393
2602e86ea978f669,,19,8,0.885402,183,,,0,1394
260e7354ed35c2d7,docs\documents-atlas-index.md#chunk-763,19,10,0.912574,64,,,0,1395
2616ddf2e5a9b78f,,12,10,0.9296,7,,,0,1396
261edd6cae4f95f2,docs\documents-atlas-index.md#chunk-392,18,3,0.926956,25,,,0,1397
262076dd8d7c1de0,,19,5,0.991906,196,,,0,1398
2622830e2e0a1766,,19,6,0.948238,170,,,0,1399
2635016d2e474740,,,,0.858077,,,,0,1400
2638a28e1ce6c28d,,11,18,0.939507,30,,,0,1401
263bd44cdc6b13c7,,19,4,0.918102,58,,,0,1402
264b9ab42c572c13,,15,,0.941254,,,,0,1403
264cf38e1650eac8,,11,16,0.917122,16,,,0,1404
2652645193468a76,,11,13,0.767529,19,,,0,1405
2660fc343f40573a,,7,18,0.849322,15,,,0,1406
266a25ea2cd6c64a,,16,13,0.984413,18,,,0,1407
266b0c9f495e6484,,19,5,0.925987,196,,,0,1408
266f869fbd81608d,,15,10,0.947913,14,,,0,1409
267d6e0fe509ea2c,,9,6,0.964416,5,,,0,1410
268204e35b1a4b35,docs\documents-atlas-index.md#chunk-305,19,5,0.938155,196,,,0,1411
268c5b3799aef95b,,14,6,0.868395,9,,,0,1412
269721be848ffd53,,19,9,0.918636,88,,,0,1413
26a1bf6b346d13ff,,,,1.065757,,,,0,1414
26a1e7ec92511f5b,,6,19,0.844321,38,,,0,1415
26a3d6a7b7b6fb74,docs\CODEBASE_DIRECTORY_MAP.md#chunk-34,,12,0.845811,,,,0,1416
26a5a96233704bfe,,8,18,0.771972,19,,,0,1417
26a5bf5ef927b088,,,7,0.831468,,,,0,1418
26abde473daf7546,,9,,0.878169,,,,0,1419
26b18e3a1564f2a5,,,,0.905799,,,,0,1420
26b22d14dd35ca2a,,3,8,0.784197,5,,,0,1421
26b5152b49c28ce9,,,,0.946005,,,,0,1422
26b6c0be73b388b6,,8,17,1.021894,12,,,0,1423
26bc8855ff8b2eb7,,17,1,0.897679,4,,,0,1424
26bff3f109d9722e,,,19,0.936741,,,,0,1425
26ccc9ed8cc22219,,6,,1.085194,,,,0,1426
26cdceba671dcc54,,,13,1.104599,,,,0,1427
26d077283e3a511b,,,,0.842383,,,,0,1428
26d1b0d80c320b61,,2,18,0.886214,14,,,0,1429
26d4fc0042495664,,,3,0.823094,,,,0,1430
26d925576025bd04,docs\documents-atlas-index.md#chunk-177,,11,0.768323,,,,0,1431
26ebd35db86a2619,,7,2,1.010442,13,,,0,1432
26ee146c83c9ade8,,4,,1.0081,,,,0,1433
26f36cd7f694965d,,5,7,0.816063,6,,,0,1434
26f3bad060b27f19,,7,11,0.954162,10,,,0,1435
26f7a7737a5f4b41,,1,18,0.841013,30,,,0,1436
2704e301d3b8df7c,,9,14,0.92217,22,,,0,1437
270dbb48fc1da04e,,15,3,0.868531,6,,,0,1438
27138193b7d6745c,,13,11,0.862592,14,,,0,1439
2719829f500c4566,,19,7,0.921624,165,,,0,1440
272b890931af941a,docs\documents-atlas-index.md#chunk-482,15,6,0.927046,6,,,0,1441
272bea3f68acc0cc,,19,5,1.103436,196,,,0,1442
2730c3f3e5074274,,18,7,0.901334,19,,,0,1443
2735b7e688eb17ee,,15,16,0.969461,22,,,0,1444
2737061c6eccda34,,19,6,1.022534,170,,,0,1445
27448c1168af836e,,15,6,0.945874,6,,,0,1446
274516ff333a9d61,,18,9,0.987353,17,,,0,1447
274bb04dd70d0168,,19,5,0.937707,196,,,0,1448
274beff24736015c,,14,3,1.062226,11,,,0,1449
274d213e05a467da,,16,18,0.869612,13,,,0,1450
27508847e45b0355,,19,7,0.720235,165,,,0,1451
275b1f5e8c0b0060,,19,5,0.974289,196,,,0,1452
275d654bf147d55e,docs\documents-atlas-index.md#chunk-1171,16,10,0.894044,101,,,0,1453
2766ddb6098f43b7,,19,5,0.908025,196,,,0,1454
27712c68f91e9c5b,,12,6,0.820754,5,,,0,1455
2777ef1b462d0c95,,19,3,0.86983,52,,,0,1456
2778af1bbde2c35f,,8,,1.040656,,,,0,1457
278261676b16da18,docs\documents-atlas-index.md#chunk-719,5,14,0.86481,5,,,0,1458
279956be3c0cf139,,19,9,0.918343,88,,,0,1459
27a6dcea2a534ac2,,6,15,1.054454,11,,,0,1460
27a871cb0a008680,,,3,0.906569,,,,0,1461
27adfcca2eda1ff2,,12,,1.083158,,,,0,1462
27afc49fd39cc667,,19,6,1.044331,170,,,0,1463
27ba8464241217ce,,4,2,0.957533,16,,,0,1464
27c293c0ebbf211b,,11,7,1.065474,2,,,0,1465
27c6a2faf8bea9ff,,14,15,1.124214,11,,,0,1466
27c90c7a0f5eed3e,,1,,0.964319,,,,0,1467
27d72508eba9d4a3,,,1,0.912731,,,,0,1468
27dc226f39ece25c,docs\visualization-stack.md#chunk-3,4,,1.078034,,,,0,1469
27e35d4ae27ac756,,1,5,0.871288,6,,,0,1470
27ee310a78e34512,,3,,0.940649,,,,0,1471
27f0c44d14c57230,docs\documents-atlas-index.md#chunk-1220,,,0.928371,,,,0,1472
27f4c193ec5d7b06,docs\documents-atlas-index.md#chunk-1008,3,13,0.91427,8,,,0,1473
27fc2804958a792e,,4,1,0.841154,11,,,0,1474
280cf791b45cdbfd,,18,1,0.955202,11,,,0,1475
280d55f267c39ad6,,15,14,0.896308,18,,,0,1476
280fee1de17e42c5,docs\documents-atlas-index.md#chunk-328,18,3,0.982463,25,,,0,1477
2813dbb4f2edf921,docs\documents-atlas-index.md#chunk-725,18,6,0.956667,26,,,0,1478
28149b90867a1eab,,19,1,0.83393,75,,,0,1479
2815a46d544c30be,docs\documents-atlas-index.md#chunk-614,10,19,0.926619,49,,,0,1480
281cb1657b03dd19,docs\documents-atlas-index.md#chunk-770,1,19,0.91968,95,,,0,1481
28287213c752c846,,19,9,0.772915,88,,,0,1482
283a2cb298149e0a,docs\documents-atlas-index.md#chunk-383,10,7,0.916864,12,,,0,1483
283d8670956b42cb,,19,13,0.85834,82,,,0,1484
283f70776e7fea1a,,19,3,0.97628,52,,,0,1485
285d7377bea94248,,8,,0.921608,,,,0,1486
285f78c4db61a117,docs\documents-atlas-index.md#chunk-792,17,9,0.868844,22,,,0,1487
28637919f1ae74e6,,19,7,0.831244,165,,,0,1488
28652de5c297c701,,18,10,0.846677,57,,,0,1489
286845d60827005e,,16,14,0.806093,17,,,0,1490
28697b5624e0fbfb,,12,13,0.931401,61,,,0,1491
286cac39f56913f2,,16,2,0.905144,4,,,0,1492
286fd7696ea3c7cb,,11,18,0.950219,30,,,0,1493
2877d4a284f5b392,,14,12,0.92547,21,,,0,1494
287a6d936be74cdd,,12,,0.92294,,,,0,1495
287f1b5ea8101570,,7,3,0.916787,7,,,0,1496
2881c37e05a469d2,docs\documents-atlas-index.md#chunk-1264,11,18,0.958231,30,,,0,1497
2881fca7006b3786,,19,5,0.90272,196,,,0,1498
288329384b42e5f6,,19,11,0.87278,51,,,0,1499
2884a02bb53e1c48,,19,5,0.930451,196,,,0,1500
28863e458c3a1d71,,19,3,0.856842,52,,,0,1501
288948148ed024e8,,,,0.922869,,,,0,1502
28936151e31768aa,,19,11,0.90057,51,,,0,1503
289beb4427a1c538,,11,11,0.957758,14,,,0,1504
28a73b5092c6f529,,,1,0.816165,,,,0,1505
28a8399492ad2705,docs\documents-atlas-index.md#chunk-944,,,0.837972,,,,0,1506
28ac20421514880b,,4,3,0.893465,2,,,0,1507
28b6942e95bdaeaa,,12,14,1.027413,60,,,0,1508
28ba1c8d66b18175,,4,,0.833536,,,,0,1509
28ba462aa7b14aa8,,7,2,0.97163,13,,,0,1510
28bed1bf83f579b5,,15,16,1.138937,22,,,0,1511
28c32f3ee9b6328b,,4,1,0.859946,11,,,0,1512
28c4c5a0792c598d,,,19,0.866548,,,,0,1513
28c5618c04b5e7a9,,,,0.905275,,,,0,1514
28cb3664db2d55fc,docs\documents-atlas-index.md#chunk-694,10,2,0.995293,14,,,0,1515
28e0a6276dcf7d95,,,,0.952684,,,,0,1516
28e34a5d75d99db1,,3,,0.908482,,,,0,1517
28e6d0128d7c7742,,,,0.930917,,,,0,1518
28e763c28b66ff8f,,,15,0.819322,,,,0,1519
28ec18128e2e492f,,2,,0.904425,,,,0,1520
28f05f183439c55c,,,2,0.80225,,,,0,1521
28f6b3983a3f3b07,,1,18,0.918152,30,,,0,1522
28f8af8591abee62,,7,10,0.9641,3,,,0,1523
291076b672834860,,18,12,0.784271,53,,,0,1524
29176cb3a0783abe,,13,10,0.964533,19,,,0,1525
29190b0fc39fb725,,19,8,0.890727,183,,,0,1526
292aea19094a73d5,,18,3,0.775358,25,,,0,1527
292df557c81468e2,,18,3,0.958567,25,,,0,1528
2933309956899c3e,,9,18,0.722316,27,,,0,1529
29365731cadcb08b,,19,7,0.951561,165,,,0,1530
29394f52ba724110,,16,7,0.863059,3,,,0,1531
2941ac9e55418563,,10,12,0.917711,28,,,0,1532
294e0bac0427188b,,16,10,0.973057,101,,,0,1533
29592b6ea338af8f,,11,9,0.952079,7,,,0,1534
295dc08b5ce36cb8,,11,19,0.925869,37,,,0,1535
29623a0ddc1a1f5d,,11,6,1.007306,3,,,0,1536
29660dff91adbcc1,,18,11,1.070755,40,,,0,1537
2971895e9e7730fd,,11,19,0.885102,37,,,0,1538
298465f91306958a,,16,14,0.776335,17,,,0,1539
2984ddf55ae6e1a6,,18,10,1.072375,57,,,0,1540
29940dfd87503f7a,docs\documents-atlas-index.md#chunk-961,11,14,0.940794,30,,,0,1541
2999879b6b639245,,,,0.814812,,,,0,1542
299ac25c4f630eed,,10,19,0.808968,49,,,0,1543
29a34f8421757a3f,,5,6,0.790409,10,,,0,1544
29a552f1f92f3420,docs\documents-atlas-index.md#chunk-631,,6,0.981324,,,,0,1545
29a60d2f86f617ab,,4,,0.953803,,,,0,1546
29accd7230ec7548,,9,,0.911177,,,,0,1547
29b5fcb824f29457,docs\documents-atlas-index.md#chunk-606,,12,0.972357,,,,0,1548
29be3ed647909b25,,5,6,0.816588,10,,,0,1549
29bf9619bcd565fa,,8,,0.955612,,,,0,1550
29c1ec7923fb852c,,6,,0.959279,,,,0,1551
29d78a1d5291e09f,,,2,0.841178,,,,0,1552
29eb0ca96ae225d5,,6,,0.981539,,,,0,1553
29ece9cf1f05a8df,,1,19,1.029805,95,,,0,1554
29ed5e0dabc4b387,,4,,0.894476,,,,0,1555
29ff91312f73a2ef,docs\documents-atlas-index.md#chunk-894,1,19,1.007637,95,,,0,1556
2a076de874053afa,,17,15,0.892052,78,,,0,1557
2a0e7f18ac4a9176,,16,2,0.797988,4,,,0,1558
2a28919afc646c75,,15,8,0.976546,16,,,0,1559
2a2f3209b5341b77,docs\documents-atlas-index.md#chunk-440,19,,0.905183,,,,0,1560
2a327b69910e1e99,docs\documents-atlas-index.md#chunk-1266,19,1,0.784906,75,,,0,1561
2a43a612e16052c3,,19,10,1.013051,64,,,0,1562
2a450ac15112acac,,17,13,0.973809,28,,,0,1563
2a48f9c61712af49,,,16,0.835543,,,,0,1564
2a4f84c2f26b4a87,docs\documents-atlas-index.md#chunk-459,19,,0.824091,,,,0,1565
2a57a761c4e886e6,,14,15,0.930357,11,,,0,1566
2a644c38337cb57d,,18,10,0.873124,57,,,0,1567
2a64c13b4d3b0c8c,,9,19,0.904307,70,,,0,1568
2a68fa1a61a9a109,,11,12,1.002549,53,0.9900000000000001,,0,1569
2a6abe234b753de1,,17,,0.927775,,,,0,1570
2a723e96d7901150,,6,1,0.917815,19,,,0,1571
2a7cd37216185419,,,19,0.9695,,,,0,1572
2a806036378c6611,,19,7,0.925092,165,,,0,1573
2a82312349bbfc66,,13,12,0.934094,22,,,0,1574
2a859ef22241b657,,17,11,0.872566,76,,,0,1575
2a86ac45e700ef57,,5,11,0.898809,2,,,0,1576
2a89a7da4291b0e7,,18,13,0.890391,53,,,0,1577
2a8c55d9aa53e57a,,17,11,0.857308,76,,,0,1578
2a8ec48c55751070,docs\documents-atlas-index.md#chunk-1277,13,15,1.043062,41,,,0,1579
2a9a32a09bcfe418,,18,11,0.989304,40,,,0,1580
2a9c6da5fe477520,docs\KARPATHY_PIPELINE_ARCHITECTURE.md#chunk-1,12,,0.863237,,,,0,1581
2a9daf51e87c873f,,15,1,0.784843,6,,,0,1582
2aa057de24d678d3,,17,15,1.025748,78,,,0,1583
2aa13d6ef3212af2,docs\documents-atlas-index.md#chunk-1137,2,5,1.002748,1,,,0,1584
2aa8fd19442f44db,,3,,1.084397,,,,0,1585
2aaced53a892830d,,9,2,0.882379,5,,,0,1586
2ace247b07525ca8,docs\documents-atlas-index.md#chunk-943,1,2,1.038227,6,,,0,1587
2ad3cf147061848c,,,17,0.87596,,,,0,1588
2ad7b037db800d19,,2,18,0.87777,14,,,0,1589
2ae56acfdd4ae104,,,9,1.065548,,,,0,1590
2aed9eed40a5ccad,,17,15,1.160602,78,,,0,1591
2af96575f64e1c0c,,8,7,0.955289,6,,,0,1592
2afdfb7e7bacf9bd,,12,,1.073344,,,,0,1593
2b01d94caf476384,docs\documents-atlas-index.md#chunk-1244,18,6,1.003964,26,,,0,1594
2b10e727c0cafa38,,19,2,0.992092,48,,,0,1595
2b1df3de79ef2f9c,,19,,1.0734,,,,0,1596
2b20c83037b93c63,,10,15,0.96976,33,,,0,1597
2b2d46820cb5997d,,17,16,0.959094,14,,,0,1598
2b32207ec5a4087a,,16,15,0.904153,43,,,0,1599
2b33871a80aa66ef,,17,17,0.858513,51,,,0,1600
2b33f2e53c08319c,,4,19,0.921815,25,,,0,1601
2b37df787527e70e,,11,12,0.957264,53,0.9900000000000001,,0,1602
2b3b13e7c999a2be,docs\documents-atlas-index.md#chunk-831,18,14,0.857844,36,,,0,1603
2b3f65c19c997082,docs\documents-atlas-index.md#chunk-1242,17,11,0.887809,76,,,0,1604
2b3fd9ba6b9087ab,,14,19,0.956497,121,,,0,1605
2b48fb2a5ed18f52,,10,14,0.977493,36,,,0,1606
2b628137398f76f9,,17,15,0.875248,78,,,0,1607
2b641a56cc94a61b,,16,10,0.955697,101,,,0,1608
2b73b921c4defef2,,19,1,0.976617,75,,,0,1609
2b74146353af6d94,docs\documents-atlas-index.md#chunk-734,19,1,0.961507,75,,,0,1610
2b7455cf74ace630,,18,12,1.016574,53,,,0,1611
2b749179759e7749,,19,8,0.834239,183,,,0,1612
2b79edd8ab256635,,12,,0.881863,,,,0,1613
2b8070a47c7392a6,docs\documents-atlas-index.md#chunk-1025,17,15,0.880208,78,,,0,1614
2b8b62080269cd66,,14,11,0.941497,8,,,0,1615
2b97a6e803af8ff1,,19,,1.041682,,,,0,1616
2b9bb79e86059958,,5,18,1.028838,6,,,0,1617
2ba4b51d60479f04,,3,18,0.863495,14,,,0,1618
2ba5065bd3f2fd13,,,8,1.039854,,,,0,1619
2bb40da7210631a9,,1,3,1.032368,5,,,0,1620
2bc506beb0b43883,,,5,1.024855,,,,0,1621
2bd3b3261f386966,,1,18,0.773379,30,,,0,1622
2bd886822f6ce5ac,,,19,0.990721,,,,0,1623
2bdcfb492af1c158,,3,,1.071762,,,,0,1624
2bde52bb4e0d6359,,,,1.055598,,,,0,1625
2be8a4d330cc64a9,,,19,1.042744,,,,0,1626
2c0a7b1300e2f663,,19,12,0.955171,127,,,0,1627
2c0c002d681f3bad,,17,16,0.977725,14,,,0,1628
2c0f751275f1dcfe,,19,18,0.885139,196,,,0,1629
2c10a7bb07ad425c,,16,15,1.040473,43,,,0,1630
2c1be3730210e0be,,19,17,1.011569,49,,,0,1631
2c1e2742a0aff8df,docs\documents-atlas-index.md#chunk-1,19,14,0.986218,76,,,0,1632
2c2b29861d26c539,,18,11,0.876466,40,,,0,1633
2c35a26eda97f4da,,12,19,1.023488,84,,,0,1634
2c3ba479f84a781a,,18,1,0.834179,11,,,0,1635
2c3ddaef00d4aade,docs\documents-atlas-index.md#chunk-574,15,16,1.101774,22,,,0,1636
2c407921f5a4188a,docs\documents-atlas-index.md#chunk-321,16,15,0.956239,43,,,0,1637
2c44c539436fa830,,19,6,0.893918,170,,,0,1638
2c451fefe21d9056,,17,9,0.958378,22,,,0,1639
2c566042af0e89a4,,18,3,0.911365,25,,,0,1640
2c5bcf3cef892c8a,,13,,0.912905,,,,0,1641
2c5d2006beb0fb68,,13,,1.051351,,,,0,1642
2c61a285d0e8165f,,9,17,0.942195,15,,,0,1643
2c89b0011e9dfca4,docs\documents-atlas-index.md#chunk-865,19,2,0.976527,48,,,0,1644
2cac341b8f69d772,,,1,0.951802,,,,0,1645
2cb172f8f4e0bf16,,,12,0.998849,,,,0,1646
2cb1776221302bee,,4,19,0.88981,25,,,0,1647
2cb4a758be1b1850,docs\documents-atlas-index.md#chunk-833,18,4,0.957538,17,,,0,1648
2cb66de4e00543c4,docs\documents-atlas-index.md#chunk-812,2,7,1.02974,6,,,0,1649
2cbf5ba6b04445a0,,7,5,1.001545,11,,,0,1650
2cbf98427da94d1d,,8,,0.968369,,,,0,1651
2cc4fc556d336ae2,,3,15,0.925493,6,,,0,1652
2ccad17762a5e2de,,,19,0.986176,,,,0,1653
2cce50f9f1a08d89,,9,7,1.035117,4,,,0,1654
2cd489f7e02256d0,,,7,1.009023,,,,0,1655
2cdeefb5d7a74051,,11,,0.923162,,,,0,1656
2ce99cf8098af48c,,,15,1.021141,,,,0,1657
2cea4032bc401838,,1,2,0.887033,6,,,0,1658
2ceeafad40716e80,docs\documents-atlas-index.md#chunk-1217,,13,1.093269,,,,0,1659
2cef9023aaf81e3a,,9,1,0.918509,14,,,0,1660
2cf2d13b16361f81,,5,19,0.91679,21,,,0,1661
2cf635234aa38554,docs\documents-atlas-index.md#chunk-906,,,0.817604,,,,0,1662
2cf7b94350250d44,,,19,0.753708,,,,0,1663
2cfccc82b3471f97,docs\documents-atlas-index.md#chunk-980,10,2,0.903384,14,,,0,1664
2cfd455242f686fd,,17,17,0.988323,51,,,0,1665
2d01246bc6aaf3ee,,18,14,1.037343,36,,,0,1666
2d07841e5d1d06c4,,19,5,0.980387,196,,,0,1667
2d0ab2301fa58966,,15,,1.047363,,,,0,1668
2d11f17c6252f69c,,4,19,0.914873,25,,,0,1669
2d13cdb61abfdf2f,,15,,1.101961,,,,0,1670
2d1ff9c0c7a1c472,,17,11,1.037185,76,,,0,1671
2d2225f9014d9a85,,17,13,0.916106,28,,,0,1672
2d38f922c01fd1de,,19,6,1.032974,170,,,0,1673
2d42d447a24e2cb5,,19,1,0.894469,75,,,0,1674
2d453915250a967c,,17,14,0.844082,54,,,0,1675
2d4c144f9487bf3c,,17,14,0.919299,54,,,0,1676
2d547cb24137003f,docs\documents-atlas-index.md#chunk-280,17,15,0.954836,78,,,0,1677
2d54f941fc49ff5c,,4,19,0.877767,25,,,0,1678
2d58d443df23e733,,1,16,0.94804,15,,,0,1679
2d6095cfa51c0f57,,18,9,1.038116,17,,,0,1680
2d71a9729f3f295b,,18,4,0.887855,17,,,0,1681
2d74212fe4213e30,,14,10,1.021295,9,,,0,1682
2d76b128e9a8f4f8,,19,10,1.025071,64,,,0,1683
2d7bd08cfe54c365,,17,9,1.014465,22,,,0,1684
2d9843dda80254c6,,18,13,0.899055,53,,,0,1685
2d9c14711ad260b1,docs\documents-atlas-index.md#chunk-708,18,17,0.99564,20,,,0,1686
2da233eaa0193854,,,6,0.978638,,,,0,1687
2da8acbcbe5458a3,,,10,1.029738,,,,0,1688
2db60e40340f08e8,docs\documents-atlas-index.md#chunk-627,,,0.991064,,,,0,1689
2dbd787d4ad83b7d,,5,,1.012155,,,,0,1690
2dbead3a3224bcb3,,,13,1.086467,,,,0,1691
2dd1e4f2c691c4c0,,,15,0.977099,,,,0,1692
2dd883ca75277a22,,,16,0.910671,,,,0,1693
2dda0b49817c760f,docs\documents-atlas-index.md#chunk-428,5,,0.938196,,,,0,1694
2dda6f6360b803b0,,4,,0.957997,,,,0,1695
2ddfe00766924275,,,19,0.936922,,,,0,1696
2de2ef74ac306412,,2,9,0.93494,22,,,0,1697
2de8df0b3d217e67,,3,15,0.98853,6,,,0,1698
2df0c7537ce7513f,,2,19,0.898966,29,,,0,1699
2df1cd5a6135aa7d,,1,17,0.957297,24,,,0,1700
2df8fdac890d4120,,,,1.10201,,,,0,1701
2df9ab3a50e10fe7,,5,,1.055845,,,,0,1702
2dfbf5d40326417e,,,19,0.883149,,,,0,1703
2e09ba1bf8c0f494,,14,10,1.015305,9,,,0,1704
2e123cc2fc40bf95,,16,10,0.976229,101,,,0,1705
2e1b81d49744fc6a,,17,13,0.919365,28,,,0,1706
2e1c17fcf36bb14e,,18,11,0.959053,40,,,0,1707
2e23cb069caf2b9d,,15,,0.912238,,,,0,1708
2e27b29726f43c50,,10,15,0.871199,33,,,0,1709
2e27e81d79228973,,8,17,0.887739,12,,,0,1710
2e321228b9c5ebc5,,19,12,0.971864,127,,,0,1711
2e34288a042d0dcb,,13,18,0.945662,18,,,0,1712
2e35c3b090114517,,,19,0.940753,,,,0,1713
2e35cd0afc97dc96,,13,1,1.046842,3,,,0,1714
2e3d7f88ff4af076,docs\documents-atlas-index.md#chunk-504,15,1,0.92533,6,,,0,1715
2e5169df4c6817f9,,17,15,0.935373,78,,,0,1716
2e56f56a8548b444,,3,17,0.95025,7,,,0,1717
2e5799d025f3b6ee,,18,16,0.830783,49,,,0,1718
2e5f846d4247d019,docs\documents-atlas-index.md#chunk-815,18,13,0.904199,53,,,0,1719
2e65b1d7a9eba505,,19,9,1.030869,88,,,0,1720
2e786a34922d9372,,19,3,0.900183,52,,,0,1721
2e8a205dc6d717a7,,19,15,0.945646,77,,,0,1722
2e955439cf592ef4,,19,1,1.002228,75,,,0,1723
2e9a0bed59742d90,,16,11,0.992765,26,,,0,1724
2e9c8e7bb164bd5b,,10,5,0.997182,5,,,0,1725
2e9d8696258cfc83,,19,,0.866155,,,,0,1726
2e9e50b244a28062,,18,15,0.954204,24,,,0,1727
2e9f0cc0313fac97,,19,,0.914599,,,,0,1728
2ea89dd21e8aebc3,,,12,1.057432,,,,0,1729
2eab6cb4769ed5e5,,17,11,1.052655,76,,,0,1730
2ead5ce745e48e37,,8,1,0.934683,4,,,0,1731
2eb5f5fbad041531,,1,14,1.006683,15,,,0,1732
2ebce4419d714a7a,,1,19,0.817684,95,,,0,1733
2ec077be14076f79,,,16,0.88737,,,,0,1734
2ec97c835a7eaa4a,,1,,0.940285,,,,0,1735
2eca41cb30d3b62c,,17,15,1.038803,78,,,0,1736
2ed3163b9763a2ad,,17,16,1.026207,14,,,0,1737
2ed75e6a83d72e6c,,5,,0.966409,,,,0,1738
2ed9ad007d39bdd2,,1,13,0.939969,20,,,0,1739
2eda9953c5a7af09,,3,9,0.887673,17,,,0,1740
2ee442ecdaa444ac,,16,17,1.143559,3,,,0,1741
2ee6af904fa0d95f,,,18,0.976577,,,,0,1742
2eeb3770e72164a7,docs\documents-atlas-index.md#chunk-486,3,4,0.914185,7,,,0,1743
2eec8b10470913ae,,5,1,1.003355,15,,,0,1744
2ef42c7ff8ad6fed,,7,,1.09487,,,,0,1745
2ef47fd70d232b37,,,12,0.859199,,,,0,1746
2efbc4b7c3046b1a,,,19,0.950777,,,,0,1747
2efe04be42c39894,,17,15,1.052116,78,,,0,1748
2f0bbe6f63dc48cb,,16,,1.034036,,,,0,1749
2f0ec1681f6ebd83,,19,,0.929213,,,,0,1750
2f1a0d9cecf2c417,,11,,1.088006,,,,0,1751
2f1b9585d9cfe5d5,,19,10,0.956848,64,,,0,1752
2f1d8b8442785803,,19,,0.866456,,,,0,1753
2f26d46fbffe4ba4,,19,1,0.993517,75,,,0,1754
2f28f7fbacf3d0b7,,17,11,1.147131,76,,,0,1755
2f2d48a69a063de3,,18,15,0.940816,24,,,0,1756
2f31a755849caf7b,,4,19,0.910762,25,,,0,1757
2f34c2d1db52c671,,19,9,0.979358,88,,,0,1758
2f3d0b9d3832dd23,docs\documents-atlas-index.md#chunk-318,16,10,1.009386,101,,,0,1759
2f3f4bc5aa1cfb2d,,15,,0.987128,,,,0,1760
2f552bcff4274163,docs\documents-atlas-index.md#chunk-857,16,10,1.008812,101,,,0,1761
2f5a583330d9b997,docs\documents-atlas-index.md#chunk-962,19,14,0.880789,76,,,0,1762
2f625257c8f883b1,,18,14,0.890557,36,,,0,1763
2f634095ba6f0ab1,,19,1,0.896117,75,,,0,1764
2f66a006ac553335,docs\documents-atlas-index.md#chunk-310,4,18,0.987849,6,,,0,1765
2f6cf0be91bfe2f0,,18,13,1.119311,53,,,0,1766
2f8296e50a2267a9,,17,15,0.904319,78,,,0,1767
2f8bf57a47caaaa1,,19,,0.995514,,,,0,1768
2f8f2d4e2fb959f7,,18,15,1.103529,24,,,0,1769
2fa3da12ddcdfe84,,12,,0.995926,,,,0,1770
2fae2391a9de0339,,9,,0.999016,,,,0,1771
2fb09d95377859e8,,,,0.84728,,,,0,1772
2fb2c87764e2627e,,,19,0.872243,,,,0,1773
2fb641ae98b2ba66,docs\documents-atlas-index.md#chunk-1189,,16,0.953831,,,,0,1774
2fc1221b829ae48e,docs\documents-atlas-index.md#chunk-695,,,1.052245,,,,0,1775
2fc777115ce40273,,,,0.857401,,,,0,1776
2fd5256cddf6d253,,1,,0.98868,,,,0,1777
2fdccbf20017268b,,,19,0.982161,,,,0,1778
2fdd97f283a24dde,,17,17,1.019958,51,,,0,1779
2fe9c15b2c7bcb45,,,16,0.936695,,,,0,1780
2ff6856fe12a70cf,,,,1.102658,,,,0,1781
3010c2a3f143b9c3,,19,10,0.941917,64,,,0,1782
301215a5bc580723,,19,8,0.888885,183,,,0,1783
3016b015adc21f23,,9,15,0.99784,19,,,0,1784
301e789f56a17d4e,,12,16,0.917366,30,,,0,1785
30229c3853ea5cd8,docs\documents-atlas-index.md#chunk-424,19,2,0.932664,48,,,0,1786
302d0d1d33df2524,docs\documents-atlas-index.md#chunk-958,18,5,1.023049,12,,,0,1787
3035217776856f4b,,9,18,0.778601,27,,,0,1788
304351eef02b15e5,,19,8,1.011307,183,,,0,1789
30439ede2fbf859a,docs\documents-atlas-index.md#chunk-435,19,5,1.055278,196,,,0,1790
30475f68d41f75a2,,18,6,0.778474,26,,,0,1791
3048aae4340f12f3,,19,5,0.965512,196,,,0,1792
30505b751ed19e55,,7,,0.965542,,,,0,1793
305ad26cf4698bc5,,10,17,0.973327,23,,,0,1794
306166e89884c34b,,18,12,0.819657,53,,,0,1795
3068fe911b5bf516,docs\documents-atlas-index.md#chunk-941,19,5,0.901812,196,,,0,1796
30703547f4069815,,19,8,0.822875,183,,,0,1797
3071103c43bd001f,,14,15,1.029898,11,,,0,1798
3074cab6b83ca4ca,,19,7,0.962674,165,,,0,1799
3086389124defc42,,19,7,0.928074,165,,,0,1800
308f9febd65c6d29,,16,,0.95029,,,,0,1801
30919d23d0afef9f,,12,7,0.911549,7,,,0,1802
30958f5202c22e4e,,10,12,0.885091,28,,,0,1803
3095a5c260c88dd4,,10,17,0.907003,23,,,0,1804
3099b42140aafdc3,,19,2,0.971869,48,,,0,1805
309e3c9d303182ed,,15,14,1.071783,18,,,0,1806
30a5d86d2e774b8e,,6,19,0.791199,38,,,0,1807
30a7d1849f4fd3cf,,1,19,1.008023,95,,,0,1808
30b078b19cda2eb8,,,,1.103354,,,,0,1809
30c5bfc9f82cba65,,,10,0.846918,,,,0,1810
30cdf05e654ce3ca,,1,19,1.177498,95,,,0,1811
30d1df35bb99a37a,,1,8,0.901699,11,,,0,1812
30d7617ad45b9317,,,3,0.872749,,,,0,1813
30e1c169ebd99eb8,,7,15,1.030414,6,,,0,1814
30e36bddcb535bbb,,5,7,1.000596,6,,,0,1815
30e4887753b21e8e,,7,17,0.828139,13,,,0,1816
30f929aef97733a5,,,5,0.955162,,,,0,1817
30fa3659d29983a8,,5,4,0.918251,7,,,0,1818
30fcd0cb8d8de7c4,,,15,1.187154,,,,0,1819
311478de671a1800,,19,7,0.918752,165,,,0,1820
31228286d21d42c9,,19,7,0.897914,165,,,0,1821
312d5f8c7e33868c,,7,,0.956609,,,,0,1822
31359f5abbea4828,,8,,0.906465,,,,0,1823
3135b1361fec464c,,19,5,1.053247,196,,,0,1824
31460746db2719dd,docs\ARCHITECTURE_GUIDE_V1.md#chunk-1,10,19,0.866841,49,,,0,1825
315251a74de48664,,16,12,0.959461,12,,,0,1826
315884e80a6632b5,,17,13,0.888795,28,,,0,1827
31590523d45df5a7,,19,8,0.846664,183,,,0,1828
315d2df4476f3b32,docs\documents-atlas-index.md#chunk-656,19,,0.864686,,,,0,1829
316bed5aa1dbba69,,14,3,0.957692,11,,,0,1830
316f05f140e116f8,docs\documents-atlas-index.md#chunk-131,19,14,0.970372,76,,,0,1831
31712a3fba456dea,,11,19,1.027318,37,,,0,1832
3172477a5784872f,,10,19,0.817926,49,,,0,1833
31738fb1236de934,docs\documents-atlas-index.md#chunk-1269,18,8,0.881729,18,,,0,1834
317b3d1ba67cf9eb,,15,8,1.009263,16,,,0,1835
317da9b604f47aab,,12,17,0.958128,15,,,0,1836
318ae061ed564b4d,docs\documents-atlas-index.md#chunk-565,7,19,0.868065,15,,,0,1837
318fbb0c172bc8d8,docs\documents-atlas-index.md#chunk-156,19,5,1.02702,196,,,0,1838
3191c941f0c0d8fb,,11,15,0.999847,26,,,0,1839
319320e5ddf03d65,,10,8,0.99849,27,,,0,1840
31ab081390c8a9b6,,,1,0.89462,,,,0,1841
31acb250ee62ba21,,,13,0.872161,,,,0,1842
31b66a57c0799839,,5,5,0.624469,11,,,0,1843
31ba8a7cc925ddec,,6,6,0.924027,5,,,0,1844
31bbc40c2b05dbd7,,1,19,1.057959,95,,,0,1845
31c00241ac71c50a,,,6,0.836683,,,,0,1846
31c161830b669249,,,,0.776202,,,,0,1847
31c433f8a136ae5f,,,11,0.785066,,,,0,1848
31c6ad8ab74306f1,,,5,0.982661,,,,0,1849
31c6c51347ef13e1,docs\documents-atlas-index.md#chunk-711,,,1.074022,,,,0,1850
31cab1f48df9cff2,,,15,1.138474,,,,0,1851
31d305958c603e42,,,3,0.77867,,,,0,1852
31d4214233d157b4,,,,0.909247,,,,0,1853
31d91783a4ec6ff3,,10,7,1.004674,12,,,0,1854
31db1d1c223ac15e,,3,1,1.062665,14,,,0,1855
31e14628ac14eda4,,,7,0.805651,,,,0,1856
31e6e84ad1fdfd49,docs\documents-atlas-index.md#chunk-1175,7,11,1.052688,10,,,0,1857
31e9cb9839700a56,,6,13,0.799768,6,,,0,1858
31f02fec2f79c08a,,,2,1.007425,,,,0,1859
31f82a1f29c1e629,,,,0.885387,,,,0,1860
32032a6c07c708c8,,14,14,1.021985,30,,,0,1861
32058fc1eeeb955c,,14,3,1.001548,11,,,0,1862
3205fbe50223c92c,,10,13,0.983449,65,,,0,1863
3207284517fa9bfb,,14,16,0.8499,13,,,0,1864
320958b7d63b46dd,,19,8,0.88196,183,,,0,1865
3229228dd158e91b,,19,10,0.86886,64,,,0,1866
3229918aea1700ee,,12,19,0.89728,84,,,0,1867
322a8ce8e8182d64,,11,5,0.857308,8,,,0,1868
323c0291d50f88bc,,19,3,0.939352,52,,,0,1869
323fe957a9f6e1cc,docs\documents-atlas-index.md#chunk-528,13,11,0.991417,14,,,0,1870
3254bf1a7a817f81,,8,14,0.92538,18,,,0,1871
3255536595989391,,19,8,0.786987,183,,,0,1872
3255c1109c2f7356,,19,5,0.770161,196,,,0,1873
3256954e97e10883,,12,14,0.897906,60,,,0,1874
325c85c32db15fc6,,14,13,1.024863,13,,,0,1875
325e576d3ec02af9,,14,19,1.005338,121,,,0,1876
3260ab37cd06798a,,7,17,0.920547,13,,,0,1877
326921ad4f03f4be,,17,13,0.927075,28,,,0,1878
3275f2688be0298e,,9,19,0.801298,70,,,0,1879
328a7afb7d30ec9c,docs\documents-atlas-index.md#chunk-1039,15,10,1.03933,14,,,0,1880
328b9b2343133da8,,19,,0.879428,,,,0,1881
328bdbfd6934e465,,16,10,1.021296,101,,,0,1882
328d679025759064,,19,11,0.82217,51,,,0,1883
329a91e30d7bcb01,docs\documents-atlas-index.md#chunk-628,18,7,0.969715,19,,,0,1884
329f0ec6da736d07,docs\documents-atlas-index.md#chunk-44,11,3,0.86524,4,,,0,1885
32a3ba8495bb2a01,,7,,0.909444,,,,0,1886
32a91bb2f585a77f,,4,8,0.83896,5,,,0,1887
32b0f37420c7561f,docs\documents-atlas-index.md#chunk-1092,6,19,0.873902,38,,,0,1888
32b174755775d92c,,1,18,0.829613,30,,,0,1889
32b88ac36972b3f0,,,5,0.903003,,,,0,1890
32b9934d871246df,,10,19,0.885605,49,,,0,1891
32c5c5301b2e436b,,1,18,0.892546,30,,,0,1892
32da5a1f40449c77,,4,2,0.849278,16,,,0,1893
32dbd90ea65ac92b,,9,7,1.041836,4,,,0,1894
32dc3990f2bb7bb9,,10,6,0.95857,10,,,0,1895
32e3e9d3f332091d,,4,16,0.896402,10,,,0,1896
32efe87f728c1ce2,,19,,1.07599,,,,0,1897
32f320a8220341a6,,,5,0.961021,,,,0,1898
32fa2c0f74d833fe,docs\documents-atlas-index.md#chunk-1215,4,,0.939439,,,,0,1899
3302cddc6ec846f0,,12,14,1.10077,60,,,0,1900
3310a43d347a7d10,,19,5,0.923801,196,,,0,1901
3312f88b412ae1cb,,9,19,1.009524,70,,,0,1902
33141584e8d30225,,19,9,0.916068,88,,,0,1903
331458233aaf4d40,,19,3,0.888337,52,,,0,1904
33184c006a286aa7,,18,3,0.92888,25,,,0,1905
332b1ac5fdb7b8e5,,16,10,1.009748,101,,,0,1906
333052856155a802,docs\documents-atlas-index.md#chunk-508,18,10,0.877869,57,,,0,1907
3331341775195b76,docs\documents-atlas-index.md#chunk-1166,10,15,0.798939,33,,,0,1908
3339f812d89af14e,,19,6,0.875655,170,,,0,1909
3342a2b5ca1e9055,,19,5,0.84525,196,,,0,1910
3352cf8d61f82bb3,,11,14,1.037364,30,,,0,1911
3362e3b0a2cf0e57,docs\documents-atlas-index.md#chunk-1308,19,4,0.987322,58,,,0,1912
3363f90921b8f538,,10,13,0.935595,65,,,0,1913
336d48000ad2e6d8,,19,12,1.042433,127,,,0,1914
3372f74292f3968e,docs\visualization-stack.md#chunk-1,9,19,0.833834,70,,,0,1915
3376933d5582ed97,docs\documents-atlas-index.md#chunk-423,10,14,0.817703,36,,,0,1916
337c3b05abf4b502,docs\CODEBASE_DIRECTORY_MAP.md#chunk-29,9,,0.964014,,,,0,1917
3383f4b7ab4304ec,,9,19,0.89882,70,,,0,1918
3385becf0d389a71,docs\documents-atlas-index.md#chunk-566,8,14,1.01143,18,,,0,1919
339c5adcf55b375c,,13,6,0.918956,3,,,0,1920
33a7f164e371bf6a,,5,14,0.788626,5,,,0,1921
33b6ecca966e0dc6,,8,12,1.118839,14,,,0,1922
33ba543ca5655d09,docs\documents-atlas-index.md#chunk-105,5,5,0.811643,11,,,0,1923
33baeb131928cb9a,,6,11,0.914466,5,,,0,1924
33c110bf3d746ece,,10,19,0.937133,49,,,0,1925
33d309d7ea05d469,,,8,0.770327,,,,0,1926
33d42a6305c5c3bd,,,1,1.062873,,,,0,1927
33d7b13fcc9a71df,docs\documents-atlas-index.md#chunk-824,9,19,1.031796,70,,,0,1928
33dea0d3edcbadb0,,13,,1.052032,,,,0,1929
33dfee3ea5f09be9,,9,1,1.013613,14,,,0,1930
33e18b8b03a0bf89,,1,6,0.884946,6,,,0,1931
33e61944020394d5,,,,0.82694,,,,0,1932
34012a8abb3510dc,,15,9,1.09602,23,,,0,1933
3405ba7bbc6081de,,10,18,0.968793,28,,,0,1934
340f28f9ed10f622,,17,10,0.945612,30,,,0,1935
342027ac772f8182,,19,8,0.957311,183,,,0,1936
342fd3a9135b4203,,19,5,0.886979,196,,,0,1937
34387af511dff0b0,,18,11,0.976274,40,,,0,1938
343e7ece9374e95c,,16,10,0.984242,101,,,0,1939
344e5435b667c730,,19,10,0.826155,64,,,0,1940
34521b56ede8da50,,12,7,0.942344,7,,,0,1941
3453443dc0fb902f,,19,8,1.053884,183,,,0,1942
345c8f3e867d5766,,18,5,0.868479,12,,,0,1943
345fa8bdfea01f4b,,12,1,1.025219,8,,,0,1944
3462439c2cdcd948,docs\documents-atlas-index.md#chunk-1191,19,8,0.93166,183,,,0,1945
3466ddcd62a8fbe2,,10,13,1.007784,65,,,0,1946
346a19c23dddfa5a,,15,10,1.034308,14,,,0,1947
3475e9bb6bef252f,,19,5,1.070744,196,,,0,1948
347704967ff7ccd8,,12,13,0.873723,61,,,0,1949
3477c8702c9b01e9,,19,5,0.890084,196,,,0,1950
347d4f32c86d7c6b,,12,4,0.780184,5,,,0,1951
348097735762af80,,9,13,0.760393,11,,,0,1952
348d73f7934e7db2,docs\documents-atlas-index.md#chunk-788,19,,0.93168,,,,0,1953
349fe485bfaf44a1,,17,3,0.96123,25,,,0,1954
34a045365c538695,,,,0.678306,,,,0,1955
34b7e8530590289a,,6,19,0.71959,38,,,0,1956
34b98936fa07ce7f,,2,9,0.780274,22,,,0,1957
34bf1ebd10e1b30b,docs\documents-atlas-index.md#chunk-320,5,2,1.116794,6,,,0,1958
34bfc08212c99344,,6,,0.991461,,,,0,1959
34c8c37c09e7abd4,,7,15,0.974654,6,,,0,1960
34d44692066e02e2,,,,0.881217,,,,0,1961
34d96cc539244f0a,,5,8,0.850968,7,,,0,1962
34e1672f63b9af8d,,8,14,0.962579,18,,,0,1963
34e44465110a7a02,,,,0.829625,,,,0,1964
34f0d51932d671eb,,8,18,0.981863,19,,,0,1965
3501ec8d4cc786e3,,11,16,0.973704,16,,,0,1966
35085ae6861eaafa,,18,11,0.953456,40,,,0,1967
3511a2e936d04369,docs\documents-atlas-index.md#chunk-449,11,15,0.915512,26,,,0,1968
3519faa5f01062c0,,17,8,0.997634,14,,,0,1969
351c77032a486c44,,19,3,0.93355,52,,,0,1970
352dbb08cf5196b3,,12,,0.929677,,,,0,1971
3539664b7ede52dd,,14,19,0.965731,121,,,0,1972
3543423d11f46f16,,12,14,0.948012,60,,,0,1973
35439b8be70887cd,,15,9,0.932083,23,,,0,1974
354da4693bbf3233,,19,3,0.923819,52,,,0,1975
354e9a9aa3fdba86,,14,5,0.925256,5,,,0,1976
3552c73f41397974,,9,17,0.901491,15,,,0,1977
3557481b4536bd16,,11,13,0.830038,19,,,0,1978
3563a849b3cd28cf,,19,5,0.9728,196,,,0,1979
3564490b636d5d6d,,11,16,0.875574,16,,,0,1980
35698dc6cb835c09,,10,6,0.793033,10,,,0,1981
356f9705c32aa32f,,19,8,0.876227,183,,,0,1982
356fc36cee18bb8c,docs\CODEBASE_DIRECTORY_MAP.md#chunk-13,7,19,0.955062,15,,,0,1983
357ca205a8a660e8,,17,3,0.963583,25,,,0,1984
358a9b046278c784,,15,9,0.81962,23,,,0,1985
358c94d75e6bf6e7,,19,9,0.918498,88,,,0,1986
359b402def2a87cc,,19,6,0.974599,170,,,0,1987
359ca3e12afabb6a,,17,,1.060358,,,,0,1988
35b564ce489ce9f8,,19,11,1.036384,51,,,0,1989
35c5dbafe30b5049,docs\documents-atlas-index.md#chunk-329,,6,1.057028,,,,0,1990
35c7b0b38eb7c76e,,,18,0.870961,,,,0,1991
35c9061111b926a2,,,,0.87359,,,,0,1992
35cc64a35c44a0bd,,,19,1.015828,,,,0,1993
35d1cd944f5956a3,,,,0.883089,,,,0,1994
35d4b20dff065283,,,3,0.917062,,,,0,1995
35d9e7fc06644f40,,6,15,0.866681,11,,,0,1996
35dbf67eb3506add,,10,19,0.979103,49,,,0,1997
35dc423bc5fcb7a7,,15,8,1.058101,16,,,0,1998
35dfe63044db7baf,,18,,1.099166,,,,0,1999
35e310b870377733,,,5,0.885963,,,,0,2000
35ede9f34d21823a,,2,19,0.900719,29,,,0,2001
35f58ceffe0ecc9f,,1,9,1.046827,15,,,0,2002
35faf2513ba2d3f7,,,17,1.051135,,,,0,2003
36033c158db8c257,,,,0.900596,,,,0,2004
36192647eeaec690,docs\documents-atlas-index.md#chunk-530,19,7,0.907729,165,,,0,2005
361b0c81590ee93c,docs\documents-atlas-index.md#chunk-897,17,7,0.955684,7,,,0,2006
36258d15ea222e42,,9,6,0.880507,5,,,0,2007
36299ff042588b22,,11,11,0.839086,14,,,0,2008
3629e5b10c29c54d,,2,19,0.926673,29,,,0,2009
3637c8dcae34efc2,,10,17,1.029183,23,,,0,2010
363dcea0e7180dcc,docs\documents-atlas-index.md#chunk-994,14,1,0.980231,8,,,0,2011
363e1405b7f4ee4c,,12,9,0.927969,8,,,0,2012
3644ee61e9a5ba1a,,10,11,0.934058,28,,,0,2013
3655daeefba51b87,,12,,0.996917,,,,0,2014
3658cc37c104335c,,12,6,0.845081,5,,,0,2015
36788a4b7a7392cc,,11,19,0.89973,37,,,0,2016
367b8cc36f52c55d,,16,10,0.949441,101,,,0,2017
367f313f60e5c1f6,,19,12,0.951502,127,,,0,2018
36824d62a4691fab,,10,7,0.86055,12,,,0,2019
3682a59b7a1eb6f2,,19,6,0.950913,170,,,0,2020
368c4d4ebcfbe999,,10,,0.937447,,,,0,2021
369ec52655c8d55f,,12,13,0.948459,61,,,0,2022
36ae3c10636650a8,,4,2,0.89104,16,,,0,2023
36affac2786079e1,,,15,0.984547,,,,0,2024
36b8bfd4246c4969,,,15,1.001383,,,,0,2025
36c578e1e4f8abf9,,,10,0.982262,,,,0,2026
36d390067f85d84b,,,1,0.854367,,,,0,2027
36d7de596aced028,,1,,0.893094,,,,0,2028
36daafcb77bd5781,,8,,0.980456,,,,0,2029
36edfe565085a463,,4,5,0.956076,7,,,0,2030
36eea0c8e240ce0c,,,14,0.906414,,,,0,2031
36f2ad70cd654bfd,,7,7,0.938188,7,,,0,2032
36f2af4e0f042217,,,,0.86602,,,,0,2033
36f5b7bf67503054,,2,16,0.923567,2,,,0,2034
36f650acbd7c7dc7,,,5,1.022211,,,,0,2035
36fac1eb7cec3f5a,,10,,1.080377,,,,0,2036
37008847548f792d,,19,7,0.82494,165,,,0,2037
370e329b633326cf,,16,19,0.912417,43,,,0,2038
37138ca25d43b795,,18,10,0.917564,57,,,0,2039
371549b7d8a6dfe3,,18,11,0.914997,40,,,0,2040
3716191d65ca71fd,,15,18,0.943129,23,,,0,2041
3716c2378d083025,,7,18,0.787815,15,,,0,2042
3719b3896cea795c,,19,5,0.905435,196,,,0,2043
371f1f2138b3a1b4,,19,12,0.951859,127,,,0,2044
372a802a899626c0,,19,13,0.869714,82,,,0,2045
372b6e1fc0633961,,7,3,0.927282,7,,,0,2046
372fdc188a04e9eb,,17,3,1.058912,25,,,0,2047
375044b87e050d08,,7,16,0.898899,6,,,0,2048
37525556e54d5fb0,,19,2,0.82503,48,,,0,2049
375832776ccb9173,,19,7,0.860203,165,,,0,2050
37632b75c80c16cf,,17,6,0.966262,5,,,0,2051
3764fc3e2a48eb54,,8,14,0.997417,18,,,0,2052
377121abfe00e807,,17,10,0.946812,30,,,0,2053
378e8571570755cc,,19,15,0.826185,77,,,0,2054
379a07c83109b9ef,docs\documents-atlas-index.md#chunk-1310,19,13,0.909844,82,,,0,2055
37a1207f6369d0ec,,,3,0.994035,,,,0,2056
37a1f21f72ca808a,,9,16,1.061728,5,,,0,2057
37a4615bb007a3a4,,,6,0.895223,,,,0,2058
37b1ac0f91e21a64,docs\documents-atlas-index.md#chunk-901,4,,0.976644,,,,0,2059
37b44f7590df59fc,,5,,0.972584,,,,0,2060
37c36cf7d9074f2c,,5,8,0.843826,7,,,0,2061
37c41d5e6e21dc0b,,1,6,0.87002,6,,,0,2062
37c72a8b9dd3d329,docs\documents-atlas-index.md#chunk-509,1,,0.752401,,,,0,2063
37cbb06e353cc2be,,1,19,1.087635,95,,,0,2064
37cfaed9cf82f0a1,,,12,1.05987,,,,0,2065
37d18f3d76f6dc51,,3,,0.940566,,,,0,2066
37d78d55f46d3701,,4,4,0.790888,12,,,0,2067
37e869ba0c1aaff6,,,11,1.059916,,,,0,2068
37f20f59892e7144,,,,0.687315,,,,0,2069
37f3a097af2a6585,,,4,0.947029,,,,0,2070
37f99447405e0ded,,6,19,0.958117,38,,,0,2071
37fbb2a0be29852e,,2,17,1.002394,9,,,0,2072
380843be83afb7eb,docs\documents-atlas-index.md#chunk-869,17,14,0.953981,54,,,0,2073
380fbae55e6f397f,,17,3,0.937873,25,,,0,2074
3816fd1e98e8ea72,,10,12,0.91984,28,,,0,2075
381b24c4451baa7f,,18,11,0.985515,40,,,0,2076
3825c285ce2b935a,,19,5,0.855402,196,,,0,2077
38269b997b9b5b2c,,16,4,0.809426,5,,,0,2078
382a823ca7db35bd,docs\documents-atlas-index.md#chunk-879,19,15,0.983327,77,,,0,2079
3834712239715d88,,9,17,0.773445,15,,,0,2080
384db96df9ed9772,,19,4,0.890285,58,,,0,2081
3855983dce20b814,,19,8,0.929057,183,,,0,2082
3856b36dface8a52,,19,4,0.971582,58,,,0,2083
38575d2edca5b743,,5,,0.915231,,,,0,2084
38605e4a4b4cc825,,19,7,0.905893,165,,,0,2085
38682b97b66f1016,,18,6,0.763891,26,,,0,2086
3878439e84a4eddd,,14,19,0.888455,121,,,0,2087
38786bc1272356ac,,16,14,0.902262,17,,,0,2088
388c9bd1a193607a,,11,5,0.882108,8,,,0,2089
38927c0c07922b7c,,9,15,0.875391,19,,,0,2090
389625f539617f13,,12,12,0.827585,14,,,0,2091
389c35223f3cc709,,19,6,0.854104,170,,,0,2092
38a502c621acc026,,18,10,0.997786,57,,,0,2093
38bd49e22bb4f94b,,,17,1.01166,,,,0,2094
38c08d14c321094a,,5,5,0.696055,11,,,0,2095
38c711bd5e8783c0,,,,0.980867,,,,0,2096
38cab0ffa7319ad5,,6,14,1.049599,11,,,0,2097
38cb766008fddc80,,6,,0.971032,,,,0,2098
38d537bfc4afc93e,,,6,1.084891,,,,0,2099
38d90262c3c609e8,,,4,0.941968,,,,0,2100
38e162bed543ae92,,,10,0.854643,,,,0,2101
38e9eaad9c1ca143,,,13,1.039888,,,,0,2102
39018f7576ff8e83,,19,2,0.864843,48,,,0,2103
39074bcf16f0cafe,,14,14,1.060747,30,,,0,2104
3907c506e019fcff,,9,18,0.895854,27,,,0,2105
390f754a9a371b28,,19,3,0.905502,52,,,0,2106
39108acd33ecf4d3,,18,11,1.006536,40,,,0,2107
39149169fdf2847f,,12,16,0.955151,30,,,0,2108
391a21e12b32c7e7,,19,12,0.888817,127,,,0,2109
3923e3ad5a072f0e,,8,19,0.818189,21,,,0,2110
3925249c6b28e45d,,19,9,0.908262,88,,,0,2111
3929ee5868d590b6,,11,12,0.98034,53,0.9900000000000001,,0,2112
3938621709094d3b,,9,18,0.772601,27,,,0,2113
3938a6b6d0a1ca9d,,9,14,0.909688,22,,,0,2114
393964b9cf443459,,17,9,0.865563,22,,,0,2115
394888d55d623291,,18,10,0.838216,57,,,0,2116
39580149ee9cac78,,19,6,0.869564,170,,,0,2117
395d1acbd25f980b,,13,6,1.002785,3,,,0,2118
39603ba82d5b2ed7,,19,1,0.937621,75,,,0,2119
3965098d63f23249,docs\documents-atlas-index.md#chunk-875,15,13,0.882916,2,,,0,2120
398cdaf20d117029,docs\documents-atlas-index.md#chunk-893,12,,0.991872,,,,0,2121
398d52aed2c30b7e,,14,16,1.001202,13,,,0,2122
398df4b3e0c06d57,,14,1,0.962122,8,,,0,2123
39902e5a4c79ce19,,,2,0.932763,,,,0,2124
3994d4979243c456,,6,16,0.831534,4,,,0,2125
39aa8a4f228b68d4,,4,,0.988513,,,,0,2126
39b3c79e8a576889,docs\documents-atlas-index.md#chunk-376,,,0.738929,,,,0,2127
39b64c0b0bdc1c04,docs\documents-atlas-index.md#chunk-1041,2,,0.890931,,,,0,2128
39b9adaa2f23b28d,,,15,0.944211,,,,0,2129
39ba0756cc36d17e,,4,6,0.908556,11,,,0,2130
39ce8372dfedb9b2,,10,,1.041821,,,,0,2131
39d2a653359d24bf,,6,19,0.8995,38,,,0,2132
39d6b93dc07feb29,docs\documents-atlas-index.md#chunk-277,,9,0.970833,,,,0,2133
39ea626b297fbee6,,,1,1.009738,,,,0,2134
39ec4c0aa09de61d,,6,4,0.977451,14,,,0,2135
39ed28c92f3100b2,,,3,1.031528,,,,0,2136
39f02e5820b561ea,,3,,0.942872,,,,0,2137
39fe2f0df9797890,docs\documents-atlas-index.md#chunk-591,5,3,0.734713,13,,,0,2138
3a09399b35577f91,,13,15,0.898209,41,,,0,2139
3a0d23dbada3370c,,16,10,1.076433,101,,,0,2140
3a10ae32d848d48c,,16,8,1.005366,9,,,0,2141
3a141f783018bb6b,,13,12,0.931735,22,,,0,2142
3a21070df9f41207,docs\documents-atlas-index.md#chunk-701,18,12,0.99404,53,,,0,2143
3a23ff8dceb1b820,docs\documents-atlas-index.md#chunk-806,12,,1.037512,,,,0,2144
3a24a4519532a5ac,,9,19,0.907632,70,,,0,2145
3a28c1cd78886643,,16,13,0.961899,18,,,0,2146
3a29eb3c89939dbd,,11,19,0.901605,37,,,0,2147
3a2a8c543ac20ca3,,15,,0.911138,,,,0,2148
3a30398cf6df1ba2,,19,1,1.015322,75,,,0,2149
3a37895ff055f7b0,,19,11,0.913701,51,,,0,2150
3a41c080a3d0a15d,,13,13,1.060374,35,,,0,2151
3a43d8cac37ffe1f,,17,9,1.099433,22,,,0,2152
3a44d6506db8432e,docs\documents-atlas-index.md#chunk-1062,8,19,0.925508,21,,,0,2153
3a47585baea96692,,16,9,0.964039,18,,,0,2154
3a5926a69e072da8,,15,16,0.913784,22,,,0,2155
3a5d1f2b79f08ef9,,19,18,1.064175,196,,,0,2156
3a640d5cf0938fe8,,13,10,1.019143,19,,,0,2157
3a6a1133bafe282c,,14,2,0.959302,7,,,0,2158
3a6be91ccdb1b6c0,docs\documents-atlas-index.md#chunk-146,12,,1.131478,,,,0,2159
3a6f6f7abd7c9235,,15,3,0.872927,6,,,0,2160
3a720a577b5d2e21,docs\documents-atlas-index.md#chunk-521,19,1,0.874964,75,,,0,2161
3a768bb76f984a46,,13,10,0.946794,19,,,0,2162
3a79ee77a87ca257,,18,6,0.833169,26,,,0,2163
3a7cdf3b0ff8fbf4,docs\documents-atlas-index.md#chunk-928,14,,1.123891,,,,0,2164
3a7cfc7b656bba64,,19,,0.959046,,,,0,2165
3a840896f6d18090,,18,12,0.898532,53,,,0,2166
3a84c6458641c743,,1,18,0.798766,30,,,0,2167
3a85026fe579b1a0,,19,11,0.844995,51,,,0,2168
3a88b58f05e3d100,,13,13,0.98593,35,,,0,2169
3a890bd9f647e6a7,,17,11,0.815643,76,,,0,2170
3a8ec76662871b96,,19,,0.864793,,,,0,2171
3a908cf37947f7e7,,17,13,0.806871,28,,,0,2172
3a919a2118e3acd8,,13,13,0.981986,35,,,0,2173
3a92cbe2b4206cf5,,19,,1.042189,,,,0,2174
3a932024d4e72781,,16,12,0.953638,12,,,0,2175
3a93945c31d43b60,,13,15,0.950179,41,,,0,2176
3a9d1bec34f52a12,,15,12,1.093004,14,,,0,2177
3aa9581078db9a8c,docs\documents-atlas-index.md#chunk-1197,6,,0.883562,,,,0,2178
3aae4aba7fe002c6,,4,,1.062013,,,,0,2179
3aaf56dfcac5e655,,,10,1.110549,,,,0,2180
3abcd7236dc97995,,10,,0.998539,,,,0,2181
3abe0152331aca33,,,1,1.036903,,,,0,2182
3ac345ea64b894da,,17,17,0.920635,51,,,0,2183
3acaadbdc905a7b8,,,10,1.042131,,,,0,2184
3ae38855994ca060,,,,0.836128,,,,0,2185
3ae47f9fef69b00a,,1,2,0.911693,6,,,0,2186
3ae6cdd49eee8838,,10,,0.973886,,,,0,2187
3aecf1526b0de9c5,,1,19,1.081816,95,,,0,2188
3aee19fa32f149d1,,17,15,1.058178,78,,,0,2189
3aeeef85d51f1430,,11,2,0.97185,6,,,0,2190
3aff02c4b200b8c9,,18,12,1.031004,53,,,0,2191
3b04185203b057ea,,17,17,0.795384,51,,,0,2192
3b06c8c8d4504c7e,docs\documents-atlas-index.md#chunk-987,7,18,0.942854,15,,,0,2193
3b191c1026fda9c0,,19,12,1.006247,127,,,0,2194
3b1debee3f51fd7a,,2,19,1.114518,29,,,0,2195
3b22623069c73a18,,13,13,0.946039,35,,,0,2196
3b24f46c69ac3cc9,,13,19,0.976881,52,,,0,2197
3b265f16a6da1d98,,15,,0.900859,,,,0,2198
3b33685820cfce0d,,16,15,0.995706,43,,,0,2199
3b33e0592d305896,,5,19,0.855623,21,,,0,2200
3b346b1e43920d45,,11,12,0.953059,53,0.9900000000000001,,0,2201
3b376c7166c9447e,,16,15,0.880299,43,,,0,2202
3b3af14680c77a9b,,12,16,0.935318,30,,,0,2203
3b411f6fdd61fca0,,16,10,1.102494,101,,,0,2204
3b43e99990ce3995,,19,3,0.892383,52,,,0,2205
3b5095b6ff1c5352,,18,7,0.888399,19,,,0,2206
3b575d3937d9d3d2,,19,12,0.980163,127,,,0,2207
3b58c85902885be4,,9,18,0.856815,27,,,0,2208
3b6e01fe283824e3,docs\documents-atlas-index.md#chunk-298,17,15,0.892877,78,,,0,2209
3b720aa2b121efd6,docs\documents-atlas-index.md#chunk-1150,17,11,0.891103,76,,,0,2210
3b7853045d6fc45b,,19,8,1.005794,183,,,0,2211
3b8885f2c4043255,,17,11,0.88777,76,,,0,2212
3b97be7c9bb23915,docs\documents-atlas-index.md#chunk-48,8,,0.936274,,,,0,2213
3b9daa5f1443a446,docs\documents-atlas-index.md#chunk-1210,16,10,1.024562,101,,,0,2214
3ba039274ad2fe78,,,1,0.881432,,,,0,2215
3ba0933ddce2d03b,,,2,1.015626,,,,0,2216
3ba2a1eb14152756,,,19,0.953602,,,,0,2217
3ba36da39e8c42fa,,17,15,1.121701,78,,,0,2218
3baec056127416a3,,,19,0.949094,,,,0,2219
3baf8e1990c043d2,,6,,1.021918,,,,0,2220
3bb111e327c029ae,,17,17,0.874872,51,,,0,2221
3bc3f3701a55f163,,,17,0.788808,,,,0,2222
3bcd8bb6406e9fc8,,19,,1.000897,,,,0,2223
3bd3b222cb61921b,,2,18,0.845715,14,,,0,2224
3bdebb0534b40207,,6,,0.961293,,,,0,2225
3be3e39edcdd69e6,,,,1.13355,,,,0,2226
3be58b456f938d7c,,,18,0.850145,,,,0,2227
3bedd4b21093952c,,,19,0.913799,,,,0,2228
3bf4c08473970610,,,19,0.857577,,,,0,2229
3bf96c646c2cddee,docs\documents-atlas-index.md#chunk-1152,1,,1.058655,,,,0,2230
3c02f5f9afebc6e1,docs\documents-atlas-index.md#chunk-568,19,9,1.058738,88,,,0,2231
3c08fd154c21efbb,,5,19,1.010721,21,,,0,2232
3c0c4ad769d7417c,,18,15,0.932302,24,,,0,2233
3c12f2e52ede7b8b,,8,19,1.068032,21,,,0,2234
3c1ab1e4013b67f3,,19,,0.990924,,,,0,2235
3c2ae0ee2b5c9134,,19,5,1.083179,196,,,0,2236
3c2f49d122d12483,,18,15,0.975437,24,,,0,2237
3c30e08687275bd4,,9,18,0.812666,27,,,0,2238
3c375e73b0ab6713,,15,2,0.888637,3,,,0,2239
3c3984b88f74ee98,,,16,0.920535,,,,0,2240
3c399e8372c11f29,docs\documents-atlas-index.md#chunk-465,11,11,0.933934,14,,,0,2241
3c3f06807df533a0,,18,15,0.989633,24,,,0,2242
3c407fec83d6f1e1,,18,13,1.046325,53,,,0,2243
3c477ebc8f3a5e7b,,19,1,1.057194,75,,,0,2244
3c4fabdb4618aed2,,19,,1.123349,,,,0,2245
3c501dcc615802f8,,17,15,0.960153,78,,,0,2246
3c5a78f82ad14b05,docs\documents-atlas-index.md#chunk-1200,14,13,0.974547,13,,,0,2247
3c67c22dc6ee3a46,,19,1,0.98849,75,,,0,2248
3c6a66105297f87e,,19,14,0.885268,76,,,0,2249
3c737233b967ad98,,19,10,0.847371,64,,,0,2250
3c79dedf1d34a989,,,15,1.023507,,,,0,2251
3c7c6c340c92a994,docs\documents-atlas-index.md#chunk-51,16,10,0.952346,101,,,0,2252
3c8fa7c6209c7a90,,19,,0.887492,,,,0,2253
3c91367720482b40,,13,14,0.923696,20,,,0,2254
3c9baf58f122007d,,11,1,0.932487,6,,,0,2255
3ca80d63456e3678,,1,,0.83093,,,,0,2256
3caf4947f75e5915,docs\documents-atlas-index.md#chunk-472,7,2,0.912966,13,,,0,2257
3cbd8c024eb26931,docs\documents-atlas-index.md#chunk-3,3,,0.885455,,,,0,2258
3cbe7172e53e0555,,8,2,0.957073,8,,,0,2259
3cc6db48b12b079a,,9,1,0.929745,14,,,0,2260
3cc7fb47b033c807,docs\documents-atlas-index.md#chunk-1017,2,10,0.839275,27,,,0,2261
3ccee64f2bbf87c5,,13,,1.154825,,,,0,2262
3ceb4f966e8a8cc9,docs\documents-atlas-index.md#chunk-1101,16,,0.923065,,,,0,2263
3cec653ba1a54d0e,,8,5,1.006819,11,,,0,2264
3ced0d87ab6688e5,,5,1,0.960403,15,,,0,2265
3cf089b7bc74e5d9,,,10,0.965155,,,,0,2266
3cffefa9d78a2ac3,,16,,0.946628,,,,0,2267
3d03ef9d67129c70,docs\documents-atlas-index.md#chunk-260,8,14,0.980279,18,,,0,2268
3d059f5a4e4db1e7,,18,8,1.01208,18,,,0,2269
3d10723d2673cdc1,,14,15,0.936292,11,,,0,2270
3d19769270d59db4,,17,17,0.810169,51,,,0,2271
3d24c154cfd4a8bf,,13,17,1.045689,13,,,0,2272
3d35cd8f8217d880,,17,10,0.999309,30,,,0,2273
3d38963e984bf855,,19,8,0.843293,183,,,0,2274
3d40bad0ff07c92a,docs\documents-atlas-index.md#chunk-844,3,13,1.053378,8,,,0,2275
3d4304db62900145,docs\documents-atlas-index.md#chunk-1158,17,14,0.908287,54,,,0,2276
3d585bc684a245d6,,18,15,0.861487,24,,,0,2277
3d600e25ecb265c1,,10,,1.064923,,,,0,2278
3d698851ba272472,,16,8,0.901592,9,,,0,2279
3d7405c86e7f958b,,17,15,0.93261,78,,,0,2280
3d8324f85219a04d,docs\documents-atlas-index.md#chunk-374,18,14,0.811529,36,,,0,2281
3d84d0d852deaec0,,15,14,1.076002,18,,,0,2282
3d9128683ea5656c,,17,17,0.856264,51,,,0,2283
3d914115175f598b,,16,15,0.879283,43,,,0,2284
3da96a9d5d046469,,1,,0.775258,,,,0,2285
3dac83eda877f319,docs\documents-atlas-index.md#chunk-739,,9,0.999102,,,,0,2286
3daffdfa82c779ab,,12,,1.186494,,,,0,2287
3db52fe6a07653ea,docs\documents-atlas-index.md#chunk-30,6,7,1.023094,8,,,0,2288
3db76e83b53f5cd5,docs\documents-atlas-index.md#chunk-111,19,,0.965768,,,,0,2289
3dc0db8e90a751b5,,3,,1.085398,,,,0,2290
3dc1b902b490e235,,,13,0.877563,,,,0,2291
3dc56c72a323e7db,,2,7,0.983532,6,,,0,2292
3dcbe8a1aa2024d1,,,15,1.067879,,,,0,2293
3dcc374c5a8039b6,,,,0.924465,,,,0,2294
3dcc7f3ca78d0adc,docs\documents-atlas-index.md#chunk-787,10,2,1.086196,14,,,0,2295
3dcd1df2fdb5fbb4,,12,,1.033402,,,,0,2296
3dd585278ac21ef1,,,,0.979516,,,,0,2297
3ddacc7eeb74c8f6,,10,,1.055211,,,,0,2298
3ddadcc0ee709808,docs\documents-atlas-index.md#chunk-700,11,,0.955763,,,,0,2299
3ddd51265e0e961b,,2,,1.033867,,,,0,2300
3de06eaeb65e00e8,,2,1,1.172341,17,,,0,2301
3de1255d417191dc,,17,17,0.962884,51,,,0,2302
3de32259fceac8b3,,,,1.045549,,,,0,2303
3df15f1aac6f354f,,1,,1.009954,,,,0,2304
3df4eae1ced72d79,,11,,0.949391,,,,0,2305
3e047055ac0c0853,docs\documents-atlas-index.md#chunk-1004,19,4,0.89052,58,,,0,2306
3e071c74fa6d3189,,16,5,0.816542,2,,,0,2307
3e0c09ead8996b0a,,17,14,0.98024,54,,,0,2308
3e0e08b107e1c9e1,,19,14,0.903906,76,,,0,2309
3e0f7f163d3c0c8c,,17,,0.873382,,,,0,2310
3e18c88c56f9d2a3,,15,15,1.024875,13,,,0,2311
3e1b307446ce1270,,19,,0.978998,,,,0,2312
3e1f5b8041cc48ac,,18,16,0.976643,49,,,0,2313
3e2148cb47eb1991,,17,14,1.017894,54,,,0,2314
3e218102f80cc918,,19,8,0.910873,183,,,0,2315
3e29cb11a80977bd,,16,2,0.988678,4,,,0,2316
3e2e8b0c683b4671,,19,,0.932182,,,,0,2317
3e357c548a436e66,,15,4,0.909308,4,,,0,2318
3e382b50c12ec488,docs\documents-atlas-index.md#chunk-729,17,8,0.878166,14,,,0,2319
3e436980d2fdd2f4,,19,12,0.9794,127,,,0,2320
3e4eed81e41fb8ef,,19,,0.989479,,,,0,2321
3e64dc181345fea4,docs\documents-atlas-index.md#chunk-385,8,14,0.964297,18,,,0,2322
3e6f19cc593080d2,,18,14,0.88234,36,,,0,2323
3ea0a715c17a06c0,docs\documents-atlas-index.md#chunk-467,19,3,1.077368,52,,,0,2324
3ea4a50a0e570d03,,4,18,0.921529,6,,,0,2325
3ea7f37b31a882a4,,,19,0.988735,,,,0,2326
3ebb8b373a9445c4,docs\documents-atlas-index.md#chunk-931,2,,0.905978,,,,0,2327
3ebcbdd5319e126c,docs\documents-atlas-index.md#chunk-909,12,,1.067718,,,,0,2328
3ebd808041d20a0a,,,19,1.032634,,,,0,2329
3ec430c0ac4d3792,,,6,1.08935,,,,0,2330
3ecbcb2442f3c808,,,13,1.098396,,,,0,2331
3ed4bb4e36e7b50c,,1,17,1.024119,24,,,0,2332
3edba55759547dc1,,,19,0.929788,,,,0,2333
3edc2295781830de,,17,17,0.996246,51,,,0,2334
3ef13a3e12790bc1,,,,0.991458,,,,0,2335
3ef30f3dff53e8d4,,,2,0.990961,,,,0,2336
3ef3808ebc5a0d51,docs\documents-atlas-index.md#chunk-282,1,,0.99562,,,,0,2337
3f07ef7207752902,,8,14,0.982453,18,,,0,2338
3f0c169fed130d47,,14,4,1.059701,3,,,0,2339
3f1784f72fef1d2f,docs\documents-atlas-index.md#chunk-134,16,15,1.036985,43,,,0,2340
3f1bb7b3fda25d89,,13,,0.877594,,,,0,2341
3f272c729770e5f0,,19,12,0.8855,127,,,0,2342
3f2e0349afbffd1a,,15,1,1.025005,6,,,0,2343
3f36853383bce090,,19,12,0.898133,127,,,0,2344
3f370e8e385c274c,docs\documents-atlas-index.md#chunk-914,17,15,1.036626,78,,,0,2345
3f38e370f9685b23,,18,2,0.891278,2,,,0,2346
3f3c4c71b3b5a085,,16,10,0.94309,101,,,0,2347
3f3fb54f8f239b29,,8,17,1.040595,12,,,0,2348
3f454952bfb27f18,,12,7,0.93312,7,,,0,2349
3f4ca05853f7ed2f,docs\ARCHITECTURE_GUIDE_V1.md#chunk-2,11,15,1.05781,26,,,0,2350
3f4de27aecc00951,,12,,1.034779,,,,0,2351
3f564a95c0fd2b21,,17,,0.839659,,,,0,2352
3f5c3efcd855010b,docs\documents-atlas-index.md#chunk-620,16,10,1.035377,101,,,0,2353
3f63a979fe83432c,,4,19,0.916731,25,,,0,2354
3f7d4f74fee2cebe,,12,,0.996314,,,,0,2355
3f7f6815ce0b825d,,16,3,0.913462,4,,,0,2356
3f8172b35a59d086,,17,11,0.923035,76,,,0,2357
3f819b43aa72b1e3,,17,10,0.986813,30,,,0,2358
3f828f1a0122dae9,,17,13,1.045086,28,,,0,2359
3f904011a0a713e1,,18,14,1.022472,36,,,0,2360
3f96da0aff16fa17,docs\documents-atlas-index.md#chunk-1160,3,11,1.001431,7,,,0,2361
3fa7067568ed1539,,,,0.90541,,,,0,2362
3fb2c04b01df9c2e,,3,18,1.031646,14,,,0,2363
3fb38a047382cb35,,2,9,0.8065,22,,,0,2364
3fc2bbaa2300f905,,,13,0.98954,,,,0,2365
3fc94d4f1b674d70,,1,,0.826366,,,,0,2366
3fd8ae3a2a7f6291,,1,,0.96819,,,,0,2367
3fd8e0b5be304331,,1,16,0.976973,15,,,0,2368
3fda55ee114eb951,,18,12,1.117412,53,,,0,2369
3fe9fb641d911725,,1,,0.873062,,,,0,2370
3fff4c69a42d46ea,docs\documents-atlas-index.md#chunk-610,10,2,1.012485,14,,,0,2371
400936d9d57f4c9e,,17,7,0.916552,7,,,0,2372
400ad4dec7f64e15,,11,12,1.052169,53,0.9900000000000001,,0,2373
4010198257d64ab8,,13,15,0.857885,41,,,0,2374
402b949c7e7dd1a4,,19,8,0.960707,183,,,0,2375
4043e3ec2c29ac1f,,7,19,0.870306,15,,,0,2376
4047443f403f9eca,,12,19,0.912252,84,,,0,2377
4048df4587374300,,18,6,0.876881,26,,,0,2378
40519560372db126,,19,7,0.844316,165,,,0,2379
4059243990b7a557,,19,11,0.891938,51,,,0,2380
405c24ef6e2ba059,,19,9,0.937601,88,,,0,2381
405cae73882e587a,,17,3,0.901909,25,,,0,2382
4065bff5a8875bd1,,9,12,0.935871,28,,,0,2383
406bb05fccb078d3,docs\documents-atlas-index.md#chunk-1271,11,18,1.08411,30,,,0,2384
406e74d78cda6bd6,,17,,0.979367,,,,0,2385
4070e2e0c58d09b2,,19,5,0.943898,196,,,0,2386
4074daf533ddd3cb,,19,7,1.078656,165,,,0,2387
4088a55e0f3e923a,,9,19,0.943031,70,,,0,2388
408958cceac8fa18,,14,10,0.932181,9,,,0,2389
408f8089ff17f648,,19,8,0.859179,183,,,0,2390
4090dc1f9727f22f,docs\documents-atlas-index.md#chunk-710,8,15,0.981846,4,,,0,2391
40994b91c1bd1f1b,,12,5,0.833603,5,,,0,2392
40a00e91025a0eb6,,,,0.997638,,,,0,2393
40a0893a2c12d9a9,,,,0.850658,,,,0,2394
40af1502644b420a,docs\documents-atlas-index.md#chunk-1249,4,1,0.988727,11,,,0,2395
40b1f0a79c7418c3,,2,18,0.96389,14,,,0,2396
40b337176916f316,,,3,0.78181,,,,0,2397
40b52266bad4cec8,,,5,0.975313,,,,0,2398
40ba24b3f8fdddd8,,14,7,1.082751,6,,,0,2399
40c4486acc58ccde,docs\documents-atlas-index.md#chunk-809,,7,0.942497,,,,0,2400
40db9533a5b24949,,6,3,0.806294,10,,,0,2401
40defd9e64852aaf,,7,4,0.992879,7,,,0,2402
40e0f31757cd7870,,,,0.986682,,,,0,2403
40e1d6132f0a7fb2,,6,19,1.066429,38,,,0,2404
40ef3b056c775d76,,5,1,0.747211,15,,,0,2405
40fa162f05604a6c,,5,3,0.979524,13,,,0,2406
40ffcca0de2af4b8,,12,,1.115272,,,,0,2407
410395cbdbdf556b,,19,7,1.036689,165,,,0,2408
4114f6b4b5939643,,18,7,0.851072,19,,,0,2409
411805d563cf9e7c,,15,14,1.028217,18,,,0,2410
411db8b8e88ea8a2,,19,6,0.924753,170,,,0,2411
41280629c679af89,,13,9,0.824564,6,,,0,2412
41288d7b03178058,docs\documents-atlas-index.md#chunk-529,3,1,0.900656,14,,,0,2413
4129e98a104cf427,,19,6,0.935582,170,,,0,2414
412bd1dc7f8fe39e,,19,6,1.07383,170,,,0,2415
41302748262c8ca4,,19,7,0.918343,165,,,0,2416
413fddfa9756431c,,13,7,1.020319,3,,,0,2417
41426c3f653844a2,,,,0.922458,,,,0,2418
41534ee2dabd6e5a,,13,3,0.99474,5,,,0,2419
4153c403b00dee88,,19,6,0.899733,170,,,0,2420
416465164f0f96cd,,19,6,0.901262,170,,,0,2421
416bfc2940fd5736,,17,1,0.941888,4,,,0,2422
41726319b6156676,,19,8,0.806272,183,,,0,2423
4172eaf802a37cee,,10,17,0.962155,23,,,0,2424
417cc6f0727f8a6f,,19,,0.896468,,,,0,2425
4181a98b9aa8038d,,9,19,0.822921,70,,,0,2426
41869e6ec50dc9fc,,19,8,1.019947,183,,,0,2427
41956dda4bb5812e,,15,10,1.043844,14,,,0,2428
419a1962711cc205,docs\documents-atlas-index.md#chunk-190,19,8,0.865094,183,,,0,2429
419fee1418b07c0d,,9,3,0.970925,6,,,0,2430
41a2d76164fb706b,,,,1.020371,,,,0,2431
41a524808fc545c3,,,,0.85829,,,,0,2432
41ae090a72404519,,3,1,0.866064,14,,,0,2433
41b5089a6d14a42a,,,2,0.834478,,,,0,2434
41bd7e91b46fabeb,,9,5,0.952874,6,,,0,2435
41bde443e4527d13,,7,7,0.915051,7,,,0,2436
41bf81d1abe906b5,,10,1,1.035485,5,,,0,2437
41d6bd813674efc5,,,12,0.855836,,,,0,2438
41d7941b4370a0f3,,,1,0.914055,,,,0,2439
41e30dc8bc95fe7a,,1,9,0.847085,15,,,0,2440
41e59ed66e5f1497,,,,0.89058,,,,0,2441
41f1f5f4528516b7,,6,19,0.919845,38,,,0,2442
41fd988c8092375b,,4,3,0.925552,2,,,0,2443
4201f998ab0d2e10,,19,4,0.82867,58,,,0,2444
420c8062532e9198,,19,6,0.829312,170,,,0,2445
420d60abe2a6c531,,18,11,0.975447,40,,,0,2446
42190cdcd40fcc7d,docs\documents-atlas-index.md#chunk-1129,15,9,1.049507,23,,,0,2447
422ed1bb38c27e65,,12,15,0.961744,22,,,0,2448
4234d06b78cbbb28,,11,13,0.981205,19,,,0,2449
423bad7330150ef3,,19,,0.919611,,,,0,2450
4240be67e099a08c,,10,11,0.967293,28,,,0,2451
424144866bac7aae,,12,18,0.967266,17,,,0,2452
42451f16aad10655,,8,,0.863921,,,,0,2453
424d10e46b959488,,17,10,0.909595,30,,,0,2454
4252a09157c7f341,,11,13,0.979563,19,,,0,2455
425badd5fc14c51c,docs\documents-atlas-index.md#chunk-996,12,1,0.99332,8,,,0,2456
4267b6a6fe020b6d,,7,19,0.886288,15,,,0,2457
4269b24d7f4d473d,,19,5,0.920004,196,,,0,2458
426d549ca51c7d49,docs\documents-atlas-index.md#chunk-42,19,4,0.860993,58,,,0,2459
426ff832dd5c91df,docs\documents-atlas-index.md#chunk-1261,17,3,0.925553,25,,,0,2460
427a43784b76b81f,docs\documents-atlas-index.md#chunk-910,16,10,0.899574,101,,,0,2461
427b2005140d5041,,19,6,0.950965,170,,,0,2462
4280880f6dda8dfc,,12,19,0.981479,84,,,0,2463
428783bfba56a2a4,,19,10,0.959888,64,,,0,2464
42994d0b950932a0,,,,0.981704,,,,0,2465
429e16a482133b76,,13,10,0.863846,19,,,0,2466
42ad37da96f45d67,,6,3,0.986195,10,,,0,2467
42c309bf435cdc7b,,,11,1.04228,,,,0,2468
42c5da121d04ddd8,docs\documents-atlas-index.md#chunk-409,,15,0.972177,,,,0,2469
42ca8b7e00cc082b,,5,,0.939522,,,,0,2470
42d1d4e0e7989d12,,,12,0.811639,,,,0,2471
42d2b628f56e1a91,,8,9,0.90018,3,,,0,2472
42e4bba6c9019fc2,,,10,0.905213,,,,0,2473
42ee4d726aaaf55e,docs\documents-atlas-index.md#chunk-1306,6,,0.983451,,,,0,2474
431fd1508ccdebe5,docs\documents-atlas-index.md#chunk-138,18,1,1.015446,11,,,0,2475
43257f6266bc013e,,15,6,0.979412,6,,,0,2476
432b01bc475fb779,,18,11,0.886499,40,,,0,2477
432d9b829e0e453f,docs\documents-atlas-index.md#chunk-468,17,4,0.870952,2,,,0,2478
433f3a5f24e2e27a,,14,11,1.009698,8,,,0,2479
4349b753267c2662,,19,5,0.739856,196,,,0,2480
435aceaa585e2a42,docs\documents-atlas-index.md#chunk-990,19,,0.910873,,,,0,2481
435d5a42008235ad,,17,13,0.959116,28,,,0,2482
4366de2660aef438,,19,5,0.921872,196,,,0,2483
43797da21da81291,docs\documents-atlas-index.md#chunk-38,6,,0.953917,,,,0,2484
4381ad3a6b89a2fd,,9,19,0.971309,70,,,0,2485
4381e4fcea17ec2f,,6,17,0.979669,5,,,0,2486
438311028babc4a3,,19,8,0.964622,183,,,0,2487
438385f1878d42c5,docs\documents-atlas-index.md#chunk-534,18,12,0.871899,53,,,0,2488
43876ebab47b3253,,19,7,0.875343,165,,,0,2489
4389a6464979acee,,9,19,0.723612,70,,,0,2490
438c1382b12762e3,docs\documents-atlas-index.md#chunk-1182,19,10,0.932251,64,,,0,2491
439230e32acb9dab,docs\documents-atlas-index.md#chunk-643,14,17,1.022868,7,,,0,2492
439ab3ef290263bb,docs\documents-atlas-index.md#chunk-1312,10,19,0.964902,49,,,0,2493
439d91b7d22d8a44,,19,2,0.852949,48,,,0,2494
43aa32750fb7bcea,,1,19,1.004825,95,,,0,2495
43b4a05aecb16a8a,docs\documents-atlas-index.md#chunk-1105,7,17,0.912221,13,,,0,2496
43b7ff3f4ac17cb7,,4,,1.048388,,,,0,2497
43bbb94cbdc515da,,10,,1.000093,,,,0,2498
43c2b9d611ef94d3,docs\documents-atlas-index.md#chunk-921,19,7,1.10237,165,,,0,2499
43ce8953f37fb72e,docs\documents-atlas-index.md#chunk-662,7,5,0.941941,11,,,0,2500
43db4e657859e4e7,,,1,0.855179,,,,0,2501
43e502c02c465a82,,,14,0.931114,,,,0,2502
43e68e7454910b51,,3,4,0.760706,7,,,0,2503
43f6a3b63efc367e,,,19,1.015339,,,,0,2504
4402d8ba00634341,docs\documents-atlas-index.md#chunk-171,10,16,0.991318,18,,,0,2505
440e30099f328504,,18,7,0.920599,19,,,0,2506
4416effc7d9aecf3,,19,5,1.049843,196,,,0,2507
4421da53fa0d7f67,,18,4,0.827458,17,,,0,2508
4426cefac74487a2,,18,6,1.002569,26,,,0,2509
442c846e7ed48ae1,,14,19,1.025244,121,,,0,2510
4433cc4918d1ec47,,9,12,0.865861,28,,,0,2511
4433dad3f1c66174,,13,8,1.004121,11,,,0,2512
4436b4d2aa5793ef,,9,19,0.924696,70,,,0,2513
443f7fafa31bad16,,15,8,0.961079,16,,,0,2514
443f906df3580b71,docs\KARPATHY_PIPELINE_ARCHITECTURE.md#chunk-2,13,8,0.935743,11,,,0,2515
4441f49cccd6292b,,9,19,0.940593,70,,,0,2516
444aae80e3fe8b9d,,14,1,0.785122,8,,,0,2517
444d139dda271287,,17,9,0.938313,22,,,0,2518
4450cfa11e2588f7,,19,5,1.006488,196,,,0,2519
4452006a149696b7,docs\documents-atlas-index.md#chunk-1099,15,15,0.819669,13,,,0,2520
4457a043abc4f07e,,7,17,0.986972,13,,,0,2521
4457e09fc9475640,,9,17,0.888023,15,,,0,2522
445e10cb101628ed,,16,16,0.963629,16,,,0,2523
44637be50a106d94,,8,12,0.933811,14,,,0,2524
446f52c01822d941,,18,11,0.896155,40,,,0,2525
4478e7965b7141e3,,9,19,0.8369,70,,,0,2526
447d99c99a200624,docs\documents-atlas-index.md#chunk-670,17,10,0.884608,30,,,0,2527
4480a2bcfd496811,,18,7,1.02298,19,,,0,2528
44832fee921d5824,,18,9,0.879027,17,,,0,2529
4485476fd7bd3633,,19,7,0.886847,165,,,0,2530
4487a95f87f6a7aa,docs\documents-atlas-index.md#chunk-550,12,18,0.849394,17,,,0,2531
448ce736f999cda8,docs\documents-atlas-index.md#chunk-587,18,2,0.872014,2,,,0,2532
449f303058dcab07,,19,2,0.978784,48,,,0,2533
44acef4e1ce844a4,,4,,1.044702,,,,0,2534
44afd211261a445f,,,19,0.970368,,,,0,2535
44bb1511e099732a,,7,5,0.81877,11,,,0,2536
44c2d88ec8c6f277,,,7,0.989902,,,,0,2537
44c5bd4f468d7f4b,,8,10,0.977202,3,,,0,2538
44cb277be5e34b77,,6,3,0.892362,10,,,0,2539
44d03c42d546e33f,docs\documents-atlas-index.md#chunk-746,3,7,0.8311,10,,,0,2540
44d503662114ca19,,,11,0.852675,,,,0,2541
44dfcc4b47b311ef,docs\documents-atlas-index.md#chunk-766,6,1,1.093708,19,,,0,2542
44e44b6be8718e35,,4,6,0.712919,11,,,0,2543
44fbf69fd2d687a1,,6,1,1.05405,19,,,0,2544
44fdb3202f5f9786,,,,0.986548,,,,0,2545
450e8ab8dbbe3ff7,,15,,0.857825,,,,0,2546
4513b1609783370c,,8,18,0.767349,19,,,0,2547
45142b8f01b61bd6,,13,15,0.975738,41,,,0,2548
451865e779a286f1,,16,14,0.770274,17,,,0,2549
451b299ec6357829,,17,9,0.876904,22,,,0,2550
452155daaae27238,,17,10,1.004955,30,,,0,2551
452234f202d0b773,,18,12,0.879069,53,,,0,2552
45225ce715b8d059,,17,11,0.933127,76,,,0,2553
452b07cf818d1ba4,,19,,0.959763,,,,0,2554
4532ec16b6f2907a,,11,10,0.908152,14,,,0,2555
4539ea33d02601ce,,10,18,0.958218,28,,,0,2556
453cf5c6de26eb3b,docs\documents-atlas-index.md#chunk-1318,13,4,1.025031,3,,,0,2557
4540c97ccaa061d3,,10,18,1.007937,28,,,0,2558
45421f9f9d6320df,,11,19,1.018687,37,,,0,2559
45427998d4c492f3,docs\documents-atlas-index.md#chunk-1169,19,10,0.85117,64,,,0,2560
4545692e71019a23,,10,14,0.871781,36,,,0,2561
454dad71f19dd347,docs\documents-atlas-index.md#chunk-859,18,5,0.801337,12,,,0,2562
455ed4c87c044144,,18,7,1.002433,19,,,0,2563
4560eec3782519c3,,18,6,0.955264,26,,,0,2564
456634422e08f317,,19,9,0.8839,88,,,0,2565
45674de77bba6e75,,16,4,0.887107,5,,,0,2566
4567c65590f09cc6,,11,18,0.809162,30,,,0,2567
45730b84d0223661,,4,4,0.908585,12,,,0,2568
457d2b926b454622,,5,1,0.811288,15,,,0,2569
4581e4612a964ad5,,8,19,0.803114,21,,,0,2570
4585e8fd3db590d1,,11,18,0.988518,30,,,0,2571
459bdadfd2e80c51,,12,,0.978301,,,,0,2572
459db024cbf6ff74,,12,,1.000724,,,,0,2573
459fbe57adb41677,,12,,0.729128,,,,0,2574
45ae0ee2d5f0431e,,8,4,0.907037,7,,,0,2575
45ae82da60ba0806,,6,,1.057976,,,,0,2576
45b490964270620a,,3,19,0.811262,24,,,0,2577
45baec734558995b,,6,4,0.842208,14,,,0,2578
45c1fc738db3891f,,5,,0.887659,,,,0,2579
45c25f7316a9a0ba,docs\documents-atlas-index.md#chunk-924,,,0.984707,,,,0,2580
45c5236292af1c9d,docs\documents-atlas-index.md#chunk-2,10,8,1.011858,27,,,0,2581
45c5eab1934da589,,,12,0.892791,,,,0,2582
45d8ea223ee43ecf,,7,17,1.014815,13,,,0,2583
45deb505985ecc35,docs\documents-atlas-index.md#chunk-1093,,15,0.953858,,,,0,2584
45e6f6f715b695d7,,,19,1.010701,,,,0,2585
46031e4864991682,,18,8,0.797875,18,,,0,2586
460646a9f162cd7d,,15,11,0.871998,13,,,0,2587
46083452b20c0eb8,,19,2,0.810462,48,,,0,2588
461587f46253f264,,18,12,0.769465,53,,,0,2589
461ce0e9706d39bf,,19,4,0.999279,58,,,0,2590
461f4c7d61533ab9,,14,12,0.987311,21,,,0,2591
46342340e02dea33,docs\documents-atlas-index.md#chunk-120,19,8,0.853454,183,,,0,2592
4637824564ebc105,docs\documents-atlas-index.md#chunk-733,19,8,0.854716,183,,,0,2593
463bc646d3c209a7,,14,2,0.915821,7,,,0,2594
4643e3b6e7c0946f,,10,18,0.942172,28,,,0,2595
464d7512bb8a9d86,,19,1,0.717781,75,,,0,2596
464e3ed17c29056f,,15,9,0.985046,23,,,0,2597
4651c885d8ad9f38,docs\ARCHITECTURE_GUIDE_V2_ENHANCED_BITS_INTEGRATION.md#chunk-1,19,4,0.791222,58,,,0,2598
46523a2355570016,docs\CODEBASE_DIRECTORY_MAP.md#chunk-31,,,0.82596,,,,0,2599
46534d65d47c76dc,,19,7,0.855365,165,,,0,2600
465a86b53fee7563,docs\documents-atlas-index.md#chunk-953,18,5,0.996947,12,,,0,2601
4660761fc6c3a2d9,,19,11,0.949307,51,,,0,2602
4664d336a7ecaf07,,19,6,0.879327,170,,,0,2603
466ff0a40ecacde8,,17,,1.010641,,,,0,2604
46788f4a20aae269,,19,8,0.962522,183,,,0,2605
46790807e75bd4b1,,19,8,0.833894,183,,,0,2606
468178ef25dfebe8,,19,12,1.063708,127,,,0,2607
4685baf2ba3ad171,,19,5,0.901171,196,,,0,2608
4686b5523b7a99af,docs\documents-atlas-index.md#chunk-748,9,19,0.880472,70,,,0,2609
46908a243f025602,,,,0.829941,,,,0,2610
46952292f4c33f65,,11,9,0.865798,7,,,0,2611
469937f9a0a3c428,docs\documents-atlas-index.md#chunk-676,17,11,0.814693,76,,,0,2612
469d45bb2a1f27ea,,16,16,1.010908,16,,,0,2613
46a419ede3d37a54,,,7,0.96751,,,,0,2614
46a44fadbf611c41,,2,8,0.859891,8,,,0,2615
46ac1cf12a75a16f,,3,4,1.038307,7,,,0,2616
46ad715434e73a19,,6,2,0.884598,7,,,0,2617
46ae248a2c40d5d3,docs\documents-atlas-index.md#chunk-576,,1,0.943848,,,,0,2618
46b4073ad289b8a8,,,5,0.856545,,,,0,2619
46b57cf6f28f8007,docs\CODEBASE_DIRECTORY_MAP.md#chunk-12,5,5,0.928536,11,,,0,2620
46bc8c8437b134ea,,6,1,0.937326,19,,,0,2621
46c224ba8c53bfcc,,5,17,0.962964,5,,,0,2622
46cc791fe9292846,,3,3,0.827758,9,,,0,2623
46d7484a6931d120,docs\documents-atlas-index.md#chunk-603,,3,0.798297,,,,0,2624
46e004acea08df3b,,,10,0.905824,,,,0,2625
46e9d6213fa0ed86,,1,16,0.833465,15,,,0,2626
46ed426585e736b0,docs\documents-atlas-index.md#chunk-455,4,,0.961185,,,,0,2627
46ef5dba2166d3cd,,17,13,1.088986,28,,,0,2628
46f8804c67ad25be,docs\documents-atlas-index.md#chunk-1085,,,1.026253,,,,0,2629
46fed3821e9f3a21,,18,,1.006642,,,,0,2630
4703df81f226eb80,,8,11,0.930078,2,,,0,2631
4707fac10826f2c7,,18,10,0.97691,57,,,0,2632
4712595380d7ebe7,,13,13,0.882838,35,,,0,2633
471f8f3965b67b8a,,11,5,0.861249,8,,,0,2634
4726a84ed4391954,,19,7,0.86608,165,,,0,2635
4732f713a7a6906d,,9,17,0.939992,15,,,0,2636
4734525ac348501a,,19,8,0.934258,183,,,0,2637
4734897036a10f77,,12,14,0.806488,60,,,0,2638
4743bfa5f1a17b0e,,10,11,0.964784,28,,,0,2639
474e6afa1ad9cc0e,,13,10,1.050543,19,,,0,2640
476c9470f21d29e8,docs\documents-atlas-index.md#chunk-136,19,2,0.862885,48,,,0,2641
476d02cecb45b46d,,16,10,0.967862,101,,,0,2642
4775f75ee6803009,,9,17,0.969336,15,,,0,2643
477a4d9d330e9bb6,,19,,0.882375,,,,0,2644
477b2fe311b106c0,,17,13,0.999673,28,,,0,2645
478babde00029002,,16,10,1.03491,101,,,0,2646
478e832cc954f2e0,,19,10,0.939523,64,,,0,2647
479684c9f4036d52,,12,10,0.829424,7,,,0,2648
4799c7c88391b1eb,docs\documents-atlas-index.md#chunk-371,8,18,0.838312,19,,,0,2649
47a2cd7f089084eb,,8,18,0.968807,19,,,0,2650
47a9804d4bfca893,,,,0.923861,,,,0,2651
47b2bef30783da35,docs\CODEBASE_DIRECTORY_MAP.md#chunk-23,,12,0.757766,,,,0,2652
47b466d6958dfd61,,,12,0.890725,,,,0,2653
47c1ca98e3529447,,3,7,0.779144,10,,,0,2654
47c44e358e7b136c,docs\documents-atlas-index.md#chunk-956,1,,0.752542,,,,0,2655
47d147feab779b6d,,,7,0.90024,,,,0,2656
47d1485f88192371,,,,0.80329,,,,0,2657
47d22075a05ac3c5,docs\documents-atlas-index.md#chunk-966,,4,0.92981,,,,0,2658
47d3b56301a4107a,,6,19,0.849739,38,,,0,2659
47d93eb56363e1d9,,,8,0.935425,,,,0,2660
47d98c3670728e88,,3,5,0.70574,7,,,0,2661
47ddb1f2f2f0dfba,,,15,1.097436,,,,0,2662
47dddc35e2f6f0af,,10,2,1.065897,14,,,0,2663
47ecc9fd8285489d,,,19,1.008192,,,,0,2664
47edfa1f650cdc09,,6,7,1.089115,8,,,0,2665
47ef57eacda974ad,,8,,1.060975,,,,0,2666
47f123df3f32a020,docs\documents-atlas-index.md#chunk-952,,3,0.956075,,,,0,2667
47f38bc9055d3752,,,,0.858231,,,,0,2668
47fdc780b948ab02,,,13,0.830154,,,,0,2669
47fe156f2b4c6880,,,,0.871607,,,,0,2670
4805432837ae69c2,,19,7,0.908441,165,,,0,2671
48088b2ea21c3e58,,14,6,0.91138,9,,,0,2672
480f598f1330f32e,,16,12,0.988377,12,,,0,2673
480fdbb3803e7a83,,19,,0.79097,,,,0,2674
481fc60e667c5fdd,,11,19,0.935898,37,,,0,2675
484c89f983c7666b,,17,14,0.81719,54,,,0,2676
484e925db7be1752,,19,6,0.943512,170,,,0,2677
48588d79ec1155be,docs\documents-atlas-index.md#chunk-1055,8,4,0.916368,7,,,0,2678
485df4d37ee8fe29,,11,13,1.040047,19,,,0,2679
485fd4d8ea9754a1,,17,3,0.932048,25,,,0,2680
487124340af6caa0,docs\documents-atlas-index.md#chunk-698,13,14,0.946077,20,,,0,2681
4873823992ef8319,,19,7,0.890232,165,,,0,2682
4874b6e6bf721b0f,docs\documents-atlas-index.md#chunk-657,7,18,0.819707,15,,,0,2683
487537a4f3da1d0b,docs\documents-atlas-index.md#chunk-5,12,8,0.948077,7,,,0,2684
48a6d9cd228bc9bc,docs\documents-atlas-index.md#chunk-286,,16,1.028174,,,,0,2685
48aca123846abf9b,,1,19,0.879201,95,,,0,2686
48b95c4f901b9f4a,,5,3,0.860559,13,,,0,2687
48bce56010cac7ff,,,19,1.167669,,,,0,2688
48c43346e8110de5,docs\CODEBASE_INDEXING_PIPELINE.md#chunk-3,1,6,0.947089,6,,,0,2689
48c4bc3ec1b624ca,,6,1,1.009306,19,,,0,2690
48d445f8287a68f2,,,,0.9723,,,,0,2691
48d7121571d1786e,,,,0.868441,,,,0,2692
48d80f786f3a1728,docs\documents-atlas-index.md#chunk-642,1,,0.710375,,,,0,2693
48d90f49fb6f583d,,5,,0.862011,,,,0,2694
48da6b910da05ad1,,6,,0.911302,,,,0,2695
48dc80b0085fc4b2,,19,11,0.99338,51,,,0,2696
48e63e4c01737043,,,,0.745229,,,,0,2697
48e9d3dbdce30750,,,5,1.058378,,,,0,2698
48ecf39ef21eadea,,9,7,1.131331,4,,,0,2699
48f17582d2f25463,,,4,0.824428,,,,0,2700
48f35eb1036660ea,,,5,1.068512,,,,0,2701
48f40665dd849fe8,,,5,0.865348,,,,0,2702
48f76794ac6f3a0e,,8,5,0.845728,11,,,0,2703
4901075e501ecc68,,19,8,0.974539,183,,,0,2704
4908f91ae22ab566,,19,6,0.822676,170,,,0,2705
4915df02f55808a8,,17,6,0.88894,5,,,0,2706
491afe3819c7cf1f,,10,11,0.961968,28,,,0,2707
492441ccee9b09c7,docs\documents-atlas-index.md#chunk-1037,19,7,0.954463,165,,,0,2708
492d4ba388b694a6,,19,12,0.878666,127,,,0,2709
4930d2753c445b9d,,8,19,0.695514,21,,,0,2710
49322066915bcaf4,,19,10,0.872452,64,,,0,2711
49333665ab58eac4,,19,8,0.897232,183,,,0,2712
49496a066a052ee5,,4,,0.906798,,,,0,2713
4954bf6a6437b39f,,10,13,0.896948,65,,,0,2714
495887bd0117cb9e,,14,14,0.866536,30,,,0,2715
4961cfd9d3ee404a,,14,3,0.986338,11,,,0,2716
496a0579061bd32a,,19,9,0.862777,88,,,0,2717
496e8e8d960d74ad,docs\documents-atlas-index.md#chunk-332,19,3,0.979901,52,,,0,2718
497036c79ebf4d4b,,13,14,0.956288,20,,,0,2719
4970d4ecb361bb1f,,8,16,0.940652,15,,,0,2720
4970eaa86e0a887d,docs\documents-atlas-index.md#chunk-1161,19,5,0.929936,196,,,0,2721
4976471254df25cf,,16,16,0.928995,16,,,0,2722
497816bfae2706a6,,19,10,0.917156,64,,,0,2723
49835fb78e19795f,,16,10,0.914471,101,,,0,2724
49885b0961b0b4c1,,19,12,0.890269,127,,,0,2725
499c3f98187e2a72,,19,,0.761391,,,,0,2726
499e82111e13a048,,18,8,0.921768,18,,,0,2727
49a0a4780efd6ca6,,7,16,0.994069,6,,,0,2728
49a9899a93869a8e,docs\documents-atlas-index.md#chunk-59,6,19,0.720953,38,,,0,2729
49abd60c1d2d3e92,,19,3,1.049416,52,,,0,2730
49bb837558cbc2e5,docs\documents-atlas-index.md#chunk-139,19,11,1.006534,51,,,0,2731
49be24f32ddda45c,,,,1.123088,,,,0,2732
49beac73f0ffad2c,docs\documents-atlas-index.md#chunk-545,11,2,0.887767,6,,,0,2733
49c1b3bf4c28a4aa,,1,19,0.985713,95,,,0,2734
49cdb485de506b67,docs\documents-atlas-index.md#chunk-141,4,14,0.88583,1,,,0,2735
49d988f0dfb0ffb9,,,10,0.941319,,,,0,2736
49dc56f5ea411cd3,,1,7,0.993133,9,,,0,2737
49ebe71c546bab16,,,13,0.931024,,,,0,2738
49ee9cd90429282e,,6,4,0.896482,14,,,0,2739
49eff1a1d8a753b6,,12,1,1.085352,8,,,0,2740
4a02e6c302572ac3,,8,19,0.935547,21,,,0,2741
4a1080c3bd6a2e01,docs\documents-atlas-index.md#chunk-337,19,1,0.961137,75,,,0,2742
4a11f58cdbaa8cbc,,13,19,1.03815,52,,,0,2743
4a1415bd5c60d580,,18,12,0.947726,53,,,0,2744
4a21dd969e0abeda,,19,1,1.054196,75,,,0,2745
4a47d75400f0a7e2,,15,15,0.964699,13,,,0,2746
4a4d1e946364b035,docs\documents-atlas-index.md#chunk-1245,16,10,0.873647,101,,,0,2747
4a4e0a97be1c4e7a,,15,,0.826562,,,,0,2748
4a551299233a6d38,,19,1,0.90715,75,,,0,2749
4a5f63929c11b46a,,19,13,0.932832,82,,,0,2750
4a619e2f239ab186,,19,8,0.99315,183,,,0,2751
4a6c380055766f31,,19,,0.940435,,,,0,2752
4a7967e8e09f97db,docs\documents-atlas-index.md#chunk-1030,17,15,0.798886,78,,,0,2753
4a8130b3b99f6a82,,17,8,0.868336,14,,,0,2754
4a828899f4de70fd,,18,16,0.898218,49,,,0,2755
4a8fb07b0e0d9199,docs\CODEBASE_DIRECTORY_MAP.md#chunk-19,19,3,0.965335,52,,,0,2756
4a998ba7e5f44ea6,,12,,0.943536,,,,0,2757
4a9d59aae57af05d,,16,10,0.945338,101,,,0,2758
4aa20cbfadd092a2,,2,1,1.062987,17,,,0,2759
4aa340f11c5160c1,docs\documents-atlas-index.md#chunk-452,,19,0.99858,,,,0,2760
4aa8d780aef63db2,,11,,1.021936,,,,0,2761
4aa9e6645a118d42,docs\documents-atlas-index.md#chunk-1156,1,19,0.73,95,,,0,2762
4ac3eb61a5cecaca,,12,,1.100348,,,,0,2763
4ac620c005cda325,,18,12,1.0851,53,,,0,2764
4ac74350bca6adcd,,,18,0.995043,,,,0,2765
4acc605bf1779421,docs\documents-atlas-index.md#chunk-157,3,3,0.965511,9,,,0,2766
4acda60082938136,,,17,0.885521,,,,0,2767
4acf3ff05bcdaf46,,13,,0.994898,,,,0,2768
4ad4088a49a0261e,,,,0.950936,,,,0,2769
4ae01b87ec3fb1da,,1,,1.00774,,,,0,2770
4ae57dc795f8d1e2,,17,13,1.031742,28,,,0,2771
4ae65eac90b80095,,3,,1.012454,,,,0,2772
4af5abf60a68528d,docs\documents-atlas-index.md#chunk-1016,,18,0.887754,,,,0,2773
4afbe8f9b5b4e6ff,docs\documents-atlas-index.md#chunk-562,,19,1.091992,,,,0,2774
4aff38477111b311,,,3,0.951838,,,,0,2775
4b082d09a536918e,,16,10,0.935826,101,,,0,2776
4b1251cab6c8e1ac,,17,15,0.902483,78,,,0,2777
4b17d2ad24d98a11,,11,15,1.011734,26,,,0,2778
4b1aeeba626b1ead,docs\documents-atlas-index.md#chunk-1061,19,,1.033584,,,,0,2779
4b1f285211e184c8,,19,17,0.854071,49,,,0,2780
4b25d3efdfb5722c,,13,19,1.155541,52,,,0,2781
4b26a1d80406d7da,,17,16,0.894662,14,,,0,2782
4b2d71be13abcbd3,docs\documents-atlas-index.md#chunk-972,19,14,0.995225,76,,,0,2783
4b304d9e24460b8f,,13,15,0.972819,41,,,0,2784
4b3c7c645ca4fbc7,,14,,0.984861,,,,0,2785
4b436d075342abf3,,14,12,0.904032,21,,,0,2786
4b4c9e7e15d0e8c3,,18,13,0.975222,53,,,0,2787
4b56eb2cc7108b8e,,9,17,0.934076,15,,,0,2788
4b571bc44f152774,docs\documents-atlas-index.md#chunk-1005,17,11,0.982522,76,,,0,2789
4b5a461d644ea1e4,,19,13,0.967125,82,,,0,2790
4b5df4339f030721,docs\documents-atlas-index.md#chunk-933,17,3,0.990278,25,,,0,2791
4b5f4067a651a834,,17,10,0.825012,30,,,0,2792
4b6101080d6bcae3,,19,10,1.020108,64,,,0,2793
4b64b7f87b92e5f5,,1,19,0.980769,95,,,0,2794
4b666214e2ce6be2,,19,1,0.929035,75,,,0,2795
4b6742d72636d9d4,,18,13,0.784649,53,,,0,2796
4b68ad051e396d01,,15,,0.966473,,,,0,2797
4b6e4c01b3274420,,13,5,0.876652,5,,,0,2798
4b75dfc8b49c634c,docs\documents-atlas-index.md#chunk-246,15,2,0.98165,3,,,0,2799
4b762161fe1ccc83,docs\documents-atlas-index.md#chunk-647,19,6,0.998568,170,,,0,2800
4b7a285d271d7b6c,,19,,1.002782,,,,0,2801
4b81c576c38161d8,,13,17,0.937131,13,,,0,2802
4b8c1029916ce710,,18,9,0.861665,17,,,0,2803
4b9655034d06e2da,,17,16,0.930915,14,,,0,2804
4b9eca0f9bbb1d94,,14,,0.960718,,,,0,2805
4bbad93cfb7d0d69,,13,,1.010405,,,,0,2806
4bbdd5190498a327,,,17,0.882349,,,,0,2807
4bcd2e5d3b137a0d,,5,1,0.978328,15,,,0,2808
4bdad3a8d4e09d47,,11,,1.012684,,,,0,2809
4bdd93a79d30acb8,,,16,1.005181,,,,0,2810
4be07683245046d6,,,,0.858159,,,,0,2811
4be4b91b524a12a7,,,,1.050551,,,,0,2812
4be82ee1261e5acc,,17,15,1.116404,78,,,0,2813
4bef745892565cb9,,,19,0.958683,,,,0,2814
4c00b7e5064a3329,,19,7,0.965305,165,,,0,2815
4c02cc997aa54925,,12,,0.918908,,,,0,2816
4c08c620e036e2cf,docs\documents-atlas-index.md#chunk-959,18,13,1.013794,53,,,0,2817
4c12de5d27d13d86,,10,14,1.006661,36,,,0,2818
4c31a9c99839a257,,17,11,0.86797,76,,,0,2819
4c3452cc0cc1a1ea,,17,16,0.986646,14,,,0,2820
4c4472c1bba3d76b,,17,12,0.962977,7,,,0,2821
4c5744caee46b4e6,,17,11,0.987081,76,,,0,2822
4c5b7182b16640d1,,19,13,0.862975,82,,,0,2823
4c67121d612bd017,docs\documents-atlas-index.md#chunk-1145,19,10,0.892498,64,,,0,2824
4c68f20de7e38c64,,10,15,0.973091,33,,,0,2825
4c70e5dac2f619d8,,15,16,1.03134,22,,,0,2826
4c72b53beaafe5c6,,19,5,1.032102,196,,,0,2827
4c77f90ad1286172,,19,8,0.998424,183,,,0,2828
4c7a458ee3699557,,17,10,0.839142,30,,,0,2829
4c8861e038c6c6fc,,18,16,0.768949,49,,,0,2830
4c8eb94d3f4c0e5b,docs\documents-atlas-index.md#chunk-8,19,,0.973922,,,,0,2831
4c92d10cf076453f,,9,19,0.895976,70,,,0,2832
4c94e6fc94f67509,,13,15,1.003495,41,,,0,2833
4cb80b0aff66f87b,,1,2,0.86227,6,,,0,2834
4cc196a4c3fd0200,,15,7,1.125876,5,,,0,2835
4cc41229d652f4c3,,,6,0.952228,,,,0,2836
4cc46835a20273da,docs\documents-atlas-index.md#chunk-1294,3,19,0.953671,24,,,0,2837
4cd3736d9ef64182,,,,0.868152,,,,0,2838
4ce486204a729bce,,1,19,0.810924,95,,,0,2839
4ce8069ae8689dc3,,,6,0.966658,,,,0,2840
4cece238a34855bf,,,19,1.005313,,,,0,2841
4cee5237d696b125,docs\documents-atlas-index.md#chunk-1135,,6,0.894083,,,,0,2842
4cf2c74fdcbc510c,docs\documents-atlas-index.md#chunk-661,10,,1.11249,,,,0,2843
4cf6af79d45e4745,,9,1,0.907179,14,,,0,2844
4cf81747f73c3fe3,,19,1,1.02567,75,,,0,2845
4cf9e26fbabd1ac1,,13,,1.098961,,,,0,2846
4d00d7f1bdefeae3,,19,2,1.078108,48,,,0,2847
4d01932d7076fac3,,18,13,0.972709,53,,,0,2848
4d01943614025336,,18,13,0.88534,53,,,0,2849
4d01f7b6f2be3385,,19,4,1.004085,58,,,0,2850
4d0284bf25b0d015,docs\documents-atlas-index.md#chunk-641,18,13,0.952912,53,,,0,2851
4d03c182a1ef5912,,19,2,0.937333,48,,,0,2852
4d03ddaef85d2af0,,19,,1.046337,,,,0,2853
4d09615ff66f46fd,docs\documents-atlas-index.md#chunk-1084,18,16,0.966562,49,,,0,2854
4d0b1c1abfabeca6,,14,,1.000571,,,,0,2855
4d0dc09274171dcf,,11,19,0.876185,37,,,0,2856
4d0e5ba10f709c6d,,15,,1.046053,,,,0,2857
4d10b15f71c17a61,,11,16,0.967059,16,,,0,2858
4d11e8227999d986,,1,19,0.845938,95,,,0,2859
4d12ad5f22d5d74e,docs\documents-atlas-index.md#chunk-379,12,13,1.050407,61,,,0,2860
4d146d43b0e7cf06,,12,10,0.923724,7,,,0,2861
4d25b5e3b0035c57,,7,15,0.936641,6,,,0,2862
4d33533fbb4bf78a,,19,8,0.963924,183,,,0,2863
4d368dedf2524d6f,,13,10,1.067652,19,,,0,2864
4d49956beda8ba86,,14,11,0.96491,8,,,0,2865
4d53a3255f3209ae,,9,19,0.844043,70,,,0,2866
4d5aac1a29bbc886,,19,,1.044803,,,,0,2867
4d6218fc3df76c66,,15,16,0.986539,22,,,0,2868
4d638283f5f85742,,18,12,0.883825,53,,,0,2869
4d670c5fb337c9e7,,17,11,0.952991,76,,,0,2870
4d6b2cf349389261,,17,11,0.890281,76,,,0,2871
4d6d13c2b0157b4d,,17,14,0.922651,54,,,0,2872
4d726d5111a799c1,,17,13,0.948944,28,,,0,2873
4d7979ed9d391145,,17,14,0.964418,54,,,0,2874
4d79fe9830065178,,9,12,0.976303,28,,,0,2875
4d7f47fab1e8eb75,,16,11,0.99312,26,,,0,2876
4d81da4060843212,,9,12,0.970219,28,,,0,2877
4d8f8bb26968761a,,17,13,0.919145,28,,,0,2878
4d92c73b78247258,,9,19,0.830836,70,,,0,2879
4d974c918fa5ef2f,,10,11,0.952457,28,,,0,2880
4da837277c11a5b0,,,1,0.929396,,,,0,2881
4dabd533f2047244,,,17,1.00991,,,,0,2882
4db05344e8a0eed8,,,10,1.017117,,,,0,2883
4db39e5815a4bb60,,3,9,0.882055,17,,,0,2884
4db4dd0d2199930c,,3,17,0.977964,7,,,0,2885
4dc3fc281f923078,,1,,0.913835,,,,0,2886
4dc7e35bd9a9608d,,3,18,0.971548,14,,,0,2887
4dc87cf9d0527f41,,3,9,0.888781,17,,,0,2888
4dcca9dcd683e11d,,,15,1.07355,,,,0,2889
4dcfe3737b924122,,,19,0.933293,,,,0,2890
4dd17a367011ddc8,,1,9,0.931438,15,,,0,2891
4dd65712b50c8018,,,2,0.971695,,,,0,2892
4ded9d866503dea9,,3,9,0.929359,17,,,0,2893
4df083bf35ec1001,,,,1.13172,,,,0,2894
4df7df5fde1d3318,,5,,0.962962,,,,0,2895
4dfe44a326040abd,,17,17,0.997502,51,,,0,2896
4e0492b1ca56c23c,docs\documents-atlas-index.md#chunk-446,17,11,0.911593,76,,,0,2897
4e0afb2587be84c5,,17,,0.930994,,,,0,2898
4e0d8d36e3081102,,16,8,0.973053,9,,,0,2899
4e1cc16d2df51d71,,12,16,1.035048,30,,,0,2900
4e1f3ba92b1fd7a2,,19,,0.977777,,,,0,2901
4e2500cb55b3cab5,,17,15,0.944479,78,,,0,2902
4e28efc0f37f1808,docs\documents-atlas-index.md#chunk-140,17,2,0.923105,4,,,0,2903
4e2d356b53219f3e,,14,18,0.97521,16,,,0,2904
4e2d8a815c65268b,docs\documents-atlas-index.md#chunk-1193,10,1,0.950453,5,,,0,2905
4e2ebc8a3d3d4120,,18,3,0.9941,25,,,0,2906
4e583f29c4f9bc23,,12,8,0.925692,7,,,0,2907
4e595ce4b8993421,,16,10,0.894071,101,,,0,2908
4e65a5c340c3f468,,16,13,0.947664,18,,,0,2909
4e6aa15bdb70ef74,,15,8,1.080751,16,,,0,2910
4e6e61d8a496ff89,,17,11,0.821208,76,,,0,2911
4e73a751f81f93c5,,19,4,0.887445,58,,,0,2912
4e75cfa058ac4162,,16,1,0.938423,7,,,0,2913
4e91cef198b5523f,,16,15,1.06223,43,,,0,2914
4e935d9a4f93720d,,2,,0.962861,,,,0,2915
4e958527aec68fe5,,13,17,0.919608,13,,,0,2916
4e9a5ef8524f114a,,19,,1.046296,,,,0,2917
4e9cdb439f190c77,docs\documents-atlas-index.md#chunk-11,15,,0.818717,,,,0,2918
4ea3b85a360cd98f,,,19,0.941438,,,,0,2919
4ea54177887bcbb7,docs\documents-atlas-index.md#chunk-344,,16,0.988541,,,,0,2920
4ea95bc717ea4efd,docs\documents-atlas-index.md#chunk-1120,17,17,1.086565,51,,,0,2921
4ea9adb806946715,,,15,0.92181,,,,0,2922
4eb252e6bba7caf5,docs\documents-atlas-index.md#chunk-546,,10,1.039151,,,,0,2923
4eb2e3826460dcc5,,1,19,0.85754,95,,,0,2924
4eb94b5f2a75b0de,,1,,1.016983,,,,0,2925
4ebb2fb8d3ac80d4,,12,,1.032575,,,,0,2926
4ebf13480930049b,,,19,0.962302,,,,0,2927
4ebff083f42d3976,,18,,0.977597,,,,0,2928
4ec1f3ed51276e9b,,4,19,0.837494,25,,,0,2929
4eca47ecddb3f2db,,17,15,1.177102,78,,,0,2930
4ecacac9a3e4e4ec,,12,,1.141114,,,,0,2931
4ed4da62afccd0b3,,12,,1.108892,,,,0,2932
4ed83aecabc772ac,,8,,1.090129,,,,0,2933
4ee01851a55ad8e1,,,4,1.038267,,,,0,2934
4eee909583c4bfc8,,17,17,1.047489,51,,,0,2935
4ef1b040a6d5b6de,,,19,1.060904,,,,0,2936
4ef8b8d3d8010a20,,,14,0.898292,,,,0,2937
4f00d4b856eea8c1,,18,13,1.017005,53,,,0,2938
4f023052299e1b1f,,16,15,0.96039,43,,,0,2939
4f0a0eff78a3257c,,18,15,0.966149,24,,,0,2940
4f0a1482e96c50f5,,19,1,0.940362,75,,,0,2941
4f1dd1c7c4365a99,,19,,0.90667,,,,0,2942
4f1e1c853fe681a2,,18,15,1.035447,24,,,0,2943
4f23961e0770a380,docs\CODEBASE_INDEXING_PIPELINE.md#chunk-1,18,13,0.893853,53,,,0,2944
4f25a6ff05e82dcf,,14,19,0.844961,121,,,0,2945
4f335418c79263f1,,18,13,0.886258,53,,,0,2946
4f3d0464bddaff22,,17,,1.002695,,,,0,2947
4f3de2419ba09da2,,17,,0.9441,,,,0,2948
4f3f009e583d3304,,18,11,0.988967,40,,,0,2949
4f3fd20fce45ac55,,15,3,1.107245,6,,,0,2950
4f462298d14c7d49,,19,1,0.832499,75,,,0,2951
4f5514eb82f8d193,,18,13,0.937043,53,,,0,2952
4f5814de87c161e5,,17,15,0.873364,78,,,0,2953
4f5ea1dff8d85a2e,,13,,1.073214,,,,0,2954
4f5ff14dd5851d4a,docs\CODEBASE_DIRECTORY_MAP.md#chunk-20,9,17,0.990332,15,,,0,2955
4f67796065fa67a9,,18,16,0.835432,49,,,0,2956
4f67bd5006ed44f8,,18,,0.973023,,,,0,2957
4f68fca85bb70d51,,12,,0.993542,,,,0,2958
4f6c6b81d3050aa9,,19,,0.860367,,,,0,2959
4f70feae23382ca9,,10,17,1.083582,23,,,0,2960
4f73bbfa1c4691da,docs\documents-atlas-index.md#chunk-1081,13,18,1.075824,18,,,0,2961
4f74da4fbb92e29a,,7,14,1.083653,3,,,0,2962
4f74f2d4a58381f7,,18,13,0.95704,53,,,0,2963
4f758dbdaa45dd2f,,16,10,1.095471,101,,,0,2964
4f79c5d484acd21e,,17,14,1.003619,54,,,0,2965
4f7c05330a22989a,,17,18,0.963469,20,,,0,2966
4f7fb98cd7c7c75d,,13,13,1.059101,35,,,0,2967
4f814ba493261a93,,15,12,0.919103,14,,,0,2968
4f82a2d0ff37d3e8,,18,10,1.078315,57,,,0,2969
4f9dfb96d867df08,,14,1,0.896711,8,,,0,2970
4f9ee424a451b13c,,16,10,1.035831,101,,,0,2971
4faf43cd4159606e,,17,15,1.009904,78,,,0,2972
4fb29ea254568b9a,,,18,0.941485,,,,0,2973
4fb8c4d0218487ca,,,19,0.865569,,,,0,2974
4fba67a02a5b6e0f,,,19,0.977408,,,,0,2975
4fc410d236c5c6a9,,17,15,0.988404,78,,,0,2976
4fd54302c7f1d25f,,,5,1.074578,,,,0,2977
4fe780ce4813e013,,,16,0.977049,,,,0,2978
4fecd8a1ea37173d,docs\error-analysis-architecture.md#chunk-4,,19,0.986553,,,,0,2979
4ffe45228e2bb5b4,docs\documents-atlas-index.md#chunk-798,,1,1.071397,,,,0,2980
5001a7282157fa56,,9,14,0.799726,22,,,0,2981
500595dcdc7af6c6,,19,8,0.987061,183,,,0,2982
500da9079068471c,,9,18,0.899183,27,,,0,2983
5022c7749999043d,,9,19,0.764767,70,,,0,2984
502444438bfb1c1d,,19,3,0.973615,52,,,0,2985
502a56a41692c450,,18,11,0.809233,40,,,0,2986
502b28e0f79a81e3,,18,9,0.901913,17,,,0,2987
502db142499e761b,,19,5,0.929431,196,,,0,2988
5033547a64469de2,,12,19,0.897774,84,,,0,2989
50381addb3b87e3c,,11,9,0.97651,7,,,0,2990
503a746ba3511e76,,12,9,0.933339,8,,,0,2991
503ce82cfa22efe1,,19,6,1.053175,170,,,0,2992
5052e136e4f6a116,,19,8,1.012199,183,,,0,2993
5053352809d24dc8,docs\documents-atlas-index.md#chunk-12,12,16,0.809356,30,,,0,2994
505c4e0a2dc41cc4,,8,,1.016041,,,,0,2995
505e86d547ee4864,docs\documents-atlas-index.md#chunk-829,19,7,0.937515,165,,,0,2996
506c6c5bf7a8f19c,,14,9,0.96045,11,,,0,2997
5070fd3b6b743617,,,,0.952404,,,,0,2998
507ffc08d92e8ff1,,18,,0.812888,,,,0,2999
508e1e4e2e180270,,4,,0.934836,,,,0,3000
508e25aa933359f8,,18,13,0.941545,53,,,0,3001
5096678916c3f1f8,,19,12,0.872667,127,,,0,3002
50983180f8b72040,,19,8,0.898581,183,,,0,3003
50a0caddc1c33e79,,7,10,0.98272,3,,,0,3004
50aab2bc1a45bc79,,,15,0.882847,,,,0,3005
50ab384f2e13f0e2,,,1,1.017695,,,,0,3006
50b1b953eff325f7,docs\documents-atlas-index.md#chunk-802,,5,1.080674,,,,0,3007
50ba07e8c9bd7790,,8,2,0.967181,8,,,0,3008
50bcbd051646fa13,,6,11,0.944723,5,,,0,3009
50c39918665312d6,,,,0.838167,,,,0,3010
50c675f225165174,,,15,0.882497,,,,0,3011
50c84066de972ebc,,7,19,0.961179,15,,,0,3012
50c90d75d74926bc,,5,5,0.84603,11,,,0,3013
50cc1d10f6567e1b,,7,5,0.739971,11,,,0,3014
50ce034666637f47,,4,5,0.821898,7,,,0,3015
50da666ce2bee86b,,5,2,1.044458,6,,,0,3016
50de83c4773edff4,,,15,1.039699,,,,0,3017
50e89f4f9d05e494,,,2,0.756372,,,,0,3018
50ebb2f2d31416fc,docs\documents-atlas-index.md#chunk-699,6,17,1.115094,5,,,0,3019
50ebf6d959848418,docs\documents-atlas-index.md#chunk-450,,15,0.869557,,,,0,3020
50edf7f7081a2b0a,,,19,0.960875,,,,0,3021
50f4587369532830,,,3,0.658785,,,,0,3022
50f574bf4c88e181,,,3,0.899624,,,,0,3023
50f9ad97420e4acd,,7,16,1.01913,6,,,0,3024
5111ee759d4a161b,,19,5,0.922136,196,,,0,3025
5119ec31fc73e104,docs\documents-atlas-index.md#chunk-278,18,6,0.884344,26,,,0,3026
51204d27cc983e7b,,10,6,0.867562,10,,,0,3027
5128eaf436e7cb09,,10,12,0.957824,28,,,0,3028
51517a22834f2c18,,19,4,0.83475,58,,,0,3029
5155c891fb9c5163,docs\documents-atlas-index.md#chunk-1313,19,5,0.787102,196,,,0,3030
51565e8aac588d98,,7,3,0.84221,7,,,0,3031
5158fb438960c582,,9,12,0.887472,28,,,0,3032
515ba7e5f9aa2bc8,,17,,0.88903,,,,0,3033
515ccbc6ff24f091,,12,,1.048714,,,,0,3034
5168dc3ba4b082dc,,11,16,0.999397,16,,,0,3035
5169db3a7a1fdfd6,,19,5,0.968798,196,,,0,3036
516ab171c01d3f9b,,18,1,0.900498,11,,,0,3037
516b659ba9e0674d,,12,8,0.997093,7,,,0,3038
516c1adea0817f05,,13,8,0.960697,11,,,0,3039
516e94ade9198a4b,,12,9,0.922863,8,,,0,3040
517132f1a9760ca9,,12,15,0.857945,22,,,0,3041
517bd11f502dbe67,,19,6,1.048055,170,,,0,3042
51818ac1e9d5ea26,,10,9,0.910936,6,,,0,3043
5186e08794af55ba,,12,18,0.912279,17,,,0,3044
518c3eaa90dcfa36,docs\documents-atlas-index.md#chunk-619,15,9,1.031116,23,,,0,3045
51a7181eb5e88fe1,,3,4,1.007569,7,,,0,3046
51b9e41d398d1a1c,,6,19,0.956886,38,,,0,3047
51bdebe52a36f1df,,,15,1.07192,,,,0,3048
51cb3b515bf831e0,,3,,0.883442,,,,0,3049
51cd64409af08b58,,6,,0.857057,,,,0,3050
51d723a643219c3f,,4,16,0.866244,10,,,0,3051
51de179d5f218efe,,11,19,1.006235,37,,,0,3052
51e120bd0ffecf00,,,,1.142522,,,,0,3053
51e8fb6f4fec1b9c,,8,,1.008223,,,,0,3054
51f04c8706d678bb,,3,,0.954772,,,,0,3055
51f1af70f9ce18c1,,9,,1.030412,,,,0,3056
51fc14ebb21377f4,docs\documents-atlas-index.md#chunk-696,18,12,1.081667,53,,,0,3057
521ec4c841067614,,18,7,0.979734,19,,,0,3058
522c82b9f2fe899d,,15,8,0.896535,16,,,0,3059
5234ea333badc613,,19,5,0.954347,196,,,0,3060
52396369901a1a04,,19,7,0.867585,165,,,0,3061
523ad723fc03feb5,docs\documents-atlas-index.md#chunk-1063,17,3,0.987789,25,,,0,3062
523eee2c65913b87,,9,12,0.998595,28,,,0,3063
52424e5cda8d4ca5,,19,4,0.97371,58,,,0,3064
525cb5e57ed3c1c8,,19,12,1.047308,127,,,0,3065
5270a12dc0ad4582,docs\documents-atlas-index.md#chunk-998,19,5,0.971307,196,,,0,3066
527b6c9d49d67ae6,,8,,0.971565,,,,0,3067
527d0c8830d1d9ac,,19,12,0.985786,127,,,0,3068
528434ff648a1a9c,,15,14,0.957331,18,,,0,3069
52858ba0eb7dedac,docs\documents-atlas-index.md#chunk-128,16,6,0.990256,1,,,0,3070
5294db96b35e7080,,19,5,0.790251,196,,,0,3071
529601591834c2cb,,19,13,0.856766,82,,,0,3072
52a7d19e41e1eb5d,,6,16,0.887701,4,,,0,3073
52afde213b2c91a8,,18,3,1.007018,25,,,0,3074
52b438f391f86f08,,7,11,0.921871,10,,,0,3075
52c9b0f9623cfefb,,1,19,0.971768,95,,,0,3076
52ca1a590219bcbf,,6,6,0.946686,5,,,0,3077
52d6724c6f7fcfad,,,,1.018824,,,,0,3078
52d940f691ef594f,,10,8,1.043247,27,,,0,3079
52e074c4b852541e,,,6,0.910421,,,,0,3080
52eba146c563ed53,,,13,0.791015,,,,0,3081
52ed0fa06a6df32b,,4,2,1.095993,16,,,0,3082
53043f3c56bc88d6,,19,7,1.015506,165,,,0,3083
5307c1da561ac04b,docs\documents-atlas-index.md#chunk-1230,19,9,1.014042,88,,,0,3084
531eb19f54735586,docs\documents-atlas-index.md#chunk-1282,10,16,0.952383,18,,,0,3085
532025ef82e11466,docs\documents-atlas-index.md#chunk-408,16,13,0.935936,18,,,0,3086
532621e75c68fff2,,19,12,0.927767,127,,,0,3087
5329eb75fe3f76ad,,18,4,0.899558,17,,,0,3088
5339b2195b89678a,,7,19,0.675831,15,,,0,3089
5340757a087a28fd,docs\documents-atlas-index.md#chunk-336,13,18,0.89093,18,,,0,3090
53428273173b42d1,,19,7,0.87591,165,,,0,3091
5342d3b84fa68c71,,9,15,0.944477,19,,,0,3092
5345d5d5d93e1fef,,10,18,1.003894,28,,,0,3093
5349c71faef7216b,docs\documents-atlas-index.md#chunk-773,10,18,0.999871,28,,,0,3094
535073eac45dce5f,,19,9,0.986589,88,,,0,3095
5363bfc0106b2e31,,19,2,0.920295,48,,,0,3096
53644f4324e93f8e,docs\documents-atlas-index.md#chunk-145,11,12,0.888548,53,0.9900000000000001,,0,3097
536b13bb5665015d,,17,14,0.927977,54,,,0,3098
536ffd00af95e098,,12,,0.954845,,,,0,3099
5371e40b286a8b40,,19,5,0.901322,196,,,0,3100
53837450fcbae0f5,,19,8,0.943277,183,,,0,3101
53864ca518adf32d,,16,10,0.975737,101,,,0,3102
539901f01bb3d1b2,,19,12,0.979204,127,,,0,3103
539dacdf86be1244,,19,5,1.05523,196,,,0,3104
53a4ed9e7527a327,,,6,0.882017,,,,0,3105
53b6f2272f5edfc1,,1,19,0.983733,95,,,0,3106
53b7635440b6c8c0,,,1,0.903033,,,,0,3107
53beef1a61abb908,,6,,1.04658,,,,0,3108
53c0cebe4c16afc4,,,12,1.050291,,,,0,3109
53c7094d830b836e,,,,0.866423,,,,0,3110
53d51dbb6ad078fa,,,,1.094451,,,,0,3111
53d5db1124eed2e6,,,,1.103529,,,,0,3112
53dd072aaa43ad4d,,4,6,0.916572,11,,,0,3113
53e6e688ae9c8e85,,,7,0.899815,,,,0,3114
53ebbb01a6548bc0,docs\documents-atlas-index.md#chunk-301,8,5,0.876919,11,,,0,3115
53ebf4c879d77248,,,17,0.997894,,,,0,3116
53fab1c06da832c3,,,19,1.108397,,,,0,3117
53fd46a1609513fe,,16,16,1.006837,16,,,0,3118
53fd73cdaccf805c,,8,,1.109136,,,,0,3119
540fffc1f98609d3,,14,1,1.011807,8,,,0,3120
54116e3ea21d59f4,,19,7,0.990878,165,,,0,3121
5414d4b405eb5d60,,11,14,0.990624,30,,,0,3122
542739003a3c5c3e,docs\documents-atlas-index.md#chunk-721,19,4,0.884662,58,,,0,3123
544afbf3b654cb79,,14,3,0.904573,11,,,0,3124
544eb604604ae83f,,19,6,0.893495,170,,,0,3125
54653b211513211a,,11,11,0.952775,14,,,0,3126
54653ec59c8c77bb,,17,7,0.956038,7,,,0,3127
5467f06636f5cb10,,9,14,0.856486,22,,,0,3128
546c8faf21e5dc40,,13,10,1.042488,19,,,0,3129
546fd307f1ce0670,,19,3,0.879153,52,,,0,3130
547e517c053a455f,,17,14,1.026684,54,,,0,3131
54868195882e685e,,19,7,0.809258,165,,,0,3132
5487b35e33428c87,,9,18,0.732058,27,,,0,3133
548c1a43ae50fb9b,,10,5,0.876866,5,,,0,3134
548e2a8f9f31855e,,6,1,0.956451,19,,,0,3135
54be815e1d6540d6,docs\documents-atlas-index.md#chunk-963,,,0.902787,,,,0,3136
54c152835555af98,docs\documents-atlas-index.md#chunk-1206,,11,0.738146,,,,0,3137
54c2699ec89de03d,,,4,0.987095,,,,0,3138
54c5aa94606ae317,docs\documents-atlas-index.md#chunk-227,,12,0.923603,,,,0,3139
54c67e29e630cb88,,4,8,0.677334,5,,,0,3140
54ca662015a092b0,,3,,0.965002,,,,0,3141
54cdf802efa4041f,,9,1,0.989725,14,,,0,3142
54d2fe61a7a7b22a,,6,9,0.941942,1,,,0,3143
54d3e229814df9c3,,,15,1.011575,,,,0,3144
54d533b139947706,,,5,0.835816,,,,0,3145
54ead478387c27b9,,19,3,1.067805,52,,,0,3146
54eed9d628eedcc5,,17,,1.127624,,,,0,3147
54efbbaef11e77c2,docs\documents-atlas-index.md#chunk-779,11,2,1.139167,6,,,0,3148
54f33f637570f029,,,2,0.745469,,,,0,3149
54fa3e089296e55f,,3,3,0.824016,9,,,0,3150
54fea6866aabbc2d,docs\documents-atlas-index.md#chunk-797,,17,1.033355,,,,0,3151
55067182952953a4,,19,11,0.783336,51,,,0,3152
5506b9c464010ed3,,9,18,0.8364,27,,,0,3153
55093ab9d89b9b6d,,14,6,0.844328,9,,,0,3154
550aea57d11de79d,,15,5,0.887747,14,,,0,3155
55131c61a412e08a,,16,9,0.919722,18,,,0,3156
5513d8df00fdd629,docs\documents-atlas-index.md#chunk-1316,19,9,1.06109,88,,,0,3157
5515f3982585e893,,19,8,0.835982,183,,,0,3158
5519891e890cd69a,docs\documents-atlas-index.md#chunk-314,19,8,0.875873,183,,,0,3159
551b25ea8bd7d219,,18,11,0.982799,40,,,0,3160
552417f1a139d5ea,,18,12,0.832534,53,,,0,3161
552bc689c390824e,,9,18,0.903813,27,,,0,3162
552f8fd3ab751dcf,,12,2,0.979477,3,,,0,3163
553396e41eb2aeea,,14,19,0.955179,121,,,0,3164
553e15acc4d38199,,16,11,0.97035,26,,,0,3165
55429fec4f2cfbfa,,16,10,1.095945,101,,,0,3166
55441c36c58e4b63,,19,2,0.830348,48,,,0,3167
5545455fa746fc75,,12,11,0.88974,13,,,0,3168
55459d09099c257a,,19,5,0.855801,196,,,0,3169
5550b0e7b4b681fe,,11,18,1.025903,30,,,0,3170
5552f32a6109e995,,8,15,0.830976,4,,,0,3171
555512880bf7cbe5,,13,15,0.964041,41,,,0,3172
5555ac18cef6d7b0,,12,,0.995038,,,,0,3173
5559f096aaf66a7c,,10,18,0.805959,28,,,0,3174
556694b22cf9e0ee,docs\documents-atlas-index.md#chunk-636,16,14,0.947765,17,,,0,3175
5567aa19efcc2656,,14,3,0.865751,11,,,0,3176
556b4fbcd81b4e09,,19,,0.928752,,,,0,3177
556c86494a07b8f9,,19,10,0.827276,64,,,0,3178
55711e7bf4856f23,,7,6,0.856405,7,,,0,3179
55731be2b3375dfc,docs\documents-atlas-index.md#chunk-407,13,10,0.960928,19,,,0,3180
557cd50175b7f103,,12,11,0.992325,13,,,0,3181
55884a6d212c3020,,19,7,0.918792,165,,,0,3182
5588a751efc3d064,,18,7,0.999354,19,,,0,3183
558902030bf03f68,,11,13,0.946809,19,,,0,3184
558d9da7cc0e9a46,,15,,0.776932,,,,0,3185
558f5d676341b019,,16,10,0.872432,101,,,0,3186
55913e8ce188c813,,17,9,0.907422,22,,,0,3187
5594a0b33d597f57,,7,16,0.855983,6,,,0,3188
55a3ce0219600285,,,2,0.860981,,,,0,3189
55aa8e136b64ed99,,4,5,0.815424,7,,,0,3190
55ab2614bc24d681,,,5,0.831854,,,,0,3191
55b71911d35fa7eb,,19,8,1.058565,183,,,0,3192
55c092a85635b3eb,,,19,0.925841,,,,0,3193
55c3cc78fcb5c371,,,7,0.865389,,,,0,3194
55cfc5f23a8948a8,,,19,0.991374,,,,0,3195
55d729b64fb8d7a0,,,,0.941333,,,,0,3196
55d9b39857b624e8,,7,17,0.900526,13,,,0,3197
55e6563cb1a7ca6e,,6,10,0.935073,6,,,0,3198
55e69ffc3eab1f28,docs\documents-atlas-index.md#chunk-164,5,,1.034629,,,,0,3199
55f03d9f9d5939a8,,,,0.771267,,,,0,3200
55f4a11b982f1327,,,,0.942021,,,,0,3201
55fc43d037a20495,,6,,1.04981,,,,0,3202
55fc76ad2ae46e02,docs\CODEBASE_DIRECTORY_MAP.md#chunk-7,6,,1.059933,,,,0,3203
55fdb85903528a4c,,5,18,0.846306,6,,,0,3204
55fdf9b24bd8f9ca,,,19,1.011955,,,,0,3205
56016833ea3b7a71,,19,4,0.775009,58,,,0,3206
560b94e64312c9b4,,19,12,0.767887,127,,,0,3207
560f6d14e109d5f4,docs\CODEBASE_DIRECTORY_MAP.md#chunk-33,17,9,0.924253,22,,,0,3208
56102293c4053ffc,,12,19,0.887528,84,,,0,3209
5612bbaa8c2c5465,,19,5,0.90434,196,,,0,3210
561f01d6e6bbe699,,18,9,0.900488,17,,,0,3211
5625d805557663ac,,9,19,0.760013,70,,,0,3212
5630d29eee1128f5,,10,19,0.912414,49,,,0,3213
5633bb0218cb30f1,,19,3,1.019594,52,,,0,3214
5633f53258751d9c,,8,19,0.674957,21,,,0,3215
563599a8a651b420,,18,10,0.717185,57,,,0,3216
5644a2cc081518bd,,10,19,0.837739,49,,,0,3217
5647ca2e3162d203,docs\documents-atlas-index.md#chunk-94,19,8,0.972662,183,,,0,3218
5648f25ab7fb2081,,19,5,0.962831,196,,,0,3219
564ce68bd541ead4,docs\documents-atlas-index.md#chunk-47,19,8,1.075182,183,,,0,3220
565e0a8ad753fe02,,13,8,0.919446,11,,,0,3221
565e1b29620d02ce,,19,3,0.980607,52,,,0,3222
5661487d5ef4c7bc,,14,19,0.905785,121,,,0,3223
56694869379bfa2f,,19,8,0.853764,183,,,0,3224
566dbe27e13f852e,,15,3,0.8759,6,,,0,3225
566e1a037d39f95a,,15,8,0.912624,16,,,0,3226
5678f5af8a7ac8a5,,19,7,0.948866,165,,,0,3227
567e19249ee09c87,,8,,0.940484,,,,0,3228
5688a8d813a9c2ab,docs\documents-atlas-index.md#chunk-1048,15,15,0.860691,13,,,0,3229
56919802ac29f358,,19,8,0.848567,183,,,0,3230
569cc7fdc3e175a2,,15,12,1.063059,14,,,0,3231
569db1b5cd204488,,17,5,0.938698,9,,,0,3232
56aaa36e0741fc36,,1,17,0.894916,24,,,0,3233
56adb7f62c0eda0d,docs\documents-atlas-index.md#chunk-600,,17,0.973625,,,,0,3234
56c2318d321a636c,,,,0.9397,,,,0,3235
56c9835179404b39,,,5,0.744372,,,,0,3236
56c999ed792f63cb,,17,15,0.918357,78,,,0,3237
56cdacfd1db9e10a,,8,,1.169196,,,,0,3238
56d720187b0d56b6,,,,0.855338,,,,0,3239
56d7799167d1ab8e,docs\documents-atlas-index.md#chunk-1285,5,14,0.835449,5,,,0,3240
56d7edf1b0026aa0,docs\documents-atlas-index.md#chunk-197,4,11,0.949856,5,,,0,3241
56d94326b62f4300,,,,0.805821,,,,0,3242
56dad104cc59e9ad,,1,19,1.020791,95,,,0,3243
56dbdda71e79e9f3,,,15,1.026241,,,,0,3244
56dfed96cfd5535c,docs\documents-atlas-index.md#chunk-891,10,,0.822323,,,,0,3245
56e9414cdb60f015,,,3,0.838496,,,,0,3246
56ebdd357b010c4a,docs\CODEBASE_DIRECTORY_MAP.md#chunk-8,8,3,0.872555,7,,,0,3247
56fb76d53507092a,,,19,0.902126,,,,0,3248
57094ab8d4b6afc9,,15,11,0.893638,13,,,0,3249
570c7a04dfff6241,,14,2,0.863092,7,,,0,3250
5710b1f5defe88eb,docs\documents-atlas-index.md#chunk-602,19,5,1.038579,196,,,0,3251
5713592b1bb5bca7,,13,19,0.937062,52,,,0,3252
5715740d899aaaaf,docs\documents-atlas-index.md#chunk-720,12,19,0.915366,84,,,0,3253
571c80487d24b8f6,,19,10,0.94665,64,,,0,3254
571d74ce8b657303,,17,10,0.944199,30,,,0,3255
571d9df293da3ccd,,17,,0.970073,,,,0,3256
571da6062c92d585,,19,6,0.992606,170,,,0,3257
572401e38c26d7f8,,19,11,0.875038,51,,,0,3258
57253d39d539952a,,12,8,0.837976,7,,,0,3259
572fa8022a3047ab,,10,19,0.872867,49,,,0,3260
57333fb17c668289,docs\documents-atlas-index.md#chunk-183,17,9,0.882145,22,,,0,3261
574455b17911fe06,,18,11,0.876038,40,,,0,3262
5744840e9ecb708e,,19,6,0.953699,170,,,0,3263
574a8c724ae284dc,,8,,0.999742,,,,0,3264
5755f210ddbc8d85,,17,3,0.851294,25,,,0,3265
57584d40b4682ba5,,14,7,0.844687,6,,,0,3266
578da29fab4a9b8e,,17,3,0.913199,25,,,0,3267
5790c083189e2c4e,,8,19,0.794894,21,,,0,3268
579be80be77d6984,,19,4,0.831054,58,,,0,3269
579c829face75b86,,8,,0.937432,,,,0,3270
57a52b265c44e053,docs\documents-atlas-index.md#chunk-819,,1,0.639824,,,,0,3271
57a8c8b9d9745f1e,,5,15,0.743562,5,,,0,3272
57ad57929f0808b3,,,1,0.884379,,,,0,3273
57b485e3897a2d35,,,9,0.882929,,,,0,3274
57b6f403595f9e7c,,6,19,0.825181,38,,,0,3275
57bfb0e6a7e2a715,,,13,1.027419,,,,0,3276
57d7367d73e3c095,,,,0.891772,,,,0,3277
57dd659fccbb8e19,,8,,0.919127,,,,0,3278
57ec09725eb3bea7,,,1,1.006581,,,,0,3279
57ef761cb05c8a7d,,8,5,0.946886,11,,,0,3280
57f0c466df16e8dd,docs\documents-atlas-index.md#chunk-32,3,19,0.888013,24,,,0,3281
57f253b1b7f99c92,,,8,0.894032,,,,0,3282
57f39273898189f4,,,3,0.827735,,,,0,3283
57f5796a3a44ab64,,,3,0.708205,,,,0,3284
57f96e5340901f20,docs\documents-atlas-index.md#chunk-434,4,5,0.728414,7,,,0,3285
57f9ee408ea7cd96,,,12,0.871528,,,,0,3286
5805793f487b36ba,,13,18,0.876011,18,,,0,3287
5807aad28ef02a77,,12,,0.939486,,,,0,3288
580956519d4a29b1,,19,6,0.804287,170,,,0,3289
580bfc644ce48453,,12,,0.907018,,,,0,3290
5810a0887554d830,,8,16,0.858788,15,,,0,3291
581734270dc6b662,,19,9,0.94395,88,,,0,3292
582a1ccbce284133,,16,9,0.988993,18,,,0,3293
584b1ab4aa95609a,,11,3,0.913597,4,,,0,3294
58560749fd3e0bb0,,19,2,0.838264,48,,,0,3295
5862aee2688554fa,,10,18,0.938641,28,,,0,3296
5867b4fe4ea31107,,11,17,1.015236,9,,,0,3297
5868c329a9382dab,,10,19,0.669888,49,,,0,3298
58750fbcbf738b77,,12,7,0.924052,7,,,0,3299
587ca3120696b73d,docs\UNIVERSAL_APP_READINESS_CHECKLIST.md#chunk-1,1,19,0.950898,95,,,0,3300
587cc34d19a90178,docs\documents-atlas-index.md#chunk-911,13,15,0.978054,41,,,0,3301
587e116c1dede14f,,19,9,1.044595,88,,,0,3302
5886a4ff553f6a08,,19,5,0.992765,196,,,0,3303
5889d79371832b62,,8,16,0.726262,15,,,0,3304
588d9f370d37c756,,2,,0.863691,,,,0,3305
5898d9d2958681b7,,16,13,0.865951,18,,,0,3306
58a266c8831cd8d7,,19,11,0.96268,51,,,0,3307
58a2e850410443bc,,6,19,0.802094,38,,,0,3308
58abf396ee82728c,,2,17,0.953894,9,,,0,3309
58ae788d14499fe0,,,3,0.985043,,,,0,3310
58b1a57848eb49c2,,,,1.023232,,,,0,3311
58b1f7ebd4e27690,,,12,1.005843,,,,0,3312
58bd5e057edb567f,,7,,0.889351,,,,0,3313
58c4dfcb83a33142,docs\documents-atlas-index.md#chunk-372,,5,1.004621,,,,0,3314
58cae32dd4a62e8e,,8,5,1.004224,11,,,0,3315
58d6c7895cebe296,,,,0.940112,,,,0,3316
58d6fdbd254eb1d8,,,13,1.173667,,,,0,3317
58d88f4720bc5bc4,,4,,0.884872,,,,0,3318
58db982655be84c4,,6,,0.956798,,,,0,3319
58dc13d640a1b12e,docs\documents-atlas-index.md#chunk-346,16,14,1.026479,17,,,0,3320
58e1bce66b3de968,,,12,0.933493,,,,0,3321
58e388c2e2a6bd4d,docs\documents-atlas-index.md#chunk-1125,,10,0.921265,,,,0,3322
58e7c6e2b39e6c3f,,5,15,0.962493,5,,,0,3323
58ee086bc5db7d57,,7,2,0.960646,13,,,0,3324
58f92d1f7b402347,,,,0.776089,,,,0,3325
59011b0acce16cc4,,8,,0.983101,,,,0,3326
590a0db9156a2fad,,19,,0.990113,,,,0,3327
590ce25854cab05b,docs\documents-atlas-index.md#chunk-954,19,6,0.947211,170,,,0,3328
590f9074b749ebcf,,19,12,0.945875,127,,,0,3329
59168618b483a3f5,,19,10,0.803833,64,,,0,3330
59256cd6bb6ad13d,,17,8,0.892628,14,,,0,3331
593304b5a38bb5c9,,19,10,0.886491,64,,,0,3332
593900537ae8fb82,docs\documents-atlas-index.md#chunk-648,12,12,0.945355,14,,,0,3333
593fc8cd44fefeab,,14,14,1.128463,30,,,0,3334
594a982c904852c6,,19,11,0.829383,51,,,0,3335
594a9d620e160c17,docs\visualization-stack.md#chunk-2,8,1,0.900128,4,,,0,3336
59524284d4d6a7a8,,19,12,0.810607,127,,,0,3337
595d36657ef123fd,,17,18,0.939191,20,,,0,3338
595f9dc0bac7d286,,12,,0.883675,,,,0,3339
59773239cb5d9410,,19,6,0.749638,170,,,0,3340
597948a27c00bf12,,,13,0.870023,,,,0,3341
597b8cd9aca81758,,11,,0.807014,,,,0,3342
5980997534e8096f,,13,15,0.852211,41,,,0,3343
598555c1c6b9e96c,,18,12,0.843053,53,,,0,3344
5986075bd6867970,,19,8,0.833253,183,,,0,3345
598b9460d082b54f,,16,11,0.88668,26,,,0,3346
598c7e443a1f1ebc,docs\documents-atlas-index.md#chunk-1307,17,1,0.92523,4,,,0,3347
598f9390f94069da,,19,11,0.857234,51,,,0,3348
599a49e2e30a5548,,17,8,0.838121,14,,,0,3349
599e7a3f8fc7e53b,,7,,0.993472,,,,0,3350
599efcf5a55da6c0,docs\documents-atlas-index.md#chunk-319,18,6,0.934171,26,,,0,3351
599fec4047ba8d0f,,15,,0.872057,,,,0,3352
59a02c53e00ef0a9,docs\documents-atlas-index.md#chunk-1278,1,5,0.986364,6,,,0,3353
59a7e6f56185a096,,,15,0.817683,,,,0,3354
59bfee0264628e53,,7,7,0.92427,7,,,0,3355
59cbe15b80b332d8,,12,17,1.140934,15,,,0,3356
59d078882f5b4458,,,,0.742429,,,,0,3357
59d72f383cf88df1,,1,,0.875838,,,,0,3358
59d9409d4225b660,,,3,0.845735,,,,0,3359
59d9c06df425d940,,,13,0.913966,,,,0,3360
59e8a4c61223afa1,,,15,0.872785,,,,0,3361
59f0487f9cd74071,,,,0.804263,,,,0,3362
59f2d1d2766fbbb1,,,16,0.990006,,,,0,3363
59f7647e56215a72,docs\documents-atlas-index.md#chunk-13,,3,0.758794,,,,0,3364
59f79c01d705700c,,5,5,0.698756,11,,,0,3365
5a0ce21696c2498d,,15,19,0.926327,54,,,0,3366
5a0d5f45aae54932,,12,,0.855194,,,,0,3367
5a0dfb53b047ea7f,,14,1,0.969891,8,,,0,3368
5a0ee37bda7261ae,,12,19,1.024737,84,,,0,3369
5a112fb6928918fb,,18,16,0.880145,49,,,0,3370
5a1ab1f53d51f946,,,19,1.007327,,,,0,3371
5a308469b70cb6c1,,19,8,0.8085,183,,,0,3372
5a379d13f86725a2,,16,9,0.923204,18,,,0,3373
5a39fff19d05315b,,2,19,0.995529,29,,,0,3374
5a3b94c383b537cb,,18,17,0.761009,20,,,0,3375
5a45680581bd2192,,17,14,0.914033,54,,,0,3376
5a49eac032ef0770,,19,,1.004477,,,,0,3377
5a4c04747f31c1ee,,19,17,0.922415,49,,,0,3378
5a7f986f9afc467a,,17,16,0.954501,14,,,0,3379
5a86708f8bbcb238,,19,9,1.028041,88,,,0,3380
5a8cd4a03437a6e7,,18,13,0.935404,53,,,0,3381
5a9e52a3a23fc506,,18,10,0.903896,57,,,0,3382
5aa1dad3f67dfc84,,,12,0.927015,,,,0,3383
5aa2ef2f18facfe7,,10,12,1.196268,28,,,0,3384
5ab4a37cdd309f77,,4,16,0.934863,10,,,0,3385
5abfe45234a9ad08,,,17,0.9451,,,,0,3386
5ac3c98cfbc91928,,5,,0.941652,,,,0,3387
5ac438374d5c9940,,,,0.761838,,,,0,3388
5acb72dd76ecc47c,,17,15,1.059808,78,,,0,3389
5adbec3d9c84ba4d,docs\documents-atlas-index.md#chunk-106,2,15,1.022148,5,,,0,3390
5ae809071f1bb524,,,,0.87282,,,,0,3391
5aeeada86c078688,,,15,0.943411,,,,0,3392
5af6914e44db44bd,,17,17,1.073123,51,,,0,3393
5af6948f41e17b9e,,4,19,0.922908,25,,,0,3394
5afa7e4c177c59cc,,4,,1.052689,,,,0,3395
5afef2d8ca529e0b,,,18,0.892154,,,,0,3396
5b009406bfe1c40e,,16,11,1.01505,26,,,0,3397
5b107fc09268ae2e,,12,12,1.018953,14,,,0,3398
5b1343d4a3d68549,,18,12,0.899881,53,,,0,3399
5b13d354a57b703c,,19,6,0.901907,170,,,0,3400
5b1526a07209f274,,18,12,0.874991,53,,,0,3401
5b160ab7221f3285,,17,11,0.95543,76,,,0,3402
5b1679e906230b2e,docs\documents-atlas-index.md#chunk-54,16,15,0.897307,43,,,0,3403
5b1741e666a05a4a,,16,16,0.822983,16,,,0,3404
5b17f39a4106b505,,13,13,0.961712,35,,,0,3405
5b1cab7cb4c703b2,,12,,0.967214,,,,0,3406
5b1e18391f6c5785,,19,3,0.862188,52,,,0,3407
5b223df367c1886f,,17,15,0.944156,78,,,0,3408
5b2714bf93af5832,,17,14,0.935638,54,,,0,3409
5b2f7aa19576a31d,,17,11,0.925894,76,,,0,3410
5b3099ea9894e2a4,,18,13,0.788591,53,,,0,3411
5b3c33b16bd985fe,docs\documents-atlas-index.md#chunk-493,18,17,0.885876,20,,,0,3412
5b3f1f07fb00fba1,,13,2,1.010569,2,,,0,3413
5b44c5ac4166c46f,,4,19,0.948332,25,,,0,3414
5b48e1640d56ee8e,,4,19,0.756504,25,,,0,3415
5b4f292af104b17a,,16,11,0.886112,26,,,0,3416
5b50dc3e55bc0200,,19,3,1.057481,52,,,0,3417
5b554ddb1a25aa51,,16,10,0.979453,101,,,0,3418
5b5acec390a8cc96,,14,,0.999881,,,,0,3419
5b5fa4412a85a65c,,1,19,0.917164,95,,,0,3420
5b647d2f2b95826c,docs\documents-atlas-index.md#chunk-992,3,,0.976702,,,,0,3421
5b6b60ed3a7e3abf,,17,16,1.010453,14,,,0,3422
5b6bcb7a74cbf07d,docs\documents-atlas-index.md#chunk-655,14,,1.121673,,,,0,3423
5b72dfc94b6af403,,19,5,1.046211,196,,,0,3424
5b7425179e474a67,,5,19,0.880575,21,,,0,3425
5b78156b3617e60d,,17,14,0.874091,54,,,0,3426
5b7dbb912e2867b9,,15,,0.972145,,,,0,3427
5b800beeb572ae12,,16,10,1.014921,101,,,0,3428
5b949dc516298491,,17,11,0.891656,76,,,0,3429
5bab76c98cb530d5,,17,17,0.998737,51,,,0,3430
5bab8244479db5fa,,19,15,0.980925,77,,,0,3431
5bacc4d9fd4d7346,,13,,1.005704,,,,0,3432
5baceee668a2342d,,10,,1.057681,,,,0,3433
5bae72b99b6b8d4d,docs\documents-atlas-index.md#chunk-577,,19,0.991721,,,,0,3434
5bb5669b5810a151,,,,0.832512,,,,0,3435
5bbdb726eabb42c2,,13,,1.039136,,,,0,3436
5bbfc60e1cad9e0d,,10,,1.138472,,,,0,3437
5bcd37226d45d675,,,1,0.868212,,,,0,3438
5bd1598de8f5b8d0,,,5,1.016375,,,,0,3439
5bd3006c1b30c93b,,1,18,0.974727,30,,,0,3440
5bd54246fa5626c6,,,3,0.847017,,,,0,3441
5bdec8971c79abf3,docs\documents-atlas-index.md#chunk-487,1,19,0.969993,95,,,0,3442
5bdeda800d45002a,,,19,0.950695,,,,0,3443
5bf060bc7a4812db,,15,18,0.99231,23,,,0,3444
5bf15905faea0fbf,,9,,1.047861,,,,0,3445
5bf2cbd76ef764d8,docs\documents-atlas-index.md#chunk-1270,,18,1.066135,,,,0,3446
5bf72b9434de9d91,,5,,0.882257,,,,0,3447
5bf8551cad74833b,,1,2,0.899987,6,,,0,3448
5bf9e3755256015c,,,19,0.749315,,,,0,3449
5c003383a49d2eeb,,19,1,0.930645,75,,,0,3450
5c011b7b56846c38,,12,12,0.908027,14,,,0,3451
5c1d45566bf03b1e,,17,19,0.989574,34,,,0,3452
5c1fc3569e23caae,docs\documents-atlas-index.md#chunk-412,8,19,0.973283,21,,,0,3453
5c20eefa2e4f4b24,docs\documents-atlas-index.md#chunk-477,19,1,1.12273,75,,,0,3454
5c251e24d2b9aa85,,13,9,0.933473,6,,,0,3455
5c2cfd3d831ea19b,,19,5,1.085602,196,,,0,3456
5c2f284c35c66252,docs\documents-atlas-index.md#chunk-1043,17,14,0.96502,54,,,0,3457
5c34e09e0c23506f,,9,19,0.882622,70,,,0,3458
5c377c0f575b93f5,,18,13,0.995367,53,,,0,3459
5c3933f4eb91b788,,17,11,0.894229,76,,,0,3460
5c4184ace1b1a09a,,17,14,0.987063,54,,,0,3461
5c4c777b5ae22f1d,docs\CODEBASE_DIRECTORY_MAP.md#chunk-32,14,19,0.938984,121,,,0,3462
5c5d56baf992bc8b,docs\documents-atlas-index.md#chunk-1114,16,11,0.917572,26,,,0,3463
5c61c4eef6358fb1,,12,17,1.007645,15,,,0,3464
5c622c1e982582fe,,18,16,0.888843,49,,,0,3465
5c64b89c50b1a0be,,15,18,0.947804,23,,,0,3466
5c7b0782720f39a8,,19,13,0.846098,82,,,0,3467
5c7c5cc1b7d4c6ae,,19,14,0.947922,76,,,0,3468
5c8341bded9ebce7,,19,10,1.028734,64,,,0,3469
5c8b0b20aa57baf9,,14,,1.022847,,,,0,3470
5c979fcbde86e6ab,,16,10,0.966571,101,,,0,3471
5c9d36d870a3cdaf,,17,16,0.915262,14,,,0,3472
5c9f40fed200fb4d,,16,11,1.091593,26,,,0,3473
5ca4766fa3fdcda7,,13,10,1.139566,19,,,0,3474
5ca97cf8416e6cca,,17,15,1.048666,78,,,0,3475
5cb8cf88dc425bff,,3,15,1.006635,6,,,0,3476
5cbb1d6eb0a12488,,6,1,0.856515,19,,,0,3477
5cbb53ab23ce57d8,,17,15,1.030005,78,,,0,3478
5cbd9e696c803db8,,7,1,0.908652,11,,,0,3479
5cbe8d8d0c69244b,,4,,0.925208,,,,0,3480
5cc684244d64ef8c,,1,19,0.727781,95,,,0,3481
5ccd7520d1126958,,4,5,0.930802,7,,,0,3482
5ccfd35122a511fa,,17,18,1.031794,20,,,0,3483
5cf06ae7a473e185,,,9,0.926621,,,,0,3484
5cf12d5432700183,,1,1,0.822678,8,,,0,3485
5cf164222d369d3d,,,19,0.836126,,,,0,3486
5cf8c27fbc0a67b2,,,,1.107345,,,,0,3487
5cfd61a17644b252,,,15,0.962975,,,,0,3488
5d134379296f0dc2,docs\documents-atlas-index.md#chunk-1046,19,1,0.848075,75,,,0,3489
5d16f99cffdd6f61,docs\documents-atlas-index.md#chunk-97,15,,0.957656,,,,0,3490
5d1762fea83b9be2,,19,10,1.070322,64,,,0,3491
5d23ff0567ca0f34,,18,,0.913482,,,,0,3492
5d29c546781044f6,,9,19,0.884148,70,,,0,3493
5d34262fc0838b3f,,13,19,0.901226,52,,,0,3494
5d3b05a1e2567928,,17,11,0.842664,76,,,0,3495
5d47802794f11c18,,13,15,0.8746,41,,,0,3496
5d4b41cdabea4fa1,,17,,1.06548,,,,0,3497
5d4c83206207735c,,18,16,0.826095,49,,,0,3498
5d5c8cef73ef6f1b,docs\documents-atlas-index.md#chunk-1233,15,,1.055245,,,,0,3499
5d61f86f0e4ca6b8,,19,5,1.050935,196,,,0,3500
5d6d395bb728824c,,17,14,0.935893,54,,,0,3501
5d7193e6485218a0,docs\documents-atlas-index.md#chunk-339,17,15,0.859194,78,,,0,3502
5d74fa0f8002bc40,,7,13,0.974234,6,,,0,3503
5d8ff07b58d811cf,docs\documents-atlas-index.md#chunk-1083,15,19,0.92611,54,,,0,3504
5d9599fcc712cf0b,,16,11,0.960013,26,,,0,3505
5d9632bcc75baa7c,,17,10,0.993212,30,,,0,3506
5d9ea1d52a214434,docs\documents-atlas-index.md#chunk-14,,19,0.971626,,,,0,3507
5da0d723fe7c8284,docs\documents-atlas-index.md#chunk-194,18,4,1.026946,17,,,0,3508
5da2f0421a7a8ddd,docs\documents-atlas-index.md#chunk-1013,1,19,0.923989,95,,,0,3509
5da8401bd8c8627e,,3,,1.003599,,,,0,3510
5dbd01ed63decf9f,,17,15,1.162229,78,,,0,3511
5dc6a8e37ccc515a,,,19,1.016398,,,,0,3512
5dce68173f4f2a5b,,19,,1.005269,,,,0,3513
5dd6a81036ef1dc0,,18,,1.032785,,,,0,3514
5ddb0871bc7c8399,,1,,0.909569,,,,0,3515
5de38a7b69738178,,1,1,0.767621,8,,,0,3516
5de5985a83ffbfcd,,15,16,1.064851,22,,,0,3517
5de6db9779bef869,docs\documents-atlas-index.md#chunk-1088,1,,1.021368,,,,0,3518
5dea1b17401ea6be,,2,,1.095651,,,,0,3519
5df4d3f4e6391e44,,,14,0.848416,,,,0,3520
5dfc4c77664d05d1,,2,,1.024211,,,,0,3521
5e012ca49717398e,docs\documents-atlas-index.md#chunk-589,17,15,0.885784,78,,,0,3522
5e039f719c2e9fb4,,19,1,0.860824,75,,,0,3523
5e054a9bcdf9637c,docs\documents-atlas-index.md#chunk-121,8,,1.01463,,,,0,3524
5e09d6b96ff6b4cd,,15,18,0.992075,23,,,0,3525
5e0ba0edf6414530,,17,10,1.052196,30,,,0,3526
5e1bcc0ece916788,,12,,0.970899,,,,0,3527
5e21bc0e841a5719,,19,5,0.988493,196,,,0,3528
5e2256f08c0537e9,,17,15,0.942899,78,,,0,3529
5e278d101735325b,,18,15,0.90796,24,,,0,3530
5e312b0f07d6e774,docs\documents-atlas-index.md#chunk-1204,16,12,1.045783,12,,,0,3531
5e407bc08dad9259,,17,7,0.995788,7,,,0,3532
5e4640e4001be12b,,18,14,0.895653,36,,,0,3533
5e53962bd3873722,,17,10,0.955201,30,,,0,3534
5e548054846a05e2,,18,14,0.839021,36,,,0,3535
5e55fbf3535a60f9,,17,15,1.065598,78,,,0,3536
5e56d9e8de767b8e,,5,19,0.850562,21,,,0,3537
5e578f834f7c2d28,,19,1,0.890286,75,,,0,3538
5e60f92dbf84a3c3,,19,8,1.066745,183,,,0,3539
5e68a958219681f1,,15,15,0.853335,13,,,0,3540
5e6ab69b2abc447c,,15,,1.048925,,,,0,3541
5e715d223c613781,,1,,0.899204,,,,0,3542
5e76480abbab61dd,,16,18,1.087431,13,,,0,3543
5e7d77c79c595f3b,docs\documents-atlas-index.md#chunk-789,16,16,0.976081,16,,,0,3544
5e82f5ca00b41c7a,,9,19,0.949756,70,,,0,3545
5e886d44a97cd83a,,16,8,0.874368,9,,,0,3546
5e8900d294ca1af4,,17,17,0.968806,51,,,0,3547
5e89d4af5342e154,,18,13,0.976147,53,,,0,3548
5e93e2ee39780fdb,,10,19,0.855014,49,,,0,3549
5e99471227ea8115,,17,14,0.938816,54,,,0,3550
5ea4d0769d3f94e6,,,19,1.020343,,,,0,3551
5ebdb5020f6ddbb5,,19,,1.048568,,,,0,3552
5ebfeeb6718d980f,,12,1,1.049409,8,,,0,3553
5ec2e76731cb9adf,,,19,0.975623,,,,0,3554
5ed37a2b63dd8d63,,3,,0.894758,,,,0,3555
5ed40fcae08c9131,,,6,1.058703,,,,0,3556
5ee29ebdcebfa397,docs\documents-atlas-index.md#chunk-749,1,,1.12063,,,,0,3557
5ee867f78c3ad62b,,,18,1.000038,,,,0,3558
5efa2f446e074260,,2,,0.845917,,,,0,3559
5f03b38249b6821b,docs\documents-atlas-index.md#chunk-86,13,15,0.898111,41,,,0,3560
5f09c1c8dd47ac70,,1,16,1.00653,15,,,0,3561
5f0fd5a32552a7ca,docs\documents-atlas-index.md#chunk-166,19,16,0.94452,49,,,0,3562
5f3b3431db70a92d,,16,10,1.065014,101,,,0,3563
5f47f979f06ab255,,19,7,0.862381,165,,,0,3564
5f496f85064f411b,,19,3,1.003783,52,,,0,3565
5f4edf5ad057e367,,16,9,1.033967,18,,,0,3566
5f5d3db46efdc2fd,,18,15,1.085476,24,,,0,3567
5f5d5bc8f17b09ac,,19,,0.93146,,,,0,3568
5f5dbfa89bf6bfd4,,14,,1.00069,,,,0,3569
5f5eca97c01f3335,,19,,0.833392,,,,0,3570
5f73f208192e2abf,,9,19,0.87221,70,,,0,3571
5f7c2a21979215e6,docs\documents-atlas-index.md#chunk-1314,18,15,0.924034,24,,,0,3572
5f7da9e91af99cff,,15,19,0.968636,54,,,0,3573
5f7ee5c182f275c4,,18,17,1.001705,20,,,0,3574
5f89da8e395587a1,,13,15,0.960314,41,,,0,3575
5f89dd5c2c606fa8,,10,17,1.009643,23,,,0,3576
5f8d4929ddc6dab5,,14,,0.9956,,,,0,3577
5f90757b07335f52,docs\documents-atlas-index.md#chunk-16,11,16,0.884967,16,,,0,3578
5fa9f77ce86d4f2b,,5,18,1.026391,6,,,0,3579
5fcfc7dbe44884bb,,,19,1.118282,,,,0,3580
5fdafdff91306434,,,13,1.107353,,,,0,3581
5fe667579ed69d1d,,,19,0.865099,,,,0,3582
5fe7bf340df569e7,docs\documents-atlas-index.md#chunk-262,1,,1.028435,,,,0,3583
5fface8aa5860fb7,,10,,0.922367,,,,0,3584
5ffc955f33b5a56e,,,19,1.064597,,,,0,3585
5ffeca9af84391ee,,9,1,1.141146,14,,,0,3586
600803e018c935bb,,16,16,0.856998,16,,,0,3587
60088dd3c9eb25fa,,15,7,1.03415,5,,,0,3588
600b35580f7d431c,docs\documents-atlas-index.md#chunk-366,19,5,0.969892,196,,,0,3589
600d8dbd404185c1,,17,11,1.012465,76,,,0,3590
601328b6aade0396,docs\documents-atlas-index.md#chunk-864,19,7,0.934635,165,,,0,3591
601954ca3cab3cc2,,14,15,0.987934,11,,,0,3592
603d7f9b6530a570,,16,10,0.896857,101,,,0,3593
6048ba8c5fe0114d,,10,16,1.039169,18,,,0,3594
604d0048dacab0f4,,19,8,0.943057,183,,,0,3595
605003c83c2f7ab6,,19,5,0.908516,196,,,0,3596
605b57e8c5bcf7d6,,19,10,0.899085,64,,,0,3597
605f24c4d4e65237,,16,9,0.92206,18,,,0,3598
606b3e9698f2a740,,14,9,0.917973,11,,,0,3599
60715a9b58092060,,,,0.869307,,,,0,3600
607b33c73c6ccee3,,19,9,0.979527,88,,,0,3601
607c8a70d540edbd,,10,6,0.91237,10,,,0,3602
607fa4b46803af39,,,15,0.8941,,,,0,3603
6087c8a3f9d952d4,,19,9,0.935779,88,,,0,3604
608d2b8ce6e8e651,,15,9,1.02294,23,,,0,3605
609cca13bb2781f1,,16,3,0.9616,4,,,0,3606
609d3af2d9cff95d,,15,8,0.983484,16,,,0,3607
60bd9467cfa14966,,7,2,0.856667,13,,,0,3608
60c07692fa77684f,,1,5,0.819087,6,,,0,3609
60ce5b24a24ac472,,5,3,0.91929,13,,,0,3610
60d577c00469f1c1,,,15,0.962708,,,,0,3611
60da93eb77a6f3df,,16,16,1.091259,16,,,0,3612
60dacc421301950a,,6,4,0.938136,14,,,0,3613
60e66b6fa6f832d6,,4,1,0.902847,11,,,0,3614
60e67332ccf0958d,docs\documents-atlas-index.md#chunk-325,,3,0.948588,,,,0,3615
60f1c7d7430ef01c,docs\documents-atlas-index.md#chunk-503,,17,0.992453,,,,0,3616
60f2d616ffc40367,,,4,0.970244,,,,0,3617
60f6b0ebe73ea119,,,13,1.040688,,,,0,3618
60f950c5322bc35c,,,15,1.00211,,,,0,3619
6104d9939ef07c39,,9,15,0.881772,19,,,0,3620
6120f1a86a46009d,,9,19,0.867615,70,,,0,3621
6124924a0ec41738,,12,16,0.941035,30,,,0,3622
61372eda2172c07c,,17,11,0.956521,76,,,0,3623
61380a3b4751e62f,,16,11,0.945609,26,,,0,3624
6139125c0b9735f9,,13,18,0.959233,18,,,0,3625
613b530340115d15,,12,11,0.90457,13,,,0,3626
614291359e89e8a6,,19,9,0.859992,88,,,0,3627
61459e3f4aeffb80,,19,5,1.051479,196,,,0,3628
6151f943d081a1ce,,9,18,0.947607,27,,,0,3629
6158123cb9ce0c43,,15,6,0.988013,6,,,0,3630
6164cdc7bfa789c3,,12,,0.974798,,,,0,3631
61761ff33550b782,,17,11,0.860501,76,,,0,3632
6178826f779d00e1,,19,7,0.933404,165,,,0,3633
61796ca411cf7c4f,,11,10,1.012898,14,,,0,3634
617aaf706e180115,docs\documents-atlas-index.md#chunk-615,16,3,0.92786,4,,,0,3635
61802591c54284b4,,19,10,0.845423,64,,,0,3636
6189081faf6d5d5f,,19,5,1.006217,196,,,0,3637
61946ab9164d6f57,,19,4,0.878841,58,,,0,3638
619acaf6a2d011c2,,12,,0.985714,,,,0,3639
619c66c4face4464,,16,5,0.87222,2,,,0,3640
61ae19ed38174fc8,,,5,1.045096,,,,0,3641
61c0882f0c7967f8,,,,0.831065,,,,0,3642
61d2114800083145,,,3,0.795536,,,,0,3643
61d2ab0a0bac1e28,,5,,0.976724,,,,0,3644
61d4908f3b9c782e,docs\documents-atlas-index.md#chunk-890,,,0.860862,,,,0,3645
61e5a050299a41f2,,,,1.00296,,,,0,3646
61f69db445942d6a,,7,8,0.852443,4,,,0,3647
61f89a593b2c81b8,,,,0.799892,,,,0,3648
61f93f2af1e3a4a0,,2,1,0.928444,17,,,0,3649
62067658453f2962,,19,6,0.787609,170,,,0,3650
621c91ec91b31f95,,14,14,0.985673,30,,,0,3651
622723057e3ae4b3,,19,8,0.980538,183,,,0,3652
622e8af5a12af5b7,docs\documents-atlas-index.md#chunk-144,18,9,0.929286,17,,,0,3653
62346c29f7ae852d,,13,5,0.884089,5,,,0,3654
6237c5e7463339e5,,10,18,0.848767,28,,,0,3655
6240559a73045457,,19,8,0.865927,183,,,0,3656
624809cbde794161,,17,10,0.922566,30,,,0,3657
6248b9599921a397,,8,16,0.785249,15,,,0,3658
6255d6015c95a003,,1,18,0.883654,30,,,0,3659
62625a652fabb3b7,,19,7,0.998111,165,,,0,3660
626b0789afbccd15,docs\documents-atlas-index.md#chunk-889,15,5,0.919454,14,,,0,3661
628081dee6359e0c,docs\documents-atlas-index.md#chunk-951,10,17,0.864854,23,,,0,3662
628308b5a274f266,docs\documents-atlas-index.md#chunk-668,18,10,0.757106,57,,,0,3663
6290470c34bcde06,,12,12,1.054731,14,,,0,3664
6290a9f69b312227,docs\documents-atlas-index.md#chunk-645,7,18,0.882434,15,,,0,3665
62967bb2f6a9f6b2,,18,10,0.892169,57,,,0,3666
629b7a0ee409a472,docs\documents-atlas-index.md#chunk-88,15,9,0.975749,23,,,0,3667
629e4cb2d264a828,,16,10,0.854785,101,,,0,3668
62a0b6eccb4c5329,,,7,1.065162,,,,0,3669
62a32c9ff55c3f10,,4,4,0.910815,12,,,0,3670
62a60774089ec161,,,,0.812845,,,,0,3671
62a881f23a43baea,,,18,0.936982,,,,0,3672
62bbc466da2af3d0,,19,6,1.030797,170,,,0,3673
62c59d01f4dbd41c,,7,4,0.976193,7,,,0,3674
62c94dce2a364410,docs\documents-atlas-index.md#chunk-45,,,0.850866,,,,0,3675
62c994e1e63eebd6,,,10,1.001723,,,,0,3676
62cb62dbba73fb3d,,,10,1.02623,,,,0,3677
62d1447dd916696a,,1,4,0.840056,3,,,0,3678
62d2bb85a0aaf762,,,7,1.001904,,,,0,3679
62d9a810420fa570,,,15,0.920887,,,,0,3680
62e92d8b333efd75,,1,1,0.93777,8,,,0,3681
62f0caa247728988,docs\documents-atlas-index.md#chunk-736,,12,0.825569,,,,0,3682
62f2426336b2ff57,,,8,0.893389,,,,0,3683
6306755c1aa9481e,,12,18,0.890435,17,,,0,3684
6308afa4c54cbbc9,,19,2,0.94247,48,,,0,3685
6310aac285984d8e,,10,13,0.858954,65,,,0,3686
6311ade63535093c,,8,16,0.962464,15,,,0,3687
6316e4482220f4a6,,9,18,0.928833,27,,,0,3688
631748ddc60a2027,,19,8,0.912005,183,,,0,3689
63177cbab36dee2e,,15,9,1.005295,23,,,0,3690
6317cffb6e1a0b07,,19,5,0.976937,196,,,0,3691
631afebfe4c1df05,,12,,1.077546,,,,0,3692
631b79bcdd775b9e,,15,9,0.958541,23,,,0,3693
631bb8efd6ede977,,19,6,1.002965,170,,,0,3694
631d79c23c9dccbf,,19,1,1.050315,75,,,0,3695
6328f4ba9612d89e,,9,19,0.886041,70,,,0,3696
633e63e3560cb1c8,,19,12,0.897101,127,,,0,3697
634fee6a85714674,,11,11,0.996091,14,,,0,3698
635033ad3ee586bf,docs\documents-atlas-index.md#chunk-349,14,19,0.875402,121,,,0,3699
6351169198eae69f,,19,9,0.901915,88,,,0,3700
63565c3779462c35,,10,11,0.794275,28,,,0,3701
635c547cb200fe04,docs\documents-atlas-index.md#chunk-559,14,10,0.934522,9,,,0,3702
635df4d1b67eca68,,19,2,0.876813,48,,,0,3703
636790660c7f34c1,,19,6,0.898311,170,,,0,3704
636be6af9da87457,,17,5,1.034358,9,,,0,3705
636fb7a91116e539,,19,9,0.90945,88,,,0,3706
63724dd59e747e88,,10,10,0.864096,4,,,0,3707
637b7bad30b543e1,,16,13,1.010744,18,,,0,3708
637c804b0ec69c95,docs\documents-atlas-index.md#chunk-292,12,15,0.937553,22,,,0,3709
6382e1d1058d7b7d,,7,18,0.922276,15,,,0,3710
63832102ccaf9ae1,,19,2,0.893657,48,,,0,3711
638b6a6cacd2430a,,8,,0.903345,,,,0,3712
639af7447e25e450,,19,6,0.930064,170,,,0,3713
63a1dd40ae8a19e8,docs\documents-atlas-index.md#chunk-1144,10,,0.923693,,,,0,3714
63a229180245b106,,,1,0.792799,,,,0,3715
63a5434202c8b6e1,,,,0.954665,,,,0,3716
63adfc72297d4071,,6,,0.940408,,,,0,3717
63afe29ee6410443,,6,5,1.014739,10,,,0,3718
63b9feaba094fdb6,,,10,0.992131,,,,0,3719
63cb46f807873a76,,7,9,0.94533,5,,,0,3720
63d3fc2c6318a685,,,6,0.86649,,,,0,3721
63de860ef2516c1c,,7,6,0.88086,7,,,0,3722
63e59aaa45630623,,,3,0.83317,,,,0,3723
63ef3cc887cde3d2,,6,,1.065418,,,,0,3724
63fa1b07a9de005b,,7,1,0.891495,11,,,0,3725
640156092a4e4b49,,19,4,0.830857,58,,,0,3726
6405c934d8324e43,,8,16,0.871969,15,,,0,3727
6415cebe1740e19d,,10,13,1.056052,65,,,0,3728
641af00aa76b344e,,19,5,0.926962,196,,,0,3729
6423763241aa06c4,,19,7,0.912966,165,,,0,3730
642a8e3bf84e9240,,18,5,0.871783,12,,,0,3731
642edf2f3b0b7f75,,19,,0.947862,,,,0,3732
642f6dc4f762131e,,11,5,0.934993,8,,,0,3733
6430431f759f5bd2,,13,17,0.979352,13,,,0,3734
6445cc098d664c16,,8,13,0.820886,8,,,0,3735
644f1a825066807f,,14,9,0.906151,11,,,0,3736
645a78aef94a3a37,,19,4,0.903453,58,,,0,3737
645a82ceaf700166,,17,9,0.970303,22,,,0,3738
645b635f3b505a96,,11,17,0.960874,9,,,0,3739
6465d502a4afcec0,,19,2,0.926585,48,,,0,3740
646790ee9b950ef6,,12,19,0.934976,84,,,0,3741
6471106670459c9d,,9,18,0.763156,27,,,0,3742
6473873b6765a9f3,,19,12,0.851035,127,,,0,3743
647d51ac0edfccfd,docs\documents-atlas-index.md#chunk-483,15,16,1.134673,22,,,0,3744
6490de5b13661411,,10,13,0.975161,65,,,0,3745
64919a17f840ad1e,,8,9,0.830482,3,,,0,3746
64923c598e75a442,,,,0.76863,,,,0,3747
6495c04a0df49d6c,,9,19,0.797047,70,,,0,3748
64975c1afead4238,,5,,0.956535,,,,0,3749
649f232cb8be1de5,,19,1,1.045624,75,,,0,3750
64a2258d7e906092,,,,0.718641,,,,0,3751
64a59bf4c1604be7,,5,8,0.899822,7,,,0,3752
64aa7f410fef8d56,,7,,0.87906,,,,0,3753
64b5f1740d2ff1b0,,1,19,1.074064,95,,,0,3754
64bd39139d53bf15,,,4,0.868879,,,,0,3755
64c387196eba7154,,,,0.696003,,,,0,3756
64c5e64e1e9fa0dc,,6,19,1.098866,38,,,0,3757
64ca80b2dd5f9a5e,,10,6,0.960188,10,,,0,3758
64ccc25453340955,,,17,0.912101,,,,0,3759
64d4729e7704f37a,,,3,0.896044,,,,0,3760
64d640d33f894d28,,,14,0.836128,,,,0,3761
64d9e2d4b1e14313,,,14,1.006259,,,,0,3762
64eec9458730007b,,2,19,0.808194,29,,,0,3763
64f6791584f57269,,,,0.762532,,,,0,3764
64f843257fb46aed,,11,19,0.92106,37,,,0,3765
64f896d3b0f91260,,,6,0.931923,,,,0,3766
65204ad9a5e2a61e,,15,11,0.973324,13,,,0,3767
65267917565dc54c,,19,8,0.783418,183,,,0,3768
652fee3cac6124e5,,12,,0.999257,,,,0,3769
6533deed236b7bb2,,19,5,0.991495,196,,,0,3770
6535325af1eba191,,19,8,0.897715,183,,,0,3771
6537b3c37cbf59bd,,12,18,0.966396,17,,,0,3772
653fc513e34728bc,,10,18,0.960741,28,,,0,3773
65425aa7f90f6d56,,19,4,0.866426,58,,,0,3774
65444f70ef1b673d,,15,5,0.878421,14,,,0,3775
65454aed64c2e56c,,16,12,0.950551,12,,,0,3776
6546b63f9c79af46,,9,15,0.857893,19,,,0,3777
654bf857e82854ab,docs\documents-atlas-index.md#chunk-403,10,18,0.879784,28,,,0,3778
656dcb3a54114cda,,11,19,0.938709,37,,,0,3779
6571568f0f9a6e83,,19,5,0.913441,196,,,0,3780
657b7f4b67b56798,,6,,0.807776,,,,0,3781
65822d23226d8744,,19,7,0.822092,165,,,0,3782
658307b1c58e89d9,,19,8,0.839957,183,,,0,3783
6589cc84154302ba,,9,19,0.896703,70,,,0,3784
658d678f0e19f0a6,,19,11,0.95558,51,,,0,3785
6590625e27b0956d,,12,18,0.831828,17,,,0,3786
65907cc5b25c7876,,17,6,0.817616,5,,,0,3787
659abe99c577a5b0,,16,8,0.898089,9,,,0,3788
65a25b2b4c783182,,,,0.640922,,,,0,3789
65aa39d8f2478933,,5,6,0.885598,10,,,0,3790
65b33393e71d5be7,,,6,0.964672,,,,0,3791
65b94ae2c4484732,,3,7,0.805062,10,,,0,3792
65bd6884817881ed,,6,4,0.903192,14,,,0,3793
65cb90f19b292bdf,,2,19,1.018638,29,,,0,3794
65d82eb5cefa8441,,6,,0.95992,,,,0,3795
65e154c322a92103,,,,0.93647,,,,0,3796
65f16f4e4946910d,,2,1,0.815554,17,,,0,3797
65f1ac9cd7cf7547,,6,,0.918505,,,,0,3798
65f512de880bce3d,,1,14,1.032424,15,,,0,3799
65f7a6b301344dca,,5,19,0.881097,21,,,0,3800
65f8d583e01f87ec,,8,18,1.015771,19,,,0,3801
6602d4b3e848c797,,19,8,0.879757,183,,,0,3802
660721b403cb98a0,,19,13,0.896789,82,,,0,3803
6608051e2e1a193d,,19,6,0.96123,170,,,0,3804
660dd831b9421112,,18,6,0.919729,26,,,0,3805
6611fd8176223e51,docs\documents-atlas-index.md#chunk-964,9,12,0.826272,28,,,0,3806
661c2b5fcd68aaa4,,15,8,0.946452,16,,,0,3807
662468cb28b4827e,,16,15,0.821676,43,,,0,3808
6628fe0420a216d7,,11,14,1.004151,30,,,0,3809
663066b76ddbf84e,,19,9,0.920416,88,,,0,3810
663a6f9e65f87942,,6,,0.901052,,,,0,3811
664075d695403611,,18,10,0.862242,57,,,0,3812
665aedf293f10344,,12,,0.905143,,,,0,3813
665e572bd09fe166,,19,8,0.857694,183,,,0,3814
665e738f17d87eac,,14,19,0.786876,121,,,0,3815
666655281a4de9c8,,19,7,0.883414,165,,,0,3816
6668d09847a174c6,,12,16,0.805149,30,,,0,3817
666cfae1375b41bd,,19,,0.980793,,,,0,3818
6684b6cdb5b29a78,,10,14,0.905103,36,,,0,3819
66867f97a82f88c0,,18,6,0.789324,26,,,0,3820
668a424f0c2eb92a,docs\documents-atlas-index.md#chunk-758,19,8,0.975186,183,,,0,3821
66a3196695a29953,,,,0.684094,,,,0,3822
66a810457da2185a,,,,0.861319,,,,0,3823
66b42aa2fd3be75d,,1,8,0.935038,11,,,0,3824
66bb5bce972b6368,,4,,0.959691,,,,0,3825
66bb640fce319fb8,,3,4,0.969455,7,,,0,3826
66c5167ec49d1d68,,4,4,0.899133,12,,,0,3827
66d722a06ed57013,,,,0.971553,,,,0,3828
66dcd7b8fe651189,,,13,0.975048,,,,0,3829
66e23f055b3a9b32,,1,,0.778357,,,,0,3830
66e57230bab4ba24,,,8,0.885384,,,,0,3831
66ea6074145db148,,,1,0.957039,,,,0,3832
66ec7583685760be,,17,18,0.888375,20,,,0,3833
66f05c8eb7daf057,,1,,0.916219,,,,0,3834
66f42e1a41f4bddc,,3,,1.059377,,,,0,3835
66fa7d80878128f0,,4,2,0.84524,16,,,0,3836
670508195600a90a,,19,11,0.846551,51,,,0,3837
670ce5832e8c5590,,18,3,0.82912,25,,,0,3838
670d51a2b69aa08a,,19,9,0.881214,88,,,0,3839
672440f019fd48a1,,17,14,0.966779,54,,,0,3840
672e6658d9d6a152,,19,9,0.850317,88,,,0,3841
673548b67c161b28,,13,12,0.865116,22,,,0,3842
673a6e7b3a248cb7,docs\documents-atlas-index.md#chunk-862,7,,0.999557,,,,0,3843
67403bdf2a04aa6b,,11,13,1.058901,19,,,0,3844
67491151be63cdfc,,12,19,0.940616,84,,,0,3845
6757dc2d842f02bc,,19,5,1.004666,196,,,0,3846
675c3f8d33aed3f4,,18,9,1.020765,17,,,0,3847
675cc519b6c6df9e,docs\documents-atlas-index.md#chunk-1211,10,11,0.917414,28,,,0,3848
675e4b99eda58540,,9,,0.767123,,,,0,3849
6769a6bc94ded0ce,,15,15,1.009518,13,,,0,3850
676ea915e2d4fc9b,,10,11,0.920478,28,,,0,3851
6770951087452f9f,,9,18,0.694995,27,,,0,3852
677bc49cc408e563,,19,8,0.925576,183,,,0,3853
6783cab27d8f9ee5,,18,3,0.862458,25,,,0,3854
6785314e43035828,,13,15,0.894823,41,,,0,3855
6788348b9e55f1af,,14,19,0.85115,121,,,0,3856
67928034e7fc330b,,19,7,0.89342,165,,,0,3857
6793cee8bee74d37,,12,,0.858547,,,,0,3858
679926f5148656cd,,17,15,0.776165,78,,,0,3859
6799f25814fe632e,,9,19,0.914104,70,,,0,3860
67a30c2489b3f3a5,,,,0.897363,,,,0,3861
67a60cedf185eda8,docs\documents-atlas-index.md#chunk-375,,8,0.961886,,,,0,3862
67b80db432d7aa61,,,9,0.878244,,,,0,3863
67ba6aa2134d662a,,7,3,1.029233,7,,,0,3864
67c154264d7545a2,,,,0.775983,,,,0,3865
67c21aba6276b312,,,6,0.895899,,,,0,3866
67c43ea33a2d809d,,,,0.981412,,,,0,3867
67c61d2ac13442af,,3,3,0.927664,9,,,0,3868
67c9144236d56c67,,,1,0.786386,,,,0,3869
67d4dc88287b3e1c,,7,13,0.888857,6,,,0,3870
67d980b05a3ac9d7,docs\documents-atlas-index.md#chunk-284,,15,0.979753,,,,0,3871
67ef7c953e12f02d,,3,1,0.885523,14,,,0,3872
67f268bb9c07cd93,,,11,0.82097,,,,0,3873
67f3dba3bc5e0e9a,docs\documents-atlas-index.md#chunk-226,11,1,0.963986,6,,,0,3874
67f6c8b7e700300e,docs\documents-atlas-index.md#chunk-1031,2,17,0.865084,9,,,0,3875
68011d4df7e9514b,,7,,0.966816,,,,0,3876
6805af52291f155f,,19,5,0.911153,196,,,0,3877
681a4a187aab0c56,,17,,0.794107,,,,0,3878
681acc4a32d05b65,docs\documents-atlas-index.md#chunk-937,11,12,0.998478,53,0.9900000000000001,,0,3879
68212fda03732943,docs\documents-atlas-index.md#chunk-526,17,11,0.935289,76,,,0,3880
6821bab42c86888f,,7,18,0.914893,15,,,0,3881
682a4e1d74ee8fe0,docs\documents-atlas-index.md#chunk-443,19,,0.986273,,,,0,3882
68310bf825853e80,docs\documents-atlas-index.md#chunk-756,12,11,0.887543,13,,,0,3883
6831894446dc586e,,13,13,0.898658,35,,,0,3884
68323acc40da2cf0,,15,12,1.044236,14,,,0,3885
6834ae9f84862dc0,,10,16,0.869795,18,,,0,3886
683b12a3ca4f13a8,,18,7,0.966574,19,,,0,3887
6841088ee23f2ea4,,19,4,0.980524,58,,,0,3888
6846a0dda10e96b3,,19,7,0.946676,165,,,0,3889
6847b9ba6d81791c,,9,19,0.846289,70,,,0,3890
6854e67cc7c91830,docs\documents-atlas-index.md#chunk-1231,18,6,0.941864,26,,,0,3891
685742d7ef745b21,,16,8,0.817076,9,,,0,3892
685fcde5b3c60f14,,12,,0.874252,,,,0,3893
68659cc75109a6ba,,17,11,0.823903,76,,,0,3894
6867a8bbbccc7c21,,19,4,0.971748,58,,,0,3895
6867cfffe07d22e9,docs\documents-atlas-index.md#chunk-1116,19,5,0.946268,196,,,0,3896
6868a5ec1abc9a10,,19,4,0.970286,58,,,0,3897
6868b68016a4c70b,,10,15,0.806773,33,,,0,3898
686924a46829e8a9,,19,12,0.782516,127,,,0,3899
6869f9efeaee9938,,19,5,0.996514,196,,,0,3900
686d8f77a5f0375b,,10,3,0.810877,5,,,0,3901
687d517a6756aff1,,19,12,0.897093,127,,,0,3902
687ddfd447239c77,,9,12,0.925409,28,,,0,3903
68819c85a3527b7c,,9,8,0.746071,17,,,0,3904
688649731b0e55bd,,19,6,0.958766,170,,,0,3905
6897d59783700e5a,,7,19,0.655488,15,,,0,3906
689e81761d771233,,18,7,0.928711,19,,,0,3907
689f58a2c735f4e4,,18,11,0.81288,40,,,0,3908
68a34a1d061b90f7,,,,0.813085,,,,0,3909
68a72bd22d460649,,,5,0.827653,,,,0,3910
68aad94ae590fc46,,5,11,0.896498,2,,,0,3911
68ad03a7f6c799d8,,18,12,0.968419,53,,,0,3912
68af07d820a33629,,5,2,0.937638,6,,,0,3913
68b87cab4b91299a,,1,2,0.900068,6,,,0,3914
68c164beb3215419,,,6,0.911211,,,,0,3915
68c3b4f836629dd4,,5,17,0.808781,5,,,0,3916
68c70d68e1bd8524,,5,,0.863478,,,,0,3917
68cb32fd37539d5f,,,19,1.018665,,,,0,3918
68ccb0b3fc2dc3a1,,19,6,1.076223,170,,,0,3919
68df20bf2b277978,,,3,1.02134,,,,0,3920
68eaf68ff3e62a56,,8,2,0.967986,8,,,0,3921
68f10d1af0a23722,docs\documents-atlas-index.md#chunk-1067,4,1,0.890927,11,,,0,3922
68f2eae67b619047,,,12,0.83872,,,,0,3923
690be2bddca26b20,,13,,1.062371,,,,0,3924
6913db6f8b67bbdd,,9,19,0.904632,70,,,0,3925
6914771013bdcd0c,,12,12,0.970502,14,,,0,3926
6916161173c729eb,,16,18,0.818838,13,,,0,3927
691727c7d6923b71,,14,9,0.824927,11,,,0,3928
691784e51895c0a9,,19,12,0.763966,127,,,0,3929
691be28bf1e13402,,15,7,1.0381,5,,,0,3930
691ddfb02d53f91f,,15,9,1.059249,23,,,0,3931
691fd942874b198c,,19,3,0.844255,52,,,0,3932
692a437847a4436c,,16,15,0.756481,43,,,0,3933
692d805adb3b7e76,docs\documents-atlas-index.md#chunk-275,19,4,0.859639,58,,,0,3934
692f74f78ffcc573,,19,9,0.966719,88,,,0,3935
693686d5a8767017,docs\documents-atlas-index.md#chunk-338,18,10,0.745757,57,,,0,3936
693c76d8d559459a,,16,11,0.848152,26,,,0,3937
69466a54025410fb,,15,15,0.905012,13,,,0,3938
69473894c2d6bfbd,,13,13,0.877789,35,,,0,3939
694b2e23e01b9a92,docs\documents-atlas-index.md#chunk-737,19,1,0.767476,75,,,0,3940
694e110eb1f7793f,,14,10,0.973454,9,,,0,3941
694e9940e4d8c992,,19,10,0.809138,64,,,0,3942
696775d6c54b2b8b,,15,7,0.822278,5,,,0,3943
696a1a15becbd8fc,,13,2,0.953117,2,,,0,3944
696deaad632970b9,docs\documents-atlas-index.md#chunk-813,17,9,1.009535,22,,,0,3945
6977d92e2955e46c,docs\documents-atlas-index.md#chunk-1100,9,19,0.826348,70,,,0,3946
698957245216bfaa,,12,16,0.833002,30,,,0,3947
698bef461e2f64f9,,18,3,0.846956,25,,,0,3948
698c9028c857d70e,,16,10,0.818429,101,,,0,3949
6992f292d4fc549f,docs\documents-atlas-index.md#chunk-839,19,6,0.927235,170,,,0,3950
69a4266179b8c697,docs\documents-atlas-index.md#chunk-845,,1,0.781987,,,,0,3951
69aa64dbf1e3f311,,,7,1.096837,,,,0,3952
69b8af87c11d57b6,,6,5,0.943299,10,,,0,3953
69ba2d55c7357823,,6,4,0.651903,14,,,0,3954
69bd6af8c84c2aa7,,16,,0.928938,,,,0,3955
69bd6bbf0aefe6b4,,3,,1.131137,,,,0,3956
69cdab69157bb4ed,,9,1,1.00836,14,,,0,3957
69cdf8eb61696554,,,15,0.942972,,,,0,3958
69d94aa8401c75de,,17,15,1.019689,78,,,0,3959
69def6fd470b4cb0,docs\documents-atlas-index.md#chunk-208,19,,1.154695,,,,0,3960
69e3bfcc8c30dbba,,,16,0.992783,,,,0,3961
69f8533a073bde3e,,,3,0.966194,,,,0,3962
69ff724b2e7041ac,,,,1.019079,,,,0,3963
6a09e912213fb9cb,,16,15,1.06156,43,,,0,3964
6a12d0d04db1ef62,docs\documents-atlas-index.md#chunk-1297,1,16,1.014572,15,,,0,3965
6a15dc2a75c8f6ba,,14,16,1.007778,13,,,0,3966
6a34d1874b7fb658,,19,6,0.899593,170,,,0,3967
6a63b697bcb55d7a,,10,18,0.830126,28,,,0,3968
6a6a3bfe3d6f575f,docs\documents-atlas-index.md#chunk-1034,16,10,1.078336,101,,,0,3969
6a6e833d0c9f6ef4,,19,1,0.958324,75,,,0,3970
6a71df6644b1af0d,,10,13,0.94285,65,,,0,3971
6a7a80e2945f7d64,,19,,0.80304,,,,0,3972
6a80bc57802b5059,docs\documents-atlas-index.md#chunk-850,19,5,0.904827,196,,,0,3973
6a9bb1b21eb53f83,,15,,1.000736,,,,0,3974
6a9d888ec8248dbd,,14,19,0.864362,121,,,0,3975
6a9f04c837d108ff,,18,17,0.829625,20,,,0,3976
6aa520308aa8f424,,,,0.900488,,,,0,3977
6aaaeb84443c7c1d,,19,,0.954379,,,,0,3978
6aba29509d906fa1,,,1,0.960701,,,,0,3979
6ac4249143702b56,,,19,0.800225,,,,0,3980
6ad3260e8361287c,,1,1,0.902457,8,,,0,3981
6ad8fc08d9313fe9,docs\documents-atlas-index.md#chunk-206,5,9,0.916759,2,,,0,3982
6ada6fc6390a15fd,,17,15,1.077637,78,,,0,3983
6ae2d012ac5b1d53,,3,16,1.013253,2,,,0,3984
6aed385defcd29e7,,10,,1.065462,,,,0,3985
6aeecbcd6f8f53ae,,12,,1.124175,,,,0,3986
6af95f0049efebb2,,1,,1.044689,,,,0,3987
6b035f181dc32307,,3,,0.992148,,,,0,3988
6b07da32a07d5dcd,,19,,0.914683,,,,0,3989
6b0908cb23368e08,,16,14,0.933483,17,,,0,3990
6b098d5831257c12,,12,11,0.937029,13,,,0,3991
6b0a09fb16ab8c4a,,17,15,0.93614,78,,,0,3992
6b118a07261c44f0,,19,1,0.950834,75,,,0,3993
6b12be9683027510,,11,12,0.973832,53,0.9900000000000001,,0,3994
6b16c040d176d63f,,4,19,0.966341,25,,,0,3995
6b19ae18cac80b7d,docs\documents-atlas-index.md#chunk-635,12,,0.878017,,,,0,3996
6b239ad224a5c347,,17,12,0.917656,7,,,0,3997
6b2c345c53ad16a3,,19,15,0.986064,77,,,0,3998
6b320e3fce33a7bb,,16,10,1.052386,101,,,0,3999
6b36117a74931f12,,13,18,0.866687,18,,,0,4000
6b3e086c88a7eb99,,16,13,0.94485,18,,,0,4001
6b5ccf3f7d307a7a,,9,16,1.038287,5,,,0,4002
6b5dfa90a7e9c29e,,12,,0.952388,,,,0,4003
6b613a6fab153881,,2,1,0.958715,17,,,0,4004
6b6541ad4f1a22d0,,17,14,0.951436,54,,,0,4005
6b75dcdca01fb91d,,17,8,1.105883,14,,,0,4006
6b7cd16021d222fd,,17,18,0.927574,20,,,0,4007
6b815d8b737bdfb4,,18,11,0.937127,40,,,0,4008
6b8337f9ebe39877,,17,11,0.974837,76,,,0,4009
6b87dea2ee437bda,,12,,0.97092,,,,0,4010
6b8b503cb547cb07,,16,10,0.935736,101,,,0,4011
6b8c30575c57b1f9,,19,13,0.888133,82,,,0,4012
6b8c9b5efa6f1c0e,,15,,0.934609,,,,0,4013
6b9e04648ec220a0,,19,17,1.011737,49,,,0,4014
6ba8c514c887a1d8,,,15,0.88503,,,,0,4015
6bb0be01eed20353,,8,,0.969814,,,,0,4016
6bc8fe617063305d,,,19,0.893589,,,,0,4017
6bca709ff6e574d4,,19,15,1.070225,77,,,0,4018
6bcc04735ecaa0f0,,,,1.088193,,,,0,4019
6bce8d3568f60003,,5,,0.872276,,,,0,4020
6bd0043b86d24302,,,,0.910931,,,,0,4021
6bd384482ad21e31,,,,0.913812,,,,0,4022
6bd47a8aa48a8f08,,4,6,0.882867,11,,,0,4023
6bdacaa13200acbf,,,19,1.008746,,,,0,4024
6bdb3d538da8cafd,,10,,1.064879,,,,0,4025
6bdf0d8863534553,docs\documents-atlas-index.md#chunk-843,3,1,0.829515,14,,,0,4026
6bf5684b2dc6689d,,,,0.92915,,,,0,4027
6bfc790a173a6c4b,,,19,1.049672,,,,0,4028
6c077fadc15aa85e,,16,10,0.945721,101,,,0,4029
6c11c648f3b1d4f6,,19,12,0.996029,127,,,0,4030
6c15c60f2a4df967,,19,6,1.026479,170,,,0,4031
6c16fef859dd5dee,,17,,1.055363,,,,0,4032
6c1909eda8e7fdf8,,18,12,0.90198,53,,,0,4033
6c1a86a94ebc9cb4,,17,,0.908828,,,,0,4034
6c1eddf0d8c14658,,12,,0.895571,,,,0,4035
6c2f2c923176f147,docs\documents-atlas-index.md#chunk-9,17,11,0.920032,76,,,0,4036
6c3133b9d48855d0,,18,13,0.823175,53,,,0,4037
6c31f8df6554dfe5,,13,16,1.003325,8,,,0,4038
6c32c856f14e8f08,,19,1,0.847113,75,,,0,4039
6c3d5862b29a84ae,,19,15,0.892111,77,,,0,4040
6c4073f63f1ca2d2,,18,12,0.897306,53,,,0,4041
6c438dbeeacca12a,,16,10,1.070487,101,,,0,4042
6c49ae30fdf29529,,12,,0.862156,,,,0,4043
6c575924e64ba1fc,,19,11,0.88214,51,,,0,4044
6c5e10665b27dd70,docs\documents-atlas-index.md#chunk-630,16,10,0.973929,101,,,0,4045
6c5efb76cecf7a5f,,13,,0.803314,,,,0,4046
6c68b7f692cbe027,,18,12,0.986471,53,,,0,4047
6c6b791d09560db7,,14,18,0.894476,16,,,0,4048
6c6d8ab69d9e86cb,,19,,0.90917,,,,0,4049
6c6d94adc27e41f6,docs\documents-atlas-index.md#chunk-65,18,14,0.96376,36,,,0,4050
6c6ffab890dd7cdd,,17,,0.956819,,,,0,4051
6c75e3fdd017f499,,17,11,1.047447,76,,,0,4052
6c806d65f13bb7f1,,18,10,0.947951,57,,,0,4053
6c833d369e620e76,,2,,0.929381,,,,0,4054
6c98962a76c677af,,16,18,0.74602,13,,,0,4055
6ca22aba9e7b7a59,,1,,0.987754,,,,0,4056
6ca92d1a47ebf4e3,docs\documents-atlas-index.md#chunk-261,1,,0.967262,,,,0,4057
6cb99b0e1840cecf,,5,12,0.997225,4,,,0,4058
6cc79def4e51e919,,,12,0.898247,,,,0,4059
6cf144b703eab97e,docs\documents-atlas-index.md#chunk-1179,,19,1.003678,,,,0,4060
6cf3370eed531042,docs\documents-atlas-index.md#chunk-1201,,2,0.879815,,,,0,4061
6d076e98f41235de,,18,15,0.963405,24,,,0,4062
6d07823f8397b97c,,16,15,0.792671,43,,,0,4063
6d1216e2bd824754,,17,11,0.944883,76,,,0,4064
6d12502204fa51ad,,17,17,0.875243,51,,,0,4065
6d17330f39016e7a,,13,19,0.799071,52,,,0,4066
6d17e3e7928cc00e,,18,13,1.018479,53,,,0,4067
6d1f849235237b35,,19,,0.924127,,,,0,4068
6d2210b66f1d2a6a,,16,15,1.043341,43,,,0,4069
6d32ff0cbdac454f,,12,,1.018676,,,,0,4070
6d339800a16a63f3,,19,8,0.881598,183,,,0,4071
6d42c3e60b1eb074,,19,7,1.011099,165,,,0,4072
6d5c19d78ddd6027,,15,,1.017825,,,,0,4073
6d5db2eabc90eabb,,13,19,1.075532,52,,,0,4074
6d5db98c88b0ace5,,13,15,0.991642,41,,,0,4075
6d607456b5d5ab2c,,13,12,0.957041,22,,,0,4076
6d63d71c47e7ff66,,10,15,0.96589,33,,,0,4077
6d6a51ea0dfd91fe,,18,18,1.021471,45,,,0,4078
6d79a5d628195567,,,19,0.86747,,,,0,4079
6d853f1c8452eadf,,13,15,0.990487,41,,,0,4080
6d854eaa38bd54e2,,17,15,0.966051,78,,,0,4081
6d86c1c0a1470301,,17,9,1.046425,22,,,0,4082
6d8e63eebfe96087,docs\documents-atlas-index.md#chunk-1149,16,10,1.067545,101,,,0,4083
6d9815756fbdcea0,,19,12,1.014847,127,,,0,4084
6d9ab98b61c3aa39,,12,13,0.923068,61,,,0,4085
6da30d25d0205b17,,3,7,0.771848,10,,,0,4086
6db01eb2febfda18,,1,10,1.05681,8,,,0,4087
6dbf1ba36035fbcc,,17,15,1.085711,78,,,0,4088
6dc2507de1f55419,,2,1,0.943101,17,,,0,4089
6dc27c1b03fde4ad,,1,,1.109225,,,,0,4090
6dc3e84681c4fafa,,,19,0.915838,,,,0,4091
6dc4944eea3e7da1,,,,1.039257,,,,0,4092
6dcdd00dfd6c6e8e,,13,,1.114599,,,,0,4093
6dd0a31b10c6c135,,1,17,0.988991,24,,,0,4094
6dd20a8b669c42bb,,,,1.013346,,,,0,4095
6dde0cacff9aa3aa,,11,1,1.15249,6,,,0,4096
6de0ea65cb4006fc,,2,18,1.070667,14,,,0,4097
6df285e9669791ce,docs\documents-atlas-index.md#chunk-881,17,17,0.89924,51,,,0,4098
6df38097c8a112e6,,,3,1.026074,,,,0,4099
6df8283346178369,,,1,0.751617,,,,0,4100
6e01e25d3fe3d6a7,,14,19,0.973102,121,,,0,4101
6e0266a26685730c,docs\documents-atlas-index.md#chunk-917,17,15,0.824416,78,,,0,4102
6e0761e75ee54f21,,15,16,1.005159,22,,,0,4103
6e110d0cded02e42,,8,,1.034599,,,,0,4104
6e196eb2bd117a99,,15,,0.932546,,,,0,4105
6e1bb8af3fc6d31d,docs\documents-atlas-index.md#chunk-421,14,16,1.086698,13,,,0,4106
6e1e79ae09071ea7,docs\documents-atlas-index.md#chunk-1110,17,15,0.88104,78,,,0,4107
6e1eca72644a5c24,,19,,0.77248,,,,0,4108
6e25c70ebca207f8,,13,19,0.998425,52,,,0,4109
6e2bf76cafd60dc0,,14,,1.026994,,,,0,4110
6e404bd864cf3e8c,,17,,1.016605,,,,0,4111
6e4273d00bdf274c,,16,15,0.973517,43,,,0,4112
6e4ec88f5dc65190,,14,18,1.122099,16,,,0,4113
6e4ffda9d7b42001,,12,,0.957238,,,,0,4114
6e5dc97321b946d4,,19,18,0.934748,196,,,0,4115
6e5edf5b0e2e89ce,,19,,1.064823,,,,0,4116
6e620384a481712d,,18,14,0.857389,36,,,0,4117
6e7a3ab93840d5b3,,19,12,0.919214,127,,,0,4118
6e8f452e2778ab06,,15,12,0.961854,14,,,0,4119
6e99af209224aa37,,5,13,0.875491,5,,,0,4120
6e9c3eb46eaabf37,,15,,1.023628,,,,0,4121
6eb76a8c19c849d5,,3,,0.883975,,,,0,4122
6ec1920b201d98ce,,16,16,1.072354,16,,,0,4123
6ec30e985b37c1be,,1,,0.947015,,,,0,4124
6ed20ec9e0c56e72,,2,8,0.952727,8,,,0,4125
6ed62615523bb062,,,,0.960515,,,,0,4126
6eed1224fb0c79f7,,1,,1.067246,,,,0,4127
6ef03b8b966f07da,,,,1.059428,,,,0,4128
6ef20a4576abca0d,,1,,0.972879,,,,0,4129
6f0d8ad65f1e3b5d,,15,,0.956655,,,,0,4130
6f101489254add6b,docs\documents-atlas-index.md#chunk-39,17,13,0.944881,28,,,0,4131
6f27821adfffe1b2,,19,8,1.070356,183,,,0,4132
6f2a832aef9d0a39,docs\documents-atlas-index.md#chunk-235,19,1,0.995219,75,,,0,4133
6f2e49d2080b2d9e,,19,,0.934514,,,,0,4134
6f2ff857f7a109d9,,14,,0.96968,,,,0,4135
6f468a70ba8f57b4,,19,1,0.850136,75,,,0,4136
6f481481b94d3657,,19,8,0.85333,183,,,0,4137
6f55b0d5804b93c0,,17,14,0.987884,54,,,0,4138
6f5b399bd449bb00,,16,10,0.953255,101,,,0,4139
6f60442322c13ca0,,17,17,0.923381,51,,,0,4140
6f63b8c15573b6f8,,18,13,0.836533,53,,,0,4141
6f67aa1381887e95,docs\documents-atlas-index.md#chunk-75,19,,0.865617,,,,0,4142
6f6c13456aa7f66a,,19,14,0.918571,76,,,0,4143
6f716302879ca686,,19,8,0.831487,183,,,0,4144
6f7a16534b3330ef,,19,17,0.914217,49,,,0,4145
6f7bdcdfc379061c,docs\documents-atlas-index.md#chunk-599,12,,1.038408,,,,0,4146
6f845e3c4de69ba0,,13,15,1.062507,41,,,0,4147
6f8b0006c9bb1551,,19,1,0.94444,75,,,0,4148
6f8f8fa79f38e81c,,16,10,0.942189,101,,,0,4149
6f8f9aee3041a769,,17,11,0.949936,76,,,0,4150
6f922323be3be451,docs\documents-atlas-index.md#chunk-561,19,8,0.915525,183,,,0,4151
6f99c35e7d99bebf,,12,19,0.843413,84,,,0,4152
6fa2adda3ddb451c,,10,,1.132154,,,,0,4153
6fa46d6685f845bc,,4,,0.90783,,,,0,4154
6fa881e48d8796b9,,,19,0.881961,,,,0,4155
6fa978df139aa849,,18,12,0.961514,53,,,0,4156
6fab0312f7b00a90,,7,2,0.994668,13,,,0,4157
6faf0ef9f3b56da3,,11,,1.06525,,,,0,4158
6fb64c5b69d39d3a,,5,,0.931109,,,,0,4159
6fb8834ab2044cf8,,,7,1.018191,,,,0,4160
6fb8d0cba0d7b472,,,13,1.060716,,,,0,4161
6fc22f6ad4f82009,,4,,0.91729,,,,0,4162
6fc266516f189c9e,,,18,0.799651,,,,0,4163
6fd3931665837eb9,,,19,0.875291,,,,0,4164
6fd3ca79ec867b29,,2,10,0.830311,27,,,0,4165
6fd5b0b58b3b2d8b,docs\documents-atlas-index.md#chunk-918,,19,0.887711,,,,0,4166
6fd7ca5a9223bd1b,,1,17,0.874791,24,,,0,4167
7000dbc953aea273,docs\documents-atlas-index.md#chunk-1011,19,7,1.002822,165,,,0,4168
700bd06cc2566606,,18,6,1.023978,26,,,0,4169
70206c2cf81379b4,,14,9,0.957277,11,,,0,4170
7030cde72a556ad9,,9,16,0.948861,5,,,0,4171
703cec084285b50a,,11,11,0.983802,14,,,0,4172
70430cf7c5807d53,,11,9,0.893897,7,,,0,4173
704f51ff9d7364f1,,19,13,0.998635,82,,,0,4174
704f91122ea6310a,,12,16,0.992529,30,,,0,4175
70502d7d98f7eca4,,12,13,1.006355,61,,,0,4176
7055e23e745d446c,,9,19,0.89172,70,,,0,4177
7056e30e573cfdad,,9,19,0.90765,70,,,0,4178
705ac6ac5debb25a,,19,6,1.053377,170,,,0,4179
705ddbe534cb99fc,,16,1,0.997285,7,,,0,4180
706cce453c53bba1,,17,3,1.002872,25,,,0,4181
706e4b0a6e239175,,4,,0.889529,,,,0,4182
707823c44f6a7812,docs\documents-atlas-index.md#chunk-1229,19,7,0.866489,165,,,0,4183
7082def521564592,,9,12,0.968411,28,,,0,4184
709c0fe30f33b3d2,,17,11,1.049622,76,,,0,4185
70a7eb8a75650c92,,6,13,0.872794,6,,,0,4186
70a8a43faa29b1a6,,,5,1.031611,,,,0,4187
70a94a204895ec48,,1,8,0.756587,11,,,0,4188
70a9ac017093e1bd,,5,15,1.010147,5,,,0,4189
70b1ac50e417aa76,,2,10,0.741824,27,,,0,4190
70c9127519ceab2a,,10,11,0.952103,28,,,0,4191
70cf76be23524c38,,7,11,0.967016,10,,,0,4192
70d800bcde45243a,,,5,1.000549,,,,0,4193
7104a3abfd3f33db,,19,5,1.016829,196,,,0,4194
7104c6085845e123,,19,8,0.869461,183,,,0,4195
7112c03569d8ef84,docs\documents-atlas-index.md#chunk-707,10,13,0.894766,65,,,0,4196
7118d67d5065ba0d,,8,17,0.842616,12,,,0,4197
71199dc3b0171ebd,,13,8,1.030235,11,,,0,4198
711e05bb7e1f4921,,19,5,1.003732,196,,,0,4199
711f3f1bdcefcaa6,,14,,1.014518,,,,0,4200
7122990abe3c5457,,19,6,0.836575,170,,,0,4201
712dcf0e2c6a9b51,,18,3,0.916278,25,,,0,4202
712f8bca55399545,,16,10,0.93758,101,,,0,4203
7131c55b97f97ab8,,11,18,0.795182,30,,,0,4204
71335d64f6bf42e9,,19,7,0.91852,165,,,0,4205
71353dd0c63dccac,,15,9,1.012397,23,,,0,4206
7135466d9d96c383,,19,9,0.884466,88,,,0,4207
713dd70a173b2396,,19,5,0.901162,196,,,0,4208
714330e2b31b522b,,19,8,0.961802,183,,,0,4209
714821f162e2b4a7,,19,12,0.909881,127,,,0,4210
714d61d686ff8351,,19,9,0.96991,88,,,0,4211
71552999721a369c,,19,7,0.818143,165,,,0,4212
7159c6d51741151f,,7,18,0.785359,15,,,0,4213
715ebe9f649f4771,,19,5,0.893164,196,,,0,4214
7162398bb25a5fa6,docs\documents-atlas-index.md#chunk-780,19,7,0.950753,165,,,0,4215
7163a02289184b9a,,8,19,0.669034,21,,,0,4216
7164d51a280f28fc,,10,19,0.875861,49,,,0,4217
71675693b3d40e4d,,11,14,0.823114,30,,,0,4218
7169d08da1d57e11,,10,14,0.963,36,,,0,4219
717a6f2e24f05a41,,6,1,0.976418,19,,,0,4220
718d3ddcfe482315,docs\documents-atlas-index.md#chunk-1036,15,8,0.999016,16,,,0,4221
7198ff399c1f8c36,,18,4,0.795879,17,,,0,4222
719a448393bfb5cf,docs\documents-atlas-index.md#chunk-1213,19,14,0.899691,76,,,0,4223
71a73c5a10732923,docs\documents-atlas-index.md#chunk-353,2,1,0.75999,17,,,0,4224
71a81df126d69576,,1,3,0.905693,5,,,0,4225
71ab5cd580c7e7f6,,17,11,1.009129,76,,,0,4226
71b22e25fc678b80,,3,6,0.755219,4,,,0,4227
71c1afdf4db13c79,,6,13,1.023726,6,,,0,4228
71d06fa9a38af09f,,1,8,0.961059,11,,,0,4229
71d23b7e1de84131,,,,0.81544,,,,0,4230
71d5f2d87a5e49b8,,,16,1.003447,,,,0,4231
71d5f8d50e23746e,,2,19,0.840905,29,,,0,4232
71d9511549f77f7f,,7,17,0.894986,13,,,0,4233
71f009eb0b811ce7,docs\UNIVERSAL_APP_READINESS_CHECKLIST.md#chunk-2,,3,1.074517,,,,0,4234
71f5daea791b18c2,,,,1.059826,,,,0,4235
71fc9aefe99555e3,,5,4,1.047179,7,,,0,4236
720283c62c9e75bb,,16,15,0.941289,43,,,0,4237
72035754cfbbc545,docs\documents-atlas-index.md#chunk-899,19,7,0.878791,165,,,0,4238
722f75b4ddcb2618,,16,4,0.953746,5,,,0,4239
7231fcd35e4a7c11,,18,4,0.997808,17,,,0,4240
723e78a7df4cbf1b,,15,5,0.913391,14,,,0,4241
723fce90612326e0,,17,3,0.995345,25,,,0,4242
724aec3b8b34d62e,docs\documents-atlas-index.md#chunk-213,9,15,1.040633,19,,,0,4243
724c198ad5f6180d,docs\documents-atlas-index.md#chunk-823,12,8,1.006424,7,,,0,4244
7255e42023bfa662,,19,6,0.97043,170,,,0,4245
7257af6484a6eaa7,,10,13,0.871374,65,,,0,4246
726635c9c1615b5c,,12,11,0.87639,13,,,0,4247
726a1dfe970fce24,,15,9,1.011512,23,,,0,4248
726c42f181bc47bf,,18,16,0.933863,49,,,0,4249
726d90e129993c37,,13,12,0.890377,22,,,0,4250
727510529c51f075,,19,9,0.923282,88,,,0,4251
727774bb127d3a84,,19,7,0.916741,165,,,0,4252
727803d3c0ec3236,,19,8,0.970932,183,,,0,4253
72858814e3f0a379,,19,10,0.896371,64,,,0,4254
72889b8f8be9b86c,,3,,0.972046,,,,0,4255
728d6329c26b2446,,19,6,0.79595,170,,,0,4256
7293c106e2a6d008,,11,12,0.987563,53,0.9900000000000001,,0,4257
7294d18d5812e757,,8,16,0.852115,15,,,0,4258
729973708406d667,docs\documents-atlas-index.md#chunk-793,18,10,0.755649,57,,,0,4259
72b476aeb84a1e77,,,6,0.992281,,,,0,4260
72c355fb2ea7f4fe,,14,17,1.115262,7,,,0,4261
72c675212dcae47d,,,,0.956135,,,,0,4262
72c6e84a6ea3aa49,,2,15,0.902128,5,,,0,4263
72c781b03d86552d,,2,19,0.898762,29,,,0,4264
72d1b8af36333b0c,,6,19,0.883786,38,,,0,4265
72d2364e7f013cfb,,10,19,0.88988,49,,,0,4266
72d2c9875510fb44,,1,15,0.712501,9,,,0,4267
72f0bcd0663e92af,,,19,1.131515,,,,0,4268
72f4b36ee17337bd,docs\documents-atlas-index.md#chunk-761,8,18,0.887566,19,,,0,4269
72f6a3836013fc12,docs\documents-atlas-index.md#chunk-234,,15,0.711106,,,,0,4270
732282e2109b8dca,,16,15,0.885178,43,,,0,4271
733386da7701c4cf,,18,13,0.853047,53,,,0,4272
73391f66c58d1ff3,,19,1,0.846165,75,,,0,4273
73562df4da7cac49,docs\documents-atlas-index.md#chunk-153,17,6,0.929521,5,,,0,4274
735e8b1fdda23ae2,,10,,0.996531,,,,0,4275
7366becf2a9b30a7,,19,5,0.984367,196,,,0,4276
736bc4033862c847,,19,8,0.869599,183,,,0,4277
7379d5960c06b0f0,,9,18,0.921766,27,,,0,4278
7381091ec79ce307,,19,8,0.810843,183,,,0,4279
73869c178e559ead,docs\documents-atlas-index.md#chunk-722,10,18,0.87841,28,,,0,4280
7393698fbcc2b750,,19,9,0.918568,88,,,0,4281
7395dcf27d683b64,docs\documents-atlas-index.md#chunk-743,8,13,0.920817,8,,,0,4282
739bd9f40f5544ad,,10,19,0.938198,49,,,0,4283
739f82ac49a62035,,16,13,0.945781,18,,,0,4284
73a89758b759a03b,,,6,0.798499,,,,0,4285
73ab3cfbbeb0772f,,8,,0.995654,,,,0,4286
73ad49b278a5b7d9,,19,13,0.94066,82,,,0,4287
73af5dcda386ef7f,docs\documents-atlas-index.md#chunk-1019,6,7,1.000655,8,,,0,4288
73b0d8170d953b72,docs\documents-atlas-index.md#chunk-490,4,18,0.80704,6,,,0,4289
73b1a96a9a780dda,,8,19,0.744189,21,,,0,4290
73c3868c78c937b5,,,,0.831078,,,,0,4291
73d4982ecba67f05,,1,5,0.90443,6,,,0,4292
73e6f90dd51edf0c,,5,13,1.005898,5,,,0,4293
73e7315edeb14d87,docs\documents-atlas-index.md#chunk-745,,4,0.9,,,,0,4294
73e9e51272f89a79,,6,14,0.851628,11,,,0,4295
73f5f2b079241067,,,15,0.817485,,,,0,4296
73fc0e52c60e5a59,docs\documents-atlas-index.md#chunk-1164,7,4,0.794318,7,,,0,4297
7400ca611d9f568a,docs\documents-atlas-index.md#chunk-1235,19,5,0.936564,196,,,0,4298
740b932db65d7525,,19,6,0.826811,170,,,0,4299
741dd525a2f7ddaf,,12,13,0.965785,61,,,0,4300
74294f14ea070490,,4,1,0.890006,11,,,0,4301
7436fa9e787970b1,docs\documents-atlas-index.md#chunk-411,10,16,1.000139,18,,,0,4302
74485fed6f8807db,,13,18,1.010635,18,,,0,4303
744f1d65ec6fb0c2,,18,6,0.976708,26,,,0,4304
745f95b8708be048,,19,9,0.794779,88,,,0,4305
745f9a571978c226,,17,9,0.81522,22,,,0,4306
7466aaddddf9f19f,docs\documents-atlas-index.md#chunk-993,13,10,1.14309,19,,,0,4307
746f09472a34d790,docs\documents-atlas-index.md#chunk-1022,19,9,0.873388,88,,,0,4308
7476a61b8c1d70f5,docs\documents-atlas-index.md#chunk-377,19,5,0.88135,196,,,0,4309
74780a594e553a44,,2,,0.776439,,,,0,4310
747f66112568c260,,18,10,0.801184,57,,,0,4311
747feeda6ca506b3,docs\documents-atlas-index.md#chunk-239,12,,1.072621,,,,0,4312
7488232186d0c56e,,14,14,0.920441,30,,,0,4313
7490b5f2a7fa50e5,,19,7,0.960906,165,,,0,4314
74954a143d3ae0df,,19,7,0.971611,165,,,0,4315
749da1356c414ec7,,9,18,0.91575,27,,,0,4316
749e34d7b58fc8d0,,18,9,0.906132,17,,,0,4317
74b9763cbd0955a6,,,3,0.828364,,,,0,4318
74ba7bc1ce36827e,,7,5,0.920697,11,,,0,4319
74bede3a84c35eb6,,7,1,1.009296,11,,,0,4320
74c551b60180f330,,,12,0.888944,,,,0,4321
74cf06e24de35e09,,7,2,1.051779,13,,,0,4322
74cf11a5ebed9bdd,,12,1,1.04727,8,,,0,4323
74d034b12dc65b06,,,5,0.94656,,,,0,4324
74d136581330f95e,,,3,0.83414,,,,0,4325
74d61e921cfd1e86,,3,,0.870858,,,,0,4326
74d73afb1bf9762a,docs\documents-atlas-index.md#chunk-313,3,1,0.944456,14,,,0,4327
74d91c949a690a70,,1,,0.720935,,,,0,4328
74f5930aaca1da6f,,,6,0.946136,,,,0,4329
74faff282fd0a271,,3,,0.932198,,,,0,4330
75031526f6b11888,,14,11,0.870835,8,,,0,4331
7509ea7c5c76937f,,9,19,0.884335,70,,,0,4332
751565589d3ea54a,,19,7,0.831001,165,,,0,4333
7515d0d5f4b2b522,,19,9,0.971267,88,,,0,4334
751d8b10da740398,docs\documents-atlas-index.md#chunk-303,10,2,0.830725,14,,,0,4335
751f1c4339fe11da,docs\documents-atlas-index.md#chunk-93,17,,1.025684,,,,0,4336
752eb73909427e43,,9,15,0.894102,19,,,0,4337
75343c0acb1fdc42,,19,5,0.909367,196,,,0,4338
7556c1f3d0ab9807,,19,7,0.912377,165,,,0,4339
755ce3b9cee74b91,,13,,0.883427,,,,0,4340
757192792f03243c,,8,19,0.822218,21,,,0,4341
7571c509d540e438,,19,8,0.89881,183,,,0,4342
757e81b36b921439,docs\documents-atlas-index.md#chunk-590,17,11,0.883303,76,,,0,4343
7581279db6fc5f08,docs\documents-atlas-index.md#chunk-175,13,8,0.998698,11,,,0,4344
759209131306bb5b,,9,14,0.825161,22,,,0,4345
75b784f340c6c0a9,,18,12,0.911289,53,,,0,4346
75b7e336372a8b4b,,6,19,0.761511,38,,,0,4347
75bd5de6d05e37be,,9,4,1.006914,12,,,0,4348
75bdd11ca31954d2,,8,17,1.110593,12,,,0,4349
75c0602197055947,docs\atlas-vendor-wheels.md#chunk-1,,3,0.670601,,,,0,4350
75c4caf0550973f8,,,15,1.010696,,,,0,4351
75c5e64c371c1fb0,,8,17,0.989275,12,,,0,4352
75cb189edf3077af,,3,3,0.979111,9,,,0,4353
75cf28b5b0b71dd1,,10,7,1.010018,12,,,0,4354
75d3671bc1e07712,,,4,0.860147,,,,0,4355
75d76a627763b00c,,2,4,0.784646,4,,,0,4356
75e349e360be5b2b,,10,9,1.025328,6,,,0,4357
75e6baa1c17d0008,,7,6,1.015653,7,,,0,4358
75fa023f4dd1de04,,2,,0.989592,,,,0,4359
75fa9fb5e223dc77,,3,9,0.831798,17,,,0,4360
760136fe8fcd1679,docs\documents-atlas-index.md#chunk-470,19,7,1.08091,165,,,0,4361
7606e7cd6a1026ee,,10,19,0.802692,49,,,0,4362
761e3f5313d190b2,,19,12,0.974393,127,,,0,4363
7624afec23d783f3,,14,14,1.072985,30,,,0,4364
76387300ea69402e,,14,8,0.894237,7,,,0,4365
763d02d245513a81,,16,13,0.916075,18,,,0,4366
7645ddf292c3e954,,11,12,0.968389,53,0.9900000000000001,,0,4367
7647d79a0ce4d683,,10,15,0.984954,33,,,0,4368
764872a2a71d9427,,19,7,0.795149,165,,,0,4369
764a8e97c64b03e0,,17,2,0.858035,4,,,0,4370
764af19f91b1edf5,,12,16,1.038053,30,,,0,4371
764bf99c7328d652,,19,8,0.927919,183,,,0,4372
764f163e4b34814f,,12,19,1.013714,84,,,0,4373
7652c2712663ddea,,9,19,0.796227,70,,,0,4374
765c7b7ebb87751c,,8,2,0.862818,8,,,0,4375
766b90a125166759,,18,12,0.825715,53,,,0,4376
7671700d205a80b4,,19,8,0.92967,183,,,0,4377
76799948def91025,,8,,0.852553,,,,0,4378
76800babc6b9ab28,,13,10,0.965389,19,,,0,4379
76809cfdc4ce2d2f,,12,6,0.972144,5,,,0,4380
76888fd63ffb52f0,,18,5,1.040293,12,,,0,4381
768bd5aeb051cec3,,15,11,1.023871,13,,,0,4382
768e79c72703117c,docs\documents-atlas-index.md#chunk-1303,16,14,0.852459,17,,,0,4383
76929672c154093f,,9,17,0.796424,15,,,0,4384
76a51d92badd7856,,5,,0.791906,,,,0,4385
76a5e7e283186caa,,7,18,0.819151,15,,,0,4386
76a60ebb2f824635,,,,0.829829,,,,0,4387
76a6e1ece3e2ab8a,docs\documents-atlas-index.md#chunk-373,6,14,1.04965,11,,,0,4388
76a7cb22fd5f0d60,docs\documents-atlas-index.md#chunk-947,9,2,0.83204,5,,,0,4389
76aee0f58e48a6d3,,,15,0.972524,,,,0,4390
76b0a430921d2abc,,6,19,0.872788,38,,,0,4391
76b17dca77fc4cb9,,6,,1.101914,,,,0,4392
76b8528be02650f3,,,3,0.952827,,,,0,4393
76bb75fbc69e2fc8,,19,,1.092737,,,,0,4394
76bba878db7b5537,docs\documents-atlas-index.md#chunk-417,10,,0.872238,,,,0,4395
76bd17bc1ece0524,docs\CODEBASE_DIRECTORY_MAP.md#chunk-28,,,1.081373,,,,0,4396
76bf7023cc148c73,,6,5,0.852676,10,,,0,4397
76c468d7c77cb3f1,,18,9,0.925025,17,,,0,4398
76c6078477f589b3,docs\documents-atlas-index.md#chunk-929,,,0.819149,,,,0,4399
76c805c1c3f1685a,,7,8,0.967043,4,,,0,4400
76cb55a201540a8c,,,19,0.889141,,,,0,4401
76cf45cb23ee828f,docs\documents-atlas-index.md#chunk-296,16,15,1.074471,43,,,0,4402
76d64eb15447ce8f,,,11,0.886721,,,,0,4403
76d6df48fe5abf87,,2,10,0.84743,27,,,0,4404
76db3e5ab90c728e,,6,3,0.93411,10,,,0,4405
76ff30b0b993a4cb,,,15,1.043529,,,,0,4406
770303cc76c727d8,,16,15,0.880335,43,,,0,4407
7704d0a79a861829,,7,18,0.83051,15,,,0,4408
770d565ab73ca321,,19,8,0.883616,183,,,0,4409
7715aba63d1cf0f6,,19,5,0.965751,196,,,0,4410
771a48d39d6cb5de,docs\documents-atlas-index.md#chunk-462,18,11,0.963824,40,,,0,4411
771cb5c8eb1a8b40,docs\documents-atlas-index.md#chunk-935,18,3,0.821544,25,,,0,4412
771cc7b849f3b69d,,16,13,0.915143,18,,,0,4413
77206449752959ea,docs\documents-atlas-index.md#chunk-948,12,19,0.73844,84,,,0,4414
772453211294245d,,11,17,0.829185,9,,,0,4415
772d9d60b8b5099e,,10,2,0.812532,14,,,0,4416
772dce4fdcbab9fc,,13,,1.085106,,,,0,4417
773338d2603e246d,,17,13,0.861369,28,,,0,4418
774d6503055cf3aa,docs\CODEBASE_DIRECTORY_MAP.md#chunk-2,19,13,0.902464,82,,,0,4419
774edd56a237a9e2,,18,8,1.028606,18,,,0,4420
7755a1482286511f,,9,19,0.725845,70,,,0,4421
775f7dcb1174242d,docs\documents-atlas-index.md#chunk-1281,16,11,1.02059,26,,,0,4422
776eb83233a8dbc7,,12,13,0.9571,61,,,0,4423
7775a81b45a19fb2,,11,18,0.807192,30,,,0,4424
778059af473698a3,,18,13,0.833929,53,,,0,4425
77832dc7639e3fdc,docs\documents-atlas-index.md#chunk-923,15,14,0.978459,18,,,0,4426
7784e1aada8b58c5,,19,5,0.951362,196,,,0,4427
77854cfda87cb34a,,17,9,0.941317,22,,,0,4428
779a7b2136548cf7,,19,,0.895715,,,,0,4429
77a1abd83be437e2,,,,1.019563,,,,0,4430
77aa0dd97bbe8cff,,11,1,1.007563,6,,,0,4431
77b6bf08ab53f3c6,,,7,0.877487,,,,0,4432
77b9b6ad9cfbee7e,,,16,1.043153,,,,0,4433
77bdd4f29bfe8ed1,,13,,1.075729,,,,0,4434
77c24883ef68144f,docs\documents-atlas-index.md#chunk-72,1,4,0.857477,3,,,0,4435
77c408d5e301b9b5,,,9,0.929526,,,,0,4436
77ca59240ac2e3e4,,,1,0.946434,,,,0,4437
77cb4fa53e2b4685,docs\documents-atlas-index.md#chunk-1284,5,,0.92523,,,,0,4438
77ced8a569d69ede,,,19,0.987733,,,,0,4439
77cfc9e8f0a5f185,,,13,0.989054,,,,0,4440
77d0f2abb4a672c7,,8,16,1.094262,15,,,0,4441
77dd024937b0403c,,5,1,0.952645,15,,,0,4442
77e0602279c137af,,15,18,0.933399,23,,,0,4443
77ed8eacc2ff47c9,docs\documents-atlas-index.md#chunk-683,10,,1.056372,,,,0,4444
77f11a181cadc7ae,,,,0.97736,,,,0,4445
77f6ff0bb152cfcb,,6,11,0.973522,5,,,0,4446
77fa207f9a769232,,,,0.854503,,,,0,4447
77ff08fec3becf5b,,10,8,1.137127,27,,,0,4448
780363825c4fa882,,19,7,0.766299,165,,,0,4449
78059f5dfa472802,,16,7,0.920461,3,,,0,4450
7807d5ad735d167b,,9,19,0.900406,70,,,0,4451
781439f668de44f0,,18,12,0.879267,53,,,0,4452
7822c4e82a3fc47e,,19,6,0.922256,170,,,0,4453
7822c5484180c670,,9,15,0.883529,19,,,0,4454
783bb472b5bcc5f7,,19,6,0.888551,170,,,0,4455
783e0bffd6b24a20,,12,4,0.975349,5,,,0,4456
7843f502ac3fd862,docs\documents-atlas-index.md#chunk-163,19,6,0.854537,170,,,0,4457
784745888ebe6fce,,13,19,0.847345,52,,,0,4458
784f677e75285c8d,docs\documents-atlas-index.md#chunk-159,12,17,0.846513,15,,,0,4459
7855b6c7c5264cda,,10,19,0.851204,49,,,0,4460
785651ada470e436,,18,10,0.88619,57,,,0,4461
787d5d708911bf0f,,10,11,0.911932,28,,,0,4462
78819a66aa4b9588,,17,5,0.742843,9,,,0,4463
7883418c1bec5b64,docs\documents-atlas-index.md#chunk-904,19,5,1.007484,196,,,0,4464
7885db20fc325dd3,docs\documents-atlas-index.md#chunk-759,13,1,0.897886,3,,,0,4465
788e5975f0d29693,,13,8,0.815394,11,,,0,4466
789106f125c8a9bc,,17,15,0.867205,78,,,0,4467
78a98c4866fc5362,,3,,0.693202,,,,0,4468
78abca04be1df563,,11,2,0.950823,6,,,0,4469
78b41cde20acb296,,,,1.029463,,,,0,4470
78bd026c08fc988a,,4,,0.944232,,,,0,4471
78cb541eb892755d,,5,3,0.835231,13,,,0,4472
78d1cc3ed9c6de96,,5,10,0.903662,5,,,0,4473
78d8d8085e4820fc,docs\documents-atlas-index.md#chunk-800,6,19,0.81644,38,,,0,4474
78d9fc876b6e9524,,,,0.754964,,,,0,4475
78fa5984c86023c5,,5,4,0.847387,7,,,0,4476
78fad30c04bd35f4,docs\documents-atlas-index.md#chunk-1042,6,,1.181576,,,,0,4477
78fca87c15266749,,3,2,0.905065,5,,,0,4478
7901630ae4554228,docs\documents-atlas-index.md#chunk-544,19,8,0.904598,183,,,0,4479
790b23c1fd863ec6,docs\documents-atlas-index.md#chunk-1275,17,2,0.945678,4,,,0,4480
79230f6ecaaa5f90,,14,4,0.967368,3,,,0,4481
79232562519f1cb2,docs\documents-atlas-index.md#chunk-216,19,2,0.846444,48,,,0,4482
794395c995d759da,,16,16,0.742878,16,,,0,4483
7947d158195baeb5,,19,6,0.880064,170,,,0,4484
79521699e3f36908,,14,11,0.805255,8,,,0,4485
795f3123d85b2446,,19,6,0.76207,170,,,0,4486
796b9aa09212af28,,15,10,0.913538,14,,,0,4487
797391e77834cd59,,13,12,0.792282,22,,,0,4488
798c887f0f37d410,,19,9,0.951099,88,,,0,4489
79956c9502ba7243,,19,7,0.850732,165,,,0,4490
7998de9241e64ae8,,10,13,0.894491,65,,,0,4491
799cb590eba06a07,docs\documents-atlas-index.md#chunk-89,12,,0.831281,,,,0,4492
799eff9bae896126,,10,,0.877619,,,,0,4493
79a0fc81774d0588,,3,2,0.881152,5,,,0,4494
79a573c6abed3e32,,10,8,1.036924,27,,,0,4495
79b16fe12663d2ff,docs\documents-atlas-index.md#chunk-180,,12,1.014098,,,,0,4496
79b80cab31c37e7c,,8,10,0.981283,3,,,0,4497
79c8b6f3cbd20e28,,,14,0.923766,,,,0,4498
79d45708fdd8181b,,5,,0.858738,,,,0,4499
79e45cacc861dc13,,1,9,0.795933,15,,,0,4500
79e8a70dfae61ab5,,8,17,0.990401,12,,,0,4501
79ea7dffe033f7a9,,1,7,1.048683,9,,,0,4502
79f1f28e5ea1e1cb,,1,19,1.007823,95,,,0,4503
79f784bda89ea1f2,docs\documents-atlas-index.md#chunk-804,19,10,1.026985,64,,,0,4504
79fc3bf1d4139722,,5,6,0.931074,10,,,0,4505
79ff02ec494a72d4,docs\documents-atlas-index.md#chunk-109,18,12,1.073243,53,,,0,4506
7a02356b94cd64d0,,17,15,0.873547,78,,,0,4507
7a04cdc06bf82524,docs\documents-atlas-index.md#chunk-915,12,,1.003337,,,,0,4508
7a0972600110673d,,18,16,0.819564,49,,,0,4509
7a0c4debc6e8d1f9,,18,12,1.029354,53,,,0,4510
7a0d784af77cb49d,docs\documents-atlas-index.md#chunk-370,17,10,0.963947,30,,,0,4511
7a1d1dbc6fbd744f,docs\documents-atlas-index.md#chunk-199,13,,1.070351,,,,0,4512
7a2baa314c9bfcf2,,19,,0.905877,,,,0,4513
7a33a7d86e6a81b8,docs\documents-atlas-index.md#chunk-404,19,5,0.928677,196,,,0,4514
7a33c0cdbffa5893,,19,5,1.005492,196,,,0,4515
7a340003307ee424,,19,8,0.954669,183,,,0,4516
7a387d47d2560f55,,12,6,0.906908,5,,,0,4517
7a3d9f2bf629932b,,10,4,0.982212,3,,,0,4518
7a43b66e9d0a8948,,19,5,0.895216,196,,,0,4519
7a45ab66810366a7,,17,13,0.953459,28,,,0,4520
7a46545f867ad968,,19,10,0.781255,64,,,0,4521
7a480656652a0adc,docs\error-analysis-architecture.md#chunk-1,17,17,0.860605,51,,,0,4522
7a4d3adbfc167005,docs\documents-atlas-index.md#chunk-1077,16,10,0.989263,101,,,0,4523
7a4d620d0c01a79c,,14,17,1.005011,7,,,0,4524
7a4ea2bff521a559,,17,11,1.001784,76,,,0,4525
7a53d1113c8c7b64,,19,3,0.869799,52,,,0,4526
7a5cd8bb2db288f0,,15,16,1.029409,22,,,0,4527
7a5fc4ecf4596dc6,,19,,1.028129,,,,0,4528
7a689a0cc6f81cf9,,10,,0.996621,,,,0,4529
7a698fa31ab51607,,9,,0.948461,,,,0,4530
7a6d8f76f920de7f,,11,5,0.895926,8,,,0,4531
7a744f1b63cfe271,,17,10,1.0569,30,,,0,4532
7a774bb35e85d27f,,17,11,0.93158,76,,,0,4533
7a7d5b918cb93864,,11,,0.864371,,,,0,4534
7a81195ac177655e,,17,15,0.946847,78,,,0,4535
7a846ae6f2236499,,17,11,0.845127,76,,,0,4536
7a8a06764a0c3d29,,19,1,0.808647,75,,,0,4537
7a8ec10199a1331d,,17,18,0.942797,20,,,0,4538
7a922b7414edd4c7,,19,12,0.995403,127,,,0,4539
7aa3c9b1e50270af,,,19,0.967211,,,,0,4540
7ab15f0a63ea1e4b,,5,,0.967753,,,,0,4541
7ac610808ce29a76,,,1,0.936758,,,,0,4542
7ace0fb3b5ff05ef,,12,1,1.092718,8,,,0,4543
7ad163d2e107d83f,docs\documents-atlas-index.md#chunk-706,,14,0.925429,,,,0,4544
7ad8eeacd0c22bb1,,7,11,1.133695,10,,,0,4545
7ae02d91aac590f2,,1,,0.946998,,,,0,4546
7ae2c5d2828a57f6,,,19,1.000684,,,,0,4547
7af3dbf090326382,,,12,0.947225,,,,0,4548
7af673ddcffa0708,,,,1.073148,,,,0,4549
7af7ec4ee3fb5e59,,10,,0.958453,,,,0,4550
7b0011af8c693cb7,,14,19,0.903819,121,,,0,4551
7b03d8cc552d453f,,16,15,1.015425,43,,,0,4552
7b05d2e383a62f45,,11,15,0.962929,26,,,0,4553
7b079c94da81f467,,16,9,0.891212,18,,,0,4554
7b2534a0dfa15903,,17,10,0.995124,30,,,0,4555
7b315c554fe77db7,,15,,1.020148,,,,0,4556
7b31c9f9cf6970cc,,9,19,0.974159,70,,,0,4557
7b374084a33beb04,,19,8,0.873284,183,,,0,4558
7b37fd1edffb8385,docs\documents-atlas-index.md#chunk-250,13,,0.99134,,,,0,4559
7b469f8d5855ccf2,,16,11,0.958865,26,,,0,4560
7b4c1b0a55485848,,16,10,0.921546,101,,,0,4561
7b566a683095791a,,17,15,0.884626,78,,,0,4562
7b5c7fe899bed3ec,,19,14,0.960463,76,,,0,4563
7b6dc998c0046d53,,19,,0.810727,,,,0,4564
7b86f920701396ac,,9,19,0.810083,70,,,0,4565
7b8f9fa75189f859,docs\documents-atlas-index.md#chunk-365,17,11,0.831798,76,,,0,4566
7b97d46715d3a0a7,docs\documents-atlas-index.md#chunk-457,18,14,0.910187,36,,,0,4567
7b9d386fb4c45290,,16,11,0.941376,26,,,0,4568
7b9e4e990f3d06f0,docs\documents-atlas-index.md#chunk-267,19,,0.935529,,,,0,4569
7ba138f501dd471d,,17,15,1.027608,78,,,0,4570
7ba599735446094c,docs\documents-atlas-index.md#chunk-238,,19,0.765638,,,,0,4571
7bc0104e3018f79f,,,19,0.950274,,,,0,4572
7bd6200efc0fda71,,,7,1.035412,,,,0,4573
7bdac7f989a0ac96,,,16,0.854216,,,,0,4574
7bdbcee31c210001,,,15,1.029094,,,,0,4575
7be1772783edbfe6,,,,1.033143,,,,0,4576
7be705fdd93a5aef,,16,16,1.100486,16,,,0,4577
7be817ab215afb39,,,16,1.025534,,,,0,4578
7bf6412f19331059,docs\documents-atlas-index.md#chunk-1298,,,0.900633,,,,0,4579
7bff9bb5b4e8d5b9,,12,,1.050102,,,,0,4580
7c04cdca15deb36b,,16,13,1.111314,18,,,0,4581
7c06a6228e84a49b,,4,19,0.880192,25,,,0,4582
7c10e0a23074cf8d,,4,19,0.887374,25,,,0,4583
7c1a8179d606cae4,docs\documents-atlas-index.md#chunk-997,19,12,0.88512,127,,,0,4584
7c1e7c640d37cfaf,,19,19,1.027453,235,,,0,4585
7c250788c2c450b4,docs\documents-atlas-index.md#chunk-822,18,15,0.862637,24,,,0,4586
7c3bb3ae2bfeb175,,19,9,1.103775,88,,,0,4587
7c41f6d57e0a2d08,,19,2,0.942635,48,,,0,4588
7c491e6ea7b2c2ea,,19,15,0.99354,77,,,0,4589
7c4b9d2b0fbaf8f2,,16,10,1.112686,101,,,0,4590
7c4fb26b833a2290,docs\documents-atlas-index.md#chunk-23,19,3,0.936328,52,,,0,4591
7c52de9e049fca51,,19,5,1.024135,196,,,0,4592
7c59ebc49f98b09e,,,18,0.954357,,,,0,4593
7c63010594be387d,,18,16,0.916183,49,,,0,4594
7c6d6a52d172f607,,16,10,0.909966,101,,,0,4595
7c7651d8fc31b319,,17,11,0.920609,76,,,0,4596
7c79bca425a3c5d2,,17,13,1.005358,28,,,0,4597
7c7e887437f7d14c,,19,14,0.860399,76,,,0,4598
7c80369bcdd096f1,,14,19,0.982201,121,,,0,4599
7c87e56ccff538c7,,13,19,1.001754,52,,,0,4600
7c920664568a2baf,,17,17,0.873021,51,,,0,4601
7ca0efbdfa18615b,,1,12,1.089232,6,,,0,4602
7ca7cef13f27d474,,,15,0.879348,,,,0,4603
7ca9e61bfb4d72d5,docs\documents-atlas-index.md#chunk-107,19,5,1.029469,196,,,0,4604
7cb152303251ba23,,,14,0.833214,,,,0,4605
7cb979ac024cfb0a,,,16,1.037225,,,,0,4606
7cbbd2087682dc08,docs\documents-atlas-index.md#chunk-342,,17,0.817597,,,,0,4607
7cbdaef629de7bea,,13,,1.028462,,,,0,4608
7cd539176c4f9d5e,,,19,0.945775,,,,0,4609
7cdcf0ad6c012e13,,,19,0.97716,,,,0,4610
7d00baa0c2f39cfe,,12,15,1.080796,22,,,0,4611
7d05c32dfa7dbb9c,,19,5,1.022289,196,,,0,4612
7d0dbb22da684855,docs\documents-atlas-index.md#chunk-519,12,,0.843129,,,,0,4613
7d1015c3ff6f1306,,18,7,0.970992,19,,,0,4614
7d119547dfaabc9c,docs\documents-atlas-index.md#chunk-1072,15,5,1.053232,14,,,0,4615
7d24936d7ea7a02b,,14,16,1.013147,13,,,0,4616
7d25e3cec72e08d1,,19,5,1.079045,196,,,0,4617
7d298b61f97d0cb5,,19,1,0.777993,75,,,0,4618
7d2c9d6da79997b7,,16,10,0.91512,101,,,0,4619
7d328bac8bd006b5,,17,15,1.032593,78,,,0,4620
7d37ff378b009f3c,,5,19,0.932487,21,,,0,4621
7d382ad62becf0e2,,19,12,1.026187,127,,,0,4622
7d483855c8d4a2bc,docs\documents-atlas-index.md#chunk-1003,19,15,0.835751,77,,,0,4623
7d4ae5106885599b,,5,19,0.872652,21,,,0,4624
7d4d3b062e1dff8d,docs\documents-atlas-index.md#chunk-244,19,,1.030814,,,,0,4625
7d55864896f92495,,16,15,0.798328,43,,,0,4626
7d6770709fe0717a,,15,16,0.833575,22,,,0,4627
7d7be065514bd96c,,19,6,1.038047,170,,,0,4628
7d9382da9dbd5900,,19,9,1.031362,88,,,0,4629
7dabfb1e8982cdd9,,,13,1.031675,,,,0,4630
7daef8537ba6fe64,,,17,0.884946,,,,0,4631
7db19ce46317728f,,,12,1.014495,,,,0,4632
7db45f717b56f62b,,1,,0.886955,,,,0,4633
7dba19d65e0a5fc2,docs\documents-atlas-index.md#chunk-505,19,,1.004877,,,,0,4634
7dbd5eb2b82f5f5e,,10,5,0.919792,5,,,0,4635
7dbe9d0c7052298e,docs\documents-atlas-index.md#chunk-552,5,1,0.926182,15,,,0,4636
7dc3138cc0cdf2e6,,18,12,1.099609,53,,,0,4637
7dc8538cff46af88,,,10,0.839658,,,,0,4638
7dcb3dfc119e5abd,,17,15,1.073375,78,,,0,4639
7dcbeaa2cf2217f7,,12,,1.05591,,,,0,4640
7dcecae061f5967b,,,19,1.001654,,,,0,4641
7dd7a2fa039c329b,,,19,0.991985,,,,0,4642
7de1e62755569770,,,19,0.759212,,,,0,4643
7de3e6d114c8ce64,docs\documents-atlas-index.md#chunk-1178,,16,0.939928,,,,0,4644
7de4f8de72056586,,,19,0.924924,,,,0,4645
7de58760e16aee2c,,3,11,0.984509,7,,,0,4646
7de99f5b7a4821dd,,1,,0.955814,,,,0,4647
7df6e09affcfa625,,1,,1.117149,,,,0,4648
7df8211d9269d9d0,,,,0.948128,,,,0,4649
7dfc0223a94361db,,19,17,0.986516,49,,,0,4650
7e0493c0f1dfbcf5,,19,12,1.038006,127,,,0,4651
7e0b7e30afe26db1,docs\documents-atlas-index.md#chunk-640,14,,0.90421,,,,0,4652
7e0de48a86942f44,,11,16,0.989864,16,,,0,4653
7e1af13a950a2776,,19,3,0.924866,52,,,0,4654
7e2685c56bf528a8,docs\documents-atlas-index.md#chunk-148,17,17,0.84979,51,,,0,4655
7e27324c7dffb852,,19,9,1.051205,88,,,0,4656
7e291ab7c3334c2b,,12,8,0.935761,7,,,0,4657
7e29280fa07fe31d,,19,9,0.974538,88,,,0,4658
7e36301396c5bf94,,14,13,0.95733,13,,,0,4659
7e36f812bf8aa277,,19,6,0.876741,170,,,0,4660
7e3f8c0a296781eb,,19,17,0.943552,49,,,0,4661
7e487658e24e933f,,19,8,0.940637,183,,,0,4662
7e4bea93675b7076,,19,,0.817883,,,,0,4663
7e4fc102a8bce033,,19,6,1.004822,170,,,0,4664
7e52b014903e1310,,19,5,0.979624,196,,,0,4665
7e5a8671df8eeb87,,19,1,0.79057,75,,,0,4666
7e61905e6f0c2243,,19,7,1.032905,165,,,0,4667
7e6453ee206f236a,,17,15,0.933806,78,,,0,4668
7e6de3cb85d822e6,,17,16,0.941097,14,,,0,4669
7e71ed48dcf603c2,,12,,0.988483,,,,0,4670
7e7d2e2c0d97a223,docs\documents-atlas-index.md#chunk-287,2,,0.983585,,,,0,4671
7e813075828bad6d,docs\documents-atlas-index.md#chunk-625,15,14,0.962267,18,,,0,4672
7e8e633f85f0b846,,19,14,0.965687,76,,,0,4673
7eac8e867bd38a58,,6,,0.851727,,,,0,4674
7eaec5a65fa161e8,,,19,1.055137,,,,0,4675
7eb180f2d75d1f31,docs\documents-atlas-index.md#chunk-77,,9,1.00661,,,,0,4676
7eb2230823b9e022,,,,0.912866,,,,0,4677
7eb35848c44a9fc7,,19,1,1.011235,75,,,0,4678
7ed011e342a282d5,,17,17,0.944609,51,,,0,4679
7ee5322ceb711405,,,2,0.932974,,,,0,4680
7ee54dc7b0f8f7c2,,,9,1.064417,,,,0,4681
7ee80b91a559d7d1,,1,8,0.870289,11,,,0,4682
7ee8f008a9103ab6,,5,19,0.90568,21,,,0,4683
7ee9df9a0a8e1727,,1,,0.967593,,,,0,4684
7ef23cc5caeab357,,1,,1.093222,,,,0,4685
7ef6ae41bff1969e,,10,,0.935749,,,,0,4686
7ef9abb53ce2c38d,,,18,0.978792,,,,0,4687
7efb37c124073ea1,,17,17,1.044538,51,,,0,4688
7efb3c3e552315fc,,4,,1.00918,,,,0,4689
7efcce489b2fc716,,12,,1.016432,,,,0,4690
7f1082daab617713,,17,10,0.988442,30,,,0,4691
7f135e249e17267f,,14,13,0.953583,13,,,0,4692
7f2148728b4f67e3,,19,3,0.994738,52,,,0,4693
7f2a604aa877f11b,,16,11,0.90685,26,,,0,4694
7f319033fa72bf2a,,4,19,0.969309,25,,,0,4695
7f38d71cb78770ed,,12,19,0.902831,84,,,0,4696
7f4f91a475fe95eb,,18,16,0.859313,49,,,0,4697
7f6484233169c04e,,18,14,0.824899,36,,,0,4698
7f6cd289f4a1e7b4,,19,12,1.018966,127,,,0,4699
7f6fb25cb6111ed0,,19,,1.043498,,,,0,4700
7f7038ceaa65d597,,17,11,0.925146,76,,,0,4701
7f79673d9f8ae7cf,,18,14,0.981265,36,,,0,4702
7f7c9c788779c14e,,16,10,0.925188,101,,,0,4703
7f814fa19d1d39d3,,19,1,1.047241,75,,,0,4704
7f82125d47899e7e,,13,19,0.822797,52,,,0,4705
7f84e39aa3da9317,,19,7,1.037566,165,,,0,4706
7f88d338d190b80d,,4,19,0.902273,25,,,0,4707
7f896fb5281c983c,,17,14,0.900451,54,,,0,4708
7f8c3e54b6432a9c,,10,4,0.845411,3,,,0,4709
7f8eb8e38cf37f7a,,13,,1.039791,,,,0,4710
7f9000bb0f061af7,,14,19,0.953346,121,,,0,4711
7f96f83a14d9de77,docs\documents-atlas-index.md#chunk-724,10,14,0.901248,36,,,0,4712
7f9caba5da794f3c,,13,,0.809596,,,,0,4713
7fa3ddfee0c81ccc,,11,,1.171724,,,,0,4714
7fb0c7be2c48a282,,,16,0.888167,,,,0,4715
7fb7a326a3ba3aac,,3,19,1.079787,24,,,0,4716
7fbb0cc1adc7b86d,,11,,1.059302,,,,0,4717
7fbb34ec9f08bc7d,,,19,0.979409,,,,0,4718
7fbd6585177cb93f,docs\documents-atlas-index.md#chunk-536,,19,0.97484,,,,0,4719
7fc2df414c222e79,,3,15,0.919681,6,,,0,4720
7fccac3d9c65a62e,docs\documents-atlas-index.md#chunk-291,,17,1.041567,,,,0,4721
7fedaa7398dc672b,,12,,0.954907,,,,0,4722
800505ee597a9a64,,19,8,0.893521,183,,,0,4723
800b29d65ad3e4a8,,19,12,0.927088,127,,,0,4724
800d2400a0a3cd9f,,12,9,1.000231,8,,,0,4725
800e385af08d5731,,19,7,0.843994,165,,,0,4726
8014d36e02e91fcb,,11,19,0.857515,37,,,0,4727
801a0b4c73c55950,,6,1,0.94197,19,,,0,4728
80226b3c5f72da64,,10,12,0.958043,28,,,0,4729
8027cfacc3ab4187,,19,5,0.984343,196,,,0,4730
8031d5f74a40d853,,1,16,0.933934,15,,,0,4731
80390fa96824d459,,18,10,0.835413,57,,,0,4732
80395ae0822d0cef,,19,2,1.027798,48,,,0,4733
803cbeee16d110d4,,14,12,1.148018,21,,,0,4734
803ccfb62afc0534,docs\documents-atlas-index.md#chunk-678,13,,0.960052,,,,0,4735
803db3978148ebc9,docs\documents-atlas-index.md#chunk-680,10,15,0.924686,33,,,0,4736
80433eba98fdc045,,19,9,0.964732,88,,,0,4737
8044f76da0e5d8a7,,13,13,1.021704,35,,,0,4738
8053090f567a85b8,,19,8,0.876475,183,,,0,4739
805488fa22aa96f0,,17,14,0.919083,54,,,0,4740
805749975dca1aad,docs\documents-atlas-index.md#chunk-469,12,19,0.912188,84,,,0,4741
805a81d4ebed7dd0,,17,,0.928061,,,,0,4742
805ba447831cc060,docs\documents-atlas-index.md#chunk-391,19,6,0.884443,170,,,0,4743
80660bbfbb29c395,,17,10,0.935288,30,,,0,4744
806a7337c581a2e9,,19,10,0.852426,64,,,0,4745
80852c00a403a65f,docs\documents-atlas-index.md#chunk-930,14,9,0.964407,11,,,0,4746
8085a67d2698fae7,,10,17,0.819393,23,,,0,4747
80871e150014f667,,,1,0.947124,,,,0,4748
808b72eba301b1c0,docs\devtools_rg.md#chunk-1,19,11,0.915008,51,,,0,4749
808cbbd6419ea7e3,docs\documents-atlas-index.md#chunk-387,19,5,0.923385,196,,,0,4750
809cb626ee81668c,,11,3,0.943308,4,,,0,4751
80a25d0c21f25ade,,4,,1.040423,,,,0,4752
80a3f62146df13de,,8,18,1.069726,19,,,0,4753
80b36bb3514cbd2a,,6,10,0.970401,6,,,0,4754
80c58b4371828571,,,2,0.719644,,,,0,4755
80c70766b30cd12c,,,6,0.941537,,,,0,4756
80c73c707e3dbe37,,1,,0.824539,,,,0,4757
80c7de4598427e46,,6,10,0.756608,6,,,0,4758
80cccf910471657b,,6,4,0.976372,14,,,0,4759
80d3e1ef2cb38b59,,5,17,1.030004,5,,,0,4760
80db58894fa2fd74,docs\documents-atlas-index.md#chunk-826,5,2,0.888748,6,,,0,4761
80dcf3385fc2bb24,,1,15,0.984059,9,,,0,4762
80e7885149279f2b,,6,14,0.756359,11,,,0,4763
80f37914e65bab6d,,5,8,0.871747,7,,,0,4764
810021c5b7439996,,18,10,0.810553,57,,,0,4765
8102a663833e32be,,9,19,0.898031,70,,,0,4766
81038266cf7d6fc6,,19,4,0.865497,58,,,0,4767
8106bfda1f2d9d59,,19,5,1.067633,196,,,0,4768
8106dc31eb82feea,,9,15,1.050806,19,,,0,4769
810d956617434a85,,12,12,0.873978,14,,,0,4770
811a22cd5e09a201,,17,10,0.997968,30,,,0,4771
811cf63a90f76690,docs\documents-atlas-index.md#chunk-36,12,14,0.983994,60,,,0,4772
81283c73555afca5,,19,2,0.857915,48,,,0,4773
8129876b95bc8245,,19,7,0.868802,165,,,0,4774
81308dd38a4b025e,,19,5,0.956062,196,,,0,4775
81347171d64ccf4e,,19,8,0.898467,183,,,0,4776
8145c7f610914e8d,,7,18,0.815396,15,,,0,4777
814acb32eec63f92,,12,,0.861651,,,,0,4778
814ced98771ebc18,,19,2,0.88016,48,,,0,4779
8160cc3a6a32053e,docs\documents-atlas-index.md#chunk-502,9,19,0.918909,70,,,0,4780
816957e5bfb09718,,16,9,0.892334,18,,,0,4781
816d6d7f9dd81613,docs\documents-atlas-index.md#chunk-186,5,,0.889127,,,,0,4782
8175a092f14eb56e,docs\documents-atlas-index.md#chunk-1107,19,6,0.935984,170,,,0,4783
81773eed43273627,,17,11,0.944559,76,,,0,4784
818191e099e742f4,,16,14,0.869776,17,,,0,4785
818fca094868be97,,9,12,0.904767,28,,,0,4786
819339936ce00913,,,,0.915107,,,,0,4787
8195d7c4adf0e596,,19,9,0.976137,88,,,0,4788
81a16a8c06bb7890,,,,0.846702,,,,0,4789
81a58dfcdf4825d9,,,5,0.964796,,,,0,4790
81a9cb567fe0deec,,7,13,0.973198,6,,,0,4791
81aedadeef9eee62,,13,,1.058714,,,,0,4792
81c1ce99bb9e5f44,docs\documents-atlas-index.md#chunk-658,9,2,0.862432,5,,,0,4793
81d06c54b3d2385f,,5,4,0.867261,7,,,0,4794
81d2a3562dc29931,,,,0.855829,,,,0,4795
81e0d85d666f4d61,,6,15,0.970067,11,,,0,4796
81edc9b1e510acb6,,,13,0.953511,,,,0,4797
81f3bb06387ef11c,,1,,1.062649,,,,0,4798
81facd566ae3f4e4,,3,,1.026275,,,,0,4799
81fba8d600a108fb,docs\documents-atlas-index.md#chunk-189,15,18,1.073632,23,,,0,4800
820e6e3157eae313,,18,8,0.99559,18,,,0,4801
8217e0f1a8de0eb4,docs\documents-atlas-index.md#chunk-750,19,2,0.972169,48,,,0,4802
8219d00da20b9fc7,,19,4,0.949488,58,,,0,4803
822aed5407bce788,,18,5,0.961711,12,,,0,4804
8235c9f3bbda191a,,17,5,1.019863,9,,,0,4805
823c457239faa0cd,docs\documents-atlas-index.md#chunk-1103,19,14,0.940868,76,,,0,4806
823d1754fd762f4f,,11,6,0.901149,3,,,0,4807
82430ed8020e69de,,17,13,0.986257,28,,,0,4808
8246b3becc6842f5,,19,8,1.022492,183,,,0,4809
82486b29d753d38b,,15,9,0.858822,23,,,0,4810
824f6dc319676dd1,,19,,0.949115,,,,0,4811
82501a8c1857eb16,,10,12,0.955313,28,,,0,4812
82555f4b1a4f455e,,2,,0.963311,,,,0,4813
8258d8a44940d07a,,4,17,0.829172,1,,,0,4814
8263682e47482271,,,,0.861264,,,,0,4815
82659af473f98ac1,,13,12,0.920735,22,,,0,4816
827400eb8365c598,,19,11,0.871125,51,,,0,4817
8277472172e841d8,docs\documents-atlas-index.md#chunk-895,16,15,0.861729,43,,,0,4818
827b97d053fc9a3c,,14,12,0.97953,21,,,0,4819
8285837237856906,,13,12,0.770641,22,,,0,4820
8285b606d24545f8,,9,18,0.905186,27,,,0,4821
828a267f904e7d63,,19,3,0.903294,52,,,0,4822
828b6a933db0d1d0,docs\documents-atlas-index.md#chunk-556,16,10,1.007756,101,,,0,4823
828d467c8db9dc63,,13,10,0.997703,19,,,0,4824
829cb53be92a491e,,19,5,0.915361,196,,,0,4825
829dfc2e39e6eeb3,,11,12,1.134221,53,0.9900000000000001,,0,4826
82aaf6eb59b97f8c,,7,15,0.971821,6,,,0,4827
82b8abb3d9b7767f,docs\documents-atlas-index.md#chunk-454,8,8,0.913841,3,,,0,4828
82ba6c24fd96a0e4,,3,4,0.895426,7,,,0,4829
82c2661e775ca066,,,,0.860725,,,,0,4830
82cce7b61a99be10,,,15,0.855132,,,,0,4831
82d93b24e37ec56a,,5,5,0.886121,11,,,0,4832
82df9111fd77cfc6,,8,7,0.958037,6,,,0,4833
82e0de935be509e8,,3,,0.983312,,,,0,4834
82edebe032a062f0,docs\documents-atlas-index.md#chunk-228,8,1,1.147977,4,,,0,4835
82fcea46fba1eff5,,11,,1.007125,,,,0,4836
8302d0d3ad747c4a,,7,19,0.871913,15,,,0,4837
8303bef7aa756bdc,,10,18,0.964145,28,,,0,4838
83047466f151f93a,,18,10,0.873453,57,,,0,4839
831aa191f4ee6378,,17,3,0.866082,25,,,0,4840
8325103fd42de669,,19,8,0.857705,183,,,0,4841
832c90e73ec9e211,docs\documents-atlas-index.md#chunk-441,19,9,1.022608,88,,,0,4842
832f3c11aa3a98ea,,16,3,0.904714,4,,,0,4843
8334bf8c833c6165,,19,5,0.913517,196,,,0,4844
83414d0ed41a5668,,19,7,0.927526,165,,,0,4845
8343460a31ee1d86,,12,14,1.003571,60,,,0,4846
83505a9c25dbf6a6,,19,9,1.023933,88,,,0,4847
8353be48691e0b8b,,19,3,0.878763,52,,,0,4848
8353e831978f3da3,docs\documents-atlas-index.md#chunk-564,19,2,0.79745,48,,,0,4849
8355e79cbfa73c6d,,10,18,0.843387,28,,,0,4850
8360fe3df9f81013,,8,,1.014803,,,,0,4851
8361b5f28d503762,,7,18,0.91696,15,,,0,4852
8368c7419a628fab,docs\documents-atlas-index.md#chunk-995,8,19,0.650733,21,,,0,4853
838037323f9e009f,,19,6,0.920267,170,,,0,4854
83871509884f7fa6,,19,3,0.877705,52,,,0,4855
838ba7f6c7459acb,,12,17,0.897414,15,,,0,4856
839efb7703afbd1e,,14,3,1.028164,11,,,0,4857
83a20789343f8107,,,,0.831793,,,,0,4858
83b63026dff879f0,,,,0.883126,,,,0,4859
83b7f6df1fc12303,,1,16,1.029704,15,,,0,4860
83b868ac0239bdc0,docs\documents-atlas-index.md#chunk-740,,11,0.936526,,,,0,4861
83b8e8ec7e1b4a03,,1,14,1.039326,15,,,0,4862
83bfb1373658f5df,,1,19,0.938628,95,,,0,4863
83c232fd1d5040f0,,,,1.043915,,,,0,4864
83c390e14095b8f5,,,15,0.919211,,,,0,4865
83d2a429a92737f6,,8,18,0.82826,19,,,0,4866
83dc6e8611b0182b,,6,1,0.884452,19,,,0,4867
83e88fb3e4665c66,,5,8,0.721339,7,,,0,4868
83f300521b687e44,,,1,0.770896,,,,0,4869
840a3e7a27aaa379,,18,8,0.940244,18,,,0,4870
840d3364db5db4e1,docs\documents-atlas-index.md#chunk-364,19,8,0.868438,183,,,0,4871
843d545ef0104c99,,13,8,0.940431,11,,,0,4872
84476f40997154f7,,18,10,0.872541,57,,,0,4873
8448b3b6f87e9fd4,,19,2,0.826473,48,,,0,4874
844b7d2e03167aa6,docs\documents-atlas-index.md#chunk-771,12,13,1.003572,61,,,0,4875
844feae048b326d7,,12,,1.043927,,,,0,4876
8458a9c62da39501,,10,13,0.990417,65,,,0,4877
845d2a19278193b4,,19,12,0.889304,127,,,0,4878
846358d13bfb3a98,,19,4,0.979591,58,,,0,4879
84641c92e99b9007,,18,6,0.771694,26,,,0,4880
846d4eceb29a1c80,,16,,0.942742,,,,0,4881
8477bcfd1c5cce5b,,19,5,1.102914,196,,,0,4882
848239f871c4b636,,18,12,0.82748,53,,,0,4883
8483693efac5b586,,19,9,0.94631,88,,,0,4884
848702168f29dc67,docs\documents-atlas-index.md#chunk-674,12,12,0.875638,14,,,0,4885
848c0dae0bcca4cf,,16,10,1.134115,101,,,0,4886
8496fd47882217a5,,11,12,0.916201,53,0.9900000000000001,,0,4887
84a420416b09f395,,,1,0.816703,,,,0,4888
84b556b2e0a3f0fb,,18,12,1.046639,53,,,0,4889
84b8c6d8ef590768,,,14,0.85524,,,,0,4890
84be1aac9075e1f1,,,5,1.045642,,,,0,4891
84cc6c19224210ed,docs\CODEBASE_DIRECTORY_MAP.md#chunk-35,4,2,0.983774,16,,,0,4892
84dd230442f894b9,,3,,0.954156,,,,0,4893
84e06a259f326bcd,,1,4,0.856536,3,,,0,4894
84e1edf1c532c541,,,10,0.883694,,,,0,4895
84eb3cf17210f4e1,,,8,1.081075,,,,0,4896
84f02d619a76b510,,,1,0.705495,,,,0,4897
84f8348c41b0e195,docs\documents-atlas-index.md#chunk-438,,,0.858359,,,,0,4898
84fbc1ff7fefd8e1,docs\documents-atlas-index.md#chunk-1023,19,5,1.218583,196,,,0,4899
8509710f5d485812,,,,0.938678,,,,0,4900
850caa80161d5d89,,19,,0.703713,,,,0,4901
850d28ca75df2e5b,docs\documents-atlas-index.md#chunk-485,15,14,0.974497,18,,,0,4902
8511fef468c84e2b,,10,13,0.947652,65,,,0,4903
85125396d3b2c1e2,docs\documents-atlas-index.md#chunk-448,19,11,0.873656,51,,,0,4904
851c6c4446669713,,15,8,0.865536,16,,,0,4905
8520e0097af553e5,,11,18,0.954742,30,,,0,4906
852889ba6639f312,docs\documents-atlas-index.md#chunk-1080,18,11,0.802499,40,,,0,4907
852a05931d2548bf,,14,17,0.873146,7,,,0,4908
852a328119c5e481,,19,12,0.884139,127,,,0,4909
853daa79bdfb808e,,12,,0.858909,,,,0,4910
8543f64eaf5b20d4,,19,5,0.932333,196,,,0,4911
8549a529d626834e,,9,18,0.770979,27,,,0,4912
855121aeda0330f7,,19,10,0.994662,64,,,0,4913
8553e62b5a271e85,,8,19,0.740286,21,,,0,4914
855f65ae6b0d8c5e,,13,18,1.02832,18,,,0,4915
856c3ba2d252d28d,,16,10,0.971987,101,,,0,4916
856e8bbf9755275b,,16,12,0.949193,12,,,0,4917
85a1cd4c35345c8b,,6,15,0.878817,11,,,0,4918
85ab0bf553661a6b,,7,6,0.904893,7,,,0,4919
85bcd1c44eed217d,,,19,1.08249,,,,0,4920
85bcffe5ba13d5e3,,,10,1.014655,,,,0,4921
85c4b428117ede87,,,16,0.875754,,,,0,4922
85c874098dc7f963,docs\documents-atlas-index.md#chunk-1146,,1,0.76057,,,,0,4923
85d4ed3eae6bc544,,,2,0.910603,,,,0,4924
85dfa631dffb64e8,docs\documents-atlas-index.md#chunk-402,12,,1.029661,,,,0,4925
85ef3d5af4f254a2,docs\documents-atlas-index.md#chunk-334,6,1,0.97066,19,,,0,4926
85f007b19cafd32b,,,,1.048011,,,,0,4927
85fb4624fedaa8bb,,10,,1.06003,,,,0,4928
85fedcaa48d290dc,,15,16,1.152407,22,,,0,4929
8600bbad6093a290,,11,12,1.036108,53,0.9900000000000001,,0,4930
86039031a1cf7e2f,,14,6,0.921798,9,,,0,4931
86044df7d221581f,,16,10,0.913151,101,,,0,4932
860a5596299031e8,,19,13,0.816934,82,,,0,4933
860f598480023d5c,,12,15,0.898325,22,,,0,4934
86134f5ebc661c84,,7,2,0.949314,13,,,0,4935
86153b4402aac674,docs\documents-atlas-index.md#chunk-616,18,8,0.945801,18,,,0,4936
861bf808bc8ad2d0,,19,6,0.945556,170,,,0,4937
861e949995b571f6,,19,14,0.825783,76,,,0,4938
86269967238afe08,docs\documents-atlas-index.md#chunk-507,19,8,0.796956,183,,,0,4939
8638fe2f0cd66ec1,,10,16,1.06572,18,,,0,4940
863d052cbee2f962,,19,9,1.021502,88,,,0,4941
864b1bea93a780cd,,18,15,0.977033,24,,,0,4942
8654323b9d5bd12a,,19,8,0.982471,183,,,0,4943
865e58d5045221c7,,18,14,0.850838,36,,,0,4944
8665a5553d022efe,,9,19,0.723554,70,,,0,4945
866e37a14abf14d9,,19,13,1.000784,82,,,0,4946
866eca3f9b861353,docs\documents-atlas-index.md#chunk-6,8,,0.995507,,,,0,4947
86773746dc3b4c91,,19,4,0.762684,58,,,0,4948
867a3334b0b7f603,,19,10,0.856648,64,,,0,4949
8681b2a6c3d10f13,,10,13,0.929241,65,,,0,4950
8687f2e53885f439,,1,16,0.835747,15,,,0,4951
8697e73f574ada41,,19,5,0.891114,196,,,0,4952
86a8dc1bd3fd0a4b,,9,3,1.000719,6,,,0,4953
86aeed594f0b1c63,docs\documents-atlas-index.md#chunk-704,9,,0.935413,,,,0,4954
86b8746891ab0121,,,,0.872839,,,,0,4955
86c1cd5e871e1aca,,9,19,1.059315,70,,,0,4956
86d2a2f24a0acaad,,1,19,0.928268,95,,,0,4957
86f52164e5b1d6b4,,,5,0.981303,,,,0,4958
86fe2c18893fd530,,2,,0.870692,,,,0,4959
86feb7b901a4b077,,,15,1.01345,,,,0,4960
87075c204ac32fab,,12,18,0.942352,17,,,0,4961
8710821bde82ad31,,10,12,0.944881,28,,,0,4962
872356a21203d1da,,18,14,0.82642,36,,,0,4963
872788f94a0fc2e9,,19,9,0.876193,88,,,0,4964
87411cf75618ce42,,15,11,0.874797,13,,,0,4965
874d1e9dfe55e9cb,,16,10,1.025389,101,,,0,4966
875aaac632a2803d,,12,12,0.997466,14,,,0,4967
87623d54802aef13,,19,7,0.925508,165,,,0,4968
876250923ef1dcad,,13,19,0.930751,52,,,0,4969
8767256c520f8109,,19,8,0.858263,183,,,0,4970
87816f0701a0de53,,10,12,0.948936,28,,,0,4971
878e4e5b3d620161,,4,,0.873897,,,,0,4972
8793b34fae609dfb,,10,19,0.717396,49,,,0,4973
8794fc073ac248ef,,10,18,0.93,28,,,0,4974
8795a181ed4864ae,,9,19,0.793368,70,,,0,4975
87a536286aa72a76,,,,0.747991,,,,0,4976
87ab38b7e4a448ac,,9,4,0.952396,12,,,0,4977
87ab60ae9c820427,docs\documents-atlas-index.md#chunk-426,,3,0.96674,,,,0,4978
87b1a7d1ba3f1730,,,13,0.997353,,,,0,4979
87bb639eafcb244d,,7,,1.01767,,,,0,4980
87c29699e77dc682,,,6,0.81174,,,,0,4981
87c94ff6d50b750d,,7,6,0.895845,7,,,0,4982
87cf917d1cf7345e,,4,,0.989641,,,,0,4983
87ee2cfcebbb00de,,10,,1.142755,,,,0,4984
87efeb929b8ba768,,9,,0.955802,,,,0,4985
87f52e5daaed17f7,,,,0.942464,,,,0,4986
87facdddaa66eab9,docs\documents-atlas-index.md#chunk-650,,10,1.034284,,,,0,4987
880609124b0c3093,docs\documents-atlas-index.md#chunk-551,19,6,0.876274,170,,,0,4988
88169bbc152ac957,,19,9,0.895587,88,,,0,4989
881efe10bdf87364,docs\documents-atlas-index.md#chunk-887,12,,0.820693,,,,0,4990
8837d1bf201b546b,,9,19,0.962553,70,,,0,4991
883f4dbb8ede0874,,13,,1.033411,,,,0,4992
885740355fd59c1b,,11,18,0.884422,30,,,0,4993
88619844c3081ada,,10,19,0.80093,49,,,0,4994
8864bbbd2a09bc36,,7,13,0.950628,6,,,0,4995
8869719a42b0bfa2,,13,15,0.854625,41,,,0,4996
88748db27ae3b766,,16,10,0.911336,101,,,0,4997
8878edc576451587,,10,12,0.846842,28,,,0,4998
888969b7d6f9bb1c,,11,10,0.846036,14,,,0,4999
8895acfaee38b585,,18,7,0.985295,19,,,0,5000
8896c9d761c50b52,docs\documents-atlas-index.md#chunk-1094,9,14,0.862569,22,,,0,5001
88ab04ec8d217809,,,3,0.953694,,,,0,5002
88ad4771b1e5c8fa,,19,12,1.022303,127,,,0,5003
88c3628c208f5207,,,,0.853157,,,,0,5004
88c615cdb0b42644,,,5,1.003669,,,,0,5005
88c65e3a45408676,,,2,0.746795,,,,0,5006
88c662521b133954,,,,0.725625,,,,0,5007
88c8cff6d6c24860,,6,8,0.882332,3,,,0,5008
88e24dc001fd6536,,,,1.009316,,,,0,5009
88edb2b6b2e70073,,10,,1.009234,,,,0,5010
88f618d8428971a8,,17,15,0.900892,78,,,0,5011
88fcde7c28ad66c8,,6,,1.039524,,,,0,5012
88fe4b99ee8aa6cc,docs\compiler-landscape.md#chunk-2,10,2,0.97074,14,,,0,5013
88ff05db323be5c9,,19,11,1.052777,51,,,0,5014
89029ea3b759dfb5,,18,10,0.884411,57,,,0,5015
890bd16d56d8ee8b,,11,16,0.921131,16,,,0,5016
891f15b0de408eb8,docs\documents-atlas-index.md#chunk-664,16,9,1.013089,18,,,0,5017
8920aa80fa68325f,,12,3,0.915273,4,,,0,5018
8923105f19b58958,,13,15,0.869357,41,,,0,5019
89280ad79028d67d,,17,11,0.823384,76,,,0,5020
8932af79299dee32,,19,5,0.836927,196,,,0,5021
8943e42dc4905683,,9,17,0.877789,15,,,0,5022
89463f2c3644c7f6,,19,11,0.92532,51,,,0,5023
89499aa46cb5bb60,,11,11,0.908176,14,,,0,5024
8957a117da36b927,,4,16,0.826728,10,,,0,5025
89686b392d70f2f6,docs\documents-atlas-index.md#chunk-690,18,10,0.910575,57,,,0,5026
8975aecb1f38f7d8,,17,10,1.086023,30,,,0,5027
8976ef9bc3dcd627,,18,6,0.936416,26,,,0,5028
897a169ee1075711,,16,9,0.930283,18,,,0,5029
897a4da62a8a9a1c,,15,,0.914826,,,,0,5030
8990c84bbdbfe699,docs\documents-atlas-index.md#chunk-1253,19,6,0.8932,170,,,0,5031
899590cd1391379d,,14,16,0.841256,13,,,0,5032
89975dfe79fb6b43,,13,10,0.995826,19,,,0,5033
899ee5bc3e18b59e,,6,18,1.015978,7,,,0,5034
89a16b6a9b709a79,,,2,0.69064,,,,0,5035
89a583498332a0c3,,,3,0.852504,,,,0,5036
89a72ba44aa497ef,,6,,0.96928,,,,0,5037
89b231e6c33c64ad,,19,10,1.024765,64,,,0,5038
89bc851d560486d0,,,1,0.920919,,,,0,5039
89d67e3ff7f9f052,,2,4,0.852658,4,,,0,5040
89d702cc593228ab,,10,19,0.910524,49,,,0,5041
89da9037e514752e,docs\documents-atlas-index.md#chunk-654,6,5,0.823503,10,,,0,5042
89de3eb7f670fdf4,,3,9,0.946747,17,,,0,5043
89dfab93e716d401,,5,7,0.920154,6,,,0,5044
89dfffc956d25a06,,9,1,0.960011,14,,,0,5045
89e227e7d78b3ba4,,10,8,0.991525,27,,,0,5046
89e6f110f95afe34,,1,12,0.878118,6,,,0,5047
89e74ea58a6b25c6,,,,0.889899,,,,0,5048
89e8fe304ba7a0b6,,,,0.942974,,,,0,5049
89ed8188a2826690,,4,5,0.808553,7,,,0,5050
89f9cac03956aeb8,,,15,0.847676,,,,0,5051
89fe61027758e164,,,1,0.838236,,,,0,5052
89ff63a69eb05af3,docs\documents-atlas-index.md#chunk-919,6,,1.0455,,,,0,5053
8a08b758a582ebe0,,11,15,0.961715,26,,,0,5054
8a1553200f8ef301,docs\documents-atlas-index.md#chunk-46,19,8,0.956254,183,,,0,5055
8a1bb7568d2af264,,19,6,0.855515,170,,,0,5056
8a1c189f0d353fea,,14,19,0.879824,121,,,0,5057
8a35d1a61b898131,,,19,0.899332,,,,0,5058
8a4b8e5595bcb906,,17,,0.916812,,,,0,5059
8a5c8589356e9617,,19,3,0.783628,52,,,0,5060
8a6522b267eafa7d,,16,15,0.912913,43,,,0,5061
8a6d9fac08d18224,docs\documents-atlas-index.md#chunk-198,17,14,0.981199,54,,,0,5062
8a7a0f1de8a58d1f,,10,3,0.976418,5,,,0,5063
8a817316a2406b6f,,13,17,0.836725,13,,,0,5064
8aa6fbceb88b2a23,docs\documents-atlas-index.md#chunk-553,2,10,1.041902,27,,,0,5065
8ab1e91e2f9e6fcd,,6,19,1.003693,38,,,0,5066
8ab62dfc472085ce,,17,16,1.018098,14,,,0,5067
8ab8a9b6c15a9571,,,15,0.975823,,,,0,5068
8ab924de5cdede54,,,12,1.095977,,,,0,5069
8abaced319a854ba,,12,,1.048906,,,,0,5070
8abddcb9dfa3a1f9,docs\documents-atlas-index.md#chunk-738,12,,1.028617,,,,0,5071
8abf1ebeac8b2403,,10,,1.040663,,,,0,5072
8acacb48e6959069,,9,1,0.864743,14,,,0,5073
8acfe9e232fadee9,docs\documents-atlas-index.md#chunk-840,17,,1.134667,,,,0,5074
8ad2920e6f3c5f5c,,4,19,0.993166,25,,,0,5075
8ad5d104b0da8bcc,,5,19,1.121054,21,,,0,5076
8ad69b2d4c82fc92,,1,,0.8746,,,,0,5077
8ade0365eb7ef6d0,,18,9,1.062678,17,,,0,5078
8ae2ec390a499434,,1,,0.871257,,,,0,5079
8ae6d67afd1bc204,,,13,1.026318,,,,0,5080
8af006baa8ca1038,docs\documents-atlas-index.md#chunk-333,,,1.06841,,,,0,5081
8af14f8d9b973b76,,1,,0.778949,,,,0,5082
8af427099f421414,,,,0.775313,,,,0,5083
8af523d8fafb921d,,8,,1.061142,,,,0,5084
8aff5928ad3e1a39,docs\documents-atlas-index.md#chunk-1157,9,,0.875421,,,,0,5085
8b01d182a7bada2f,,19,2,1.011194,48,,,0,5086
8b0479fc9b0e70db,,17,15,0.915839,78,,,0,5087
8b05a85666e5d2d1,,19,14,0.948111,76,,,0,5088
8b1063d5bbb5b461,,17,11,0.940864,76,,,0,5089
8b21e43d9cf47bec,,12,19,0.923422,84,,,0,5090
8b27d74d73d8a999,,13,15,0.927948,41,,,0,5091
8b286ec42acf84c5,,16,1,1.027529,7,,,0,5092
8b2afe59572af441,,19,,0.902315,,,,0,5093
8b2de6d9e8c01ec6,,16,,0.99816,,,,0,5094
8b45e99966b32eab,,13,19,0.7479,52,,,0,5095
8b48515f1e640e0f,,13,19,0.896472,52,,,0,5096
8b64807624dfd655,,19,12,0.874716,127,,,0,5097
8b674967c5c486fb,docs\documents-atlas-index.md#chunk-242,18,17,0.777012,20,,,0,5098
8b775cba47e66e1a,,16,16,0.9267,16,,,0,5099
8b7f6a99ea501a1f,,11,,0.876527,,,,0,5100
8b85ab8d67adbe06,,11,12,1.039671,53,0.9900000000000001,,0,5101
8b86bfcf6fdcdee5,,14,,1.10752,,,,0,5102
8b8a75d3695f9192,,18,13,0.861774,53,,,0,5103
8b9772b286960211,,17,13,0.83337,28,,,0,5104
8b9a167f93f90800,,17,14,0.963604,54,,,0,5105
8b9d345e445b3339,,19,8,0.969072,183,,,0,5106
8b9d677664ff5cc8,docs\documents-atlas-index.md#chunk-1176,19,,0.865883,,,,0,5107
8b9f875e5132a6e6,,19,15,0.888499,77,,,0,5108
8ba36a2437fbd919,docs\documents-atlas-index.md#chunk-1251,1,,0.877349,,,,0,5109
8baa85659006cce2,,,19,0.942179,,,,0,5110
8baf24acca849512,docs\documents-atlas-index.md#chunk-214,,5,1.010937,,,,0,5111
8bb6a46b309a8952,docs\documents-atlas-index.md#chunk-151,,19,0.979519,,,,0,5112
8bba69573d9487e6,,,1,0.902573,,,,0,5113
8bc322a42b56a4bc,,,19,0.925609,,,,0,5114
8bcb3d8d585bbd15,docs\documents-atlas-index.md#chunk-74,2,,1.010994,,,,0,5115
8bccbedab8dcc203,docs\documents-atlas-index.md#chunk-825,12,,1.070146,,,,0,5116
8bd7d0c2d429476b,,,19,0.869792,,,,0,5117
8be43b67866bd940,,1,,0.817285,,,,0,5118
8bebee2bfdeeec7b,,12,,0.984264,,,,0,5119
8bf2e122e0a2c060,,,14,1.036066,,,,0,5120
8bf58cd096266aad,docs\documents-atlas-index.md#chunk-223,,18,0.920904,,,,0,5121
8c0130944668754f,docs\documents-atlas-index.md#chunk-1300,18,16,0.767946,49,,,0,5122
8c0aa5d76f112aa1,,19,,1.025227,,,,0,5123
8c13c8dbc95b8759,,19,7,0.950059,165,,,0,5124
8c1b7f7d71787d34,docs\documents-atlas-index.md#chunk-517,19,,0.909167,,,,0,5125
8c1b9bad7a8c5a4e,,16,,0.942943,,,,0,5126
8c1f7bb5fcbc8bc2,,14,,0.873183,,,,0,5127
8c2ba646bdd8c514,,12,,0.962986,,,,0,5128
8c2e4ed9030d3432,,19,,0.96175,,,,0,5129
8c3b0fb665561a9b,,18,15,0.952351,24,,,0,5130
8c3d05f7a8ef7414,,17,10,0.995408,30,,,0,5131
8c3fe04512ebf626,,19,6,1.02187,170,,,0,5132
8c5cf4c87883b0c9,,18,14,0.939388,36,,,0,5133
8c6a8db269da65dd,,18,16,0.948392,49,,,0,5134
8c6c262174ddb775,,19,12,0.881499,127,,,0,5135
8c6f6ae6edfc4b36,,13,,0.825874,,,,0,5136
8c76e61bba057685,,6,17,0.982158,5,,,0,5137
8c80dbefc989d51e,,16,10,1.057511,101,,,0,5138
8c84034823a88629,,18,15,0.876482,24,,,0,5139
8c920a2b5cbeeb37,,1,,1.070426,,,,0,5140
8c9eedfe9364b2e2,docs\documents-atlas-index.md#chunk-10,17,11,1.07689,76,,,0,5141
8cb43fd8587dc7ef,,18,14,1.044277,36,,,0,5142
8cb483db211ff666,,,16,1.025004,,,,0,5143
8cb815fb9863ca90,,,11,0.875197,,,,0,5144
8cbe64476eb123df,,17,18,1.011228,20,,,0,5145
8cc00be326e9e37c,,17,15,1.067786,78,,,0,5146
8cc72775cc2a7fc4,docs\documents-atlas-index.md#chunk-644,,3,0.99985,,,,0,5147
8cc870fa413f3952,,,,1.042156,,,,0,5148
8cd1ccc9313e2212,,,15,1.055555,,,,0,5149
8cd393e5a74e81a9,,18,12,1.058539,53,,,0,5150
8cdcd4667fb749e3,,,19,1.012215,,,,0,5151
8ce1fac17aab4fe6,,13,,1.110865,,,,0,5152
8cec4a73bd9c8d6d,,10,2,0.884,14,,,0,5153
8cf6f5abf6642b12,,1,14,0.931039,15,,,0,5154
8cf9da1720eba5cf,,,19,1.120382,,,,0,5155
8cff943d1120a5e6,,19,15,1.071264,77,,,0,5156
8d037996c7abde82,,16,8,0.920661,9,,,0,5157
8d0b1b95eda42dab,docs\documents-atlas-index.md#chunk-113,13,,0.936327,,,,0,5158
8d0bcaa52fab58c5,docs\documents-atlas-index.md#chunk-488,15,,0.956009,,,,0,5159
8d1383f55b3fb629,,18,10,0.928859,57,,,0,5160
8d183ee5206e712e,docs\documents-atlas-index.md#chunk-152,17,14,0.997572,54,,,0,5161
8d2790317e7f9297,docs\documents-atlas-index.md#chunk-473,19,6,0.934402,170,,,0,5162
8d2fe6ad9320b712,,17,11,1.03465,76,,,0,5163
8d3733e29a8d9cf0,,19,1,0.946841,75,,,0,5164
8d408ffd2bf57435,,17,14,1.072289,54,,,0,5165
8d476f012ca814ef,,17,18,0.948387,20,,,0,5166
8d4ad0426f74b4bb,,1,19,0.987128,95,,,0,5167
8d4b74069a210cf5,,19,19,0.920364,235,,,0,5168
8d4f56d4ca7fdb57,,19,1,0.957014,75,,,0,5169
8d4f6dfdfa1aa649,,17,9,0.981126,22,,,0,5170
8d536c4ef0f2c583,,16,10,1.042282,101,,,0,5171
8d5861d9a2d6be4e,,17,14,0.897398,54,,,0,5172
8d5c263465c4b2af,,19,17,0.849963,49,,,0,5173
8d5e5f479368e6c6,,19,12,0.921889,127,,,0,5174
8d60d0ea999b2c73,,19,4,1.070251,58,,,0,5175
8d60d92c75481af8,,11,19,0.861773,37,,,0,5176
8d6268a522739202,docs\documents-atlas-index.md#chunk-666,18,13,0.831006,53,,,0,5177
8d70436c3ba74f00,docs\documents-atlas-index.md#chunk-316,13,15,0.985703,41,,,0,5178
8d819cfd745816e8,,17,15,0.930842,78,,,0,5179
8d8ef9702689ca6b,,1,19,0.897458,95,,,0,5180
8d9683cd22d2bd35,,14,14,0.917978,30,,,0,5181
8da2d168c816c905,,1,15,0.80191,9,,,0,5182
8da3ff457305fad8,docs\documents-atlas-index.md#chunk-848,3,13,0.913746,8,,,0,5183
8da98e5c46377345,,1,1,0.758998,8,,,0,5184
8db0ff989ed77038,,3,,0.978319,,,,0,5185
8db80203645fc807,,,,0.93855,,,,0,5186
8dd4b380c125de62,,1,14,0.847747,15,,,0,5187
8df24d23b799af20,,2,9,0.780041,22,,,0,5188
8e025fc6b2d767cc,,18,17,0.955832,20,,,0,5189
8e0920957411ce26,,19,12,0.895822,127,,,0,5190
8e0eb3a695aeeb42,,19,,0.936017,,,,0,5191
8e0f754237d9cdc2,,19,14,0.914434,76,,,0,5192
8e1938e5e7a9749e,,18,15,0.844483,24,,,0,5193
8e209eea7aa9d70f,,16,10,1.065339,101,,,0,5194
8e251f267a78d0ce,,18,14,1.018601,36,,,0,5195
8e2c60235cf1eaef,,19,19,0.963317,235,,,0,5196
8e319b26674a212f,,17,7,1.011311,7,,,0,5197
8e45584cef0de59b,,19,8,0.963914,183,,,0,5198
8e45832655109293,,18,13,0.820315,53,,,0,5199
8e4bafef63521b62,,19,,1.081278,,,,0,5200
8e50b014b026025f,,9,18,0.955364,27,,,0,5201
8e5493651f9cdb53,docs\documents-atlas-index.md#chunk-21,19,8,0.922514,183,,,0,5202
8e599d6dbf0b0600,docs\documents-atlas-index.md#chunk-1012,19,5,0.952649,196,,,0,5203
8e5ce7118b24d511,docs\documents-atlas-index.md#chunk-506,1,19,1.005539,95,,,0,5204
8e622d2487c6c8c9,docs\documents-atlas-index.md#chunk-362,18,13,0.90285,53,,,0,5205
8e72dc6551179f67,,8,13,0.8889,8,,,0,5206
8e73b847bec56c89,,10,15,0.891179,33,,,0,5207
8e928af140af6025,docs\documents-atlas-index.md#chunk-927,18,12,0.96756,53,,,0,5208
8e93316bd03e3542,,19,8,0.98592,183,,,0,5209
8e95b99cc37187f4,,13,17,0.943686,13,,,0,5210
8eb0d3bb7cb66dfd,,13,19,1.007012,52,,,0,5211
8eb889df3fc0b3a6,,17,15,1.041771,78,,,0,5212
8ec75d5605dbaaf9,docs\documents-atlas-index.md#chunk-123,1,,1.058369,,,,0,5213
8ee55bcae617c949,,,9,0.839415,,,,0,5214
8ee5a157d49ab6c5,,,15,0.967582,,,,0,5215
8ee9c3ea34b26ac6,,,19,1.014522,,,,0,5216
8f07b7e1e97c3438,docs\documents-atlas-index.md#chunk-525,18,4,0.859184,17,,,0,5217
8f20181962002c2a,,13,18,0.878124,18,,,0,5218
8f2c73f7f129365a,,18,14,0.894048,36,,,0,5219
8f3361d55dad9e33,,19,1,0.999358,75,,,0,5220
8f39ad4742494294,,13,11,0.952856,14,,,0,5221
8f3a7de7f1b4fec6,,17,11,0.988976,76,,,0,5222
8f3f0b2f87e54021,,6,,1.052919,,,,0,5223
8f426f0518473baa,,19,19,0.908532,235,,,0,5224
8f42e2601b7d1131,,19,5,0.921265,196,,,0,5225
8f4a1bac0eb47586,,17,14,1.059256,54,,,0,5226
8f55ea0b0696444f,,9,19,0.965353,70,,,0,5227
8f6f5d530f4976fe,docs\documents-atlas-index.md#chunk-985,19,17,0.96361,49,,,0,5228
8f707d3693dea844,,18,8,0.922077,18,,,0,5229
8f7832d628362615,,17,14,0.856127,54,,,0,5230
8f792530c7923931,,18,10,0.906842,57,,,0,5231
8f7f397a41d8f161,docs\documents-atlas-index.md#chunk-173,18,13,0.96547,53,,,0,5232
8f81995e56fb44b2,,17,15,0.953138,78,,,0,5233
8f826427c73bf787,,19,8,0.833645,183,,,0,5234
8f8dc011d90a87c4,,19,,0.886997,,,,0,5235
8f9aacb5faee6e3d,,13,,0.830514,,,,0,5236
8fa8c98b09cf9530,,,,1.022203,,,,0,5237
8fadd48dcda3b2f8,,10,,1.148064,,,,0,5238
8faddf5e11865f80,,6,1,1.024096,19,,,0,5239
8fb0c675f08b7e93,,3,13,0.96463,8,,,0,5240
8fb144e483ed4be9,,17,17,1.035608,51,,,0,5241
8fb44852ba7340f0,,,1,0.946891,,,,0,5242
8fb5a4a289c19d30,,,19,0.877419,,,,0,5243
8fba5ad3e0846626,docs\documents-atlas-index.md#chunk-588,6,6,0.934138,5,,,0,5244
8fbafbbd00a796fb,,17,17,1.148235,51,,,0,5245
8fbceab3fe9ee164,docs\documents-atlas-index.md#chunk-888,12,,1.022286,,,,0,5246
8fcd94745c946a09,,,19,0.878907,,,,0,5247
8fd6f227c29f9fa1,,19,,1.001088,,,,0,5248
8fd8783adf509c86,,2,9,0.833083,22,,,0,5249
8fd909b82ce79ab3,,15,16,1.016739,22,,,0,5250
8fe4937b7773a400,,,1,0.850623,,,,0,5251
8febe58ffc67622e,,2,17,1.034387,9,,,0,5252
8ff2ef804adc364a,,10,,1.011293,,,,0,5253
8ff5dbf01495650b,,,19,0.923249,,,,0,5254
8ffb9f60a4c45445,,8,1,0.881325,4,,,0,5255
8ffc07237078a0a1,,19,13,0.994987,82,,,0,5256
9008f9caeea139f7,,12,17,1.036094,15,,,0,5257
90112ff08e258e4a,,10,13,0.998568,65,,,0,5258
90196195e65c6821,,19,7,0.745048,165,,,0,5259
901b499685b5bdfe,,14,14,0.893386,30,,,0,5260
901c9440797108aa,,19,17,0.863655,49,,,0,5261
902ac74328763e29,,9,14,0.880636,22,,,0,5262
902c84e66fa8be1d,,13,13,0.994364,35,,,0,5263
902e9b252f90e3d2,,18,10,0.978894,57,,,0,5264
903350c655313d3e,,8,19,0.856736,21,,,0,5265
903453c0785d240c,,19,9,0.906284,88,,,0,5266
90392d26a43e7b59,,19,4,0.816442,58,,,0,5267
9044fc0f984b4751,,19,5,0.903204,196,,,0,5268
90474d6a2e435695,,,,0.824029,,,,0,5269
9048c84a09e10ec4,,11,18,0.910404,30,,,0,5270
90529d621e05d888,,,1,0.853091,,,,0,5271
9056d3c3bb53ac72,,5,15,0.883189,5,,,0,5272
90584bc20d79f271,,18,10,0.892335,57,,,0,5273
906bb741924fdde8,,19,2,0.980325,48,,,0,5274
906f2a3087e65bd7,,9,,0.96446,,,,0,5275
907b131579b607b6,docs\documents-atlas-index.md#chunk-811,19,14,0.915212,76,,,0,5276
9082a44c5457a409,,8,16,0.863567,15,,,0,5277
908abcaaad984c36,,12,2,0.907789,3,,,0,5278
9092bf3dff166c4c,,8,16,0.967119,15,,,0,5279
9096175758851475,,14,12,0.781943,21,,,0,5280
909846b2c9cd4988,,19,7,0.804278,165,,,0,5281
90a0b18518c2bbce,,7,17,0.876142,13,,,0,5282
90a13d012165c8af,,,1,0.932683,,,,0,5283
90a2e44ac86a6bf7,,8,16,0.992119,15,,,0,5284
90a4c155a98e078e,,6,19,0.921516,38,,,0,5285
90a82a4841e3bd3c,,5,5,0.924361,11,,,0,5286
90a901760543ebf1,,,6,0.938747,,,,0,5287
90b228e8e22084dd,,,6,1.000644,,,,0,5288
90b963aec400bc95,docs\documents-atlas-index.md#chunk-677,,10,0.834367,,,,0,5289
90bd3cd5615f7778,,5,3,0.941238,13,,,0,5290
90bed8c006df7442,,18,5,1.071179,12,,,0,5291
90c87abb058c4c1f,docs\documents-atlas-index.md#chunk-594,9,8,0.998278,17,,,0,5292
90ca74480def85cb,,6,,1.043818,,,,0,5293
90de1d0df9e602fd,,7,2,1.008578,13,,,0,5294
90e74caeb014c9dd,,,8,1.076229,,,,0,5295
90ec3a61db3c79a6,,7,1,0.918302,11,,,0,5296
90ee9be7e7e7977e,,9,3,0.89341,6,,,0,5297
90f18eb078497205,,,5,0.812472,,,,0,5298
90fb2ed4775d3684,,4,2,0.941742,16,,,0,5299
90fb47e3a44ff4e5,,18,9,1.033453,17,,,0,5300
90fe5046afa19ab2,,7,2,1.041653,13,,,0,5301
9106c6de860e4a8d,,9,19,0.904518,70,,,0,5302
9107e723bd36a7c0,,19,6,0.875587,170,,,0,5303
910bb20c2551204c,,10,19,0.890168,49,,,0,5304
91107c29eb17d264,,19,8,0.884395,183,,,0,5305
911c6bc09ac852f2,,17,11,1.024436,76,,,0,5306
912463c4c444c0b4,,18,10,0.861321,57,,,0,5307
9127be5491eec8ee,,19,5,1.064064,196,,,0,5308
91342306c6333a76,,11,10,0.854484,14,,,0,5309
913519b02224375a,,16,14,0.911131,17,,,0,5310
91380927725dba32,,19,8,0.840452,183,,,0,5311
913a3e6d64a0b1f4,,19,12,0.976351,127,,,0,5312
9145100f32de4dca,,13,19,0.956477,52,,,0,5313
915b44bc65178ae1,,15,14,0.97419,18,,,0,5314
915eb4b48b26d5c8,docs\documents-atlas-index.md#chunk-1098,19,9,0.98247,88,,,0,5315
917456f6842e1d76,,19,7,0.843828,165,,,0,5316
917bb0f17b993566,,17,5,0.937169,9,,,0,5317
91857db04053635a,,15,12,0.94335,14,,,0,5318
918e74bf90f69423,,16,13,0.929881,18,,,0,5319
918f9466c1f78bf6,docs\documents-atlas-index.md#chunk-1057,13,9,0.958074,6,,,0,5320
919d160140fcd4f9,,19,12,0.95639,127,,,0,5321
91a462f53f5a2925,,,,0.905122,,,,0,5322
91a527ac4f4a7006,docs\documents-atlas-index.md#chunk-970,,,0.88172,,,,0,5323
91ae29a0f649fa05,docs\documents-atlas-index.md#chunk-1091,,9,0.860359,,,,0,5324
91b47c5a206ff85a,,,,0.917441,,,,0,5325
91bc3ec3ee3eea6a,docs\documents-atlas-index.md#chunk-31,10,5,1.04392,5,,,0,5326
91bd25ce91f3a143,,18,12,1.07238,53,,,0,5327
91c1628ba44f98ac,docs\documents-atlas-index.md#chunk-1035,,3,0.958975,,,,0,5328
91caac11a90d927a,,9,3,0.893915,6,,,0,5329
91cace94e8486014,,7,4,0.783063,7,,,0,5330
91d7327e20c01162,,,,0.832124,,,,0,5331
91e0ccb6beb619aa,,10,,1.031415,,,,0,5332
91f938e7d9cc17f3,,6,,1.0427,,,,0,5333
92004ca2603093c4,,18,12,0.945791,53,,,0,5334
92039d65aeac50bb,docs\documents-atlas-index.md#chunk-233,15,5,0.979425,14,,,0,5335
9216d7c4906868c8,,10,18,0.881596,28,,,0,5336
9220188eed850df5,,12,19,0.937723,84,,,0,5337
9221bf47ebb37143,,10,,0.958292,,,,0,5338
92231a0e364eb1f4,docs\documents-atlas-index.md#chunk-205,19,8,0.980094,183,,,0,5339
9230fe25b8b315b2,,11,12,0.963568,53,0.9900000000000001,,0,5340
9233ae698706e856,docs\documents-atlas-index.md#chunk-1288,9,12,0.849784,28,,,0,5341
92404b90f50d8c87,,19,4,0.816178,58,,,0,5342
92440d06f85af818,,19,7,0.824938,165,,,0,5343
9250ce649014356a,,9,13,0.861794,11,,,0,5344
9250dc352b0153e5,,10,18,0.954667,28,,,0,5345
925c4311ee7a48d4,,19,4,0.847985,58,,,0,5346
926497a4608a1c77,,19,4,0.861864,58,,,0,5347
92672f218f33cecd,,10,12,1.003709,28,,,0,5348
926be48fe3e4d437,docs\documents-atlas-index.md#chunk-269,19,9,1.033447,88,,,0,5349
926d21063a4bcbd5,,19,2,0.926101,48,,,0,5350
9270e9b037fcf185,,19,7,0.969275,165,,,0,5351
9277e373d6b0eb4d,,9,14,0.867078,22,,,0,5352
927a14f5fa180f22,,13,6,0.966292,3,,,0,5353
927ad743a8d714dc,,12,17,0.959579,15,,,0,5354
927f7de1ef5aea4f,docs\documents-atlas-index.md#chunk-1066,14,3,1.007952,11,,,0,5355
928bd2aa3cdf4529,,19,5,1.021732,196,,,0,5356
9290197df1588496,,19,10,0.906725,64,,,0,5357
92926bca08fb6996,,19,7,1.001941,165,,,0,5358
929fd37d4850a37f,,6,18,0.920681,7,,,0,5359
92a02d66233adb36,,1,8,0.875389,11,,,0,5360
92a07bf1a8df812e,docs\documents-atlas-index.md#chunk-713,10,7,1.04174,12,,,0,5361
92a21f9479fd7cf4,,6,,0.961164,,,,0,5362
92a428d4ea97e44e,docs\documents-atlas-index.md#chunk-886,,10,0.895808,,,,0,5363
92b069c74107c9e3,,,12,0.940336,,,,0,5364
92b24e55a6b530ba,,6,1,0.946052,19,,,0,5365
92c05893e63a7872,,,4,0.787843,,,,0,5366
92c1bac92f4ae19b,,,15,0.988417,,,,0,5367
92c92d6782678ba0,,3,4,0.764788,7,,,0,5368
92cb2711bd9a9e9b,,9,4,0.901969,12,,,0,5369
92cf4f5c1de1dfef,,4,,1.101414,,,,0,5370
92e7a72ac8830f09,,6,12,0.79591,3,,,0,5371
92f30d8f10753e72,,,3,0.818648,,,,0,5372
92fee54b60e88762,,6,,1.016596,,,,0,5373
9305b8d8f90622f3,,19,8,0.908114,183,,,0,5374
930762bb2bde5b3f,,13,18,0.978878,18,,,0,5375
93188e24bc4452a7,docs\documents-atlas-index.md#chunk-200,17,6,0.891833,5,,,0,5376
93421846ddef648a,,19,6,0.924391,170,,,0,5377
934883f2741df8d1,,19,11,0.868896,51,,,0,5378
934dfeeac3edb179,,18,6,1.061646,26,,,0,5379
936b838e198cf108,,19,8,0.932002,183,,,0,5380
937a90261d646373,,18,7,0.898057,19,,,0,5381
93875289fdf19591,,14,8,0.876738,7,,,0,5382
938c6168819bf14c,,19,9,0.925497,88,,,0,5383
938ca4bdabce7f78,,14,,0.973709,,,,0,5384
9394909dbd87e990,,19,8,0.865994,183,,,0,5385
93964ec1e94d84fe,,18,9,0.997847,17,,,0,5386
93974ef8e1a9eeac,docs\documents-atlas-index.md#chunk-245,13,11,0.962853,14,,,0,5387
939c23892a52b484,,19,9,0.826002,88,,,0,5388
93a13fe23af00a10,,,5,0.929741,,,,0,5389
93a5c479e172c7d4,docs\documents-atlas-index.md#chunk-555,,13,0.90318,,,,0,5390
93b6160c997d9b79,,,,0.80007,,,,0,5391
93c38a059b3a7495,,,,0.66128,,,,0,5392
93c4796ab52e1a85,docs\documents-atlas-index.md#chunk-436,,4,0.863828,,,,0,5393
93c901381ed484e8,,,,0.886292,,,,0,5394
93cd2aad39feff5f,,10,8,1.132939,27,,,0,5395
93d172f91c50fc44,,,12,0.819855,,,,0,5396
93d40b67e504f1d2,,,6,0.916021,,,,0,5397
93d912281dd105ed,,,,1.013224,,,,0,5398
93d9d346bec48b2e,,5,17,0.909257,5,,,0,5399
93db58b1766610fd,,18,16,1.046441,49,,,0,5400
93e52bbc3385f97d,,,8,0.914681,,,,0,5401
93e692b3803a4757,,,4,0.968908,,,,0,5402
93ed7c1d66c24134,,4,,0.82176,,,,0,5403
93f619eb16d8bea2,docs\CODEBASE_DIRECTORY_MAP.md#chunk-16,13,13,1.10475,35,,,0,5404
93fb047cc3057c53,,5,6,0.899117,10,,,0,5405
93fe022ea8bcff45,,6,2,1.021687,7,,,0,5406
940c94aede2ff765,,19,8,0.934404,183,,,0,5407
941282339f2d28e9,,19,6,0.888738,170,,,0,5408
9412d4a2a633a80e,,6,17,0.917327,5,,,0,5409
9417a0dab375be01,,8,14,1.000425,18,,,0,5410
941c046a54a7dcb6,,14,14,0.966921,30,,,0,5411
941cb9475db6f478,,18,8,0.983852,18,,,0,5412
94284ea15d193614,,17,8,0.912238,14,,,0,5413
942b8bc98546297a,,15,10,0.866891,14,,,0,5414
942d7e1e67844d5d,docs\documents-atlas-index.md#chunk-595,11,10,0.992493,14,,,0,5415
94307c7a53489388,,19,8,0.838574,183,,,0,5416
9431e82c312038f8,docs\documents-atlas-index.md#chunk-73,10,19,0.764566,49,,,0,5417
943c5d1faab72606,,8,,0.883067,,,,0,5418
943e53f2dd0ce7e0,,19,9,0.952159,88,,,0,5419
9442c09155f8eb4a,,10,15,0.839002,33,,,0,5420
94464e8886d46e28,,10,11,0.772182,28,,,0,5421
94485cb34eee89b8,,17,7,1.004237,7,,,0,5422
945e7e1bf0bea534,,15,6,1.005807,6,,,0,5423
945ebb2ea9c2d961,,14,8,0.966973,7,,,0,5424
946863dbadb9ea3f,docs\documents-atlas-index.md#chunk-1181,12,15,0.994845,22,,,0,5425
946d14978f41b71d,,15,10,0.960238,14,,,0,5426
947b4482a5cabb9a,,14,6,0.889109,9,,,0,5427
9483deb11095af9f,,8,14,0.884882,18,,,0,5428
9483fc35512bc1c4,,19,7,0.91079,165,,,0,5429
94840264a4f72f67,,11,9,0.890975,7,,,0,5430
949a4fa4250a2198,docs\documents-atlas-index.md#chunk-974,18,7,0.928095,19,,,0,5431
949d182fec5e3ad1,docs\documents-atlas-index.md#chunk-1212,19,1,0.945154,75,,,0,5432
94a00cc75c6ea44f,,,,0.980557,,,,0,5433
94a3bbf79c40c9b0,,,12,0.925105,,,,0,5434
94a90a0c66aac4c7,,,,0.929382,,,,0,5435
94affec3e52179e7,,9,4,0.987126,12,,,0,5436
94bc180a3ed8fbfd,,14,19,1.062915,121,,,0,5437
94bc9fc023f2da01,,7,9,1.024177,5,,,0,5438
94bcf7f6806a71fa,docs\documents-atlas-index.md#chunk-1075,,19,1.082344,,,,0,5439
94c43401cf485739,,,3,0.665626,,,,0,5440
94ced919552f3afe,,18,,1.00438,,,,0,5441
94e3f615528c4293,,1,18,0.930555,30,,,0,5442
94f74db35ef623a8,,,,0.945441,,,,0,5443
951036b5880102d2,,18,13,0.82635,53,,,0,5444
9512b9752bf81988,,10,16,0.854804,18,,,0,5445
95134394933915eb,,16,16,0.785201,16,,,0,5446
951b01f312bb9e0b,,16,15,1.033576,43,,,0,5447
952227f480b2ed5c,,14,14,0.874126,30,,,0,5448
952c08689a143792,,18,8,0.914204,18,,,0,5449
95381f1ac2e8ea89,docs\documents-atlas-index.md#chunk-179,12,10,0.976462,7,,,0,5450
9546b06fbf954aea,,10,19,0.800633,49,,,0,5451
954a1f030f9f13d8,,18,3,0.952723,25,,,0,5452
955332375f74e6eb,,14,17,0.911319,7,,,0,5453
9555ad086ebd76ef,,17,3,1.011425,25,,,0,5454
955c14860a021417,,18,7,0.952894,19,,,0,5455
956e6769952988c1,,19,11,0.80994,51,,,0,5456
9571e1eaecc9ea64,,10,13,1.036435,65,,,0,5457
95734c60db0c0c0e,docs\documents-atlas-index.md#chunk-110,11,5,0.836635,8,,,0,5458
957cc28379cf7823,,19,3,0.829997,52,,,0,5459
957fc3b7e3434bf2,,19,,0.9317,,,,0,5460
9580ee7bf393de55,,8,12,0.886548,14,,,0,5461
9596602fba7c6008,,19,6,0.893036,170,,,0,5462
95976752c95253ce,,12,19,0.868021,84,,,0,5463
959a6e8832d27e51,,7,,0.796162,,,,0,5464
959ddf2b5349532f,,10,11,0.9974,28,,,0,5465
95a57dcae877a133,,,8,0.868683,,,,0,5466
95b696334b0448d6,,,,0.737785,,,,0,5467
95bad3ae512ce5a8,docs\documents-atlas-index.md#chunk-723,,15,1.126799,,,,0,5468
95bad7cb136a3807,,,15,1.069747,,,,0,5469
95d310c019342c1b,,,19,0.807804,,,,0,5470
95de96420835c997,,,1,0.816935,,,,0,5471
95efedfb11cc7974,docs\documents-atlas-index.md#chunk-1209,8,,1.097738,,,,0,5472
95f6a5fd9d1c6d4b,docs\documents-atlas-index.md#chunk-422,6,19,1.026849,38,,,0,5473
95f81211fff968ec,,5,,1.022462,,,,0,5474
95f973c4941ccb21,,,12,0.877947,,,,0,5475
9604102a93d518f5,,15,18,0.920029,23,,,0,5476
9606a3e0e27948f6,,19,9,0.939977,88,,,0,5477
9607e0804dc45c89,,9,16,0.840725,5,,,0,5478
9609f45bb003f51f,,9,17,0.944557,15,,,0,5479
9611e88e8f4425ea,,10,19,0.773393,49,,,0,5480
96127459aeeb3e5e,,15,5,0.89303,14,,,0,5481
961ccbce47017e46,docs\documents-atlas-index.md#chunk-730,10,12,1.009439,28,,,0,5482
961f03ff0f5f081e,,17,14,1.149878,54,,,0,5483
9631833253b99194,,14,13,0.840115,13,,,0,5484
9632d4102ec044d2,docs\documents-atlas-index.md#chunk-343,10,18,0.944899,28,,,0,5485
9636cac5b97e2892,docs\documents-atlas-index.md#chunk-1059,19,5,0.776601,196,,,0,5486
964df165a894ebb0,,19,2,0.937003,48,,,0,5487
966017b1fbb9e32a,,16,10,0.936207,101,,,0,5488
966824b832e78da6,,15,15,0.820973,13,,,0,5489
966db717df53f3f3,,19,8,0.975863,183,,,0,5490
966e1fe4865d3f71,,19,,0.870507,,,,0,5491
9671f735962de9e1,,19,7,0.85396,165,,,0,5492
967d2ba4ec6a84d5,,17,3,0.862874,25,,,0,5493
968192a58df74606,,14,13,0.894081,13,,,0,5494
9684c3436ac2acaa,docs\documents-atlas-index.md#chunk-1195,8,19,0.785828,21,,,0,5495
9688e3416f8c3e43,,19,3,0.864568,52,,,0,5496
969598fbe650d528,,18,10,0.81925,57,,,0,5497
969ce34b15deee1a,,11,13,0.989716,19,,,0,5498
96a38b6d2bc6a987,,,,0.769123,,,,0,5499
96b273422b8bb01d,,,,0.872522,,,,0,5500
96bb7a4672296db3,,6,4,0.764405,14,,,0,5501
96bc44c2a0d08c9c,,10,8,0.970919,27,,,0,5502
96bf4aa94e718f84,docs\documents-atlas-index.md#chunk-340,5,6,0.886305,10,,,0,5503
96c2dc8b1b2ca768,,,,0.930248,,,,0,5504
96c3da476021e089,docs\documents-atlas-index.md#chunk-1192,,12,0.842739,,,,0,5505
96c6230a92102e9d,,6,19,0.854812,38,,,0,5506
96c7e436c8b5ed06,docs\documents-atlas-index.md#chunk-133,3,12,0.823922,6,,,0,5507
96cfd04ee69cb899,,19,6,1.099107,170,,,0,5508
96d28900525f0879,,,,0.797122,,,,0,5509
96d5f8e2dd9a5ad3,docs\documents-atlas-index.md#chunk-1131,17,2,1.0217,4,,,0,5510
96d87c568c03a389,,,1,0.6748,,,,0,5511
96df813bcd4df3a1,,,1,1.109509,,,,0,5512
9702e54ad81c3568,docs\documents-atlas-index.md#chunk-169,19,6,0.866501,170,,,0,5513
97087cf868cb2afe,,16,15,0.990189,43,,,0,5514
971436e217da071d,,16,15,0.936201,43,,,0,5515
971854f54c00f51d,,17,12,0.930375,7,,,0,5516
971ab312130fcffb,,19,2,1.026087,48,,,0,5517
971e97e6cd384267,,17,8,0.900228,14,,,0,5518
97231b1479cc1e47,,19,2,0.887161,48,,,0,5519
97233e014b786feb,,11,19,0.947562,37,,,0,5520
9725a344cae3e50d,,7,17,0.957979,13,,,0,5521
972885bfbbb7ef4c,,12,13,1.017852,61,,,0,5522
9733b456bc3a2fe2,,18,3,0.829841,25,,,0,5523
973afe5361c552c3,,17,,1.028802,,,,0,5524
9740d1509fefaaa7,,19,4,1.000171,58,,,0,5525
9752ed20a584be5f,,9,12,0.882059,28,,,0,5526
97531559f8f597b8,docs\documents-atlas-index.md#chunk-659,19,10,0.856426,64,,,0,5527
9757cb74361dab99,,19,5,0.801112,196,,,0,5528
97586a6bd6acf30d,,14,8,0.974809,7,,,0,5529
975ae188a2210951,docs\documents-atlas-index.md#chunk-1293,18,6,0.926789,26,,,0,5530
976a9b32f9933371,,9,4,0.757732,12,,,0,5531
976b3bbfa4472aed,,15,11,1.087424,13,,,0,5532
976b3c180a447142,docs\documents-atlas-index.md#chunk-225,5,,0.853675,,,,0,5533
976d89d0512c19e9,,19,13,0.931836,82,,,0,5534
97846847c0627f1e,,9,14,0.780656,22,,,0,5535
978a1806972de37c,,19,8,0.86311,183,,,0,5536
978ce142d5ae3ea1,,18,,0.850838,,,,0,5537
978e7e6051ef870b,docs\documents-atlas-index.md#chunk-430,13,5,0.963563,5,,,0,5538
979fe1c131657aca,,10,19,0.869972,49,,,0,5539
97a812dc72e13ab6,,14,16,1.035351,13,,,0,5540
97baa81af3ce681f,,10,3,1.030537,5,,,0,5541
97ce74d8d8e488a5,,8,2,1.018175,8,,,0,5542
97d03f4d6c428206,,,,0.734381,,,,0,5543
97d1c9e73c3506a1,,2,18,0.925322,14,,,0,5544
97d7c056710aad87,,,16,0.860531,,,,0,5545
97db3405b50fe836,,4,6,0.949968,11,,,0,5546
97df01d383f45c3d,,9,8,1.010866,17,,,0,5547
97e05397e24a89d2,,,4,0.909742,,,,0,5548
97ff178bc06be328,docs\documents-atlas-index.md#chunk-1180,19,8,1.022655,183,,,0,5549
98067a5acab5166a,docs\documents-atlas-index.md#chunk-70,8,,0.909732,,,,0,5550
9815af28d7b6e086,,14,8,0.966904,7,,,0,5551
981a723bab0344b0,,19,8,0.992321,183,,,0,5552
981cdfc3840acfec,,19,,0.988432,,,,0,5553
982558c82561d11e,,18,13,0.844363,53,,,0,5554
982aec2bd014c41c,,13,7,1.044313,3,,,0,5555
982ba4ab6276afd7,,14,14,0.982441,30,,,0,5556
982d8de89793c97f,,16,11,0.857873,26,,,0,5557
9832903c14515943,,11,17,0.891507,9,,,0,5558
9838b547df4f8e11,,19,4,0.742348,58,,,0,5559
983f9497b9a1e60f,,15,10,0.855914,14,,,0,5560
9843e1c6aafa49e5,,19,5,0.923884,196,,,0,5561
9845e781e035bc29,,8,14,0.822259,18,,,0,5562
98476363b8bdc262,,19,8,0.787247,183,,,0,5563
9854feb90965a824,,8,13,0.925265,8,,,0,5564
985a6b18aeb21111,,9,,0.843228,,,,0,5565
985c16ad410e4b23,,19,3,0.950993,52,,,0,5566
9864d5f136e6df55,,10,13,0.880163,65,,,0,5567
98651ec1242a190a,,15,9,0.952753,23,,,0,5568
9870c12ac6a8c15a,docs\documents-atlas-index.md#chunk-579,10,15,0.967748,33,,,0,5569
988b10b5cf0e2f78,,19,1,0.882966,75,,,0,5570
9897040b7a63d9de,,12,19,0.855654,84,,,0,5571
989cd5fa0cca2a1c,,13,,1.105537,,,,0,5572
989d4f195d29e17d,,15,8,0.928997,16,,,0,5573
989f40ef692b1b9d,docs\documents-atlas-index.md#chunk-1287,15,14,0.995874,18,,,0,5574
98b8bc2a56aeaef6,,9,12,1.091271,28,,,0,5575
98bd4edbfc7ef754,,10,2,1.046411,14,,,0,5576
98c4d8cfa1b480f0,,,6,1.097466,,,,0,5577
98d94d73959be333,,,,0.765184,,,,0,5578
98e15351a9fe1b17,,9,8,0.934483,17,,,0,5579
98ea56d89997d426,docs\documents-atlas-index.md#chunk-983,,13,0.848462,,,,0,5580
98edeef23ac6203d,,10,,1.038631,,,,0,5581
98f059b310dc123d,,16,15,1.078546,43,,,0,5582
98f7bf227c9b5431,docs\documents-atlas-index.md#chunk-741,,,0.837005,,,,0,5583
98fccffcd0ce41d0,docs\documents-atlas-index.md#chunk-735,12,,1.091883,,,,0,5584
9908e8cab8939f72,,8,16,0.905128,15,,,0,5585
99097889653b6a69,,19,7,0.730245,165,,,0,5586
991ac0b6bfcf1f31,,16,,0.889006,,,,0,5587
991bc756865bea4d,docs\documents-atlas-index.md#chunk-1227,19,2,0.917564,48,,,0,5588
99280ddcb1c1774e,,15,11,0.987762,13,,,0,5589
99341292dcd3a29a,,19,9,0.958336,88,,,0,5590
9945ca238eb542d1,,17,3,0.927127,25,,,0,5591
994c089587633aa8,,15,14,0.787088,18,,,0,5592
994f0917dc9759bc,,14,7,0.923838,6,,,0,5593
995b2c6bb3f8e5a5,,16,10,0.936282,101,,,0,5594
995cc5c39f34cb01,,,15,0.927202,,,,0,5595
997afca72945b59e,docs\documents-atlas-index.md#chunk-66,16,10,0.904472,101,,,0,5596
997cf969f4a57e79,,12,4,0.793759,5,,,0,5597
9980100e4688f7c6,,19,11,0.882272,51,,,0,5598
99869a4fcc4f8eb1,,19,4,0.904514,58,,,0,5599
9986c15ddd637b9a,,9,19,0.754819,70,,,0,5600
999d5ab70efa63b3,,16,1,1.007876,7,,,0,5601
99a7aa829d90260f,,3,2,0.842744,5,,,0,5602
99a89c856058abdc,,6,11,0.884326,5,,,0,5603
99ade1b7517e3052,,19,5,1.072548,196,,,0,5604
99c3386bafac6685,,,,0.879389,,,,0,5605
99c6ab84b830f4fe,,4,11,0.914103,5,,,0,5606
99d5c25d70eede16,,8,12,1.055825,14,,,0,5607
99d9123d09943f6d,docs\documents-atlas-index.md#chunk-127,6,19,0.838087,38,,,0,5608
99e4040c5206180a,,,2,0.892541,,,,0,5609
99e84555082a781b,docs\documents-atlas-index.md#chunk-1168,,,0.874285,,,,0,5610
99f5137b2216e3be,,,3,0.970941,,,,0,5611
99f5f845c82aa845,docs\documents-atlas-index.md#chunk-663,,13,0.853516,,,,0,5612
99f616157d72a87a,docs\documents-atlas-index.md#chunk-431,,1,0.756702,,,,0,5613
9a0fa2e492dbf19e,docs\documents-atlas-index.md#chunk-718,19,14,1.022214,76,,,0,5614
9a1670a2ec600f12,docs\documents-atlas-index.md#chunk-596,15,11,0.99237,13,,,0,5615
9a1cfcfbb8c78df2,,14,,1.076571,,,,0,5616
9a226571403e11d4,,18,16,0.881404,49,,,0,5617
9a32c7f390396bd6,,13,16,0.913315,8,,,0,5618
9a3309efae131a0e,,14,19,1.010203,121,,,0,5619
9a36f94aff69efdf,,9,19,0.973507,70,,,0,5620
9a40a565fc682fe0,,9,18,0.933016,27,,,0,5621
9a4728a0d0d54ed1,,17,17,0.982799,51,,,0,5622
9a56f6c64dc8f9a5,,15,16,1.018564,22,,,0,5623
9a5d6155b4b254a1,docs\documents-atlas-index.md#chunk-805,19,15,0.876483,77,,,0,5624
9a6bb41b17881459,docs\documents-atlas-index.md#chunk-816,14,18,0.973634,16,,,0,5625
9a6f6608380bb693,,19,8,0.883827,183,,,0,5626
9a735e8a604701be,,18,16,0.85914,49,,,0,5627
9a827cdde78d34e1,,17,9,1.015407,22,,,0,5628
9a89b4d85e55fca5,,1,19,0.84112,95,,,0,5629
9a8baa66bc343b58,,13,,0.783802,,,,0,5630
9a9eb5462ab11f97,,15,,0.974778,,,,0,5631
9aa10b90c605d517,,1,8,0.75749,11,,,0,5632
9aa136877fde3232,,,,0.926327,,,,0,5633
9ab1ce559b62862f,,,18,0.864589,,,,0,5634
9ab6ea39d5bb2e0f,,10,,0.904878,,,,0,5635
9aceb7174f3d2edc,,1,19,1.02804,95,,,0,5636
9acf17f8aa63f97a,,,15,0.976878,,,,0,5637
9adc6cb0c073a4fc,,17,11,1.051273,76,,,0,5638
9ae69f8ed20455a7,,2,1,0.976387,17,,,0,5639
9aec86c06eafe518,docs\documents-atlas-index.md#chunk-1064,,15,1.104538,,,,0,5640
9b04c25addab8562,,19,5,0.98881,196,,,0,5641
9b078eb5e3770129,,16,9,0.886292,18,,,0,5642
9b172a2575d32c05,,11,12,0.922216,53,0.9900000000000001,,0,5643
9b1c3832942a2610,,19,,0.873413,,,,0,5644
9b247213d70d1449,,19,8,0.885555,183,,,0,5645
9b2617139def27ac,docs\documents-atlas-index.md#chunk-1086,17,17,0.940302,51,,,0,5646
9b26c254d980878f,,9,19,0.823067,70,,,0,5647
9b29910ebf60f241,,17,10,0.954865,30,,,0,5648
9b3904b09796d5ad,,18,16,0.673564,49,,,0,5649
9b459153ac2e5e6d,,19,1,0.935951,75,,,0,5650
9b597ac1a4e26989,,17,11,0.892069,76,,,0,5651
9b6100eb3df53ddd,,14,19,0.915917,121,,,0,5652
9b654bc02a04daaa,,17,13,1.015963,28,,,0,5653
9b65c4fc71bcfd3c,,13,15,1.082733,41,,,0,5654
9b6af1c5003f25f9,,19,,0.998592,,,,0,5655
9b7fd1cb0a0642ad,,15,19,1.025808,54,,,0,5656
9b831ad15ea8ebcf,,18,18,1.006821,45,,,0,5657
9b833678fa33c4f6,,19,10,0.890834,64,,,0,5658
9b847efeebf0f554,,16,10,1.095164,101,,,0,5659
9b8c0536e5d2f6e5,,19,12,0.912837,127,,,0,5660
9b8d96d3655b9655,docs\documents-atlas-index.md#chunk-977,18,12,0.847368,53,,,0,5661
9b94daf340fc709d,,16,15,1.043503,43,,,0,5662
9b9a392dd6514505,,16,10,0.904335,101,,,0,5663
9ba3985a6389fde1,,,16,0.932781,,,,0,5664
9bb1c743ea220afa,,5,19,0.824653,21,,,0,5665
9bbbba116b9a3381,docs\documents-atlas-index.md#chunk-547,10,,0.980327,,,,0,5666
9bbf7391357d5815,,19,,0.986025,,,,0,5667
9bc572f61b59637b,,,19,0.799748,,,,0,5668
9bc77b2541e22633,,3,,0.831369,,,,0,5669
9bd9e69a60766b79,docs\documents-atlas-index.md#chunk-667,3,17,0.765632,7,,,0,5670
9bdcaf3c5231f9b9,,,15,1.098916,,,,0,5671
9be329f7842d79bd,,17,15,0.94821,78,,,0,5672
9be55baa9f8cc58f,,1,,1.05742,,,,0,5673
9be87de639dd7aad,,17,17,1.029356,51,,,0,5674
9c0030eecdb28369,,17,14,1.07422,54,,,0,5675
9c057c330df8fbf4,,14,13,1.061725,13,,,0,5676
9c096a3413cccd3d,,13,11,0.989434,14,,,0,5677
9c0c8a88c323275c,,11,4,0.928241,3,,,0,5678
9c0fef47399075ae,,19,18,0.961264,196,,,0,5679
9c1d9c59628598f9,docs\documents-atlas-index.md#chunk-322,19,15,0.848069,77,,,0,5680
9c42de3fc2bb6ddc,,16,,1.077338,,,,0,5681
9c4ffa304c158273,,15,,0.991753,,,,0,5682
9c5096cbafa1009b,,14,19,1.028218,121,,,0,5683
9c511082d9bb5ba6,,19,1,0.926619,75,,,0,5684
9c6633d98b45ea41,docs\documents-atlas-index.md#chunk-271,17,11,0.913845,76,,,0,5685
9c6a76e5e37efa6e,,16,10,0.963287,101,,,0,5686
9c7303d40981a2e2,,18,14,0.784288,36,,,0,5687
9c7529ff0f95f642,,17,11,0.935339,76,,,0,5688
9c7c678abf5be986,,19,8,0.919786,183,,,0,5689
9c8033889fa88804,,15,13,0.951359,2,,,0,5690
9c894197f91dcf0e,,16,8,0.904301,9,,,0,5691
9c8e6f74df6b159c,,15,,0.87663,,,,0,5692
9c9cbd978cf5af2b,,12,,0.965162,,,,0,5693
9ca0c84779ea3637,,,19,0.977023,,,,0,5694
9ca13272454d8a08,docs\documents-atlas-index.md#chunk-317,,19,0.968451,,,,0,5695
9ca6db8ec479167a,,6,7,0.978428,8,,,0,5696
9cad97b58a17477d,docs\documents-atlas-index.md#chunk-1108,,19,0.88153,,,,0,5697
9cae5a990dffa796,,2,,0.978729,,,,0,5698
9cb49eb3588b103d,docs\documents-atlas-index.md#chunk-108,5,,0.989653,,,,0,5699
9cbdbe091546b8ce,,,17,1.091308,,,,0,5700
9cc8cbc1552a4e36,,1,14,0.951825,15,,,0,5701
9cc9e94759fea193,,,17,0.978633,,,,0,5702
9ccec2afe7cce498,,13,,1.149126,,,,0,5703
9cdb9dbdd0e957b2,docs\documents-atlas-index.md#chunk-1315,10,,1.083143,,,,0,5704
9cdc7cf957f3dde5,,,12,1.069737,,,,0,5705
9cdd974a5c1c746d,,2,,1.009721,,,,0,5706
9cde9427f728c448,,2,7,0.947309,6,,,0,5707
9ce0eb90e190635d,,5,10,0.929365,5,,,0,5708
9ce589c989980acf,,,19,0.8243,,,,0,5709
9cecc43b5f96118f,,2,19,0.998105,29,,,0,5710
9cef5480ee28b0f0,,,3,1.037863,,,,0,5711
9cf15135628f28e7,,,,0.984728,,,,0,5712
9cf28e167bc2ed3c,,3,11,0.979948,7,,,0,5713
9cf9ddb13c149672,,,15,0.887065,,,,0,5714
9cfcba4647120cca,,,19,1.024885,,,,0,5715
9d062e7d684d8716,,19,7,0.889698,165,,,0,5716
9d0b1358c39eb29d,,19,11,0.904375,51,,,0,5717
9d0ba3c0e4080877,,17,10,0.972346,30,,,0,5718
9d0f65dad7a73d3f,,16,17,1.009271,3,,,0,5719
9d10c9dfb186cce2,,13,16,1.048616,8,,,0,5720
9d171cf8f269ac50,docs\documents-atlas-index.md#chunk-221,16,10,0.926804,101,,,0,5721
9d1a6b463ec5bf51,,14,,0.974744,,,,0,5722
9d21120dce3ddafc,,14,19,1.102053,121,,,0,5723
9d228b493ea59a75,,8,,0.935127,,,,0,5724
9d29317802e0c147,docs\documents-atlas-index.md#chunk-1056,18,13,0.824514,53,,,0,5725
9d2cba75d3820c7b,,14,1,0.901878,8,,,0,5726
9d3129b8006d9f72,,17,13,0.968257,28,,,0,5727
9d31eaf2a63672d2,,17,11,1.045761,76,,,0,5728
9d35a540628889cb,,15,18,0.73955,23,,,0,5729
9d62abaae784577b,docs\documents-atlas-index.md#chunk-1241,15,11,1.000718,13,,,0,5730
9d6b64fc6b5dcf9f,,17,14,1.046583,54,,,0,5731
9d6e1e9052068449,docs\documents-atlas-index.md#chunk-573,17,11,0.932669,76,,,0,5732
9d73361b8cee1123,,,,1.034466,,,,0,5733
9d75a338b8316bf9,,9,18,0.819812,27,,,0,5734
9d7d84efa8592e75,,16,11,0.926817,26,,,0,5735
9d7e5941ca22532d,,12,3,0.972614,4,,,0,5736
9d85abdf287192af,,17,16,0.947298,14,,,0,5737
9d87d75fb64e8f48,,19,1,0.902677,75,,,0,5738
9d9693207759a950,docs\documents-atlas-index.md#chunk-1254,19,11,0.73908,51,,,0,5739
9d9afd7b8651dbbf,,12,16,1.047328,30,,,0,5740
9d9eeb10110b8ac3,,19,,0.88856,,,,0,5741
9da63fa4bb8ee00a,,2,9,1.076413,22,,,0,5742
9da7bc54fe111433,,2,10,0.889091,27,,,0,5743
9da7c6a065ea40e5,,,19,1.080165,,,,0,5744
9db33890641ea3ab,,18,16,1.031744,49,,,0,5745
9db5ed06f77e6695,,6,,0.930276,,,,0,5746
9db9134938d45c2a,,,19,0.888295,,,,0,5747
9dbbae81a2bf86ba,docs\documents-atlas-index.md#chunk-405,12,,0.951217,,,,0,5748
9dbc31a55f6dc418,,,15,1.036552,,,,0,5749
9dc7bde47c76cdab,,,18,0.889541,,,,0,5750
9dd51caa275fe00c,,1,1,1.099341,8,,,0,5751
9dd67f5531f3261b,,5,,0.878466,,,,0,5752
9de41120a521f039,docs\documents-atlas-index.md#chunk-155,,8,0.873934,,,,0,5753
9de6fa5aa3603462,,2,7,0.919229,6,,,0,5754
9e01ea4f5ced7bd6,,19,1,1.067206,75,,,0,5755
9e0579699c35e715,,18,10,0.808199,57,,,0,5756
9e0c25ea25747718,,17,14,0.89641,54,,,0,5757
9e1a24fda5b95a7a,,17,16,1.005671,14,,,0,5758
9e3e4e1395cbf701,,17,,1.014776,,,,0,5759
9e3e7b84a201cce9,docs\documents-atlas-index.md#chunk-1052,17,11,0.946002,76,,,0,5760
9e42aca4b479283c,docs\documents-atlas-index.md#chunk-1078,15,9,0.982157,23,,,0,5761
9e4f90227494cc08,,19,12,0.883032,127,,,0,5762
9e50174a68705acb,,14,19,0.779712,121,,,0,5763
9e50b273de86dee9,,6,18,0.974136,7,,,0,5764
9e5433226320b1e9,,18,14,0.837645,36,,,0,5765
9e5513fd6751b154,,18,13,0.923782,53,,,0,5766
9e5bef6cf50a66c8,,19,,0.979811,,,,0,5767
9e66d93f147fc0b9,,19,8,1.009184,183,,,0,5768
9e6d5973c4eaa5ac,,19,15,0.881245,77,,,0,5769
9e7652760ca17e81,,13,15,0.902818,41,,,0,5770
9e84d1e7899e56d1,docs\documents-atlas-index.md#chunk-939,19,4,0.867953,58,,,0,5771
9e9e4f077c5a081b,,15,,0.909033,,,,0,5772
9e9f1ebebc66b91c,,16,10,1.094976,101,,,0,5773
9ea6daf9e40f1603,,,12,1.034247,,,,0,5774
9eaaf0a0a0e38356,docs\documents-atlas-index.md#chunk-774,11,,1.039281,,,,0,5775
9eafb710425e9cec,,19,,1.062471,,,,0,5776
9eb3344d9209da64,,,11,0.818003,,,,0,5777
9ecf20ebc7a64a9f,docs\documents-atlas-index.md#chunk-1032,16,17,1.066859,3,,,0,5778
9ed0c730c022b510,,,13,0.852457,,,,0,5779
9ee362d77ed4370e,docs\documents-atlas-index.md#chunk-1155,,19,0.970993,,,,0,5780
9ee8c2a3ead9d9ca,,,18,1.014898,,,,0,5781
9f03294b20fe6d77,,16,15,0.953661,43,,,0,5782
9f04f44b7b4689e5,docs\documents-atlas-index.md#chunk-728,11,19,0.907338,37,,,0,5783
9f08706390ae7637,,17,14,0.918988,54,,,0,5784
9f0db814cbea889a,,15,,0.871453,,,,0,5785
9f0ec88e4b81b532,docs\documents-atlas-index.md#chunk-978,17,9,1.056989,22,,,0,5786
9f106e066ed24aaa,docs\documents-atlas-index.md#chunk-629,17,19,0.989488,34,,,0,5787
9f1c12e2137ad29b,,19,14,0.875955,76,,,0,5788
9f1de1ec2b71fdb6,,14,19,1.122319,121,,,0,5789
9f35976aa30a5a07,docs\documents-atlas-index.md#chunk-775,19,1,0.908309,75,,,0,5790
9f38e51895d942d8,,15,18,0.869697,23,,,0,5791
9f3bed570950569a,,11,12,0.979398,53,0.9900000000000001,,0,5792
9f54c35bcd79d136,,19,8,1.005795,183,,,0,5793
9f5bbf7065f7e960,,12,,1.018563,,,,0,5794
9f5f03149044bafc,,19,17,0.910168,49,,,0,5795
9f62eefac01de424,,19,7,1.069864,165,,,0,5796
9f633d0382dfdaf1,docs\documents-atlas-index.md#chunk-453,19,1,1.069073,75,,,0,5797
9f6681e6903e6062,,18,13,0.893048,53,,,0,5798
9f6c6f088ce0cac3,docs\documents-atlas-index.md#chunk-211,14,,1.031801,,,,0,5799
9f7327c93795d379,,18,13,0.749018,53,,,0,5800
9f742d23293ee2e5,,18,11,0.949012,40,,,0,5801
9f760f87ae6e71ac,,15,5,0.987032,14,,,0,5802
9f7c4d1d805ca7e0,,18,11,1.03864,40,,,0,5803
9f7f525ef9c48914,,15,10,0.953099,14,,,0,5804
9f83157f280c7092,,17,14,0.90211,54,,,0,5805
9f85eb699117646c,,5,18,0.870417,6,,,0,5806
9f937752b1ff1f10,,19,1,0.936902,75,,,0,5807
9f93859e6981d03d,,17,15,0.877651,78,,,0,5808
9f950b533295ed87,docs\documents-atlas-index.md#chunk-170,12,11,0.910624,13,,,0,5809
9f9b3f4d0d6e6dff,,19,,1.043905,,,,0,5810
9fa7557dc2f5230d,docs\documents-atlas-index.md#chunk-682,5,,1.012092,,,,0,5811
9fbab751897c67bc,,,19,1.031575,,,,0,5812
9fbced7c740394e6,,4,,1.087467,,,,0,5813
9fbe1af23f7bab05,,,12,1.063871,,,,0,5814
9fbedf9bcd449750,,10,,0.980864,,,,0,5815
9fcad376fc7530ef,,,19,1.062088,,,,0,5816
9fd675a98545e12f,,,19,0.796149,,,,0,5817
9fe43b6e2b5f9fc2,,1,,1.042563,,,,0,5818
9ffaa41319f7230f,,,19,0.958448,,,,0,5819
a002243379d40ad8,,17,19,0.88637,34,,,0,5820
a005cf328563dd78,,10,13,0.926635,65,,,0,5821
a006216e99c230ad,,16,19,0.875003,43,,,0,5822
a0081ebd24b5afdf,,17,19,1.035459,34,,,0,5823
a00beffe55624d23,,10,13,1.140011,65,,,0,5824
a010eb305b351eaf,,10,18,0.998125,28,,,0,5825
a01ee38380ff1320,,19,6,1.039345,170,,,0,5826
a023b89b97f3c8c7,,12,16,0.967293,30,,,0,5827
a03bee4a4cd0e87d,,11,13,1.197636,19,,,0,5828
a04852af2583ae51,,13,14,0.906443,20,,,0,5829
a04a12c30b034ac4,,16,19,1.022346,43,,,0,5830
a04acf796cf54725,,10,,1.05859,,,,0,5831
a050bfa3c04f9a8c,,18,4,1.086767,17,,,0,5832
a0576537ae82f09c,,19,10,1.018013,64,,,0,5833
a05baab474162dec,docs\documents-atlas-index.md#chunk-103,12,17,1.06171,15,,,0,5834
a05ef5cd02bdbb27,docs\documents-atlas-index.md#chunk-686,12,13,1.118919,61,,,0,5835
a067cf97f23bd8b6,,19,6,1.017297,170,,,0,5836
a06869a8e275a0e5,,19,12,0.870933,127,,,0,5837
a074d7e71e60ceb5,,10,17,1.00498,23,,,0,5838
a075ea81e24e121a,,19,5,1.044538,196,,,0,5839
a07b411cfd110593,,19,8,1.087178,183,,,0,5840
a0819edda07faa9f,,13,10,1.10589,19,,,0,5841
a09494c113323a40,docs\documents-atlas-index.md#chunk-272,11,14,0.923764,30,,,0,5842
a097b44d8ac9ecb9,,12,19,0.996305,84,,,0,5843
a0b2cba9aa83f177,,,10,0.95818,,,,0,5844
a0b7ef8d7803bc87,,1,13,0.955965,20,,,0,5845
a0c3874d07af1943,docs\documents-atlas-index.md#chunk-358,,,1.0067,,,,0,5846
a0c436ea6ffff232,,,,1.175045,,,,0,5847
a0c64e0aac175d19,,3,6,0.909533,4,,,0,5848
a0c87ba9f459be17,,2,10,0.859622,27,,,0,5849
a0cac0c8b0890892,,,15,1.062925,,,,0,5850
a0cd67a7c647eeb4,,1,11,1.085967,7,,,0,5851
a0d38f940b45a945,,,1,0.888727,,,,0,5852
a0ec6ebdb6427ccf,,8,8,1.139448,3,,,0,5853
a0f6a5afb981fea0,,,13,1.021918,,,,0,5854
a1061d2d7b8c060d,,19,5,1.06991,196,,,0,5855
a10a57c63cc90014,,19,14,1.053204,76,,,0,5856
a122f9c7dfd9a05b,,11,15,1.140052,26,,,0,5857
a127fd6bd3b197fe,,13,19,1.084378,52,,,0,5858
a128f9c4a56031c0,,12,16,1.049366,30,,,0,5859
a129dff7dd11dbd7,,9,12,1.110585,28,,,0,5860
a1309e11e9d563c9,,13,11,1.073853,14,,,0,5861
a131c5d9c9d4c091,,13,13,1.059084,35,,,0,5862
a1370fe7661dd240,docs\documents-atlas-index.md#chunk-607,19,9,1.023487,88,,,0,5863
a13de182838c78b4,,19,6,1.007954,170,,,0,5864
a13e39d42218833c,,19,16,0.982731,49,,,0,5865
a141dfe508b7a371,,11,12,1.054101,53,0.9900000000000001,,0,5866
a1436ab307fb2fd6,,15,14,1.057488,18,,,0,5867
a15aed7a790cfa4c,,10,13,1.124709,65,,,0,5868
a15c6c02ead77c05,docs\documents-atlas-index.md#chunk-1133,10,1,0.937971,5,,,0,5869
a16aaa6e4cf188d8,,15,19,1.138508,54,,,0,5870
a177ef412f147f4c,,9,16,0.990739,5,,,0,5871
a180644e140a96ee,,16,19,0.94333,43,,,0,5872
a18746cc7e9ca87b,docs\documents-atlas-index.md#chunk-1289,19,13,1.039983,82,,,0,5873
a187cda37f5158cc,,10,18,1.029663,28,,,0,5874
a18ff0a1122bf1e4,,19,13,1.124292,82,,,0,5875
a1a16a72ff191b2a,,5,7,0.911609,6,,,0,5876
a1ac65a06607c761,,,15,0.920333,,,,0,5877
a1c23b48a86fb5da,,4,7,1.134228,3,,,0,5878
a1c835e5a8fb690a,,10,8,1.125338,27,,,0,5879
a1c95720538278e1,docs\documents-atlas-index.md#chunk-563,17,18,0.997143,20,,,0,5880
a1ce177c5361b91b,,3,5,1.116443,7,,,0,5881
a1d83541c5e2f4a5,,,6,1.084102,,,,0,5882
a1d9130721eaac6f,,11,13,1.067576,19,,,0,5883
a1dd83d0816dd4ae,,19,15,1.072927,77,,,0,5884
a1f7bc95aa4a4fc2,,4,9,1.084289,4,,,0,5885
a2025078efba1fa9,,19,4,1.02594,58,,,0,5886
a2026caf44366f79,,12,13,0.995292,61,,,0,5887
a206406de4f0728b,,14,19,1.004766,121,,,0,5888
a220f202b0f556cc,,12,19,1.006845,84,,,0,5889
a221be91e44593d3,,19,7,1.07263,165,,,0,5890
a22228f9bd9296fc,,16,19,0.951362,43,,,0,5891
a22d962310a809b4,,19,18,0.938426,196,,,0,5892
a22e9ba07b209510,docs\documents-atlas-index.md#chunk-209,16,10,1.008228,101,,,0,5893
a23ad13a430500ae,,15,19,0.988205,54,,,0,5894
a2492a253f4d266d,,19,5,0.973085,196,,,0,5895
a24e5b8321978c64,,11,11,0.938367,14,,,0,5896
a2539db3f4d03ab0,docs\documents-atlas-index.md#chunk-1236,11,12,1.064352,53,0.9900000000000001,,0,5897
a25908f305301068,,19,14,0.981868,76,,,0,5898
a25bf41fb8e11f1d,,12,19,1.085303,84,,,0,5899
a265ef8f1ad0f775,,10,13,1.105718,65,,,0,5900
a2673016b0a9c930,,19,11,0.980805,51,,,0,5901
a28c0b1d21fa8518,,6,,1.099734,,,,0,5902
a28d234812fbe05d,,19,14,0.984174,76,,,0,5903
a28e5989c3e43d31,,11,10,1.008308,14,,,0,5904
a28e823b4a5cc541,,19,7,1.005114,165,,,0,5905
a2971a104d882258,,,,0.979928,,,,0,5906
a29ee3d8162bf1a0,,19,7,1.090142,165,,,0,5907
a2a3d5d467e0398f,,2,19,1.009723,29,,,0,5908
a2a67f01aba2867d,,5,,0.962086,,,,0,5909
a2a9da45d1ea830a,,10,7,1.097848,12,,,0,5910
a2ab369fe58616f0,,3,3,1.121846,9,,,0,5911
a2acd6762b478b34,,1,19,0.908543,95,,,0,5912
a2b45ee14afb0ca5,,8,,1.21994,,,,0,5913
a2bb9ae386f89955,,6,,1.032775,,,,0,5914
a2beb1caf9443f30,,,13,1.098533,,,,0,5915
a2c44e3e6fc0e404,,,,1.013524,,,,0,5916
a2c74c2c46f82170,,3,,0.942446,,,,0,5917
a2cb38d8f663b1f3,,19,12,1.01854,127,,,0,5918
a2cf62babf642cca,,14,19,1.085611,121,,,0,5919
a2d2c2b9dd9ec40b,,1,16,1.08162,15,,,0,5920
a2d4b088272feb60,,,16,0.939011,,,,0,5921
a2d67e841fccdbb8,,1,,1.07578,,,,0,5922
a2db8d133d4c9009,docs\CODEBASE_DIRECTORY_MAP.md#chunk-27,2,,1.014858,,,,0,5923
a2e377a4a9a51b36,,4,11,0.972951,5,,,0,5924
a2eb67986e70cc9d,,1,19,0.937171,95,,,0,5925
a2ec8325bdf372a8,,6,,1.135886,,,,0,5926
a2ede72dd1f1ea3c,,9,12,1.13425,28,,,0,5927
a2ee82b5f5ed621d,,10,8,1.170281,27,,,0,5928
a2f46dc89ec90ab1,,2,8,1.156314,8,,,0,5929
a30cda6113887086,docs\documents-atlas-index.md#chunk-191,18,6,1.006816,26,,,0,5930
a314eb9b35900bbc,,11,19,0.92428,37,,,0,5931
a3168e97cf7c7f9f,,14,4,0.978785,3,,,0,5932
a3230ab421d97262,,17,13,1.033915,28,,,0,5933
a326c77bda7603cc,docs\documents-atlas-index.md#chunk-854,12,19,0.88403,84,,,0,5934
a32a80da7f7273c3,docs\documents-atlas-index.md#chunk-912,16,19,0.963989,43,,,0,5935
a338bfb3fff7b25f,,11,12,1.090797,53,0.9900000000000001,,0,5936
a3427bb5ceb6f85e,,15,11,1.105702,13,,,0,5937
a3478d1365cbd607,,19,7,0.950471,165,,,0,5938
a34fc0e1523596ea,,19,17,0.931231,49,,,0,5939
a362d15dc9ee8afe,,12,19,0.996101,84,,,0,5940
a36b2a36f200102f,,9,5,1.04968,6,,,0,5941
a37e61947a2c3bd4,,19,1,1.046164,75,,,0,5942
a38acf93a9495cc6,,16,,0.920666,,,,0,5943
a395eed762f21cb4,docs\documents-atlas-index.md#chunk-1207,11,14,1.051784,30,,,0,5944
a398106fb3983d6c,,12,19,0.865857,84,,,0,5945
a39b4ff4ffdce9fd,,13,,1.170681,,,,0,5946
a39d01d3d669e29f,docs\documents-atlas-index.md#chunk-1173,19,13,1.000194,82,,,0,5947
a3a2a4e80aaac77f,,,19,1.020233,,,,0,5948
a3a2c6c9adf3229f,,2,18,1.091152,14,,,0,5949
a3a51224ae0f348a,,,,1.055707,,,,0,5950
a3c48ad335714bf1,,5,12,1.113189,4,,,0,5951
a3ca86c3e1c2fca9,,13,12,1.146324,22,,,0,5952
a3ccb0e8afeac4d6,,13,,1.235946,,,,0,5953
a3cd1c1a71dd7cdb,docs\documents-atlas-index.md#chunk-1029,7,,1.142497,,,,0,5954
a3efc945a8b75867,,8,2,1.01214,8,,,0,5955
a3f3b34942366797,,1,18,0.897221,30,,,0,5956
a3f45ae0f6d69be4,,9,9,1.121521,3,,,0,5957
a3fa4210d6857ef9,docs\documents-atlas-index.md#chunk-429,8,8,1.045289,3,,,0,5958
a3fbff3df036d5f5,,4,8,1.183867,5,,,0,5959
a3fe737db572df27,,3,9,0.987336,17,,,0,5960
a4023241d315dada,,12,19,1.003706,84,,,0,5961
a4043580ebf73fc7,,14,19,0.992654,121,,,0,5962
a408aa0d1a96447c,,10,18,1.001363,28,,,0,5963
a40b0b56108ed085,,18,8,1.026143,18,,,0,5964
a40f41b74595be9c,,19,14,0.946827,76,,,0,5965
a41179f833168a59,,12,14,0.902792,60,,,0,5966
a41196b32f608903,,13,14,1.017893,20,,,0,5967
a41a256ab7bdb767,,19,9,0.941783,88,,,0,5968
a42503cc7d7a1852,,19,7,1.007831,165,,,0,5969
a4288b46319b9712,,19,7,0.873784,165,,,0,5970
a42d473dc5442407,,15,10,1.036937,14,,,0,5971
a4327aaba93b54ca,,19,16,1.032148,49,,,0,5972
a45147f5fb880878,,19,9,0.98572,88,,,0,5973
a454465e2d09240c,,12,19,0.94556,84,,,0,5974
a46336c36e41568d,,14,17,0.905212,7,,,0,5975
a4692d2bd8b47b88,,11,10,0.978411,14,,,0,5976
a46cd3f6578f7846,docs\documents-atlas-index.md#chunk-976,19,6,0.967805,170,,,0,5977
a46cdfbe37d06038,,12,13,1.167624,61,,,0,5978
a46fc0b684bdaed9,,19,14,1.114015,76,,,0,5979
a47b98a48676707c,,19,17,0.777797,49,,,0,5980
a47c578041f1a5c8,,19,14,0.909858,76,,,0,5981
a49b943097cbce49,,13,12,1.015234,22,,,0,5982
a4ad88823a6da565,,,1,1.030856,,,,0,5983
a4ae895e3efd0a29,,5,,1.122715,,,,0,5984
a4b3c75796e35517,,9,13,0.933918,11,,,0,5985
a4c8aeef28e10a61,,8,12,1.048961,14,,,0,5986
a4cb5ee2b1d2c09a,,9,8,1.112141,17,,,0,5987
a4ccca39f254196d,,8,6,1.001362,3,,,0,5988
a4dd8cc90f934b80,,3,9,0.978781,17,,,0,5989
a4e35bea4c324223,,,,1.043049,,,,0,5990
a4e4c73ded0be7d2,,1,13,1.21584,20,,,0,5991
a4f169acc63c17cd,,15,18,1.10269,23,,,0,5992
a4f50467a923f5f9,,,8,0.996483,,,,0,5993
a4f63b56ab0f6c77,,3,7,0.983751,10,,,0,5994
a4f8351f8e946385,,,,0.937333,,,,0,5995
a4f8d31681286132,,1,18,0.89164,30,,,0,5996
a4fadd9f684a2ef4,,19,,1.186093,,,,0,5997
a4feafb21b253bbc,docs\documents-atlas-index.md#chunk-920,2,19,1.126679,29,,,0,5998
a506a69131f76100,,12,14,1.015929,60,,,0,5999
a5084c8a553fefa9,docs\documents-atlas-index.md#chunk-341,19,12,1.035361,127,,,0,6000
a50fdb142702c654,docs\documents-atlas-index.md#chunk-24,11,12,1.091452,53,0.9900000000000001,,0,6001
a514106e24d9e667,,19,14,0.948096,76,,,0,6002
a51e2baa32c746b7,,19,18,1.004916,196,,,0,6003
a52ac74ebd616238,,19,6,1.049054,170,,,0,6004
a52c150e072521dc,docs\documents-atlas-index.md#chunk-381,19,19,0.889228,235,,,0,6005
a52cca42837ea915,,19,6,0.96417,170,,,0,6006
a5339a1b42d353ab,,17,19,0.959132,34,,,0,6007
a53c1a8bdb0ec55a,docs\documents-atlas-index.md#chunk-359,19,8,1.093787,183,,,0,6008
a5437757e22ecd5a,,19,8,1.018948,183,,,0,6009
a54465c939ef1c72,,13,14,0.997191,20,,,0,6010
a55682e4494baab9,,19,14,0.955136,76,,,0,6011
a55a49010f32c042,,19,9,1.039311,88,,,0,6012
a56333bfef042227,,19,10,1.014753,64,,,0,6013
a570426edf44dc00,docs\documents-atlas-index.md#chunk-311,11,13,1.073493,19,,,0,6014
a5739f59552a8744,,19,7,0.869166,165,,,0,6015
a5742e9aa5c799cf,,17,19,0.976234,34,,,0,6016
a57471c73c1c2a12,docs\documents-atlas-index.md#chunk-276,19,6,1.105259,170,,,0,6017
a57de411ca86c98e,,19,6,1.035824,170,,,0,6018
a584c0e7123874e1,,15,18,0.945592,23,,,0,6019
a593598c7fdbdcd3,docs\documents-atlas-index.md#chunk-830,14,19,1.064536,121,,,0,6020
a59368e27efbcda1,docs\documents-atlas-index.md#chunk-382,14,13,1.065844,13,,,0,6021
a5940afea4e06e40,,11,12,1.074547,53,0.9900000000000001,,0,6022
a59d5ba3b05caa20,,14,7,1.017047,6,,,0,6023
a5aae7dcf54dec83,,,13,1.069045,,,,0,6024
a5ac5e5a68d5c778,,4,,1.020679,,,,0,6025
a5b6d187f952f28f,docs\documents-atlas-index.md#chunk-703,3,17,0.919633,7,,,0,6026
a5cd2be8fece452e,docs\documents-atlas-index.md#chunk-104,10,,1.072548,,,,0,6027
a5d25e90ff8839dc,,3,5,0.982675,7,,,0,6028
a5d72d6c6b00290c,,3,1,0.979662,14,,,0,6029
a5df6e5785f6d4ea,,19,18,1.105309,196,,,0,6030
a5e173c8034340e3,,17,17,1.042163,51,,,0,6031
a5e1bde73cfe5331,docs\documents-atlas-index.md#chunk-855,6,,1.161218,,,,0,6032
a5e68144581177bd,docs\documents-atlas-index.md#chunk-795,3,19,0.916796,24,,,0,6033
a5edd5dd73e3af52,,,16,1.124924,,,,0,6034
a5ee4e1070da230f,docs\documents-atlas-index.md#chunk-476,6,,1.098638,,,,0,6035
a5f004e0bed040f2,,17,18,1.227963,20,,,0,6036
a5f44f15f7daf9fc,,10,8,1.13945,27,,,0,6037
a5f59195bb686c64,,2,10,0.860663,27,,,0,6038
a5fdb19fab930b64,,4,15,1.058069,2,,,0,6039
a6006c6bd0c70604,,13,11,1.044455,14,,,0,6040
a6077246f0ddae5f,,12,13,1.026161,61,,,0,6041
a6143b06528b952d,,19,7,0.994142,165,,,0,6042
a6194843124d009a,,18,16,0.928004,49,,,0,6043
a621918f96d2fc0c,,14,19,0.914783,121,,,0,6044
a62ad4c310654057,,15,14,1.029468,18,,,0,6045
a62c3fd6a335c1aa,,19,12,1.019451,127,,,0,6046
a631fb94bfc45dd4,,12,,1.099367,,,,0,6047
a632614dee351b41,,11,16,1.044957,16,,,0,6048
a63765739e1943a5,,17,19,0.896591,34,,,0,6049
a6385281b2065e43,,11,12,0.949277,53,0.9900000000000001,,0,6050
a639ae0f9c5a6e26,docs\documents-atlas-index.md#chunk-785,19,5,0.983072,196,,,0,6051
a6497bea65d804a0,,19,16,0.944669,49,,,0,6052
a64d899e13ec0353,,19,15,1.100441,77,,,0,6053
a64da1677bd56a92,,11,15,0.963786,26,,,0,6054
a653a50223b18e50,,10,15,0.896759,33,,,0,6055
a659b957ff8119c2,,11,18,0.953152,30,,,0,6056
a65dca5531141110,,18,6,1.1059,26,,,0,6057
a664cb7aa043211d,,10,14,1.045086,36,,,0,6058
a6698fc343becd86,,13,12,1.008019,22,,,0,6059
a670ad05868fe3d2,,19,7,1.024866,165,,,0,6060
a6736cf7c3130eba,,11,14,1.066833,30,,,0,6061
a688b462768790f2,,12,16,0.898157,30,,,0,6062
a68c642d36b619ac,,17,19,0.840363,34,,,0,6063
a69931e3153f2347,,19,13,0.964177,82,,,0,6064
a699ae58d90866f9,,11,12,0.959457,53,0.9900000000000001,,0,6065
a69b07e1ac1a47c5,,19,7,0.963617,165,,,0,6066
a69b0fea88788396,,19,13,0.958847,82,,,0,6067
a6a4e32e57bb70bd,,13,19,1.057717,52,,,0,6068
a6b41e7bbca32cd8,,5,,1.101941,,,,0,6069
a6b43498201326dd,,16,19,0.90237,43,,,0,6070
a6bb7e98f17f2af3,,9,4,1.004805,12,,,0,6071
a6c243b172653d7e,,3,19,0.956209,24,,,0,6072
a6c553be15170b68,,6,14,1.038266,11,,,0,6073
a6c64f6c5488f7c8,,,3,1.032263,,,,0,6074
a6d9ebc5474031e8,,,15,1.091099,,,,0,6075
a6e4e36d8a27bf3c,,3,18,0.869327,14,,,0,6076
a6e600a10fede40f,,,19,1.217184,,,,0,6077
a6f1681405bf24b2,,,,1.086703,,,,0,6078
a6ffe6e00d2949d0,,,19,1.162602,,,,0,6079
a705025d0bcfc7f7,,19,13,1.099248,82,,,0,6080
a707a2653ea91997,,11,18,0.945344,30,,,0,6081
a7081afac907e8c6,,19,12,0.969254,127,,,0,6082
a70b83741d071e6f,,12,19,0.97434,84,,,0,6083
a712dd6712ecf5da,,12,14,1.131346,60,,,0,6084
a714e4e7110d5c82,docs\documents-atlas-index.md#chunk-975,11,15,1.04954,26,,,0,6085
a720c96d9bdfe7af,,14,19,1.094699,121,,,0,6086
a723762fa7918f01,,10,14,0.956343,36,,,0,6087
a72b1dbb031beb22,,18,11,1.14287,40,,,0,6088
a72b682c1421aef3,docs\documents-atlas-index.md#chunk-760,19,19,1.036122,235,,,0,6089
a73320ab38509b83,,13,15,0.925789,41,,,0,6090
a73a54f330eb2d1a,,19,18,1.10993,196,,,0,6091
a73c96d7e276fb17,,18,11,0.930484,40,,,0,6092
a73d7699e417e61e,,19,11,0.941665,51,,,0,6093
a7472f13eb6037d9,,14,9,1.04795,11,,,0,6094
a74860141667ce48,docs\documents-atlas-index.md#chunk-162,12,14,0.886589,60,,,0,6095
a7498653b44e2b8e,docs\documents-atlas-index.md#chunk-1130,11,14,0.885954,30,,,0,6096
a74cac88642bfe16,,19,,0.986286,,,,0,6097
a74e9ec969397255,docs\documents-atlas-index.md#chunk-489,17,11,0.965488,76,,,0,6098
a7563098c3a91528,,13,13,0.911053,35,,,0,6099
a76ca46230dc4fba,,15,19,1.007996,54,,,0,6100
a76cb66d0ff0561d,,13,19,1.034566,52,,,0,6101
a774473cbaec0263,,19,6,1.002221,170,,,0,6102
a77ea03043022355,docs\documents-atlas-index.md#chunk-585,10,15,1.004209,33,,,0,6103
a77f43def55397aa,docs\documents-atlas-index.md#chunk-471,19,17,0.953449,49,,,0,6104
a781ecfea4ae2457,docs\documents-atlas-index.md#chunk-1058,19,5,1.1002,196,,,0,6105
a784b54b96f8093c,,12,18,0.935202,17,,,0,6106
a78745c23a1b1c94,,19,6,1.025886,170,,,0,6107
a787585da715fb82,,11,13,0.949523,19,,,0,6108
a78adde2196d39c7,,19,,1.019844,,,,0,6109
a7902adb27d728bb,,17,19,0.947757,34,,,0,6110
a7936dfb90f17460,,13,13,1.091605,35,,,0,6111
a7a80b70862c4889,docs\documents-atlas-index.md#chunk-427,2,,0.917853,,,,0,6112
a7ad32bcae757061,docs\documents-atlas-index.md#chunk-637,,6,1.083876,,,,0,6113
a7ba630935eb26bc,,19,18,1.001957,196,,,0,6114
a7bb45a9e73a05ec,,19,15,1.075037,77,,,0,6115
a7bdc19480c6160b,,,19,1.063233,,,,0,6116
a7c3a52157453efb,,6,19,0.799618,38,,,0,6117
a7c58e3776b0a1b0,,,,1.048434,,,,0,6118
a7df9b96170f4e93,,7,4,1.001774,7,,,0,6119
a7e4e60050d42afd,,8,18,1.025135,19,,,0,6120
a7eb78bffd32e1c9,,19,11,1.145865,51,,,0,6121
a7fe976e46296897,,3,1,0.978304,14,,,0,6122
a800429010e290c2,,19,17,0.935635,49,,,0,6123
a802f5dfee957b82,,10,17,1.012263,23,,,0,6124
a8030b9bc139d22a,,16,11,0.977353,26,,,0,6125
a829e470b893761d,docs\documents-atlas-index.md#chunk-611,9,18,0.920475,27,,,0,6126
a82e3044d6baf959,,19,8,0.960544,183,,,0,6127
a83e6d6184efa856,,18,8,0.99265,18,,,0,6128
a845e97f6d147a7e,,10,19,0.775832,49,,,0,6129
a8511f86dffdca75,docs\documents-atlas-index.md#chunk-896,15,5,1.044362,14,,,0,6130
a8545555af7c8353,,19,6,0.849254,170,,,0,6131
a85b07f6767b79e8,docs\documents-atlas-index.md#chunk-1272,19,15,0.860125,77,,,0,6132
a85e3195457b62a1,,19,15,0.905926,77,,,0,6133
a86698cb177fc825,,19,11,0.962176,51,,,0,6134
a86ac012f4c1477b,,11,15,0.998134,26,,,0,6135
a86ca3ba9c41bc50,,9,15,1.042983,19,,,0,6136
a87240125d2bacf0,,19,8,1.09167,183,,,0,6137
a8755188d7f6b324,,19,12,0.91186,127,,,0,6138
a87a445b21233c8d,,13,19,0.896931,52,,,0,6139
a880c77103adcbc0,,12,14,1.09767,60,,,0,6140
a88354f7aef61c65,,12,13,1.037247,61,,,0,6141
a885fd6ea32b2f0e,docs\documents-atlas-index.md#chunk-220,10,13,1.104981,65,,,0,6142
a889532751373a19,,12,14,0.85268,60,,,0,6143
a892396b5b0ad032,,19,8,0.985966,183,,,0,6144
a892fe4f4e98ee58,,8,14,0.986408,18,,,0,6145
a895bb7132e62a67,,10,13,0.886469,65,,,0,6146
a89812f98df7e6ef,,17,19,0.967924,34,,,0,6147
a89f65433e3f7a52,,19,3,0.919429,52,,,0,6148
a8a288b742b3e6cb,,18,18,0.973161,45,,,0,6149
a8a52cd594c00b2a,,9,11,0.977282,3,,,0,6150
a8b49a03ea81f010,,1,8,0.832458,11,,,0,6151
a8b7f307122d8ac5,,6,19,1.005253,38,,,0,6152
a8c03c2b6f24189a,,1,,0.956847,,,,0,6153
a8c2af47557a765b,,8,13,1.014823,8,,,0,6154
a8c429a4cc326f28,,2,10,0.920447,27,,,0,6155
a8c8b3d27f2c6b53,,,16,1.002948,,,,0,6156
a8d7745cfcad0a98,,5,,1.066084,,,,0,6157
a8e00a03ad194a9d,docs\documents-atlas-index.md#chunk-764,4,7,0.962297,3,,,0,6158
a8e1271a90023038,,,3,0.914648,,,,0,6159
a8e38b92ae7de647,,1,9,0.990688,15,,,0,6160
a8eb9b83de994b25,,8,3,0.882698,7,,,0,6161
a8f24e6bce807a58,docs\documents-atlas-index.md#chunk-755,3,7,0.934696,10,,,0,6162
a8f4416ea2d29b34,,8,12,1.072508,14,,,0,6163
a8f68f7acb70f0b0,,,6,1.049492,,,,0,6164
a8ffdb60797f67d1,,18,,1.058315,,,,0,6165
a90598da4245678b,,16,18,0.864421,13,,,0,6166
a90780b61592ff5e,,13,15,0.925194,41,,,0,6167
a91281f1d7214c22,,12,13,1.006924,61,,,0,6168
a91c448fe8901627,,19,10,1.002093,64,,,0,6169
a91f64180359a71f,,19,14,0.92084,76,,,0,6170
a9218fa3f612e973,docs\documents-atlas-index.md#chunk-1148,18,10,0.961977,57,,,0,6171
a9241ccf3995cd80,,12,13,1.005653,61,,,0,6172
a92472757ee60ab4,,14,19,0.878895,121,,,0,6173
a94c5fb97fe7101e,,19,18,1.050432,196,,,0,6174
a955c55434e68deb,,12,19,0.828661,84,,,0,6175
a955f0a286a44714,,12,14,0.967997,60,,,0,6176
a95650222b209736,docs\DEVELOPER_STRATEGY_GUIDE.md#chunk-1,12,15,0.939772,22,,,0,6177
a957e4510842508c,,9,19,0.827276,70,,,0,6178
a95a3bd9ab718727,,16,9,0.974969,18,,,0,6179
a9703b291d1f4f35,,19,5,1.011306,196,,,0,6180
a971b3e23b44ada9,,10,17,0.981306,23,,,0,6181
a97bde93d0f06a45,,12,,0.972446,,,,0,6182
a9bce8e10f070ef5,,1,19,1.101431,95,,,0,6183
a9c5a08054a10116,,3,18,0.904953,14,,,0,6184
a9ce502bc336d02e,,4,6,1.106154,11,,,0,6185
a9d8f02c05602b6f,,6,19,0.775396,38,,,0,6186
a9daad01544102cb,,2,19,1.115584,29,,,0,6187
a9df00f37a8f77a3,,19,15,1.200048,77,,,0,6188
a9e1a21e87d8a364,,1,17,1.079437,24,,,0,6189
a9e1bd85c0b2e518,,2,10,0.953646,27,,,0,6190
a9e2d533aa6998c8,,3,19,0.98683,24,,,0,6191
a9ec4631eaf78a2f,,8,3,0.986647,7,,,0,6192
a9ed2e6390db30c7,,6,,1.13732,,,,0,6193
a9f921427c8feb1a,,1,18,1.043414,30,,,0,6194
aa091a1ef43636d7,,19,18,1.007644,196,,,0,6195
aa0e6494e428b868,,19,12,0.929728,127,,,0,6196
aa13bfd6c539ae87,,10,12,1.020327,28,,,0,6197
aa13fc861c1c5afd,,12,18,1.117284,17,,,0,6198
aa2875d9734882f6,,19,16,0.787994,49,,,0,6199
aa2a7cf5e3c302b0,docs\documents-atlas-index.md#chunk-419,19,16,1.033678,49,,,0,6200
aa350cc89cca7cec,,19,19,1.00667,235,,,0,6201
aa428e6f8d15d1fe,,19,19,1.041626,235,,,0,6202
aa4b8e02a3b20224,docs\documents-atlas-index.md#chunk-178,11,,0.996362,,,,0,6203
aa4ca2069b7f0a25,,19,,0.936137,,,,0,6204
aa4f831cc178f935,,19,12,0.997991,127,,,0,6205
aa55084cdf2451df,,19,19,0.991709,235,,,0,6206
aa626efd41694aef,,19,19,0.912384,235,,,0,6207
aa6ca2f5bff7b718,,16,10,1.189,101,,,0,6208
aa6fc6f316acb163,,19,14,1.06893,76,,,0,6209
aa70b68b197609ca,,14,19,0.795734,121,,,0,6210
aa7e6709e7a9fbf8,,19,18,0.969017,196,,,0,6211
aa8b0be080c13b0a,,19,18,0.994067,196,,,0,6212
aa9142755840914d,,19,19,0.85995,235,,,0,6213
aa997eca7ac56ae0,,18,19,1.059507,56,,,0,6214
aa9ab7ab92a5026b,,18,19,0.929428,56,,,0,6215
aaa1e8648d526436,,1,18,0.841588,30,,,0,6216
aaa83d404e9ef387,,1,,1.007235,,,,0,6217
aaa8e68e355301d6,,3,19,1.047132,24,,,0,6218
aaa91f3ce22a06d2,,2,1,1.168101,17,,,0,6219
aaace42f50483571,,,19,1.056533,,,,0,6220
aab33b0b6fd79a58,,3,,1.009782,,,,0,6221
aac16997cdcf03e8,docs\documents-atlas-index.md#chunk-118,19,18,1.136166,196,,,0,6222
aad6bdb540ee48a7,,17,17,1.147406,51,,,0,6223
aad7ba877dc7fb9d,,,18,0.949738,,,,0,6224
aadadeaf65fd5fd6,,13,,1.230962,,,,0,6225
aae6dee109446235,,,15,0.992586,,,,0,6226
aaea455b794b0930,,2,,1.087652,,,,0,6227
aaef953062118550,,,19,1.006926,,,,0,6228
aaef962711011c07,,,19,0.97263,,,,0,6229
aaf83d8ce15d4398,,2,1,1.049921,17,,,0,6230
aaffa2c2385e80f8,,,19,1.168499,,,,0,6231
ab0a266979cd8d9d,,19,19,0.848951,235,,,0,6232
ab192f6c8d2b6d47,,19,1,1.081971,75,,,0,6233
ab1d02fd6a175d93,docs\documents-atlas-index.md#chunk-1185,19,19,1.027972,235,,,0,6234
ab1e2222d3e514b5,,19,18,0.901575,196,,,0,6235
ab228e8a69a8f150,,18,13,1.089758,53,,,0,6236
ab293b15a74b716b,docs\documents-atlas-index.md#chunk-593,19,8,1.003396,183,,,0,6237
ab2d373a4018c2ca,,19,19,0.889279,235,,,0,6238
ab382c60403d9afe,docs\documents-atlas-index.md#chunk-115,19,19,0.972897,235,,,0,6239
ab38ac788187fb8c,,10,13,0.890661,65,,,0,6240
ab3b1036d98e6e91,,19,1,0.934755,75,,,0,6241
ab3d91bfcdfde078,,19,13,1.144416,82,,,0,6242
ab4170d63658700f,,18,16,0.84674,49,,,0,6243
ab4982c0c983bc28,,19,12,0.966625,127,,,0,6244
ab50ab47db6aaa21,,18,4,1.02809,17,,,0,6245
ab5705b6bbbb5490,,18,12,1.067134,53,,,0,6246
ab6845af75f42a13,docs\documents-atlas-index.md#chunk-1068,17,19,0.94072,34,,,0,6247
ab6c22b2a2b5124b,,19,18,0.862251,196,,,0,6248
ab6d3b296702cf47,,13,11,1.045861,14,,,0,6249
ab74b4759a60fb74,,1,19,0.860583,95,,,0,6250
ab796ea9800769e8,,19,16,0.8727,49,,,0,6251
ab8bc9f4af8b8333,,17,3,1.024964,25,,,0,6252
ab8dff2ea013bcee,docs\documents-atlas-index.md#chunk-137,19,18,1.208059,196,,,0,6253
ab972a4d3581731b,,19,19,0.955049,235,,,0,6254
ab9c82ee85f67fc1,,18,19,0.900491,56,,,0,6255
abb1c47dbe19a630,,1,16,1.032104,15,,,0,6256
abb8a2369e6ac977,,1,18,0.952329,30,,,0,6257
abbc4969fa821b47,,3,8,1.016204,5,,,0,6258
abc3db7d3b1b725a,,1,18,1.098575,30,,,0,6259
abc516c29661af12,,,12,0.955789,,,,0,6260
abcb0d5365683709,,5,1,0.988776,15,,,0,6261
abce271e5e5aa0bd,,19,19,1.141655,235,,,0,6262
abcede37dfc38ad4,docs\documents-atlas-index.md#chunk-142,12,,1.040396,,,,0,6263
abd594aae10d4f0a,,,19,1.201212,,,,0,6264
abd7df94acf095ce,,10,,1.145711,,,,0,6265
abe248bd119526de,,18,18,0.92916,45,,,0,6266
abe36a2fe4b85c4b,docs\documents-atlas-index.md#chunk-679,5,9,1.036568,2,,,0,6267
abe4f46acc9eb5bf,,1,19,1.176896,95,,,0,6268
abe55d67af03b92a,,2,10,0.971394,27,,,0,6269
abe8e6d68b1ef2fd,docs\documents-atlas-index.md#chunk-492,,19,1.053408,,,,0,6270
abe928c6838d21fd,,18,17,0.96454,20,,,0,6271
abe92ec17c97c41f,,,18,1.011375,,,,0,6272
abea9121f72066c0,,19,18,1.057792,196,,,0,6273
abf5f235f22efa39,,1,14,1.050921,15,,,0,6274
ac161d70b1254758,,17,11,0.921835,76,,,0,6275
ac1ae00b4b9ddd91,,19,1,1.132425,75,,,0,6276
ac22062a37b1fef7,,19,19,0.902216,235,,,0,6277
ac31ab0e8cc3eb27,,10,13,1.099211,65,,,0,6278
ac3d33d95e6376d7,,19,19,0.864565,235,,,0,6279
ac3e85b7f5dc0e7c,,19,18,1.039279,196,,,0,6280
ac4085b1058fde0c,,16,15,1.00818,43,,,0,6281
ac41ff64fa1187f9,,10,16,1.135353,18,,,0,6282
ac49295dd7d9c423,,19,12,1.010046,127,,,0,6283
ac49da131473ef72,docs\documents-atlas-index.md#chunk-905,10,13,1.043023,65,,,0,6284
ac5d942e8f110b06,,19,19,1.093651,235,,,0,6285
ac5f00e8dc5cf62e,,19,13,1.073777,82,,,0,6286
ac68ea82f2ce6eb1,docs\documents-atlas-index.md#chunk-820,17,,1.034011,,,,0,6287
ac6b888ac5ab1fc5,,19,18,1.048981,196,,,0,6288
ac8231e0ace5ae1b,docs\CODEBASE_INDEXING_PIPELINE.md#chunk-5,18,19,1.089475,56,,,0,6289
ac83718fb898c45c,docs\mcp_tool_update_notice.md#chunk-1,19,15,0.894419,77,,,0,6290
ac84eb04c308a1f2,,19,11,1.090712,51,,,0,6291
ac8aa920b4d1fa37,,11,12,1.067348,53,0.9900000000000001,,0,6292
ac94156b6d122611,,14,18,1.025177,16,,,0,6293
ac94774506950c17,,19,19,0.893526,235,,,0,6294
ac9c39e1eebc67cc,docs\documents-atlas-index.md#chunk-323,19,18,0.995511,196,,,0,6295
ac9c3e0a91b1fbd4,,19,19,1.058529,235,,,0,6296
acb0fb77408c3f3c,,,18,1.017492,,,,0,6297
acb2f092a48300f2,,3,19,1.103739,24,,,0,6298
acbeaeb64bd92461,,12,,1.119182,,,,0,6299
acc14d728092f76c,,2,11,1.031472,10,,,0,6300
acc2ee55bdcb459a,,10,,1.094471,,,,0,6301
acc3c3f5395e3678,,,19,1.008577,,,,0,6302
acc9276f75021667,,,,1.008479,,,,0,6303
acc944ae2ca7ecb4,,17,19,1.097244,34,,,0,6304
acd1bc152aebb9f5,,1,,1.187444,,,,0,6305
acd1f0b70cb9a591,,,19,0.999654,,,,0,6306
acdefa9252614bc0,,,19,1.094579,,,,0,6307
acdfc137f3207537,docs\documents-atlas-index.md#chunk-185,,17,1.011008,,,,0,6308
ace4364eb644daa0,,2,10,1.089857,27,,,0,6309
ace7b85d6e9bca50,,,16,1.007653,,,,0,6310
acea946f0cdeaaee,,19,19,1.126065,235,,,0,6311
acee10c3d9658a8b,docs\documents-atlas-index.md#chunk-1065,,19,1.092986,,,,0,6312
acfa1149664097d1,,19,18,0.962752,196,,,0,6313
ad07860ea2037dc6,,14,19,0.930905,121,,,0,6314
ad0cf9cf790f21ff,,18,18,1.025274,45,,,0,6315
ad152cec61699246,,18,13,0.996824,53,,,0,6316
ad167fe45c6a8021,,19,7,1.065971,165,,,0,6317
ad19b5aa6e2a55ce,,14,19,1.022196,121,,,0,6318
ad22734746003a4a,,19,19,0.878508,235,,,0,6319
ad26cd36a3091513,,11,12,1.023426,53,0.9900000000000001,,0,6320
ad2fbbdabc33d98d,,16,10,1.190271,101,,,0,6321
ad314927ce9766f0,,19,19,0.972918,235,,,0,6322
ad3c9a076d8cfd71,,19,1,0.993253,75,,,0,6323
ad3d515840b27bb8,,19,19,0.809181,235,,,0,6324
ad43d632e945a91e,,3,19,0.913781,24,,,0,6325
ad481ad0f69d6ec0,,19,,1.056419,,,,0,6326
ad4d955c66235731,,19,15,0.926377,77,,,0,6327
ad50daeda9fd596f,,17,15,1.176039,78,,,0,6328
ad51984d37e0e661,,19,15,0.995815,77,,,0,6329
ad53bbd6ec7c0d7e,,15,,1.049552,,,,0,6330
ad611ce80d021f84,,14,13,1.070747,13,,,0,6331
ad6aa23817c62575,,18,19,0.969356,56,,,0,6332
ad7100f55324e381,docs\documents-atlas-index.md#chunk-949,18,14,0.932551,36,,,0,6333
ad75d7634401383c,,4,19,0.890947,25,,,0,6334
ad8307184d496f4d,,19,19,0.938107,235,,,0,6335
ad836ef667ec83dd,,18,17,0.891021,20,,,0,6336
ad83c6b9733e71b6,,18,16,0.967169,49,,,0,6337
ad84804fa00efb68,,19,8,1.06301,183,,,0,6338
ad85770502db4a76,,18,19,0.88166,56,,,0,6339
ad9cfa567351a3e2,,19,18,1.058813,196,,,0,6340
ad9dc1fd47a5c0fc,,18,19,0.941754,56,,,0,6341
ada5065dd132fafa,,14,19,1.0162,121,,,0,6342
ada8f9c634b80ce1,,,19,1.05841,,,,0,6343
adab29a13099aa20,,,15,0.990466,,,,0,6344
adb7d8a0a283a0f0,,,15,1.050836,,,,0,6345
adbfebeb1c85a5a2,docs\documents-atlas-index.md#chunk-160,,15,1.236786,,,,0,6346
adc1ed2694d4a2bc,,19,18,1.07705,196,,,0,6347
add3d0dc98d8f61a,,,19,1.064051,,,,0,6348
add960db2ba4027e,,16,19,0.999619,43,,,0,6349
adda52be069e8cfe,docs\documents-atlas-index.md#chunk-64,18,18,1.046672,45,,,0,6350
addcfab014913b20,,,15,1.066711,,,,0,6351
ade884e3408b9ca1,,17,17,1.025087,51,,,0,6352
adfe399b7ba93d6e,,16,19,1.05169,43,,,0,6353
ae00c6e6fcc23fc8,,14,19,1.018805,121,,,0,6354
ae0491988e33bd87,,1,19,0.9195,95,,,0,6355
ae05c816af82b6df,,19,19,1.004454,235,,,0,6356
ae0f770dcb02a8ee,,19,19,0.968807,235,,,0,6357
ae11a204c6d1669a,,13,19,0.968107,52,,,0,6358
ae168e590fce612f,,19,19,1.066284,235,,,0,6359
ae17b594858af12e,,19,14,1.023042,76,,,0,6360
ae17d96b3db0a516,,13,15,1.079849,41,,,0,6361
ae1a94732ccc161c,,19,19,0.97808,235,,,0,6362
ae23a2d0d225f253,,18,12,1.016915,53,,,0,6363
ae41f4401c1bc06f,,1,19,1.000614,95,,,0,6364
ae55baf9115d6a5f,,11,14,1.127246,30,,,0,6365
ae62ba1e4eb57220,,12,14,1.146743,60,,,0,6366
ae6b71c7283e3dda,,19,19,0.846687,235,,,0,6367
ae6c175254a0a96a,,19,19,0.832006,235,,,0,6368
ae702450742056a9,,19,19,0.870167,235,,,0,6369
ae72edb04be7d95f,,,18,1.110808,,,,0,6370
ae73f9b7a95dcf3a,,,18,1.046332,,,,0,6371
ae74e9cdccac1030,,19,5,1.152815,196,,,0,6372
ae76c016e2ae0763,,19,6,1.079715,170,,,0,6373
ae8606ec41af13d1,,18,16,0.94522,49,,,0,6374
ae877611d0bb08f4,,19,18,0.988277,196,,,0,6375
ae8996c2b19cf36b,,19,14,0.997401,76,,,0,6376
aea023ec914f57ca,docs\documents-atlas-index.md#chunk-1128,17,17,1.041686,51,,,0,6377
aeb2c99e53ed5345,,,19,1.167995,,,,0,6378
aeb3b56367b1ff85,,1,17,0.914658,24,,,0,6379
aeb966583ed1130d,docs\documents-atlas-index.md#chunk-76,19,19,0.962023,235,,,0,6380
aec6ec96cd0c0ef9,,15,,1.134212,,,,0,6381
aedb72680ead4b57,,17,,1.167871,,,,0,6382
aee17820320ebb92,,,16,1.063586,,,,0,6383
aee979609c873b34,,,19,0.902286,,,,0,6384
aeea2200a14be3e4,,19,15,1.113834,77,,,0,6385
aefb82dc34cd0c24,,17,17,1.181136,51,,,0,6386
af2d2c5a2c7a19b0,,19,18,1.144664,196,,,0,6387
af2e431a46242839,,19,19,0.91328,235,,,0,6388
af36123857592d1f,,19,19,0.874948,235,,,0,6389
af38bb4e438d255d,docs\documents-atlas-index.md#chunk-968,15,19,1.073541,54,,,0,6390
af3ab27a0316139e,,19,19,0.960358,235,,,0,6391
af3cba8edd5a1964,docs\documents-atlas-index.md#chunk-543,15,,1.055848,,,,0,6392
af4265767136873b,,19,19,0.831997,235,,,0,6393
af4a02970851a11a,,19,17,0.865003,49,,,0,6394
af4a08fb18f51ba2,,19,19,0.955039,235,,,0,6395
af4b4e26416d0953,docs\documents-atlas-index.md#chunk-34,19,,1.006075,,,,0,6396
af53b1d37647e0a1,,19,16,0.928294,49,,,0,6397
af5508fe26432baa,,19,19,0.798074,235,,,0,6398
af59a1eef2a689ae,,15,19,0.931361,54,,,0,6399
af5ed7746ad75948,,18,19,1.010921,56,,,0,6400
af64cfa3a2bc9d05,docs\documents-atlas-index.md#chunk-669,15,,1.055118,,,,0,6401
af663e835c963c98,docs\documents-atlas-index.md#chunk-1265,19,19,1.028822,235,,,0,6402
af6b85948ad082d0,,19,19,0.855974,235,,,0,6403
af85fe76d83a5b46,,19,,0.887271,,,,0,6404
af8c280aa28641b7,,19,18,0.865098,196,,,0,6405
af96f916d07b9cb2,,19,1,1.027376,75,,,0,6406
af992e34b06da3f3,,19,12,1.087854,127,,,0,6407
afa23ff1a963817d,,3,10,1.056676,6,,,0,6408
afa61da218fad449,,17,13,1.120688,28,,,0,6409
afb2f75f31a2e709,,1,17,1.119467,24,,,0,6410
afbaaa715d324acf,,1,19,1.094825,95,,,0,6411
afbb8b79af9082ca,docs\documents-atlas-index.md#chunk-395,9,1,1.06506,14,,,0,6412
afbc128b03b6d902,,19,18,1.143457,196,,,0,6413
afc12d357e560a2f,,,18,1.034454,,,,0,6414
afc37c1606379056,,1,,0.944468,,,,0,6415
afc418a1d43a4d6f,,,18,1.087518,,,,0,6416
afc6dbb6e4485a8c,,3,14,0.975702,1,,,0,6417
afc7eef9622b047f,,,19,1.039856,,,,0,6418
afc9932fb0cb6318,docs\documents-atlas-index.md#chunk-598,3,,1.131498,,,,0,6419
afca310840b708c4,,19,18,1.020543,196,,,0,6420
afd29848b0b5ee7a,,3,12,1.022746,6,,,0,6421
afd40081245d5f80,,,19,1.113365,,,,0,6422
afd4b7177ef7cdb7,,1,19,1.02565,95,,,0,6423
afd530a2debd14b2,,18,17,1.196099,20,,,0,6424
afd66424e5b5d898,,3,11,1.030889,7,,,0,6425
afdb8b4778e97d79,docs\documents-atlas-index.md#chunk-548,7,,0.991259,,,,0,6426
afe1a9f67db7d083,,,16,1.017425,,,,0,6427
aff20d5a03dec7be,,18,18,1.15625,45,,,0,6428
aff3227a7737b788,,,19,0.95617,,,,0,6429
aff63d271edaeed6,,1,,1.182134,,,,0,6430
b0157b0000e8f34f,,12,13,1.091305,61,,,0,6431
b01feb02471c43b3,,19,3,1.029074,52,,,0,6432
b02634c5ded4ac86,,13,12,1.075902,22,,,0,6433
b035a15632d2a87d,,11,15,0.92667,26,,,0,6434
b03cea9619102da3,,10,14,1.05,36,,,0,6435
b03e35fdcc91d358,,18,11,1.061167,40,,,0,6436
b0519ba4459c53e0,docs\documents-atlas-index.md#chunk-1134,19,13,1.069959,82,,,0,6437
b0588705290ef637,,19,8,0.927255,183,,,0,6438
b0604fa5f457cab1,docs\documents-atlas-index.md#chunk-772,18,10,1.054128,57,,,0,6439
b067c624fc4596d0,,10,18,1.000129,28,,,0,6440
b069166bdbd4683d,,13,19,0.960725,52,,,0,6441
b069e08c13cb03d8,,15,19,1.109801,54,,,0,6442
b073f56e440862ea,docs\documents-atlas-index.md#chunk-7,10,19,0.857549,49,,,0,6443
b080644d06d5cde0,docs\documents-atlas-index.md#chunk-83,14,19,1.021128,121,,,0,6444
b082c40433480b5a,,9,19,0.809765,70,,,0,6445
b085437aedfc5ea7,docs\documents-atlas-index.md#chunk-331,14,19,1.130593,121,,,0,6446
b089ca58eb58e85c,,9,12,1.005368,28,,,0,6447
b090e52428d424de,,12,19,0.893585,84,,,0,6448
b09cefd84db33b7b,,12,,1.062586,,,,0,6449
b0a4691da9652f3e,docs\documents-atlas-index.md#chunk-867,8,14,0.95008,18,,,0,6450
b0a9bd1bf398147f,,6,5,1.053784,10,,,0,6451
b0ac9ba317c5e72d,,10,11,1.12658,28,,,0,6452
b0ad7d172be76d7f,,7,,1.035178,,,,0,6453
b0b3f081c7f116c0,,10,15,1.108821,33,,,0,6454
b0b4d2e85b61eee9,,1,19,0.934627,95,,,0,6455
b0bed546fc040ecb,,7,19,1.098293,15,,,0,6456
b0c2ba9a5a09f364,,1,13,0.988718,20,,,0,6457
b0d8ade8724eb965,,,12,1.004795,,,,0,6458
b0df4646fb9af3b1,,19,7,1.183694,165,,,0,6459
b0e1d1e6b2e44024,docs\documents-atlas-index.md#chunk-684,6,14,1.121822,11,,,0,6460
b0f1eeb8e65f1460,,1,9,1.105599,15,,,0,6461
b0f233d25a33ebae,,1,19,1.02193,95,,,0,6462
b0f2c62b1587c28a,,3,18,0.957306,14,,,0,6463
b0f5fab86ba0a0b4,,,12,1.101131,,,,0,6464
b0f9450710672ff6,,9,15,0.988358,19,,,0,6465
b0ffb4884a8bbe54,,1,19,1.030079,95,,,0,6466
b10ae5c5a3c8ca57,,11,13,1.070305,19,,,0,6467
b10c383ecf3acb15,docs\documents-atlas-index.md#chunk-860,19,6,1.024393,170,,,0,6468
b11ad1924d3db574,docs\documents-atlas-index.md#chunk-849,19,6,0.98316,170,,,0,6469
b124105d9d435540,,12,18,0.982634,17,,,0,6470
b125116ae05b40a6,,19,8,0.991603,183,,,0,6471
b13a609946406fb6,,19,19,0.917362,235,,,0,6472
b13ea6f690ecd249,,19,7,1.074735,165,,,0,6473
b16af34181836c37,,10,14,0.950883,36,,,0,6474
b1841e12e6c5ecc5,,11,12,1.072147,53,0.9900000000000001,,0,6475
b185ccba3b8cda22,,19,5,1.084177,196,,,0,6476
b187b8992bbbf941,,19,6,1.013468,170,,,0,6477
b19110b9fe742f38,,12,15,1.023686,22,,,0,6478
b196229a604907b8,,16,19,0.842711,43,,,0,6479
b1964ed3bc3f8feb,,15,5,1.078617,14,,,0,6480
b1979c682087c1ca,,19,17,0.973988,49,,,0,6481
b198bb02a70329c2,docs\documents-atlas-index.md#chunk-1079,10,12,0.978254,28,,,0,6482
b19af08c420b8107,,19,6,1.072851,170,,,0,6483
b1a4e584b65ee2eb,,3,19,1.172919,24,,,0,6484
b1a5bcba6c485b51,,1,13,1.037344,20,,,0,6485
b1a6075cc978f723,,,7,0.923778,,,,0,6486
b1b06bdb03298c79,docs\documents-atlas-index.md#chunk-218,,9,0.988844,,,,0,6487
b1b7676004d76bc5,,12,14,1.017344,60,,,0,6488
b1bb9cb3b0892a86,,7,7,0.954499,7,,,0,6489
b1c69277f4f7051d,,9,9,1.027112,3,,,0,6490
b1c7b00ea4c4e692,,5,13,1.07832,5,,,0,6491
b1cce0007353e79c,,1,19,0.974729,95,,,0,6492
b1d6c96be455be2c,,5,14,0.953891,5,,,0,6493
b1dde26ea428764a,,6,17,1.081801,5,,,0,6494
b1e7a7d297886168,,1,16,0.909572,15,,,0,6495
b1efaa27b25083de,docs\documents-atlas-index.md#chunk-1222,8,6,1.101665,3,,,0,6496
b1f2e3159b204393,,1,18,0.953328,30,,,0,6497
b1f30878ab4b3fae,,9,8,1.068402,17,,,0,6498
b1f43e07ef7f4ec2,,3,6,1.127474,4,,,0,6499
b1f6d031cae45e9b,,7,17,1.012415,13,,,0,6500
b201adaa0182bbb7,,11,14,1.049522,30,,,0,6501
b20a16fecaa5ddf1,,19,12,1.097838,127,,,0,6502
b20c0b1516c98aa9,,19,18,1.015193,196,,,0,6503
b20c646bc151b722,,19,10,0.9917,64,,,0,6504
b20ff2e23ff58f82,,12,15,1.170705,22,,,0,6505
b220c3f40c454d2c,,8,19,0.84105,21,,,0,6506
b223acc3788c82f7,,19,5,1.020657,196,,,0,6507
b24c08ad7b31a891,,19,12,1.022806,127,,,0,6508
b24e55672279e115,,19,12,0.963165,127,,,0,6509
b24e6b3c5f145072,docs\documents-atlas-index.md#chunk-874,4,,1.142501,,,,0,6510
b24e7727d69263b6,,19,18,0.968771,196,,,0,6511
b24f929f362916eb,docs\documents-atlas-index.md#chunk-17,16,19,0.867936,43,,,0,6512
b251efa15266b07d,,10,13,1.127757,65,,,0,6513
b25241991d8d4e68,,19,6,0.982502,170,,,0,6514
b25d156e8f86ff50,,12,13,1.076376,61,,,0,6515
b260306d5b85bacb,,13,19,0.894998,52,,,0,6516
b27417b147983d4c,,13,16,0.916168,8,,,0,6517
b28501d4f0a4443c,,18,16,0.9707,49,,,0,6518
b29627131ebcc38e,,13,14,1.04686,20,,,0,6519
b2a72b0418dee622,,1,,1.010389,,,,0,6520
b2ae2a4819f4eda8,,10,11,1.099498,28,,,0,6521
b2b13f7c10841635,,,,1.005689,,,,0,6522
b2b6050b8293bf09,,,11,0.937001,,,,0,6523
b2bbd681e7da8495,docs\documents-atlas-index.md#chunk-1049,10,,1.075899,,,,0,6524
b2c042234a5fccb9,docs\documents-atlas-index.md#chunk-782,1,19,1.090869,95,,,0,6525
b2c1670e5631d9ee,,13,19,1.024164,52,,,0,6526
b2cc5d9c222e6cd0,,4,,1.157164,,,,0,6527
b2e37d9edfa1641f,,5,,1.039313,,,,0,6528
b2e4fbd894fc7cd1,,10,12,1.126264,28,,,0,6529
b2eaead4027004ff,,2,19,1.179658,29,,,0,6530
b2ee7065c39a7a21,,9,8,1.032172,17,,,0,6531
b2f9dd956e3eb03d,,1,18,1.035393,30,,,0,6532
b2fa3ee3871f551e,,8,5,1.167085,11,,,0,6533
b2fb292699fe0e77,docs\documents-atlas-index.md#chunk-124,6,,1.141211,,,,0,6534
b30423f5920886c3,,19,14,0.843494,76,,,0,6535
b306396798668305,,13,13,0.870723,35,,,0,6536
b30901a5c1ae762a,,19,14,1.01465,76,,,0,6537
b32008b1a8a66dd4,,14,14,0.947488,30,,,0,6538
b323091cbb91d86d,,14,19,1.071727,121,,,0,6539
b32a89aa28a36fa4,,17,19,0.906377,34,,,0,6540
b32ea81a7c683963,,11,16,1.027173,16,,,0,6541
b3317f99a6ea1b9c,docs\documents-atlas-index.md#chunk-557,11,8,0.980873,7,,,0,6542
b332cc058354d04e,,10,13,0.97684,65,,,0,6543
b3418ab9d07ac495,docs\documents-atlas-index.md#chunk-1234,19,8,0.952804,183,,,0,6544
b351e376c54a2af9,,19,4,1.00751,58,,,0,6545
b3536fe0d80ad976,,19,8,1.000302,183,,,0,6546
b35873802bed0c22,docs\documents-atlas-index.md#chunk-847,12,14,1.033343,60,,,0,6547
b359ef0e30baf163,,19,7,1.106598,165,,,0,6548
b36c08baba8ccd4a,,19,9,1.079694,88,,,0,6549
b37619aeb862eab3,,19,12,1.010356,127,,,0,6550
b37f5b9fe3cf82e6,,19,7,1.088614,165,,,0,6551
b380dda9c85f7988,,19,5,0.931072,196,,,0,6552
b3888ee9d17f83b1,,19,7,1.003491,165,,,0,6553
b38dee727489f2a5,docs\documents-atlas-index.md#chunk-143,19,7,1.058179,165,,,0,6554
b390df540806fd18,,9,13,0.987178,11,,,0,6555
b3a3cd2e3f7ec07c,,,,1.176774,,,,0,6556
b3a49926458c68d2,,,,0.991941,,,,0,6557
b3a52d485f835238,,,,0.875441,,,,0,6558
b3b1f51bbdd3e047,,1,13,1.120246,20,,,0,6559
b3b7a4f1aded02d7,,19,5,1.19309,196,,,0,6560
b3c3f65f43bddafd,,13,19,1.097626,52,,,0,6561
b3ca94fd7a5fa305,docs\documents-atlas-index.md#chunk-181,,13,1.135681,,,,0,6562
b3d92aa15e243131,,,5,0.959635,,,,0,6563
b3dd192131008f11,,4,6,1.052192,11,,,0,6564
b3dd98bdece7a775,,,10,1.08401,,,,0,6565
b3de95419da8fa9d,,1,19,1.108617,95,,,0,6566
b3f05c18fd2203db,,3,5,1.033417,7,,,0,6567
b403a9c4683d9fa9,,11,16,0.904659,16,,,0,6568
b4078b4a3c29e778,,19,9,0.998523,88,,,0,6569
b4094858eaf055c8,,17,19,0.955735,34,,,0,6570
b4095b9eef25a34d,docs\documents-atlas-index.md#chunk-803,16,10,1.115956,101,,,0,6571
b4103081752449e9,,17,19,0.829608,34,,,0,6572
b421458bfbd5e5f9,,14,19,1.058493,121,,,0,6573
b4233f8a4a9ebda1,,19,7,1.058046,165,,,0,6574
b42cdd1e39e359a5,,12,14,1.109184,60,,,0,6575
b42eac09a234e255,,18,7,1.078401,19,,,0,6576
b433c7bda72f3a42,docs\documents-atlas-index.md#chunk-693,19,5,1.027278,196,,,0,6577
b43a81efb2d31bf1,,15,19,1.056713,54,,,0,6578
b43bc30bfc4c4b51,,19,4,1.002421,58,,,0,6579
b43bd5031be68afd,,13,19,0.983427,52,,,0,6580
b446d1b248a0dbd6,,12,16,0.991971,30,,,0,6581
b4484a52218cfa8f,,12,12,1.018123,14,,,0,6582
b45ba7976b467270,,19,6,0.982142,170,,,0,6583
b47aa13d0580d691,,12,14,1.088892,60,,,0,6584
b4846699e4b554d4,,15,18,0.930411,23,,,0,6585
b48631fffd620a06,,12,17,1.090854,15,,,0,6586
b486c6998bc6e5e1,,12,15,1.053864,22,,,0,6587
b4883cb6d204c010,,18,10,1.046467,57,,,0,6588
b48ba029b871c87f,,10,15,1.022275,33,,,0,6589
b494b734c6f61d27,,10,13,0.911853,65,,,0,6590
b49c1f39a380f7b9,,19,12,1.003454,127,,,0,6591
b49db10e54645a56,,10,16,0.977325,18,,,0,6592
b4aa77c9cd5eccac,,11,8,1.182338,7,,,0,6593
b4af0416171958f0,,19,17,1.018986,49,,,0,6594
b4b06d228b5f7d39,,1,,0.92719,,,,0,6595
b4b95ce12d8edded,,,15,1.167606,,,,0,6596
b4bb9c97b3c7b12e,,7,5,1.028115,11,,,0,6597
b4c3bb6e7b34dcb3,,1,13,1.06854,20,,,0,6598
b4c4b194cd33d321,,1,15,0.951977,9,,,0,6599
b4c5400ae7b5da09,,2,9,1.010561,22,,,0,6600
b4d0f1051bf80a51,,4,18,1.039365,6,,,0,6601
b4d2351fb0675ff9,docs\documents-atlas-index.md#chunk-270,13,19,1.059614,52,,,0,6602
b4d62fcf66d74e57,,10,12,1.124509,28,,,0,6603
b4db1d9b2feaef8b,docs\documents-atlas-index.md#chunk-973,7,,1.153599,,,,0,6604
b4db6852e38641f1,docs\documents-atlas-index.md#chunk-646,4,5,1.091151,7,,,0,6605
b4ddd85645ff551b,,10,11,1.17918,28,,,0,6606
b4e35a94d8cc9b92,,9,8,0.933576,17,,,0,6607
b4e40283764e8819,docs\CODEBASE_DIRECTORY_MAP.md#chunk-22,,,0.954015,,,,0,6608
b4e5a955ad68d221,docs\documents-atlas-index.md#chunk-258,1,13,0.872108,20,,,0,6609
b4f9cec7180ba340,,,15,1.075674,,,,0,6610
b4fff0c6bfc07d77,docs\documents-atlas-index.md#chunk-433,,14,1.11849,,,,0,6611
b50620ac232bb4d3,docs\documents-atlas-index.md#chunk-514,19,13,0.988466,82,,,0,6612
b508b68f97503cab,,12,19,0.734224,84,,,0,6613
b50cc8cb4d636d5a,,12,19,0.976206,84,,,0,6614
b5174ada188b2f53,,13,12,1.039375,22,,,0,6615
b51fc1e1939781bc,,19,17,0.916755,49,,,0,6616
b52316421df4bea9,,17,19,0.983794,34,,,0,6617
b524856964bd3807,,19,7,0.949993,165,,,0,6618
b525fd3ecea032e7,,12,18,1.225346,17,,,0,6619
b52806bedcda696f,,14,16,1.104341,13,,,0,6620
b52aed207e86e9ec,,11,15,1.127315,26,,,0,6621
b52e3e0b5b42fdb3,,14,12,1.177417,21,,,0,6622
b5361a7aba085723,,4,1,1.011973,11,,,0,6623
b536bf578e3c9e81,,19,4,0.922372,58,,,0,6624
b53c55c6ab1fd0ad,,19,13,1.053309,82,,,0,6625
b5429d1bf65e92e0,,19,7,1.045385,165,,,0,6626
b542f75c190713a3,docs\documents-atlas-index.md#chunk-255,11,19,0.932446,37,,,0,6627
b5519e0fbbfc068e,,8,,1.144004,,,,0,6628
b553f33435492f8b,,9,19,0.729854,70,,,0,6629
b558ab7c4a435751,,9,15,1.039037,19,,,0,6630
b558ee9e6c17e270,,10,13,1.039366,65,,,0,6631
b55d7967b0c66ec6,,19,18,0.953185,196,,,0,6632
b55f428f9ed60f27,docs\documents-atlas-index.md#chunk-692,14,19,1.06896,121,,,0,6633
b563d871dbf3aba5,docs\documents-atlas-index.md#chunk-1214,10,15,1.022966,33,,,0,6634
b56cced80d1a06ed,,17,3,1.138703,25,,,0,6635
b57ace5d31c8c203,,11,12,1.108594,53,0.9900000000000001,,0,6636
b5861426381c3e12,,19,6,0.991995,170,,,0,6637
b5931fd43b97acd9,,14,13,1.075644,13,,,0,6638
b5982d79186634e5,,19,18,0.923548,196,,,0,6639
b59d81595754d824,,19,12,0.910466,127,,,0,6640
b59e62807e4c6032,,19,6,0.991193,170,,,0,6641
b5add5620834ae52,,1,15,0.915488,9,,,0,6642
b5ae096c97b6eff6,,17,19,1.045726,34,,,0,6643
b5aff9300a58b4a7,docs\documents-atlas-index.md#chunk-229,1,19,1.062925,95,,,0,6644
b5dd09462523e628,,,15,0.961825,,,,0,6645
b5e55470e53e800f,,9,8,1.063767,17,,,0,6646
b5f9fdb40166c084,,,13,0.993621,,,,0,6647
b5fd7222963e57e5,,19,15,1.120446,77,,,0,6648
b6101a84a4a4e4ad,,19,12,1.011318,127,,,0,6649
b61bdd802cb37f08,,13,,1.047783,,,,0,6650
b61d1d7b908456b9,,19,18,0.97581,196,,,0,6651
b61da9465872e981,,12,13,0.935242,61,,,0,6652
b61e44969d85e8f4,,19,13,0.950418,82,,,0,6653
b61f2c129df7c11d,,13,11,1.11469,14,,,0,6654
b62a52edcfb15208,,16,12,1.136873,12,,,0,6655
b62e13bfb613ae8b,,19,13,1.085801,82,,,0,6656
b62f68f700582d74,,15,14,1.006304,18,,,0,6657
b639508e231ea342,,19,8,0.97012,183,,,0,6658
b63b861da2c4db5b,,12,13,1.024795,61,,,0,6659
b641505ab699e3cb,,14,19,0.970574,121,,,0,6660
b6482ba3d653159d,,15,11,0.993331,13,,,0,6661
b6488e69632d33a1,,19,7,0.991159,165,,,0,6662
b648961762ca7882,,19,7,0.951261,165,,,0,6663
b64d71d45057a46c,,19,14,0.914492,76,,,0,6664
b65304eef7984dc9,,14,19,0.988946,121,,,0,6665
b662136e376a0324,,19,7,1.065761,165,,,0,6666
b6673c841175e985,,19,12,0.90855,127,,,0,6667
b669839fa89c356c,,14,18,0.947734,16,,,0,6668
b66bbf263a88244a,docs\documents-atlas-index.md#chunk-29,10,16,1.026918,18,,,0,6669
b66c194a25147dc7,,15,19,0.924475,54,,,0,6670
b66f5f0d0890c78d,,19,14,1.059676,76,,,0,6671
b670cc327a4f69be,docs\documents-atlas-index.md#chunk-1268,19,5,1.092382,196,,,0,6672
b684ba64870f7f02,,19,4,0.903908,58,,,0,6673
b68be63ddb8e048c,,19,5,1.104349,196,,,0,6674
b68ea1274d28be2e,,1,19,0.990644,95,,,0,6675
b694556e4b91c9de,docs\documents-atlas-index.md#chunk-251,14,19,0.823289,121,,,0,6676
b69ad71c70fe6fe6,docs\documents-atlas-index.md#chunk-406,15,19,1.056807,54,,,0,6677
b6a1d4f5f83f8312,,1,14,1.09111,15,,,0,6678
b6b10204c626c77d,docs\documents-atlas-index.md#chunk-538,2,9,0.985482,22,,,0,6679
b6bdf32978a5b152,,,17,1.053296,,,,0,6680
b6be9ce93238e57b,,,15,1.075786,,,,0,6681
b6bf0d447c5363cc,,19,19,1.094033,235,,,0,6682
b6c03f4bbe9f0c06,,5,,1.054256,,,,0,6683
b6c20f10e5c1d0bf,,4,7,1.178734,3,,,0,6684
b6d3cc420d2bfe6a,,2,15,1.019942,5,,,0,6685
b6d8c65d2029b8aa,,3,19,0.982028,24,,,0,6686
b6d9203494cb2206,,,,1.016189,,,,0,6687
b6d9510723bb4745,,,,1.049471,,,,0,6688
b6d9c9db6def943f,,2,19,1.131853,29,,,0,6689
b6d9de9fd9b36b15,,7,11,1.007905,10,,,0,6690
b6da3bb087bd1580,,6,,1.131929,,,,0,6691
b6db06a76a4670f8,,18,18,1.053504,45,,,0,6692
b6dc65aec610d529,,,9,1.061178,,,,0,6693
b6e6a2c7bac50fb9,,7,15,1.089033,6,,,0,6694
b6ebb6f82e27b167,,,15,0.979836,,,,0,6695
b6effc10184664c8,,5,1,1.124224,15,,,0,6696
b6f456039fdfd925,,,,1.050383,,,,0,6697
b6f7dd06fd009d18,docs\documents-atlas-index.md#chunk-263,2,10,0.95755,27,,,0,6698
b6f9d1b5d6c1c4a9,,,15,1.049111,,,,0,6699
b6ff78712f4475bc,,16,19,1.082218,43,,,0,6700
b70283191a2144c1,,14,18,1.037676,16,,,0,6701
b7033d8c5eda498e,,12,14,1.075739,60,,,0,6702
b70527c8cd67ffe8,,19,12,1.006876,127,,,0,6703
b70735cbbd7f5abb,,14,19,1.01313,121,,,0,6704
b70a482aca24b2bc,,19,19,1.031311,235,,,0,6705
b70f8a48dc65db69,,13,5,0.940825,5,,,0,6706
b71cdaa5d570be7a,docs\CI_VENDOR_WHEELS.md#chunk-1,10,12,1.060608,28,,,0,6707
b71d178ae332900a,docs\documents-atlas-index.md#chunk-688,19,15,1.067444,77,,,0,6708
b7235cdb0c46f950,,17,11,1.115367,76,,,0,6709
b7245bffbc59c20c,,16,10,1.085063,101,,,0,6710
b7350e757e4b88b7,,19,5,1.011566,196,,,0,6711
b73bb5f56a4ecc7c,,1,19,1.108974,95,,,0,6712
b73d5751d447bfee,docs\documents-atlas-index.md#chunk-689,19,19,0.957093,235,,,0,6713
b76429cd0226763b,,16,19,0.907354,43,,,0,6714
b76ca5040a86a52f,,1,19,0.987584,95,,,0,6715
b777b8f15e2f333e,,19,5,1.020875,196,,,0,6716
b77a7626dc5f70ea,,19,6,1.023223,170,,,0,6717
b77d071e865a9542,docs\documents-atlas-index.md#chunk-988,19,8,1.017888,183,,,0,6718
b785fb0ea2e44106,,11,12,1.097174,53,0.9900000000000001,,0,6719
b78e38cc0f645cc6,,15,19,0.970547,54,,,0,6720
b78f0ce518596f7b,,19,18,1.02478,196,,,0,6721
b790d5201df7bc1f,,7,19,0.993943,15,,,0,6722
b7ad8a9fd97147a8,,5,3,1.022697,13,,,0,6723
b7afaac9d4b692bd,docs\documents-atlas-index.md#chunk-1162,12,,1.168097,,,,0,6724
b7b061c90d5995c1,,,19,1.008483,,,,0,6725
b7b06ba319613940,,,9,0.979576,,,,0,6726
b7b4d1efe56a524d,,6,19,1.143819,38,,,0,6727
b7b6ef5027facc77,,9,12,1.099784,28,,,0,6728
b7b7c05202b1e6f3,docs\documents-atlas-index.md#chunk-293,1,17,1.073826,24,,,0,6729
b7b8f813ccc4ba69,,3,13,0.952699,8,,,0,6730
b7bb3f3dcf9448de,,6,2,1.084615,7,,,0,6731
b7bb99d03d1da1cc,,19,13,1.14309,82,,,0,6732
b7bc4aaac0051bfc,,7,7,1.180715,7,,,0,6733
b7c4f5ef9e2fc62a,,1,18,1.076148,30,,,0,6734
b7d28f0c96a8e4a0,docs\documents-atlas-index.md#chunk-60,,,1.03183,,,,0,6735
b7d51c6e57f8bcbf,,11,14,1.092906,30,,,0,6736
b7d553392c1f6ed6,,1,19,1.054573,95,,,0,6737
b7d6d2f64941b45c,,,19,0.842624,,,,0,6738
b7daefc6ceed3a87,,13,,0.972605,,,,0,6739
b7dc4955dcc3b467,,1,7,1.031223,9,,,0,6740
b7ea70039a40bc64,docs\documents-atlas-index.md#chunk-842,1,15,0.992047,9,,,0,6741
b7f5e5d94908b6d2,,,16,0.992086,,,,0,6742
b7fb2d126f7b9b67,,5,,0.992154,,,,0,6743
b803500f4543a452,,19,12,0.985678,127,,,0,6744
b806f82cae5f8f92,,19,5,1.023315,196,,,0,6745
b8077820d9c657ea,,19,19,0.850041,235,,,0,6746
b81266d83d437e84,docs\documents-atlas-index.md#chunk-1143,12,15,0.916926,22,,,0,6747
b817d33772529210,,10,15,0.899881,33,,,0,6748
b81ee0dba05970c1,,19,13,1.08179,82,,,0,6749
b81fe71d4718669b,,11,19,0.974306,37,,,0,6750
b82021d1b4a77615,,18,12,0.960522,53,,,0,6751
b8240a973e25ebe3,,12,13,1.044951,61,,,0,6752
b8240d9a858f016a,,16,15,1.027025,43,,,0,6753
b828c850bdf0e900,,11,13,1.011033,19,,,0,6754
b82fa613deccd2f2,,19,6,1.11288,170,,,0,6755
b8363d36bd9622fd,,19,19,1.039324,235,,,0,6756
b851db93f691e17c,,9,12,0.975351,28,,,0,6757
b8524f97fa4773c1,,19,8,0.971467,183,,,0,6758
b8527ef1aeceea27,docs\documents-atlas-index.md#chunk-932,15,5,1.049274,14,,,0,6759
b852a06748412625,,10,16,0.885955,18,,,0,6760
b85a3c924c0c0da2,,19,1,1.025674,75,,,0,6761
b85d459b8498e956,,19,13,0.901477,82,,,0,6762
b860999152edb7f3,,19,14,0.918216,76,,,0,6763
b875495b9e9b3e23,,19,6,1.019437,170,,,0,6764
b87626cc209b6edd,,16,19,0.917925,43,,,0,6765
b87f47aa5151c57d,,19,15,0.934774,77,,,0,6766
b884c2155345b905,,9,14,0.889459,22,,,0,6767
b88749ec5762dee4,,15,15,0.94013,13,,,0,6768
b88bd17696ce55bb,,19,18,0.988542,196,,,0,6769
b88caa2cbb490b6b,,12,3,1.015324,4,,,0,6770
b88df9263a14ff48,,1,19,0.940682,95,,,0,6771
b88f2a9dfd5c9133,,18,6,1.053921,26,,,0,6772
b893f6f502ac9469,,13,14,1.02275,20,,,0,6773
b8966308ad60d68b,,13,13,0.994881,35,,,0,6774
b89968ddf3e79ebd,docs\documents-atlas-index.md#chunk-335,14,19,0.906423,121,,,0,6775
b89a56ba338f30c7,docs\documents-atlas-index.md#chunk-231,19,15,0.983231,77,,,0,6776
b89c248ff46bda97,,19,8,0.973589,183,,,0,6777
b89da1be44f161ef,docs\documents-atlas-index.md#chunk-165,16,19,0.942036,43,,,0,6778
b8ad1b48ba729917,docs\documents-atlas-index.md#chunk-253,6,4,0.912885,14,,,0,6779
b8b00128d74c51fa,,16,19,1.162966,43,,,0,6780
b8bb59d169a8d82d,docs\documents-atlas-index.md#chunk-264,,19,1.072422,,,,0,6781
b8bb6b85ce8cfb55,,3,9,0.996481,17,,,0,6782
b8bfe5032ea2b1eb,,1,19,1.122823,95,,,0,6783
b8c9130d05b6e7e6,,17,19,1.012018,34,,,0,6784
b8cc49c6fa08f3ec,,19,17,1.181009,49,,,0,6785
b8cd5124e59a935e,,10,7,1.067477,12,,,0,6786
b8db1630e48189ac,,19,18,1.031276,196,,,0,6787
b8e485838989e7f2,,,15,0.93287,,,,0,6788
b8f0182dfe2ce824,,,2,1.049709,,,,0,6789
b8f0ca53e086e8dd,,3,13,1.041697,8,,,0,6790
b8f297c65f4c3df7,,,18,1.114299,,,,0,6791
b8f9589edb899666,docs\documents-atlas-index.md#chunk-55,,3,0.896516,,,,0,6792
b8fb4771b4deb523,,11,8,1.049734,7,,,0,6793
b9007c912ea68e92,,11,13,0.987219,19,,,0,6794
b9014d367405ab0a,docs\documents-atlas-index.md#chunk-204,10,13,0.91651,65,,,0,6795
b903b740b11656b1,,11,16,1.027353,16,,,0,6796
b90b5703eaa40fc3,,19,19,1.089172,235,,,0,6797
b90e2008db3a480d,docs\documents-atlas-index.md#chunk-384,19,6,1.054912,170,,,0,6798
b91527b6f05715da,docs\documents-atlas-index.md#chunk-161,19,17,0.853657,49,,,0,6799
b91bc83636000791,,11,15,1.002249,26,,,0,6800
b921dc5ef2238b9d,,10,16,0.987207,18,,,0,6801
b92382e3dd1ea447,,19,8,0.944187,183,,,0,6802
b9287465aef9119b,,14,18,0.905928,16,,,0,6803
b928e55238d9ff74,,10,13,0.864376,65,,,0,6804
b92a243879deaf47,,13,12,1.030986,22,,,0,6805
b92a3b98f6bdeaa6,,17,,1.047475,,,,0,6806
b92a638e0840915f,,16,19,0.929183,43,,,0,6807
b92ffd0e1574ca30,docs\documents-atlas-index.md#chunk-52,10,12,1.096158,28,,,0,6808
b930ee2438a389f4,docs\documents-atlas-index.md#chunk-1007,11,14,1.011976,30,,,0,6809
b931117b842f930d,,14,15,1.006496,11,,,0,6810
b933e83760bab0da,docs\documents-atlas-index.md#chunk-243,15,18,1.061887,23,,,0,6811
b94273df6fa3805e,,14,19,0.951356,121,,,0,6812
b957f18a18cf2560,,19,6,0.995115,170,,,0,6813
b962f5479cadf8f3,,19,6,1.077208,170,,,0,6814
b96ad0043e8cc7a6,,19,6,1.031781,170,,,0,6815
b9777afa8402586c,,15,15,1.018773,13,,,0,6816
b98fb78cb1e8b8a3,docs\documents-atlas-index.md#chunk-884,13,13,1.033285,35,,,0,6817
b99529292f65b76b,,12,15,0.94738,22,,,0,6818
b99def66bfa85526,,12,,0.932252,,,,0,6819
b9a87a2a9d353f07,,2,,0.871349,,,,0,6820
b9aa90f56d5004d5,,17,18,1.0887,20,,,0,6821
b9abfa101d1d989b,,7,,1.104909,,,,0,6822
b9b77ec269579262,,,9,0.921142,,,,0,6823
b9bd2d6775fe262a,,6,,1.095655,,,,0,6824
b9bd566e2c681e14,,3,1,0.960965,14,,,0,6825
b9bf8cf316679c19,,6,10,0.940509,6,,,0,6826
b9c2c1cdc3a62a95,,8,14,1.059194,18,,,0,6827
b9da1a092cff44eb,,6,,1.142807,,,,0,6828
b9e5ac2151ebe455,,10,11,1.142717,28,,,0,6829
b9ecc5e4285cad62,,,15,1.026304,,,,0,6830
b9f0de86ae99fd9a,,2,12,0.914764,3,,,0,6831
b9f332e5574a1f0c,,,19,1.041413,,,,0,6832
b9f49e5ba7728ee7,,2,8,0.967558,8,,,0,6833
b9f788672e9c4ad7,,,,1.042403,,,,0,6834
b9fc06b93c4ae03a,,,15,1.172039,,,,0,6835
b9ff90c582712a50,,,15,0.989248,,,,0,6836
b9ff981d51c846bd,,16,19,1.014272,43,,,0,6837
ba13d4d27baccad4,,15,16,1.092796,22,,,0,6838
ba2c89e6b0eb7482,docs\documents-atlas-index.md#chunk-1040,19,14,1.004967,76,,,0,6839
ba2ec55719c02dcf,docs\documents-atlas-index.md#chunk-1252,18,19,0.875774,56,,,0,6840
ba32bf03f452848a,,11,12,1.055012,53,0.9900000000000001,,0,6841
ba33f2ab853ee528,,18,13,1.088158,53,,,0,6842
ba34a29bdaad6321,,19,6,1.086613,170,,,0,6843
ba42bc73322b94c8,docs\documents-atlas-index.md#chunk-872,19,5,1.021933,196,,,0,6844
ba4b51dd091dfac0,,19,14,1.042623,76,,,0,6845
ba5b1c76d6347e80,,12,5,0.997224,5,,,0,6846
ba6586171bf7d275,,19,19,0.988111,235,,,0,6847
ba665574e70f6dc6,,19,19,0.972952,235,,,0,6848
ba78edb647a09de8,docs\documents-atlas-index.md#chunk-1256,18,19,0.993708,56,,,0,6849
ba84f71d9322a1fa,docs\documents-atlas-index.md#chunk-1033,19,19,0.989062,235,,,0,6850
ba9a8d6b34c822a8,,19,18,0.938419,196,,,0,6851
baa559951fbff54b,,,19,1.042716,,,,0,6852
baa7fce5fa5bb4b9,,1,12,1.157146,6,,,0,6853
bab24efae8e73e52,,3,9,1.099226,17,,,0,6854
bab571d50b956160,,,19,1.021971,,,,0,6855
bab9826819ba9abd,,18,19,0.920446,56,,,0,6856
babc7e5a82b39dde,,19,19,1.013959,235,,,0,6857
bac6f46cab821023,,2,17,1.066549,9,,,0,6858
bad0b4a60b9fd823,,,16,0.992241,,,,0,6859
bada95c14648f6a0,,19,16,1.021945,49,,,0,6860
bae2efb29807b992,,,15,0.981125,,,,0,6861
bae7b1e0e59d723b,,,19,1.048888,,,,0,6862
bb007e5ee0e7db4b,,12,13,1.087412,61,,,0,6863
bb03d8714d7ad3a2,,19,6,1.029629,170,,,0,6864
bb077e297d815b4e,,19,19,0.979656,235,,,0,6865
bb09602608a98397,,19,19,0.84236,235,,,0,6866
bb0abc77d1fa2f74,,15,,0.946415,,,,0,6867
bb0d820cb838c75d,,19,15,0.976734,77,,,0,6868
bb17c02407211d66,,5,19,0.952935,21,,,0,6869
bb1a0221b8c5ca74,,19,18,1.020789,196,,,0,6870
bb1a24085f1191c4,,19,19,0.956002,235,,,0,6871
bb248f802a89eab3,,19,19,1.057738,235,,,0,6872
bb2ac16b67a568da,,18,19,0.802955,56,,,0,6873
bb3290cb19b6531b,,18,19,0.861747,56,,,0,6874
bb39b9494b2d6144,,19,5,0.933649,196,,,0,6875
bb3e04b7006cc6ea,,19,17,0.927011,49,,,0,6876
bb40e2b95d443d46,,5,19,0.94213,21,,,0,6877
bb447a9418ab3427,,19,14,1.026222,76,,,0,6878
bb5960b857090b02,,16,15,0.91442,43,,,0,6879
bb5cde918f7dc4b9,,19,,1.060169,,,,0,6880
bb6414dcace0e8d5,,18,18,1.031813,45,,,0,6881
bb6b28e414c62c04,,19,18,0.994308,196,,,0,6882
bb7674398efa9634,,18,15,1.036158,24,,,0,6883
bb79f838eef1926f,,13,19,1.021144,52,,,0,6884
bb7f66e4d07f98d3,,19,15,0.968592,77,,,0,6885
bb84a26b51873daf,,13,19,0.792581,52,,,0,6886
bb8ecc204538d7a8,docs\documents-atlas-index.md#chunk-652,19,18,1.063638,196,,,0,6887
bb8f820d98f4f6ab,,19,19,0.849101,235,,,0,6888
bbaaa5ccaba4faa1,,,16,1.213188,,,,0,6889
bbaaff0456b8e721,,2,13,1.138516,2,,,0,6890
bbb3077dadf8e7eb,docs\documents-atlas-index.md#chunk-350,19,19,1.056959,235,,,0,6891
bbbb0dd6627245e8,,19,17,1.038569,49,,,0,6892
bbc141886b4e8360,,,,0.999882,,,,0,6893
bbc38d9d1171320d,,2,1,1.074018,17,,,0,6894
bbcecb0267e1f34f,,,17,1.175351,,,,0,6895
bbe44c45bda4c63e,,2,9,1.046315,22,,,0,6896
bbe5aa3177319a29,,2,14,0.940065,1,,,0,6897
bbe8fa7019ea88e5,,19,18,1.211284,196,,,0,6898
bbee7f90f3f353a7,,10,,1.127188,,,,0,6899
bbf7495e5653a720,,,16,0.972969,,,,0,6900
bbfe7dc5db0e40d5,,13,,1.166741,,,,0,6901
bc1146c6bba3af9a,,19,19,1.020144,235,,,0,6902
bc1e25f288a8ad38,,19,14,0.919408,76,,,0,6903
bc3134d14b356150,,18,15,1.010415,24,,,0,6904
bc35b8921fdd27f5,,18,19,1.008331,56,,,0,6905
bc39f1bdeff63672,docs\documents-atlas-index.md#chunk-125,14,19,1.121788,121,,,0,6906
bc3ab300959d8a8b,,19,,0.973687,,,,0,6907
bc3b6d201dacafb0,,17,,1.141475,,,,0,6908
bc4127c42b5ab586,,19,13,0.956376,82,,,0,6909
bc4c94a9f97359d8,docs\documents-atlas-index.md#chunk-361,19,17,0.886,49,,,0,6910
bc557ccab14fdd14,,16,10,1.106526,101,,,0,6911
bc62cf0eb3dc342a,,14,5,1.2092,5,,,0,6912
bc67179e8edcc40a,,19,19,1.052653,235,,,0,6913
bc72ec2996fb043b,,19,18,1.08295,196,,,0,6914
bc7556d63961de60,,19,14,0.927719,76,,,0,6915
bc81d84748a0a6cb,docs\documents-atlas-index.md#chunk-784,18,19,0.842729,56,,,0,6916
bc86d38abd43acfc,,12,19,0.989651,84,,,0,6917
bc8a902d09a4bf6a,,19,19,0.951014,235,,,0,6918
bc91b551c6eeaf48,,11,12,1.046047,53,0.9900000000000001,,0,6919
bc981b5fa049000d,,19,15,1.009885,77,,,0,6920
bca2958bc1c44934,docs\documents-atlas-index.md#chunk-69,16,18,1.094912,13,,,0,6921
bca5d8fad5b1ee6a,,,18,1.066197,,,,0,6922
bca9650f58e898fc,,19,19,0.89073,235,,,0,6923
bcb7c8a305785698,,,19,0.847441,,,,0,6924
bcc52e690753f068,,2,11,0.940211,10,,,0,6925
bcd0ad3c84e65915,docs\documents-atlas-index.md#chunk-768,8,13,1.118871,8,,,0,6926
bcd59a05da77de25,,2,10,0.890655,27,,,0,6927
bcda19dca9ae98d8,,18,18,1.107357,45,,,0,6928
bce80fce8b26c76f,docs\documents-atlas-index.md#chunk-818,1,13,1.0691,20,,,0,6929
bcea94987f0a0374,,2,,1.070514,,,,0,6930
bcf74a6ba58201a4,,2,1,1.084975,17,,,0,6931
bd0b40ca395c61d4,,19,15,0.941288,77,,,0,6932
bd17c5adcef24bc7,,14,19,1.084108,121,,,0,6933
bd2575ffab1d5909,,19,8,1.061925,183,,,0,6934
bd3311f1dd6dcc8e,,19,13,1.145203,82,,,0,6935
bd3a3b21b0a52a10,docs\documents-atlas-index.md#chunk-639,11,,1.019,,,,0,6936
bd423ce03e3ef695,docs\documents-atlas-index.md#chunk-836,17,10,1.067645,30,,,0,6937
bd442f5db0ae85fd,,19,18,1.055644,196,,,0,6938
bd4968a81e3b0e34,,15,14,1.058097,18,,,0,6939
bd518d0aafaeb37f,,19,19,1.189663,235,,,0,6940
bd5af0bbb694e61d,,19,15,1.107307,77,,,0,6941
bd5ca0c0a1350547,,19,16,1.06322,49,,,0,6942
bd5d76dcc5e1cdf9,,19,18,1.042888,196,,,0,6943
bd6a55b7568efe56,,19,13,0.949691,82,,,0,6944
bd747087e97bd6cc,,19,17,0.874984,49,,,0,6945
bd7b6824ad319151,,19,13,1.079207,82,,,0,6946
bd7c2349fae60e64,,13,,1.050105,,,,0,6947
bd7c75feb7546670,,19,15,1.038415,77,,,0,6948
bd7dd3727003ff93,,1,19,1.044596,95,,,0,6949
bd8109e797bbc87d,,18,16,0.878602,49,,,0,6950
bd876031529c3fa9,,19,19,0.880909,235,,,0,6951
bd9b57a1b3be6878,,19,14,0.98429,76,,,0,6952
bda329011f617edd,,19,19,0.969051,235,,,0,6953
bda75c8e7eae984c,,1,,1.058539,,,,0,6954
bdac9a7698bded78,,9,,1.073416,,,,0,6955
bdc8bc3e741cd4b7,,1,,1.219263,,,,0,6956
bdcd1c1de4e961f1,,6,1,1.154331,19,,,0,6957
bdce21de0f119770,,18,18,1.210878,45,,,0,6958
bdd7a44008875278,,,19,0.863294,,,,0,6959
bddf65e841cc9a9a,,19,18,1.023622,196,,,0,6960
bdee3356abc46d91,,9,,1.105887,,,,0,6961
bdf9b5962fde9508,,,19,1.059621,,,,0,6962
bdfa628763f9f13e,,19,18,0.980285,196,,,0,6963
bdfb9a1cdc485f2a,docs\documents-atlas-index.md#chunk-217,8,3,1.081838,7,,,0,6964
bdff05fe7bba64cb,,18,18,1.102555,45,,,0,6965
bdff9180d6eaef4e,,11,8,1.12484,7,,,0,6966
be0cc3160399df88,,12,14,1.021519,60,,,0,6967
be114c9c0f4b4a56,,19,1,1.119405,75,,,0,6968
be1ba15be0707283,,19,18,1.129014,196,,,0,6969
be1e035d0a1a7e33,,19,19,1.143081,235,,,0,6970
be240ed1a6f19c44,,15,12,1.107702,14,,,0,6971
be32f707b21387e0,,18,19,0.99317,56,,,0,6972
be3aeb78a748d7f5,,19,12,1.109615,127,,,0,6973
be3eb9c73edcbe86,,17,,1.130349,,,,0,6974
be490aa45dbd409a,,18,16,1.069766,49,,,0,6975
be4adeee9d02e0b9,,19,18,1.19821,196,,,0,6976
be4eb76c21d040a8,,18,19,0.937803,56,,,0,6977
be530d46239ac712,,18,11,1.01532,40,,,0,6978
be57779633c64f22,,18,19,0.880243,56,,,0,6979
be5d3bf46f4e44b1,,19,16,1.114302,49,,,0,6980
be5da68b5b529b4d,,13,19,0.956817,52,,,0,6981
be5dd817576318f1,,19,18,0.936277,196,,,0,6982
be62e68d0c40e0a5,,14,19,1.060224,121,,,0,6983
be70a5bef625e672,,18,12,1.062285,53,,,0,6984
be75a9489f7daf47,,1,19,0.981609,95,,,0,6985
be769b9c15a99e65,,18,19,1.019092,56,,,0,6986
be77f8703ef12446,,14,18,1.052386,16,,,0,6987
be9251e0811f2d8f,,18,16,0.974363,49,,,0,6988
bea400512a904469,,,19,0.968358,,,,0,6989
bea720ab02a86bc6,,17,19,1.003175,34,,,0,6990
bea758b53756f012,,,15,0.981381,,,,0,6991
bea7a3bf9982dfc2,,,16,1.059886,,,,0,6992
bebc0c4d656035a1,,19,18,1.107986,196,,,0,6993
bed24498200c9386,,,19,1.066095,,,,0,6994
bed4452609b5ebce,,19,19,0.92378,235,,,0,6995
bedc4a6a08233972,,3,,1.073843,,,,0,6996
bee1e4d460b296ac,,17,18,0.981513,20,,,0,6997
bef34f1b88447e89,,3,9,1.012259,17,,,0,6998
befc92de496adca0,,18,18,1.142844,45,,,0,6999
bf089e0db527e4ad,,19,19,1.053389,235,,,0,7000
bf0988385c89227a,docs\documents-atlas-index.md#chunk-451,19,19,0.806409,235,,,0,7001
bf16e29aa8a442b5,,18,19,0.972173,56,,,0,7002
bf1c08011226fe62,,19,19,1.015277,235,,,0,7003
bf1ce907941dd4b7,,19,18,1.069109,196,,,0,7004
bf207d27d9c3d55d,,19,18,1.046818,196,,,0,7005
bf20c5a1b4a6e11c,,19,16,1.155429,49,,,0,7006
bf279d0cbaab6ce3,,15,,1.069933,,,,0,7007
bf2a6e701a85ecbe,,19,19,0.996531,235,,,0,7008
bf2b964cae70751c,docs\documents-atlas-index.md#chunk-62,19,19,0.998578,235,,,0,7009
bf3e6eb7330af60d,,19,14,1.045939,76,,,0,7010
bf401f6bf7ceb74e,,19,14,1.13717,76,,,0,7011
bf41e6111c855b14,,5,19,0.911758,21,,,0,7012
bf4241f3e5a69812,,18,14,1.023709,36,,,0,7013
bf45fb68b6dd5fd1,docs\documents-atlas-index.md#chunk-1243,18,,1.066768,,,,0,7014
bf466b54705d2b15,,19,,0.96923,,,,0,7015
bf4abf760307c71c,,12,12,1.060476,14,,,0,7016
bf5cb9470ace6db9,,18,19,1.015667,56,,,0,7017
bf64a2306b40f41f,,1,19,0.905543,95,,,0,7018
bf698e62bc2ef31b,,17,7,1.085875,7,,,0,7019
bf6df1a75bad1e08,,17,,1.072869,,,,0,7020
bf7236449d939e93,docs\documents-atlas-index.md#chunk-1106,19,19,0.902115,235,,,0,7021
bf72ee510bf61f35,,10,13,1.090101,65,,,0,7022
bf74bf2438a0b6a2,,19,18,1.085209,196,,,0,7023
bf7d9d4db536c479,,16,10,1.004431,101,,,0,7024
bf80beeb4d8723ac,,14,19,1.114187,121,,,0,7025
bf83970f8a7f0e37,,14,19,1.043887,121,,,0,7026
bf896383e68637e2,,19,17,0.839397,49,,,0,7027
bf91afd2600853b6,,19,16,1.00777,49,,,0,7028
bf981cf800bf9d4f,docs\documents-atlas-index.md#chunk-934,19,18,1.061309,196,,,0,7029
bfadadf4d8a5a938,,12,,1.0902,,,,0,7030
bfbb2f61fa3be997,,11,2,1.099486,6,,,0,7031
bfc0fabddebe6ec2,,13,,1.228717,,,,0,7032
bfdbf51c77ba6730,,19,18,1.199401,196,,,0,7033
bfdd2980499a27d0,,19,18,1.041788,196,,,0,7034
bff4c63e53af6d94,,,19,1.132684,,,,0,7035
bff55d3e17d2865d,,3,,1.083895,,,,0,7036
bffbc0077b37d967,,,17,0.911759,,,,0,7037
c0135a93ecacd7f0,,19,7,1.07118,165,,,0,7038
c0338527f0071c2c,docs\documents-atlas-index.md#chunk-835,11,16,0.971386,16,,,0,7039
c03c7a007b62ab54,,11,11,1.046143,14,,,0,7040
c0416b42b45ea8bd,,19,8,1.067577,183,,,0,7041
c04bcb3763cf4f75,,18,,0.954187,,,,0,7042
c04cd0875b37ade1,docs\documents-atlas-index.md#chunk-653,11,16,1.094067,16,,,0,7043
c04d1f8e7c519924,,5,1,1.070723,15,,,0,7044
c0526be5c6955cca,,19,18,1.020665,196,,,0,7045
c054e66e52f53f04,,10,15,0.99583,33,,,0,7046
c05bbd1055fe3faf,,17,,1.094465,,,,0,7047
c05f3ca151a84d4d,docs\documents-atlas-index.md#chunk-500,12,13,1.0455,61,,,0,7048
c06128d6fac03b03,,12,13,1.054759,61,,,0,7049
c06d46ac0f2322e5,,16,19,1.121536,43,,,0,7050
c088ea0ddca1a2e2,,11,12,1.165844,53,0.9900000000000001,,0,7051
c08bb1298fee02fe,,15,19,1.118594,54,,,0,7052
c09042e8bf4439e3,,19,13,1.091115,82,,,0,7053
c0a29688947f9959,,,,0.927507,,,,0,7054
c0a9ea64bd373f34,,4,10,0.930126,4,,,0,7055
c0b3afab4df89500,,8,13,1.129017,8,,,0,7056
c0cf279dca19a1b4,,,3,1.148655,,,,0,7057
c0d6cf0e16743ab9,,8,14,1.058718,18,,,0,7058
c0dad8e130ae0b79,,9,13,1.100426,11,,,0,7059
c0db56b9684e7276,,19,7,1.067427,165,,,0,7060
c0dbda3818c670a6,docs\documents-atlas-index.md#chunk-1238,6,,1.151661,,,,0,7061
c0e86d47c7062870,,3,7,0.858257,10,,,0,7062
c0ee9c16ad1ba2bf,,8,3,1.253578,7,,,0,7063
c0f2f09c5ac7d24e,,3,18,1.051945,14,,,0,7064
c0f7e0e9a7b870d9,,10,14,1.182358,36,,,0,7065
c0fa84e31ab631aa,docs\documents-atlas-index.md#chunk-537,17,18,1.021292,20,,,0,7066
c0fff01c71acb50b,,,19,1.246006,,,,0,7067
c1064e19c619de9a,,10,11,0.908662,28,,,0,7068
c108af60cb76b42e,,10,12,1.074542,28,,,0,7069
c11636a9c9401399,docs\documents-atlas-index.md#chunk-461,18,12,0.933695,53,,,0,7070
c128a72ea2930c29,,10,16,0.967306,18,,,0,7071
c1366cf73867460b,,16,14,0.965151,17,,,0,7072
c141b7d471a62524,docs\documents-atlas-index.md#chunk-254,12,14,1.010022,60,,,0,7073
c1465d2e8aae5d64,docs\documents-atlas-index.md#chunk-705,19,5,1.124801,196,,,0,7074
c148dc32b3aad496,,19,6,1.009352,170,,,0,7075
c14e0f1eaa112d6b,,10,6,1.08568,10,,,0,7076
c153014f60fb4f19,,12,14,1.065996,60,,,0,7077
c16cafe5c4bc628e,,12,,1.077206,,,,0,7078
c16ed3fcab891ddb,,12,19,1.006549,84,,,0,7079
c174e12f053b9115,,19,6,1.026083,170,,,0,7080
c175325f46d97d0e,,13,19,0.873102,52,,,0,7081
c17eff08333b7f8a,,18,,1.014961,,,,0,7082
c1895809cec94d75,,11,12,0.965838,53,0.9900000000000001,,0,7083
c18cf7bd7cf0caab,,14,19,1.051676,121,,,0,7084
c192af879be7823f,docs\documents-atlas-index.md#chunk-747,10,13,1.026356,65,,,0,7085
c1958ee23b5ddd37,,19,7,1.062593,165,,,0,7086
c1985eeabcc917b3,,15,12,1.171502,14,,,0,7087
c19f878f9b3ef07d,,19,8,1.065479,183,,,0,7088
c1a001901310a182,docs\documents-atlas-index.md#chunk-484,,15,1.036402,,,,0,7089
c1a1975efdb07d96,,1,7,1.020432,9,,,0,7090
c1a36e93972ab2f1,,,,1.012539,,,,0,7091
c1aa3e5cdfe60765,,6,1,0.976314,19,,,0,7092
c1b7b10c58ef46e1,,12,18,1.152029,17,,,0,7093
c1b8c1ccca806527,,1,14,1.095251,15,,,0,7094
c1cbd5c276994439,,,19,0.96546,,,,0,7095
c1d9fdb561326981,docs\documents-atlas-index.md#chunk-154,,12,0.986338,,,,0,7096
c1dc2bee44763a3c,,8,10,1.109009,3,,,0,7097
c1e415d951445af3,,13,16,1.091177,8,,,0,7098
c1e60723e5c5b5e7,,19,12,1.085871,127,,,0,7099
c1e6ca9443421a1a,,6,15,0.913153,11,,,0,7100
c1e8da220ce46f42,,7,13,1.051383,6,,,0,7101
c200ffc53f21001b,,10,18,1.132208,28,,,0,7102
c212cb98ea158a3f,docs\documents-atlas-index.md#chunk-237,8,15,0.955002,4,,,0,7103
c217b94827cd16b5,,15,18,1.037018,23,,,0,7104
c21faa09150ab9a7,,19,6,1.034359,170,,,0,7105
c21fb3d25886bc08,,11,13,1.032738,19,,,0,7106
c234e89fb8a60c7c,,12,19,0.936113,84,,,0,7107
c236a16b0c2e72ee,,12,19,0.977647,84,,,0,7108
c2396f2d37e459a4,docs\documents-atlas-index.md#chunk-617,17,19,1.034288,34,,,0,7109
c23f70b1a7e38aa3,,19,18,0.984315,196,,,0,7110
c23f8cba703e27de,,19,16,1.057289,49,,,0,7111
c24a2cbacdbe5530,,13,,1.104154,,,,0,7112
c25719957ebfc0a7,,19,9,1.01087,88,,,0,7113
c2663ed57b2c1520,docs\documents-atlas-index.md#chunk-1119,19,7,1.026699,165,,,0,7114
c27f6fc484182d33,docs\documents-atlas-index.md#chunk-184,13,12,0.99043,22,,,0,7115
c28d0260aeb7b2af,docs\documents-atlas-index.md#chunk-1044,19,19,1.06137,235,,,0,7116
c2924f4f65a8a1a7,,19,12,1.054724,127,,,0,7117
c2962cfcf303723e,,15,11,1.083574,13,,,0,7118
c29935b11c50b4c8,,19,13,1.006395,82,,,0,7119
c29a455d9823d923,,19,11,0.952954,51,,,0,7120
c2b0b1421c53d2f9,,1,19,0.96075,95,,,0,7121
c2be9f5aaeee3f6b,,9,1,1.114011,14,,,0,7122
c2c08eaf454e6796,,,,1.097319,,,,0,7123
c2c0fe642ea34ba6,,9,13,1.07563,11,,,0,7124
c2c46196fe9a2d93,,1,7,1.029593,9,,,0,7125
c2c7269045f97dcc,docs\documents-atlas-index.md#chunk-1009,16,19,0.963835,43,,,0,7126
c2c88262f1af83ed,,19,18,1.085086,196,,,0,7127
c2cbf1871479a8e9,,1,19,1.034373,95,,,0,7128
c2d34ce3c5ba0967,docs\documents-atlas-index.md#chunk-539,10,8,1.015346,27,,,0,7129
c2d9a4c9e71919b7,,5,15,1.077799,5,,,0,7130
c2e56b1b085e1c27,docs\documents-atlas-index.md#chunk-965,2,,1.056714,,,,0,7131
c2e77454ec7f7ca8,,19,5,1.059989,196,,,0,7132
c2eb339eba59ceec,,13,19,1.132216,52,,,0,7133
c2ef537d0a4b234d,,2,,1.102519,,,,0,7134
c2f5ce687e1f0e3a,,2,18,1.09045,14,,,0,7135
c2f5f32d1ccde575,,1,17,1.13198,24,,,0,7136
c2fbc7c3c1882d82,docs\documents-atlas-index.md#chunk-100,6,12,1.035761,3,,,0,7137
c2fca94e29b72897,,5,,1.071142,,,,0,7138
c30f5ca7a83cd5ac,,19,12,1.058158,127,,,0,7139
c318a31b15771f99,,10,17,0.912438,23,,,0,7140
c319ae5f8091bf0d,,9,14,0.959304,22,,,0,7141
c3209b940058b8d5,,19,12,0.977716,127,,,0,7142
c321f3f77ba34189,,12,16,1.02529,30,,,0,7143
c3232115385e7b67,docs\documents-atlas-index.md#chunk-1259,19,6,0.964774,170,,,0,7144
c32964f1437a3bb7,,19,14,0.972369,76,,,0,7145
c33964faf90e9a44,,19,8,0.982485,183,,,0,7146
c3445d60546cc5b7,,19,12,0.967568,127,,,0,7147
c34c4ea65f3d118f,,19,5,1.164237,196,,,0,7148
c351d927e4587cd2,docs\documents-atlas-index.md#chunk-1274,10,17,0.895161,23,,,0,7149
c35970fcfa694e3f,,12,19,0.966384,84,,,0,7150
c35ad275be422776,,19,6,1.014944,170,,,0,7151
c36850466b335180,,13,14,0.97657,20,,,0,7152
c3729f45d4a5170e,,11,10,1.002133,14,,,0,7153
c380b0512dd6d75c,,10,15,1.017885,33,,,0,7154
c38bc38bc8d9f7b9,,13,13,1.10758,35,,,0,7155
c38cd13cb013d58b,,11,15,1.08325,26,,,0,7156
c39125d2e80286f9,,19,13,0.997554,82,,,0,7157
c391d56f27f888d0,,12,18,0.913444,17,,,0,7158
c3941ddecf19d253,,16,10,1.122382,101,,,0,7159
c3947b729648c2c4,docs\documents-atlas-index.md#chunk-1167,19,12,0.928746,127,,,0,7160
c39b875f1b6cafaa,,14,19,1.070564,121,,,0,7161
c39f2849477ddf0a,,14,13,1.014429,13,,,0,7162
c3a0b5b216211233,docs\documents-atlas-index.md#chunk-1205,2,18,0.926222,14,,,0,7163
c3a3b0bff8d3d82b,,1,16,1.118218,15,,,0,7164
c3b832ce5d4e8e4d,,3,18,1.139993,14,,,0,7165
c3b881aec84faf97,docs\documents-atlas-index.md#chunk-126,,11,1.090483,,,,0,7166
c3be4c7bb3666e23,docs\documents-atlas-index.md#chunk-554,6,5,0.925519,10,,,0,7167
c3c151cf56c38e8a,,13,19,0.972102,52,,,0,7168
c3cdd96bd84d17e2,,19,5,1.159861,196,,,0,7169
c3db2d8b5e6e76ac,,4,,1.15417,,,,0,7170
c3de1a4143029ed1,,5,4,1.054961,7,,,0,7171
c3e08d242f1cc34e,,,,1.087733,,,,0,7172
c3e2004e30dfe90b,,14,15,1.193127,11,,,0,7173
c3f7fbdb3b74e4e0,docs\documents-atlas-index.md#chunk-1147,1,13,1.116092,20,,,0,7174
c40254635e1904cd,,12,19,0.856443,84,,,0,7175
c4109de5d1974772,,18,10,1.012183,57,,,0,7176
c41580d32430a065,,19,12,1.004079,127,,,0,7177
c417ab925685c80e,docs\documents-atlas-index.md#chunk-673,10,13,0.903596,65,,,0,7178
c4187b6a18d419f7,,17,19,0.92955,34,,,0,7179
c41faeeba67b1f42,,16,,1.101719,,,,0,7180
c42713098b9945bf,,14,19,0.832499,121,,,0,7181
c427bd1187736470,,10,13,0.989874,65,,,0,7182
c4338befe817a679,,16,11,1.029743,26,,,0,7183
c45608459d24267a,,12,19,0.897789,84,,,0,7184
c45a94bde22f46a6,docs\documents-atlas-index.md#chunk-1054,19,13,1.055288,82,,,0,7185
c45ab2c076d2c764,,13,13,1.017013,35,,,0,7186
c45e2b16e5da53bc,,19,18,1.053559,196,,,0,7187
c462536b8fef802f,,14,19,1.108014,121,,,0,7188
c4648958a7aa3412,,19,7,0.94786,165,,,0,7189
c474c7a074792768,,11,15,0.923711,26,,,0,7190
c47a09ed278fcdde,,19,15,1.07434,77,,,0,7191
c48091d01dc8f911,,19,12,1.078424,127,,,0,7192
c489ff363c250f14,,9,14,0.993848,22,,,0,7193
c48a8c5c6356073a,,19,18,1.075911,196,,,0,7194
c48fc277eaad001f,,14,2,1.027283,7,,,0,7195
c4923b645514a3ba,,19,17,0.992732,49,,,0,7196
c494b7912cff0d7e,,11,18,0.993375,30,,,0,7197
c496423bf7d4aa7b,,12,14,0.962666,60,,,0,7198
c497c53be0cc672f,,12,16,1.069248,30,,,0,7199
c4a02b7e0d41b7b3,docs\documents-atlas-index.md#chunk-892,,,1.021588,,,,0,7200
c4a1be13c3388382,,4,9,1.008336,4,,,0,7201
c4af1683f65e99a1,,19,7,1.059907,165,,,0,7202
c4b42964fbca8dbc,docs\documents-atlas-index.md#chunk-883,13,19,1.138328,52,,,0,7203
c4c67947ddf2a102,,,4,1.009647,,,,0,7204
c4c77a60c35dcfaa,,9,8,1.066621,17,,,0,7205
c4c7e80ae72e6691,,19,6,1.12233,170,,,0,7206
c4cf701bfc066efb,,12,19,1.092186,84,,,0,7207
c4cffe17fe4f5f46,,11,2,1.064192,6,,,0,7208
c4d34ae53d64af1e,,1,13,0.974219,20,,,0,7209
c4d88e015558e0a9,,,1,0.981239,,,,0,7210
c4da0ba13cb96e58,,8,,1.066466,,,,0,7211
c4db63468808765d,,,19,0.962304,,,,0,7212
c4dd30cab4c6702f,docs\documents-atlas-index.md#chunk-207,17,18,1.139913,20,,,0,7213
c4e55a4c94332063,,2,1,0.927374,17,,,0,7214
c4edb94d05e3733b,,9,15,1.126617,19,,,0,7215
c4f259d113a30ab1,docs\documents-atlas-index.md#chunk-416,15,18,1.1183,23,,,0,7216
c4f659e09d345175,,,15,1.000705,,,,0,7217
c4f66308c05edbc6,,3,10,1.104096,6,,,0,7218
c4fc1a51f2e71aff,,9,4,1.122366,12,,,0,7219
c50cf712ab2bd379,,19,6,0.946839,170,,,0,7220
c50ffae95275b755,,18,11,1.062049,40,,,0,7221
c519737f30864635,,14,15,0.908923,11,,,0,7222
c51c3c7f494109e6,,19,18,0.986514,196,,,0,7223
c51d088f1e4eb914,,19,8,1.117645,183,,,0,7224
c522854961d36137,,13,14,1.002169,20,,,0,7225
c52b4fd9522f8bb2,,19,,1.001093,,,,0,7226
c53fa0e52f138f97,,9,15,1.072277,19,,,0,7227
c54252e17c4ac830,,19,8,1.033039,183,,,0,7228
c54704548f5c43a3,,19,7,1.016316,165,,,0,7229
c54dbd5d8a3ef439,docs\documents-atlas-index.md#chunk-1290,19,5,1.085247,196,,,0,7230
c5500d25760951e8,,19,16,0.977606,49,,,0,7231
c55ac1a6fd2dac7c,,19,6,1.086905,170,,,0,7232
c567c9fc5a7e32d1,,13,18,1.056603,18,,,0,7233
c57f2dee4453be96,,15,12,1.042038,14,,,0,7234
c581f49e0d6af020,docs\documents-atlas-index.md#chunk-1024,19,6,1.073486,170,,,0,7235
c58a155821417f2e,,12,16,0.957085,30,,,0,7236
c58da908b9012243,,19,6,1.004079,170,,,0,7237
c58e6d134a4de28d,,19,6,1.050385,170,,,0,7238
c59044c3ea2625e4,docs\documents-atlas-index.md#chunk-942,19,10,1.032241,64,,,0,7239
c5920609058ec0e8,,19,13,0.962302,82,,,0,7240
c5b053ae5c3418dc,docs\documents-atlas-index.md#chunk-767,14,19,1.00822,121,,,0,7241
c5b0725e72a67a39,,10,14,0.949412,36,,,0,7242
c5bd7689a5597057,,4,6,0.951247,11,,,0,7243
c5c53757bfaa2353,,,,0.983197,,,,0,7244
c5d3e7eff58bd0b9,,19,7,1.184846,165,,,0,7245
c5de0addf44e431f,docs\documents-atlas-index.md#chunk-1198,8,5,1.161159,11,,,0,7246
c5e52d39caf0beac,,3,9,1.159618,17,,,0,7247
c5edd49246d8c50a,,,17,1.019699,,,,0,7248
c5ee7af51943a5a8,,,12,1.075822,,,,0,7249
c602c25a9bfeedd0,,12,16,1.161543,30,,,0,7250
c60555a029ce7288,,19,14,0.963,76,,,0,7251
c60b34144e43e7f0,,19,19,0.98202,235,,,0,7252
c617e026491a0ec2,,11,19,0.930025,37,,,0,7253
c61c4aebf84d43e3,docs\documents-atlas-index.md#chunk-880,18,9,1.091232,17,,,0,7254
c621c6752d5b0fc4,,11,18,0.992059,30,,,0,7255
c62797ca10935cbe,,14,19,0.852529,121,,,0,7256
c638fce2e1669091,docs\documents-atlas-index.md#chunk-1095,19,7,1.112436,165,,,0,7257
c63b74c232f546d0,,19,18,0.967245,196,,,0,7258
c64e7c1b54648340,,14,12,1.081923,21,,,0,7259
c64e7dbb7707c4bb,,19,15,1.024205,77,,,0,7260
c6500b2ef58045ce,,19,19,1.032507,235,,,0,7261
c659e6b36e1100a0,,11,18,1.003708,30,,,0,7262
c659f3f830f94053,,13,14,0.968673,20,,,0,7263
c66a0e221fdf5f2a,,15,,1.105553,,,,0,7264
c66e279b34f66588,,19,15,0.945802,77,,,0,7265
c67dade82a977f16,docs\documents-atlas-index.md#chunk-368,10,13,1.008541,65,,,0,7266
c681c5529e55acef,,8,19,0.938615,21,,,0,7267
c6832a15a73a027b,,19,7,0.985267,165,,,0,7268
c6af09526e97ee32,,2,12,0.92956,3,,,0,7269
c6b5aab43e82966d,,2,18,0.911371,14,,,0,7270
c6c6345cd01272fb,,16,19,1.034043,43,,,0,7271
c6cae1d52cd5bcd0,,,16,1.141431,,,,0,7272
c6d5222a603b6915,,,,1.014662,,,,0,7273
c6df23fb612e4371,,19,13,1.160331,82,,,0,7274
c6e212ebd9721f28,,,10,1.040915,,,,0,7275
c6e8754b5225a34f,,1,17,0.947939,24,,,0,7276
c6ea972db2925ad4,,5,6,1.086119,10,,,0,7277
c6ecf49b5e85f3ec,,1,19,1.076683,95,,,0,7278
c6ed1a4d80eef60f,docs\documents-atlas-index.md#chunk-873,4,,1.165975,,,,0,7279
c6ed8cfc544b2447,,5,1,1.142496,15,,,0,7280
c6f1914399844aa2,,7,17,0.918583,13,,,0,7281
c6f1d0a37b9c3eac,,5,19,1.051309,21,,,0,7282
c700b6e886ac1a78,,12,14,0.987717,60,,,0,7283
c706c37f3a8814a6,,11,19,0.951401,37,,,0,7284
c70d92c6674e45d8,,19,15,0.904349,77,,,0,7285
c7120c5338048acc,,19,19,0.929254,235,,,0,7286
c7151b4f0741ec20,,11,12,1.066938,53,0.9900000000000001,,0,7287
c717652c24a09177,,14,16,0.943371,13,,,0,7288
c719ccfa08eabb66,,12,13,1.044345,61,,,0,7289
c72280f54a9ae8c8,,19,13,0.966551,82,,,0,7290
c74019d4d98818a6,,19,13,0.909705,82,,,0,7291
c7459d434517b5ea,,19,17,0.937837,49,,,0,7292
c747c044eda12d65,docs\documents-atlas-index.md#chunk-1163,10,15,1.023485,33,,,0,7293
c74a9740744cd105,,19,8,0.902145,183,,,0,7294
c74c4291f61ca711,docs\documents-atlas-index.md#chunk-523,19,8,0.890443,183,,,0,7295
c74f8581f50a7fc8,,19,1,0.945914,75,,,0,7296
c752a46ca266ae81,,10,14,0.983389,36,,,0,7297
c7537da2f37bf998,,19,8,0.905024,183,,,0,7298
c769e3dac6891c80,,11,15,0.961029,26,,,0,7299
c7830f96f51ea435,,19,7,0.957007,165,,,0,7300
c7890e0bad474e2f,,9,8,1.060783,17,,,0,7301
c79073608171f1e4,,19,13,0.944754,82,,,0,7302
c791ca9d9bc34380,,10,14,1.077998,36,,,0,7303
c79510c1357087c4,docs\documents-atlas-index.md#chunk-81,19,16,0.878121,49,,,0,7304
c79a3f8f7c7a7a50,,19,5,1.052941,196,,,0,7305
c79ab20ce46ff267,,19,6,1.069945,170,,,0,7306
c79f2f130c745902,,5,,1.034858,,,,0,7307
c7a3731915247df1,docs\documents-atlas-index.md#chunk-516,9,15,0.933952,19,,,0,7308
c7a71e69b892aac3,,3,9,0.920474,17,,,0,7309
c7ae5294af15fa27,,2,10,0.955974,27,,,0,7310
c7c78476f3b5ed80,,2,10,0.930149,27,,,0,7311
c7c7d7efda3c29a8,,19,5,1.15783,196,,,0,7312
c7cd37209dd7eac1,docs\documents-atlas-index.md#chunk-871,11,12,1.175643,53,0.9900000000000001,,0,7313
c7d17140033a0a94,docs\documents-atlas-index.md#chunk-936,9,13,1.068146,11,,,0,7314
c7d4ca0a37567b4b,,6,15,0.919255,11,,,0,7315
c7d5574addca9455,,,,0.982045,,,,0,7316
c7e1c37580bae07d,docs\documents-atlas-index.md#chunk-1250,,19,1.076167,,,,0,7317
c7e2b5d8a0ed99b6,,13,14,1.163724,20,,,0,7318
c7ea4bd32016cde6,,1,11,1.095714,7,,,0,7319
c7ec86d7cde85d3c,,10,1,1.126968,5,,,0,7320
c7ec92de5963e08a,docs\documents-atlas-index.md#chunk-651,,17,1.058803,,,,0,7321
c7ee93f673482335,,,15,1.041943,,,,0,7322
c7f70ded0c1bea49,,,10,1.172073,,,,0,7323
c7f81f5dac9987ff,,3,3,1.086028,9,,,0,7324
c7fdaac26e61283f,docs\documents-atlas-index.md#chunk-1118,2,19,1.041612,29,,,0,7325
c80d0b16c3dae89d,,15,8,1.138415,16,,,0,7326
c810342c20c9410e,,16,19,0.963874,43,,,0,7327
c8203e331843667e,,12,14,1.028651,60,,,0,7328
c82163c89b0907f9,,17,19,0.91178,34,,,0,7329
c825a1970c40512e,docs\documents-atlas-index.md#chunk-215,9,19,0.87323,70,,,0,7330
c829d6e2fcc66ee3,,12,17,1.097231,15,,,0,7331
c832a1d3d41403be,,12,19,0.974422,84,,,0,7332
c8334531c1a64c2f,,11,14,0.969007,30,,,0,7333
c83629600c19b75f,,13,15,0.932873,41,,,0,7334
c839991bf5fbd40a,docs\documents-atlas-index.md#chunk-1223,19,8,1.068517,183,,,0,7335
c839b3874ab5b45d,,11,17,0.963982,9,,,0,7336
c83a0288da807c37,,11,11,1.011147,14,,,0,7337
c83c724692a70c3d,,17,19,0.857087,34,,,0,7338
c84158c4d567535f,,16,15,0.881171,43,,,0,7339
c847b316c98154c3,,11,18,0.925156,30,,,0,7340
c84eede990ab9577,,19,5,1.073959,196,,,0,7341
c856cc5f04d674a9,,12,16,0.98887,30,,,0,7342
c858861423275904,,12,14,0.884018,60,,,0,7343
c8626a6e5e6d7502,,19,5,1.009305,196,,,0,7344
c868219fe9ea6300,,19,8,1.025505,183,,,0,7345
c86dea0a3f56d613,,19,6,1.108124,170,,,0,7346
c873f4ffbf813cdb,,12,19,0.924319,84,,,0,7347
c87cadd4faf7dcd5,,13,,1.041306,,,,0,7348
c88dfd4164ab79d8,,18,,1.000651,,,,0,7349
c88f6ca859a33a27,,11,12,0.981466,53,0.9900000000000001,,0,7350
c8905564f38f0395,,19,7,0.889782,165,,,0,7351
c890a186c4d054b2,,13,17,0.969658,13,,,0,7352
c8911a680569bf0b,,10,13,0.978258,65,,,0,7353
c894c05b39e7c9bb,,14,19,0.903822,121,,,0,7354
c8963f5beb13b1b6,,19,10,1.045218,64,,,0,7355
c8a685adc852cb57,,,11,0.879867,,,,0,7356
c8aa8000db796ebd,,13,19,1.055568,52,,,0,7357
c8aaf7599e89bfce,,1,19,0.966037,95,,,0,7358
c8b23b2bd1f8e4a1,,1,5,1.123669,6,,,0,7359
c8b6086c39c29ca3,,14,19,0.980952,121,,,0,7360
c8ba6592eb222710,,3,5,0.942609,7,,,0,7361
c8bc5d446e6a78f1,,2,,1.087263,,,,0,7362
c8bd92b2014284ac,,19,17,1.01866,49,,,0,7363
c8cc41afe46064e4,docs\documents-atlas-index.md#chunk-222,19,18,1.130797,196,,,0,7364
c8d05ef771c0d3f0,,19,13,1.196549,82,,,0,7365
c8d39ad103927833,,,12,0.940079,,,,0,7366
c8da0e3d3d4a8395,,2,,0.976928,,,,0,7367
c8e1d80c5f26fc9c,,3,18,0.936438,14,,,0,7368
c8e5475afae39c52,,2,6,1.009151,1,,,0,7369
c8eaee7de4c3c59b,,7,9,1.14251,5,,,0,7370
c8ee7e913c9ad5f4,docs\documents-atlas-index.md#chunk-119,2,,1.130546,,,,0,7371
c8fd006d22dafb93,,12,13,1.191109,61,,,0,7372
c8ff69f2a56ec961,,18,9,1.03385,17,,,0,7373
c9066b5551f8a73a,,13,13,0.963259,35,,,0,7374
c91d480d26896e21,,12,14,0.957619,60,,,0,7375
c9270919c10954ec,,19,17,0.812606,49,,,0,7376
c9277ddafb5e7e9d,,14,6,1.055473,9,,,0,7377
c94191984b728581,,13,15,0.944004,41,,,0,7378
c94e70f7beef4b73,,15,,1.065276,,,,0,7379
c955742c8abd94bc,,15,19,0.970977,54,,,0,7380
c9582de5dce99983,,13,10,1.019885,19,,,0,7381
c95fdd2bc029d02e,,14,10,1.169327,9,,,0,7382
c9679846617dbd10,,19,8,0.927221,183,,,0,7383
c967a7d151e81518,,13,15,0.967531,41,,,0,7384
c9687913475fcc2e,,12,14,0.981634,60,,,0,7385
c96b79214b20e99e,,19,19,0.932667,235,,,0,7386
c9706cb72cd4a0d2,,19,13,1.039333,82,,,0,7387
c972f2c7918932fb,,15,19,0.871226,54,,,0,7388
c974760ea9d79bda,,14,19,0.793864,121,,,0,7389
c97b92d926087713,,19,14,0.881727,76,,,0,7390
c97c4954daa523e1,docs\documents-atlas-index.md#chunk-828,19,18,1.032983,196,,,0,7391
c9918cfb5ac67c7c,,14,19,1.030904,121,,,0,7392
c99296602cb6ec3b,,12,15,0.938891,22,,,0,7393
c995e47aab618820,,10,16,1.004769,18,,,0,7394
c998d8e8ca6922db,,12,19,0.892615,84,,,0,7395
c9a1aff8db7f8566,,2,10,1.031797,27,,,0,7396
c9a2a4949f809584,,1,18,0.8156,30,,,0,7397
c9a9b66d4ed6aeac,,6,19,0.96658,38,,,0,7398
c9aa39c98d1a4f26,,10,8,1.055231,27,,,0,7399
c9b776ee301cbe7e,docs\documents-atlas-index.md#chunk-926,,16,1.076634,,,,0,7400
c9c0979ba37a3fa5,,12,14,1.071298,60,,,0,7401
c9d91c86522b83cb,docs\documents-atlas-index.md#chunk-302,19,18,1.06653,196,,,0,7402
c9e50b68794d11da,docs\documents-atlas-index.md#chunk-821,,,1.021149,,,,0,7403
c9e71ab2d19ed359,docs\documents-atlas-index.md#chunk-399,1,9,1.003559,15,,,0,7404
c9eed2feb8b02181,,12,14,1.248391,60,,,0,7405
c9ef90ee28b33cff,,16,19,1.030129,43,,,0,7406
c9f68046f5309007,docs\documents-atlas-index.md#chunk-50,,6,0.930387,,,,0,7407
c9f6cb661aa226be,,2,19,1.116793,29,,,0,7408
ca0176aaa9a44825,,17,14,0.989252,54,,,0,7409
ca0dcbcfc5d846d1,,19,18,1.111423,196,,,0,7410
ca1b55668bba6b97,,19,,0.964057,,,,0,7411
ca287965141573b5,,19,17,0.76372,49,,,0,7412
ca2b940ab000cc06,,15,12,1.065645,14,,,0,7413
ca37adf33c9e1efa,,15,19,1.095894,54,,,0,7414
ca41acaab70aaffd,,13,16,1.201045,8,,,0,7415
ca44d98d8c2c825e,,13,19,1.02668,52,,,0,7416
ca450e26cfaed2de,,19,18,1.118708,196,,,0,7417
ca4baf46caab9617,,13,,1.008595,,,,0,7418
ca56e74ed8ce0f58,,19,1,1.070075,75,,,0,7419
ca5a43a4343e2f34,,19,,0.992091,,,,0,7420
ca5af13f098fc6be,,19,19,1.045722,235,,,0,7421
ca687391ebb2aa33,,13,13,1.050154,35,,,0,7422
ca6e673ed4f14b04,,18,19,1.076027,56,,,0,7423
ca73ab0c1d3a746a,,19,5,1.127043,196,,,0,7424
ca77894638c17fea,,19,19,0.709101,235,,,0,7425
ca7dbbf9ae5be1e9,,15,,1.102097,,,,0,7426
ca86bf65a760d410,,2,11,1.032551,10,,,0,7427
ca8f587b9dd09efa,,19,19,0.862074,235,,,0,7428
ca97de37b439b248,,3,11,1.057634,7,,,0,7429
caa2098f7f4f6017,docs\documents-atlas-index.md#chunk-257,,,1.075217,,,,0,7430
caa386529f855aca,,19,19,0.907022,235,,,0,7431
caa80d8cf30a3ed6,,5,7,1.131263,6,,,0,7432
cac12c64550832b3,,,,1.010042,,,,0,7433
cac56c60f51bf887,,2,9,1.04379,22,,,0,7434
cacf66c3c882fce6,,1,12,1.068663,6,,,0,7435
cad4401d79b9632a,docs\documents-atlas-index.md#chunk-1045,16,19,0.97024,43,,,0,7436
cad48fc31f35b5fa,docs\documents-atlas-index.md#chunk-1018,,18,1.06231,,,,0,7437
cad4ade5132fe08b,,,18,1.0865,,,,0,7438
cad57525af10ea76,,2,11,0.923072,10,,,0,7439
cad8dc0bd31fb520,,2,11,1.172119,10,,,0,7440
cadcd738daac14fb,,12,,1.152045,,,,0,7441
cadf098a4ef68762,,3,,1.10837,,,,0,7442
caecbe11fd94be2c,,3,12,1.066096,6,,,0,7443
caf2cdf7737fc4c5,,,15,1.1904,,,,0,7444
cafa82fef70c2799,,19,15,1.173611,77,,,0,7445
cb11838c5fd2b786,,19,19,0.987263,235,,,0,7446
cb2e42847468cb2b,docs\documents-atlas-index.md#chunk-101,19,19,0.866839,235,,,0,7447
cb3603f4adb54d16,,18,19,1.062964,56,,,0,7448
cb36733b2e6ad879,,19,8,1.020267,183,,,0,7449
cb3aee705f30f47b,,1,19,1.107828,95,,,0,7450
cb4550176724c572,,19,13,0.886418,82,,,0,7451
cb49037daeeb618c,,19,19,1.014348,235,,,0,7452
cb545cd16e32eece,,19,19,1.016886,235,,,0,7453
cb593049251ab9ef,,19,19,0.859545,235,,,0,7454
cb5f92162aa54188,,19,19,0.956794,235,,,0,7455
cb6121b15b7a5c1a,,16,19,0.989839,43,,,0,7456
cb62006e60108370,docs\documents-atlas-index.md#chunk-1126,19,19,0.964257,235,,,0,7457
cb7d59a204594361,,19,15,0.910183,77,,,0,7458
cb7e315d75d13fcf,,19,19,0.756528,235,,,0,7459
cb89048d26480e6a,,14,19,0.846835,121,,,0,7460
cb8e9ee028c4ab66,,19,14,1.062607,76,,,0,7461
cb945633099ba0af,,19,17,0.851558,49,,,0,7462
cb9f137bceb54e80,,19,19,1.099595,235,,,0,7463
cba11a4a2df4ca37,,1,,1.074614,,,,0,7464
cba3ec8f17179e34,,3,15,0.977002,6,,,0,7465
cba597c90c91bbaf,,,18,0.906521,,,,0,7466
cbb73dd81a2b561a,,,18,1.10891,,,,0,7467
cbb873e77b57074b,,,19,0.932595,,,,0,7468
cbbf9030478835f6,,19,18,0.90582,196,,,0,7469
cbd4f08b4c699180,docs\documents-atlas-index.md#chunk-193,1,18,0.929811,30,,,0,7470
cbd5e85b42504b17,,3,18,0.951522,14,,,0,7471
cbd7f1ebdb36e7bd,,,18,1.075178,,,,0,7472
cbe6ba8b6d04d7a3,docs\documents-atlas-index.md#chunk-712,,16,1.036996,,,,0,7473
cbedd1d0275133a6,,,19,1.06881,,,,0,7474
cbeeb35db468107e,,,19,1.095143,,,,0,7475
cbef782fc8b9d95e,,19,18,1.111712,196,,,0,7476
cbf355b335b42c00,,,19,1.091078,,,,0,7477
cbf8b47275864d22,,,19,0.807867,,,,0,7478
cbfc76f16b2188fa,,18,18,0.99642,45,,,0,7479
cc1b199135a55d99,,19,19,0.894383,235,,,0,7480
cc1cae92543c93b6,,19,,1.007005,,,,0,7481
cc1cbbb2de9b6d00,,15,,0.97506,,,,0,7482
cc2210d928c419de,,19,19,0.735497,235,,,0,7483
cc348a28d05477b7,,19,18,0.922037,196,,,0,7484
cc3f1a19708f8ea8,,19,,1.01638,,,,0,7485
cc4f2ba7cb3ae2b8,docs\documents-atlas-index.md#chunk-981,18,11,1.071556,40,,,0,7486
cc57f39a44102ef7,,13,19,0.924158,52,,,0,7487
cc729cbf3172a13c,,17,15,1.05014,78,,,0,7488
cc7d1041a400a31d,,19,17,0.982592,49,,,0,7489
cc8c96a5cb442e05,docs\CODEBASE_DIRECTORY_MAP.md#chunk-11,15,11,1.007717,13,,,0,7490
cc9072392f408a73,,13,19,0.94146,52,,,0,7491
cc9c6012b1e7687b,,19,18,0.895176,196,,,0,7492
cca9402017b993fa,,19,19,0.925532,235,,,0,7493
ccaa92c9443a975c,docs\documents-atlas-index.md#chunk-56,18,16,0.959593,49,,,0,7494
ccac09efd66833d6,,19,18,1.06346,196,,,0,7495
ccb0519f657900a6,,18,18,1.003682,45,,,0,7496
ccd14abbe39c4311,,2,8,1.137999,8,,,0,7497
ccd80f620f5edf55,,2,11,1.060289,10,,,0,7498
ccd95cb33f2c25ca,,18,18,1.133864,45,,,0,7499
ccd9dc0c7edb4e00,,5,,1.159366,,,,0,7500
cce9900e889cb4d1,docs\documents-atlas-index.md#chunk-355,19,15,1.055234,77,,,0,7501
cced58f6ebdbcee2,,13,,1.183052,,,,0,7502
ccf16e73f93fa915,,2,9,1.023775,22,,,0,7503
ccf17e9f241f905f,,1,,1.119923,,,,0,7504
ccfe04f65b413b28,,,19,1.086537,,,,0,7505
ccfe8a2b91bd2874,,5,,1.116423,,,,0,7506
cd0207b72d954a5b,,19,19,0.864018,235,,,0,7507
cd080da56cdd3552,,18,15,1.115182,24,,,0,7508
cd11a945ea030d4c,,7,19,0.920081,15,,,0,7509
cd12c88a7e591cbb,,12,19,0.771813,84,,,0,7510
cd17920eaf6f9805,,19,6,1.045393,170,,,0,7511
cd1ac2e82b358876,,18,19,1.052453,56,,,0,7512
cd1b4ca58bea02f1,,19,18,1.095529,196,,,0,7513
cd1bb917f3cbe09a,,19,18,1.043923,196,,,0,7514
cd1ce4c94b2ba5e0,,19,14,1.107588,76,,,0,7515
cd1d039f72348478,,19,19,0.913963,235,,,0,7516
cd1dd4e7f75776d2,,19,16,0.980789,49,,,0,7517
cd3271ef4d34c929,,18,14,1.043672,36,,,0,7518
cd32dd0751571554,,10,13,1.009078,65,,,0,7519
cd33ad8d6b28a4ea,,14,19,1.076894,121,,,0,7520
cd342181966e2845,,19,14,0.988327,76,,,0,7521
cd34fbebf0ee25fa,,19,18,1.168188,196,,,0,7522
cd57159f7231165d,,19,19,0.828083,235,,,0,7523
cd5bbd78977bd99f,,19,,1.05764,,,,0,7524
cd61d14d8d565117,,11,18,0.977176,30,,,0,7525
cd6c0ac8d9c318a9,,19,18,0.977753,196,,,0,7526
cd7a876cb4cbcbf4,,19,18,1.075509,196,,,0,7527
cd7cc1541f967301,docs\documents-atlas-index.md#chunk-58,,19,1.058367,,,,0,7528
cd88f0bc296af32e,,17,15,1.087305,78,,,0,7529
cd8a1d74c5787b7c,,19,18,0.945059,196,,,0,7530
cd8a4144ddc4c249,,19,12,1.052675,127,,,0,7531
cd8d717ac6ff47d7,,19,18,1.015163,196,,,0,7532
cd909d6dd3ae9dbb,docs\documents-atlas-index.md#chunk-1142,19,18,1.065214,196,,,0,7533
cd90e1ccb95ec45e,,17,15,1.132837,78,,,0,7534
cdadd2f7e8cfdb70,,13,,1.166912,,,,0,7535
cdb21211a2c41acb,,19,19,1.022627,235,,,0,7536
cdb47e7f9a717175,,1,,1.003264,,,,0,7537
cdc092e0863aee83,,,16,1.020293,,,,0,7538
cdc1808e808777e0,,18,18,0.968002,45,,,0,7539
cdc2a7a616d4e31a,,,19,0.923182,,,,0,7540
cdc87d5cce0b4709,,1,,1.085657,,,,0,7541
cdc9346c58b9b4f9,,18,18,0.964262,45,,,0,7542
cdd3867cfce3d263,,1,10,1.121363,8,,,0,7543
cdf03d905f4391d1,,,,1.108075,,,,0,7544
cdf56b2fb81eca85,,2,9,1.029178,22,,,0,7545
cdf8a42d45583372,,,19,1.007776,,,,0,7546
ce1406df4ce0e64b,,19,19,1.008537,235,,,0,7547
ce17e320a969a182,,19,8,1.02252,183,,,0,7548
ce197cb53dd1685d,,19,19,0.989663,235,,,0,7549
ce1c994178c6549f,,19,19,0.815035,235,,,0,7550
ce1f6d536de0f80e,,19,19,1.080022,235,,,0,7551
ce214ecccce743fd,,19,19,1.063654,235,,,0,7552
ce2438f0f9b1448c,docs\documents-atlas-index.md#chunk-1218,18,17,0.949388,20,,,0,7553
ce266b151eedf387,,18,8,1.113765,18,,,0,7554
ce2fa8f6dfa31b1f,docs\documents-atlas-index.md#chunk-80,15,19,1.140292,54,,,0,7555
ce349ab9794f8abb,docs\documents-atlas-index.md#chunk-78,19,18,0.95478,196,,,0,7556
ce3752b722a32f70,,18,19,0.950665,56,,,0,7557
ce3ed9de08ca4ad5,docs\documents-atlas-index.md#chunk-1002,18,19,1.086711,56,,,0,7558
ce3f5b76b76838dd,,19,18,0.890935,196,,,0,7559
ce457fc8efcd5ba8,docs\CODEBASE_DIRECTORY_MAP.md#chunk-21,14,,1.091966,,,,0,7560
ce4766e542322cd2,docs\documents-atlas-index.md#chunk-49,18,18,0.864597,45,,,0,7561
ce5746d075ed1dad,,18,19,0.869066,56,,,0,7562
ce63662c7d1dcb62,,19,8,1.082942,183,,,0,7563
ce708d0178d12bc2,,19,19,0.974029,235,,,0,7564
ce716a093b99f2a2,,19,19,1.040833,235,,,0,7565
ce87855f20271053,,19,19,0.957151,235,,,0,7566
ce88c7a242bdad87,,13,14,1.033504,20,,,0,7567
ce899055227d3559,,18,16,0.952942,49,,,0,7568
ce9ddc5d740b4757,docs\documents-atlas-index.md#chunk-356,19,,1.065742,,,,0,7569
cea490650ca6843a,docs\documents-atlas-index.md#chunk-210,,19,0.968193,,,,0,7570
ceb5989093a245e6,,19,18,0.926135,196,,,0,7571
cecbc67a05568691,,,19,1.02943,,,,0,7572
cecfbcec934d3c8b,,,19,1.211065,,,,0,7573
ced7021f7b9d7780,,,,1.090594,,,,0,7574
ced94b5af116c50c,,2,9,0.993818,22,,,0,7575
cedab57ac2d2ccc6,,18,19,1.20404,56,,,0,7576
cedd184784dac225,docs\documents-atlas-index.md#chunk-1177,19,14,1.046212,76,,,0,7577
cefd060374776564,,,19,1.047376,,,,0,7578
cf0c71555de60f3e,,19,19,0.904125,235,,,0,7579
cf1e75f7e8391abc,,19,19,0.874701,235,,,0,7580
cf1f59e21fd890f8,,19,19,0.95771,235,,,0,7581
cf2903a32c90b058,,19,13,0.95185,82,,,0,7582
cf31eadc195d00fa,,18,18,1.096399,45,,,0,7583
cf3a6da642854c65,,19,16,0.998706,49,,,0,7584
cf4c395c1a3f12c7,docs\documents-atlas-index.md#chunk-1309,19,19,0.99517,235,,,0,7585
cf523611025ddb5b,,19,19,1.027409,235,,,0,7586
cf54bdc604ae011b,,18,16,1.079977,49,,,0,7587
cf5643136eba4b4b,,19,19,1.040024,235,,,0,7588
cf56c7dcf84c71e9,,18,17,1.072162,20,,,0,7589
cf5fc9ba1139681e,,16,19,0.993199,43,,,0,7590
cf6b6e0d5ffe0201,,15,,1.13952,,,,0,7591
cf75d3b1f9f864e3,,18,17,1.003383,20,,,0,7592
cf86d6a1bfd92568,,13,14,1.118687,20,,,0,7593
cf9a7cde0aafa42c,,19,18,1.128834,196,,,0,7594
cfa176cea5474502,,1,11,1.101536,7,,,0,7595
cfacb7341de780f7,,18,19,1.117696,56,,,0,7596
cfad256a1330cf81,docs\documents-atlas-index.md#chunk-753,19,19,1.152074,235,,,0,7597
cfaec80ae1084e5a,,5,18,1.089361,6,,,0,7598
cfb5aa43611181d3,,,19,1.084611,,,,0,7599
cfbaaccc49cae025,,,13,1.286268,,,,0,7600
cfc88f9396df535f,,6,,1.082077,,,,0,7601
cfcc5d4b325402a7,,19,18,1.065778,196,,,0,7602
cfcd82b79d3050f9,,18,18,1.071609,45,,,0,7603
cfd0b62accb6dd33,docs\documents-atlas-index.md#chunk-87,3,13,1.105448,8,,,0,7604
cfd17adb01c7be1b,,,16,1.115702,,,,0,7605
cfd868e71bced1b7,,18,18,1.120834,45,,,0,7606
cfd8c8b8d9d28344,docs\documents-atlas-index.md#chunk-481,,19,1.05565,,,,0,7607
cfea0303549259ce,,19,19,0.929098,235,,,0,7608
cff37055e6091c44,,3,11,0.942941,7,,,0,7609
cff4a27a4b538da6,,1,19,0.989481,95,,,0,7610
cff59ddba6c04eb6,,19,18,1.119228,196,,,0,7611
cff9aad40214783e,,,19,0.962213,,,,0,7612
cfffd3d28696bfe3,,,19,1.047571,,,,0,7613
d005fd29066be2fb,,12,14,1.133873,60,,,0,7614
d0074b5c4f372f43,,10,13,1.055129,65,,,0,7615
d0144457ebb78987,,19,8,0.975539,183,,,0,7616
d016143cf225a8f4,,19,12,1.013335,127,,,0,7617
d017d22407ab4a7d,,11,18,1.013227,30,,,0,7618
d01c8df2067a05dd,,19,16,1.074375,49,,,0,7619
d01f9443fa08c117,,19,8,1.005963,183,,,0,7620
d020f4f2f4d38955,,12,14,1.04213,60,,,0,7621
d0260f37c9d7d2e7,docs\documents-atlas-index.md#chunk-35,19,12,1.01907,127,,,0,7622
d03542051ce67d87,,12,15,0.947916,22,,,0,7623
d04238471a861d8e,,12,19,0.889926,84,,,0,7624
d0450345a0f6e8ed,,19,18,0.914178,196,,,0,7625
d0461abe60050d86,docs\documents-atlas-index.md#chunk-61,12,13,1.047445,61,,,0,7626
d04fda30a876b717,,10,11,1.048142,28,,,0,7627
d050f2f820ef2c40,,12,14,1.075415,60,,,0,7628
d0530c89c6f6335b,,11,10,1.016671,14,,,0,7629
d054e4033919fcc0,,10,15,0.980711,33,,,0,7630
d058e8fedcb93d6a,,12,19,1.038533,84,,,0,7631
d06067c7a02cdc0d,,13,12,1.065166,22,,,0,7632
d064e5e4d7a45f72,,10,14,0.954258,36,,,0,7633
d069686eff3802a0,,19,8,1.090015,183,,,0,7634
d06ea33d5069cd20,docs\documents-atlas-index.md#chunk-742,10,14,1.05523,36,,,0,7635
d07a67861824ff0a,,12,14,0.966509,60,,,0,7636
d0812f672739045d,,11,13,0.983565,19,,,0,7637
d086adc680d71ada,,11,15,1.00234,26,,,0,7638
d0871ebf32c493d0,,19,16,1.116011,49,,,0,7639
d0902774d5c8759f,,12,14,0.971822,60,,,0,7640
d0a4a02f5f57b579,,1,17,0.953718,24,,,0,7641
d0a58fdf93e0f644,,,10,1.139121,,,,0,7642
d0afb98f0f76d794,,1,17,1.030911,24,,,0,7643
d0b5fbb06e6a549d,,,18,1.117824,,,,0,7644
d0b9ab44ab6f5683,docs\documents-atlas-index.md#chunk-37,8,,1.003431,,,,0,7645
d0bf747d3331cd11,,,13,1.077535,,,,0,7646
d0bfc38d3b2ac693,,,15,1.129796,,,,0,7647
d0cca2736a8a5089,,1,19,1.120344,95,,,0,7648
d0d18c6430a58e6a,,9,13,1.00462,11,,,0,7649
d0dbf53e14c51e65,,9,14,1.11512,22,,,0,7650
d0df2919929e8e33,,5,3,1.053464,13,,,0,7651
d0e45f393aed8f46,,3,,1.028282,,,,0,7652
d0efad1e918a46c0,,6,1,1.20096,19,,,0,7653
d0f31ca3a2f42326,,3,7,1.067705,10,,,0,7654
d0f61e2d28ef345a,,4,,1.057289,,,,0,7655
d0fa829cdfc387a7,,4,,1.164044,,,,0,7656
d102fd3882a74c0d,,10,13,1.004312,65,,,0,7657
d122439e11d92fdf,,14,19,0.912303,121,,,0,7658
d1225e104316ca92,,10,12,1.044396,28,,,0,7659
d1278cb88c4af7c5,,19,7,1.007743,165,,,0,7660
d12a02b8f4fa19d4,,19,15,1.106866,77,,,0,7661
d130bc1209b08db5,,10,14,0.958555,36,,,0,7662
d13af83c61ff4471,,19,6,1.129222,170,,,0,7663
d1427c294bb541ff,,19,19,1.023731,235,,,0,7664
d1440839cd2f5aaf,,12,19,1.006772,84,,,0,7665
d146879639a2a8a3,docs\documents-atlas-index.md#chunk-558,19,14,0.894423,76,,,0,7666
d147cd7435f2dd27,,10,13,0.923968,65,,,0,7667
d14b5ece6f7f744d,docs\documents-atlas-index.md#chunk-1076,19,5,1.164716,196,,,0,7668
d14fa604204aa7de,,19,18,1.085878,196,,,0,7669
d16554f9598dfc2a,,14,14,1.011709,30,,,0,7670
d16ba10b70892d7c,,11,19,0.946425,37,,,0,7671
d1709a4269e88b85,,11,12,0.91136,53,0.9900000000000001,,0,7672
d181eb7ce4f73e5a,,10,13,1.058449,65,,,0,7673
d188b17868343498,,9,17,0.838384,15,,,0,7674
d189342002064250,,19,13,1.032146,82,,,0,7675
d18abdc634371fdd,,15,19,1.084954,54,,,0,7676
d190a3dbf7ec1ebc,,13,19,1.022138,52,,,0,7677
d1939fbd15697f76,,10,13,0.980184,65,,,0,7678
d1945c770ea302d1,,17,19,1.086283,34,,,0,7679
d19d3c2810ec26a5,,19,18,1.045302,196,,,0,7680
d19ee794f05c6dbb,docs\documents-atlas-index.md#chunk-1021,18,1,1.050078,11,,,0,7681
d1b3a83c02f6fe27,,1,17,1.045828,24,,,0,7682
d1b7b2eade76f7fa,,2,17,1.098881,9,,,0,7683
d1d260d089f56ab1,docs\documents-atlas-index.md#chunk-400,15,18,1.088669,23,,,0,7684
d1d6ca248193eddb,docs\documents-atlas-index.md#chunk-236,6,15,1.035484,11,,,0,7685
d1e28fd89b704fea,,6,15,1.083741,11,,,0,7686
d1e8c88be87348bb,,10,19,0.983139,49,,,0,7687
d1ec1dd45145b330,,,9,1.13322,,,,0,7688
d1edcfb8f151fffc,,6,11,1.171507,5,,,0,7689
d1f5a46af58de26a,,3,17,1.139903,7,,,0,7690
d1f82819f48380fe,,15,18,1.01577,23,,,0,7691
d20b19702a37629b,,19,19,0.971692,235,,,0,7692
d21b88a6e7bd7aad,,19,18,1.00778,196,,,0,7693
d22013132d908eb4,,12,19,0.988398,84,,,0,7694
d2219a94ed2b6aeb,,19,4,1.01063,58,,,0,7695
d24019370aace16b,,19,13,1.100949,82,,,0,7696
d249be2a313df16c,,19,7,1.105243,165,,,0,7697
d24ec84399ca5e1a,,18,,1.035112,,,,0,7698
d2556e2b68a808c4,,17,19,1.035026,34,,,0,7699
d25a2edcc6c34bc9,,14,12,1.129968,21,,,0,7700
d25b846c7dc61004,,15,19,1.058249,54,,,0,7701
d25b930a503f8d1c,,13,16,1.045649,8,,,0,7702
d2602d9b5eefc296,,19,7,1.162863,165,,,0,7703
d268766c8d1b3eed,,12,19,0.943526,84,,,0,7704
d26a1c1f20360280,,14,12,1.155552,21,,,0,7705
d26aa429a4869b1f,,10,15,0.957358,33,,,0,7706
d27a3b95d2edc28f,,15,8,1.068287,16,,,0,7707
d281617e419fe8b6,,19,13,0.993435,82,,,0,7708
d286724070cd7f9e,,15,19,1.021528,54,,,0,7709
d28cbd619cc34bc4,,12,,1.064024,,,,0,7710
d28d118ce98d6ddc,,16,19,1.024553,43,,,0,7711
d2a4c61c5ab602b4,,11,19,1.04508,37,,,0,7712
d2d9b7ddfc024c67,docs\documents-atlas-index.md#chunk-420,1,14,1.040118,15,,,0,7713
d2e57d1afa906c49,,3,8,0.953288,5,,,0,7714
d2e603d2cecd5e7a,,10,8,1.132385,27,,,0,7715
d2eee3bdf0dbdc9a,docs\documents-atlas-index.md#chunk-401,10,11,1.267808,28,,,0,7716
d2f964df30d4feca,,15,19,1.054923,54,,,0,7717
d2fd0a2dbe582481,,4,1,1.004603,11,,,0,7718
d3037eb0e3bb15ae,,19,16,1.110988,49,,,0,7719
d303897ae4685e7a,,12,19,0.882133,84,,,0,7720
d30efe34f510157c,,11,5,1.13225,8,,,0,7721
d3128e01f69421ff,,19,18,1.057926,196,,,0,7722
d315390ca7e9ca19,,12,13,0.990145,61,,,0,7723
d31623310e106326,,12,15,1.032259,22,,,0,7724
d32a9dbfba236fee,,14,19,1.118209,121,,,0,7725
d33a16d27b1d79bb,,19,17,1.002869,49,,,0,7726
d346197d1b8d69f7,,15,19,0.987909,54,,,0,7727
d3480d4f21dfdc4a,,12,13,1.10663,61,,,0,7728
d360208110b87648,,14,14,0.989293,30,,,0,7729
d3634b65e9fe10af,,19,18,1.059941,196,,,0,7730
d379158c3329eac0,,13,15,0.98594,41,,,0,7731
d37c61b6173dffae,,19,17,1.012299,49,,,0,7732
d37c6ed8e04a14dd,docs\documents-atlas-index.md#chunk-1124,19,15,1.083394,77,,,0,7733
d384b666d0d654ae,,13,19,0.984607,52,,,0,7734
d39ec3ab715e5342,,19,6,1.062508,170,,,0,7735
d39f7982af116bb7,,14,7,1.072807,6,,,0,7736
d3a2f8dd65d7a557,docs\documents-atlas-index.md#chunk-790,,16,1.071895,,,,0,7737
d3b058955ad5f611,,,,0.984779,,,,0,7738
d3c09cab1d63df9b,,1,13,1.013101,20,,,0,7739
d3d05ab2406c782b,,9,9,1.132717,3,,,0,7740
d3e83f85a38967a2,,3,5,0.927378,7,,,0,7741
d3eedef20a925134,,,15,1.124008,,,,0,7742
d3f2504bee439d52,,2,9,0.982285,22,,,0,7743
d407829e521df18f,,19,14,1.038493,76,,,0,7744
d412e779e3aae383,docs\documents-atlas-index.md#chunk-398,19,7,0.970423,165,,,0,7745
d4131d11d014df02,,10,11,1.039835,28,,,0,7746
d41e6ed034016d85,,12,12,1.080143,14,,,0,7747
d42390c0e8bbce96,,19,9,1.04951,88,,,0,7748
d42616b8f03f00da,,19,15,0.987187,77,,,0,7749
d464e39b8af11860,docs\documents-atlas-index.md#chunk-268,11,18,0.99597,30,,,0,7750
d467d7e0a27d2966,,19,6,0.993565,170,,,0,7751
d468d9c4c6ec57c3,,19,7,1.083423,165,,,0,7752
d46a17092a2bd314,,19,7,1.007589,165,,,0,7753
d46b74d869363849,,19,14,0.870211,76,,,0,7754
d47e98d1d68eea37,,19,8,1.023399,183,,,0,7755
d48587c15165dd28,,12,13,0.917359,61,,,0,7756
d48940734f12fc5e,,7,19,0.950475,15,,,0,7757
d489bebda38e87c4,,19,5,1.134595,196,,,0,7758
d4900bb3e5781cbb,,12,13,1.09012,61,,,0,7759
d4a78d903ccdda22,,1,,1.104323,,,,0,7760
d4b3d28272908a22,,4,16,0.790743,10,,,0,7761
d4bb3f8086fa4a08,,7,,1.053424,,,,0,7762
d4c934f767fa0796,docs\documents-atlas-index.md#chunk-814,16,15,1.10523,43,,,0,7763
d4d48a9579d8e306,,,,0.942675,,,,0,7764
d4db8cc08d4852e9,,5,1,1.113883,15,,,0,7765
d4ec2405df0b8dae,,10,6,1.101306,10,,,0,7766
d4ee9a493cbb8664,,6,,0.930558,,,,0,7767
d4f85f4359ac0a9b,,9,8,1.009778,17,,,0,7768
d4f8fdddd3bbdba3,,8,12,1.267822,14,,,0,7769
d4f96357050844cf,,16,19,0.968652,43,,,0,7770
d4fe3e1639efd8e7,docs\documents-atlas-index.md#chunk-176,3,,1.185839,,,,0,7771
d503f7db70cdc4ac,,15,19,1.106836,54,,,0,7772
d50a1e0306b84923,,13,11,1.033967,14,,,0,7773
d50e6bda29a0be88,,14,12,1.109138,21,,,0,7774
d50f7caaec8bd722,,19,7,1.044827,165,,,0,7775
d515f913713164b1,docs\documents-atlas-index.md#chunk-414,11,18,0.960571,30,,,0,7776
d517c67f35d42b3e,,12,19,0.864167,84,,,0,7777
d51826ae34c68486,,16,15,0.969756,43,,,0,7778
d51db01891c53178,,12,14,1.001606,60,,,0,7779
d5212076d27fb745,docs\documents-atlas-index.md#chunk-727,19,8,0.925174,183,,,0,7780
d524fe9772b71211,,10,13,1.028146,65,,,0,7781
d5310e7ebbf87331,,5,,1.099229,,,,0,7782
d53766358bb51f73,,11,14,0.970356,30,,,0,7783
d53781b6f0c143cd,,18,17,0.937253,20,,,0,7784
d54c88efe89b7ff2,,19,10,1.111422,64,,,0,7785
d5677f71f58695d5,,19,10,1.002772,64,,,0,7786
d56c48d24b9b57ac,,19,17,0.944585,49,,,0,7787
d56c923cc4f3f7a4,,19,12,0.990516,127,,,0,7788
d57232a03c3abca9,,19,9,1.025617,88,,,0,7789
d576ea0ac564c27c,,10,14,1.095824,36,,,0,7790
d57bab3c6466c866,,11,12,1.036665,53,0.9900000000000001,,0,7791
d57c9ba3fedc5b42,,13,,0.973335,,,,0,7792
d581afeff2f3a8e9,,12,13,1.174941,61,,,0,7793
d58680e61ecab0d0,,19,13,1.038872,82,,,0,7794
d58d81af16724c33,,13,15,1.018104,41,,,0,7795
d58d9e8c7ed84d0c,,8,,1.041947,,,,0,7796
d598e7fa943a88aa,,13,18,0.95456,18,,,0,7797
d59dab650c3b4402,,18,4,1.030319,17,,,0,7798
d59e3ef6bd18d0a6,,17,11,1.049975,76,,,0,7799
d5a92538270e560b,,,19,1.053902,,,,0,7800
d5af81a2121a231b,,,19,1.171948,,,,0,7801
d5c0e16de6548019,,4,16,1.031897,10,,,0,7802
d5eacc7ed01e2a37,docs\documents-atlas-index.md#chunk-117,9,4,1.041565,12,,,0,7803
d5f7721ce0a16e80,,9,13,1.065018,11,,,0,7804
d5f8a91d2c6d1cf0,,11,19,1.109516,37,,,0,7805
d60fd03578c80854,,12,14,1.057662,60,,,0,7806
d6104ab3d2f4399c,,19,16,1.042772,49,,,0,7807
d6149304faa38156,,19,8,1.045937,183,,,0,7808
d615be5c65e2180c,docs\documents-atlas-index.md#chunk-592,11,15,1.028535,26,,,0,7809
d6250c28dd12689c,,11,9,1.042958,7,,,0,7810
d627424a808fe8fb,,19,15,0.967888,77,,,0,7811
d63caefc92ab633d,,15,14,1.149387,18,,,0,7812
d6487441be0872b3,,13,17,1.001635,13,,,0,7813
d64874d701eb02f8,,19,16,0.976345,49,,,0,7814
d6587ebf1673a62d,,16,13,1.04074,18,,,0,7815
d659cdb595a92efa,,11,15,0.982908,26,,,0,7816
d6681930e597a25a,,19,11,0.870414,51,,,0,7817
d669e1ea70a21956,,13,15,0.963769,41,,,0,7818
d66c42222f8d3566,,19,6,0.937558,170,,,0,7819
d6722c211c36c688,,18,10,1.016602,57,,,0,7820
d6744a3944982b14,,10,12,0.896424,28,,,0,7821
d6754c6921a832e5,docs\documents-atlas-index.md#chunk-386,19,18,1.022022,196,,,0,7822
d68a1b1fe4d7e27c,,14,10,1.130103,9,,,0,7823
d69b90a211f2fec4,,19,14,0.998146,76,,,0,7824
d69c476e3c8eb99a,,19,13,1.057374,82,,,0,7825
d6a0ced31e87b4e8,,,15,1.018296,,,,0,7826
d6a2b307f2260661,,4,16,0.951302,10,,,0,7827
d6a303374e290fc1,,11,19,1.092022,37,,,0,7828
d6aa96284a66ce23,,1,15,0.914186,9,,,0,7829
d6b21d03737c2b4a,,9,8,1.001862,17,,,0,7830
d6b57b8c03ec3833,docs\documents-atlas-index.md#chunk-393,3,,1.022075,,,,0,7831
d6ba7d942dd908a6,docs\documents-atlas-index.md#chunk-96,6,,1.021257,,,,0,7832
d6bceed3ddc8f91e,,11,,1.059961,,,,0,7833
d6bd5da8d06e3571,,9,4,1.048576,12,,,0,7834
d6c6e1142400f4e0,,1,19,1.033654,95,,,0,7835
d6c781ee2e8d1109,,,,1.160586,,,,0,7836
d6c9f86c8a86c697,,1,17,0.862524,24,,,0,7837
d6cabbbf9b255515,,,13,1.125315,,,,0,7838
d6ccfd7d19ddec47,,10,11,1.182514,28,,,0,7839
d6cea29787c0dca4,,10,14,1.114937,36,,,0,7840
d6e33445123dd614,,,,1.087775,,,,0,7841
d6e7120e4c23d89f,,1,18,0.948179,30,,,0,7842
d6ec9998e78755e4,,5,4,1.041651,7,,,0,7843
d6ed1ba76d065691,,4,2,1.03975,16,,,0,7844
d6f5b1a168e9683c,docs\documents-atlas-index.md#chunk-495,,19,0.984292,,,,0,7845
d6f85eb71abb8ca5,,10,10,1.114592,4,,,0,7846
d6fe4a6b38712fe2,,5,1,1.054883,15,,,0,7847
d6fec9b1c56f4094,,18,6,1.049416,26,,,0,7848
d7002a01472e8300,,19,7,1.009052,165,,,0,7849
d702e72a185797d3,,12,19,0.905426,84,,,0,7850
d71aa4aa6aef952d,docs\documents-atlas-index.md#chunk-776,15,19,1.135288,54,,,0,7851
d71c32e6b8c5e5a0,,19,12,0.989577,127,,,0,7852
d71f55a38b85f234,,19,12,1.007028,127,,,0,7853
d72098e5dee4a3a7,docs\documents-atlas-index.md#chunk-882,19,12,1.044216,127,,,0,7854
d7247631946e8780,,19,7,0.882271,165,,,0,7855
d72527dbe1d3eec2,,19,12,1.041075,127,,,0,7856
d72870389b642c53,,12,15,0.891504,22,,,0,7857
d72dfbb71146897b,docs\documents-atlas-index.md#chunk-1141,11,14,1.064879,30,,,0,7858
d73eb72ee3ae11e4,,19,5,1.099794,196,,,0,7859
d74335fc6ae1af52,,13,14,1.023677,20,,,0,7860
d74e928b432faf0a,,14,14,1.040874,30,,,0,7861
d75346c9f8ffb87b,,19,12,0.984494,127,,,0,7862
d758fcf05b6b60e5,,19,5,1.124134,196,,,0,7863
d75d49ad421a678c,,19,15,0.966775,77,,,0,7864
d766706ff7f26038,docs\documents-atlas-index.md#chunk-1247,13,13,0.993086,35,,,0,7865
d783fdf7f626e83a,,9,12,1.026578,28,,,0,7866
d7844935932e4087,,19,7,0.848718,165,,,0,7867
d787ab5dcf033344,,9,12,1.050851,28,,,0,7868
d78801f7e55a71c5,,19,13,0.977183,82,,,0,7869
d78c875361d839fd,,19,19,0.769166,235,,,0,7870
d78e21ea9ddabb4d,,14,14,1.114183,30,,,0,7871
d78f3c492541a82d,,14,12,0.986166,21,,,0,7872
d7921ddecda8200b,,14,12,1.156247,21,,,0,7873
d7a9ee9d81b0f350,,8,12,1.073859,14,,,0,7874
d7b8c64d471d1d83,,8,15,1.025474,4,,,0,7875
d7bf3f82fe5920c4,,7,1,1.046856,11,,,0,7876
d7c06cfdfc1815e3,,,6,1.177759,,,,0,7877
d7c4db84a0bddffa,,9,12,1.131082,28,,,0,7878
d7c899ad82ecc24d,,16,15,1.114195,43,,,0,7879
d7d0320a04cce1be,,18,18,1.105118,45,,,0,7880
d7d4b87e2590ab1e,,3,18,0.832043,14,,,0,7881
d7d4d9d8c20a8922,,1,14,1.019,15,,,0,7882
d7d9fee0b8c2b55e,,,12,1.034037,,,,0,7883
d7de44750b371b4e,docs\documents-atlas-index.md#chunk-388,2,19,1.02281,29,,,0,7884
d7e1c5fc7f92297f,,6,19,0.970404,38,,,0,7885
d7e2a4fc7659a799,,,16,1.005115,,,,0,7886
d7e34978a7050f6c,,6,10,0.843371,6,,,0,7887
d7ec4ff4a6adae41,,10,7,1.143801,12,,,0,7888
d7f04e9ca20b4588,,3,3,0.996436,9,,,0,7889
d7f713e9443411e5,,17,18,1.026789,20,,,0,7890
d7f7c73b135b1ca0,,6,19,1.093863,38,,,0,7891
d801a6d30e6a24aa,,15,19,1.012286,54,,,0,7892
d80277e43b4785cf,,16,19,0.822217,43,,,0,7893
d806bae9b149f0aa,,19,12,1.057443,127,,,0,7894
d807b67b7ad5ce6f,,12,19,0.981048,84,,,0,7895
d8082e3bd0f55e18,docs\documents-atlas-index.md#chunk-744,11,12,1.033847,53,0.9900000000000001,,0,7896
d80eb50c56778351,,12,16,1.05752,30,,,0,7897
d81a39e844d7be66,docs\documents-atlas-index.md#chunk-671,19,14,0.96643,76,,,0,7898
d828b8c05eb29c5e,,11,18,0.94257,30,,,0,7899
d8297d3a90688ad4,,12,14,0.950677,60,,,0,7900
d83ecaf6584b90b5,,19,5,1.064077,196,,,0,7901
d84e43fae7f94c7d,,15,19,1.028694,54,,,0,7902
d8515613b70a6236,,19,8,0.847078,183,,,0,7903
d857f0c5b43acf89,,19,6,0.999303,170,,,0,7904
d863307bfb2349ea,,14,19,0.919835,121,,,0,7905
d86e0f630653b727,,18,11,1.04185,40,,,0,7906
d86e967e1fa82bdf,,15,19,0.935782,54,,,0,7907
d876edeff5d3696e,,11,14,1.115622,30,,,0,7908
d879b914bdc15de3,,11,16,1.032936,16,,,0,7909
d879e6d624087dea,,12,19,0.830037,84,,,0,7910
d87a682c74c33c5d,,15,19,0.922715,54,,,0,7911
d88a045d787e178c,,19,18,1.027919,196,,,0,7912
d88be511bec4bef3,,12,15,1.131799,22,,,0,7913
d89a233636e8c740,,19,12,0.901792,127,,,0,7914
d89b0b00221d6f96,,19,,0.962215,,,,0,7915
d89fd0b1bfff1b1a,,13,,1.112403,,,,0,7916
d8ad48523e07a43a,,1,18,1.007035,30,,,0,7917
d8b3b26018750858,,1,18,0.847762,30,,,0,7918
d8ba53c30f3e9d50,,,15,1.143683,,,,0,7919
d8ca25416956cd96,,2,13,0.969591,2,,,0,7920
d8cd6646959e5ffd,,16,19,1.040853,43,,,0,7921
d8d0a92fb19b6854,docs\CODEBASE_DIRECTORY_MAP.md#chunk-3,8,12,1.072931,14,,,0,7922
d8d5224eb24b93df,,14,18,1.075485,16,,,0,7923
d8d6547169cf6cd9,docs\documents-atlas-index.md#chunk-1199,15,18,1.018965,23,,,0,7924
d8dacc0fcce76ae4,,10,,1.170537,,,,0,7925
d8e14db3726a9787,,1,7,1.03408,9,,,0,7926
d8e20de3a1989c09,,3,9,0.933803,17,,,0,7927
d8e2881bd6b6547b,,4,1,1.067687,11,,,0,7928
d8ea94eacd556de0,,4,11,1.129261,5,,,0,7929
d8ec941ca78f6b64,,6,5,1.035697,10,,,0,7930
d8ecf06fe64fae53,,6,12,1.173342,3,,,0,7931
d8ee4cd441df9979,,6,,1.169998,,,,0,7932
d8f575bf2525476a,,3,18,1.060491,14,,,0,7933
d8f5f40ce44d9b66,,7,14,1.055877,3,,,0,7934
d8fcb68e72f5f2aa,,15,19,1.073412,54,,,0,7935
d8fd96d77850511b,,,19,1.000092,,,,0,7936
d9008255fa5192dd,,14,19,0.958344,121,,,0,7937
d913fcc99b66083d,,10,18,1.042455,28,,,0,7938
d9146b832832ec00,,10,12,0.928034,28,,,0,7939
d919ffb7060fb6e3,docs\documents-atlas-index.md#chunk-612,19,7,1.033748,165,,,0,7940
d91e7523d0e8fcd7,,19,18,1.01712,196,,,0,7941
d921ac2eb0d8e223,,11,12,1.141691,53,0.9900000000000001,,0,7942
d92350d2f05c40cb,,19,15,1.010137,77,,,0,7943
d936c616988982eb,,12,19,0.795671,84,,,0,7944
d938515a8d388e7d,,12,19,0.786468,84,,,0,7945
d939b5d1abb1e2b3,,13,14,1.106522,20,,,0,7946
d939db685f00bcb4,docs\documents-atlas-index.md#chunk-351,10,14,0.943269,36,,,0,7947
d942c2f51dc09b6a,docs\documents-atlas-index.md#chunk-445,11,18,0.864341,30,,,0,7948
d9441f5eb12a453d,,19,7,1.127009,165,,,0,7949
d9469aeab5f1d107,,16,11,1.044687,26,,,0,7950
d94ec3ce52a38c47,,15,19,1.000987,54,,,0,7951
d9558653b6e7d4a4,,19,12,0.902654,127,,,0,7952
d96c4a4558d92ab5,,19,18,0.987492,196,,,0,7953
d970a5eafa699619,docs\documents-atlas-index.md#chunk-367,10,17,1.056166,23,,,0,7954
d9777ba01d3b1ebc,,15,19,1.077587,54,,,0,7955
d97a29118d4070b9,,19,19,0.97003,235,,,0,7956
d9823b80d36795a0,,19,10,0.969275,64,,,0,7957
d9859929233c4aa4,,13,16,0.94784,8,,,0,7958
d98d9300d675c3d8,,19,12,0.906893,127,,,0,7959
d992c7c776cfd5a6,docs\documents-atlas-index.md#chunk-1255,19,14,1.077277,76,,,0,7960
d9942c64a4630df5,,11,12,0.976465,53,0.9900000000000001,,0,7961
d998af9d914d290e,,11,14,1.019523,30,,,0,7962
d999d66940921946,docs\documents-atlas-index.md#chunk-754,10,16,0.864541,18,,,0,7963
d9a498980a753ec1,,5,17,0.922856,5,,,0,7964
d9a8f556a0e5ff61,,5,13,0.974255,5,,,0,7965
d9b3d6ea225f277d,,3,18,1.067198,14,,,0,7966
d9bab586fe276480,,1,15,1.048217,9,,,0,7967
d9c7fd66369e674f,,8,13,0.993349,8,,,0,7968
d9c9112f180fb65a,,,,1.138682,,,,0,7969
d9c9b912a3f73d30,,8,12,0.952506,14,,,0,7970
d9c9f79dbee32a7b,,7,17,1.002853,13,,,0,7971
d9cdcfbf7e8f190c,,8,,1.230291,,,,0,7972
d9dc6604280c9820,,2,,1.049784,,,,0,7973
d9dc97f32f525f64,,,15,0.98826,,,,0,7974
d9e78715c3178103,,2,7,0.900412,6,,,0,7975
da03ff677d10d774,,1,19,1.079977,95,,,0,7976
da0c78bb8923708e,,19,17,0.833201,49,,,0,7977
da15a2ec1f84c851,,14,15,1.078847,11,,,0,7978
da1b2c45fe70b3fc,,19,19,1.072856,235,,,0,7979
da1da933f17ed9e2,,19,6,1.011466,170,,,0,7980
da24c889bf8f9ddb,,12,19,0.965289,84,,,0,7981
da25de4054b58321,,11,12,1.112659,53,0.9900000000000001,,0,7982
da27b568d4f5ad78,,11,13,1.009467,19,,,0,7983
da3180f03d9e854e,,18,16,0.951051,49,,,0,7984
da32b2405d76ab35,,1,19,0.941652,95,,,0,7985
da426759815ab704,,19,13,0.915629,82,,,0,7986
da438faad10549ed,,19,18,0.973415,196,,,0,7987
da4596f296abb804,,19,14,0.9211,76,,,0,7988
da48d1983f7f0179,,19,5,0.98497,196,,,0,7989
da4e6ef1821d877f,docs\documents-atlas-index.md#chunk-266,19,16,1.035052,49,,,0,7990
da52da6cb8ec2a3e,,14,,1.127916,,,,0,7991
da5c6b34a0838df8,,19,18,0.974369,196,,,0,7992
da5f4ecf7761bf68,,19,14,1.133675,76,,,0,7993
da62fbe90584a3b0,,19,16,1.023509,49,,,0,7994
da699593dc480dd2,,19,19,0.944198,235,,,0,7995
da70170fd6a7a11b,docs\documents-atlas-index.md#chunk-586,19,19,0.997585,235,,,0,7996
da72eb92efd715c0,,12,,1.146095,,,,0,7997
da78c36e82dc7fbf,,15,19,0.952034,54,,,0,7998
da7e4fe9bc2aba89,,15,,1.06294,,,,0,7999
da7e627049177670,,19,15,0.92113,77,,,0,8000
da81ee30f9bd8f89,,15,,1.064459,,,,0,8001
da83b561bf48b99a,,1,19,0.977956,95,,,0,8002
da83bf09029bb2c6,,19,7,1.10587,165,,,0,8003
da84bc0b0b088486,,9,15,1.097683,19,,,0,8004
da875fdb40fd7f3b,docs\documents-atlas-index.md#chunk-1190,19,18,1.087501,196,,,0,8005
da87879d604e2ccd,,19,19,0.876381,235,,,0,8006
da8a03f5605cc131,,19,13,0.966395,82,,,0,8007
da8b93a004299864,,19,15,0.856292,77,,,0,8008
da903bfa645b0a03,docs\documents-atlas-index.md#chunk-817,15,14,1.093647,18,,,0,8009
da946554e90d8f7c,,13,17,1.016731,13,,,0,8010
da98fbdd9d7a3f14,,19,,1.136695,,,,0,8011
da9918135fd31a8a,,19,19,0.92706,235,,,0,8012
daa43aaa80744958,,1,11,1.029426,7,,,0,8013
daa63aa38be17720,,,12,1.08269,,,,0,8014
daa974a2ecf2b77b,,,18,1.038919,,,,0,8015
daaddaef02cb94db,docs\documents-atlas-index.md#chunk-709,19,18,1.179196,196,,,0,8016
dac07eddf4f52357,,2,8,1.149863,8,,,0,8017
dacb2f40808e030f,,6,,1.137565,,,,0,8018
dad737bbe081e3fc,,18,18,1.02283,45,,,0,8019
dae59184af28d3a7,,1,13,1.025329,20,,,0,8020
daeb26d72f3058ad,,18,18,0.941461,45,,,0,8021
daf1a919f468c620,,1,14,0.981409,15,,,0,8022
daf4dff255a22b2b,,,18,1.145452,,,,0,8023
daf714d00131d6ab,,18,18,0.964133,45,,,0,8024
db047a12aaa7dbf2,,19,19,1.116469,235,,,0,8025
db22311d4fbff9a1,docs\documents-atlas-index.md#chunk-533,19,19,1.135737,235,,,0,8026
db24b9d0256cdc0a,,,19,1.033131,,,,0,8027
db26547980485ebc,,19,19,0.6449,235,,,0,8028
db2707428b40301b,,19,19,0.918025,235,,,0,8029
db36c50c215f01c0,,18,19,1.028422,56,,,0,8030
db3aed5fdbff316a,docs\documents-atlas-index.md#chunk-432,13,,1.169243,,,,0,8031
db4bc742be0636be,,19,19,1.001553,235,,,0,8032
db4c65b4ebfc62ba,,19,18,0.983529,196,,,0,8033
db5451822f625c5b,docs\documents-atlas-index.md#chunk-898,13,19,0.897113,52,,,0,8034
db6cb67d51ea7083,,19,18,1.10364,196,,,0,8035
db70f19d804dc27f,,15,19,1.109399,54,,,0,8036
db712367eb12e016,,19,10,1.028316,64,,,0,8037
db7664707364da06,,13,13,0.965653,35,,,0,8038
db7adbb5fe024312,,12,,1.06348,,,,0,8039
db8314351a90fc2a,,19,19,0.902689,235,,,0,8040
db840dae7ad6f03c,,18,18,1.092747,45,,,0,8041
db8e2fe7af1e225c,docs\documents-atlas-index.md#chunk-908,13,,1.092714,,,,0,8042
db91690084c583d2,,19,19,0.78064,235,,,0,8043
db94b70821bdacd0,,18,19,1.065928,56,,,0,8044
dba2bc2ce47d1c4d,,7,10,1.145934,3,,,0,8045
dba3d3cd07b0ed23,docs\CODEBASE_INDEXING_PIPELINE.md#chunk-4,,16,1.103426,,,,0,8046
dbb117fad9dc8f48,,17,15,1.129831,78,,,0,8047
dbb1975a23dbc5aa,docs\documents-atlas-index.md#chunk-512,18,18,1.022775,45,,,0,8048
dbb7b2678de11765,,,19,0.972625,,,,0,8049
dbbb307818a0628a,,19,18,0.951437,196,,,0,8050
dbbd0f05f177419c,,7,5,1.035708,11,,,0,8051
dbc1c1269a65b71e,,1,19,0.864732,95,,,0,8052
dbd6d99b4f2c5b82,,1,18,1.071119,30,,,0,8053
dbe34471056438ae,,19,19,0.874395,235,,,0,8054
dbe4e7c4a42a3e55,,1,14,1.068976,15,,,0,8055
dbec5bfd6c6602c6,,18,18,1.149914,45,,,0,8056
dc034f2f8bf7df93,docs\documents-atlas-index.md#chunk-167,12,13,1.131284,61,,,0,8057
dc0c3513edafec7a,,15,,1.142605,,,,0,8058
dc16a095089e985f,,18,19,0.977216,56,,,0,8059
dc19dd318c60b7e3,,19,19,1.128648,235,,,0,8060
dc1dd08301a460c6,docs\documents-atlas-index.md#chunk-290,19,18,0.887464,196,,,0,8061
dc1fee76a9d988b6,,14,,0.99498,,,,0,8062
dc22dac59fb5f487,,13,13,1.111949,35,,,0,8063
dc29cfbaf14bc2bb,,19,15,1.212018,77,,,0,8064
dc2b5dbbca50eacb,,19,19,1.116866,235,,,0,8065
dc3595ec5167d062,,18,13,0.922893,53,,,0,8066
dc495a0415d5a4fd,,19,19,0.90169,235,,,0,8067
dc5d58e41f84d95e,,19,17,0.969188,49,,,0,8068
dc61b9daa5800cd0,,14,19,1.036112,121,,,0,8069
dc69f54f5c4b625b,,13,19,1.088918,52,,,0,8070
dc6b3353ac8ebb2b,,15,5,1.077674,14,,,0,8071
dc6c1191f9f115e7,,19,18,0.890591,196,,,0,8072
dc6f1d75e9b45d1f,,11,,1.020633,,,,0,8073
dc7556371a99aaf4,docs\documents-atlas-index.md#chunk-572,19,19,0.888202,235,,,0,8074
dc79819dea187c54,,14,19,1.036837,121,,,0,8075
dc830fb0393350c8,,19,16,0.900139,49,,,0,8076
dc888181f4cd3047,,19,15,1.032836,77,,,0,8077
dc88ef8e9aa69f54,,10,14,1.101463,36,,,0,8078
dc8db107fc0478e9,docs\documents-atlas-index.md#chunk-731,19,19,1.081716,235,,,0,8079
dc8de624139dc57f,,19,18,0.997279,196,,,0,8080
dcab039682c710e3,,19,18,0.959854,196,,,0,8081
dcabf22c992b0c65,,19,,1.189935,,,,0,8082
dcafa05a63299b6a,docs\documents-atlas-index.md#chunk-827,1,19,0.997942,95,,,0,8083
dcbeb50dee20048c,docs\documents-atlas-index.md#chunk-1028,4,18,1.149987,6,,,0,8084
dcc2ed569b79ac3c,,,18,0.912399,,,,0,8085
dcc657c5bdbc6224,,10,,1.156503,,,,0,8086
dcce4a217a847679,,3,,0.997437,,,,0,8087
dcd46ac3edb87be8,,2,10,1.120481,27,,,0,8088
dce427c86581a3b3,docs\documents-atlas-index.md#chunk-567,19,16,0.976547,49,,,0,8089
dce662de92405d16,docs\documents-atlas-index.md#chunk-762,,16,1.058617,,,,0,8090
dce9b68b2faee88a,,,19,1.106944,,,,0,8091
dcf7fdf693ed2850,,12,,1.168996,,,,0,8092
dcfa44b05e92d29a,,,19,0.983171,,,,0,8093
dcfc61f05f391839,,,19,1.086136,,,,0,8094
dd051c2fc4463b12,,12,11,1.071062,13,,,0,8095
dd1124091de4b294,,19,19,1.038006,235,,,0,8096
dd14958a57150f0b,,13,19,0.857641,52,,,0,8097
dd1c7a842591d8d5,,19,18,0.885827,196,,,0,8098
dd2322008d7779df,,19,19,0.788479,235,,,0,8099
dd2c06ca74b38a0d,,19,19,0.885785,235,,,0,8100
dd2cbe02ab0bfe6a,,14,,1.049001,,,,0,8101
dd3667b5a652d382,docs\documents-atlas-index.md#chunk-1186,18,13,0.907824,53,,,0,8102
dd3b95329780a8f4,docs\documents-atlas-index.md#chunk-672,19,17,0.849241,49,,,0,8103
dd3e388aed3de1b9,,19,13,1.05296,82,,,0,8104
dd3e9af20abbe3ef,docs\documents-atlas-index.md#chunk-1000,19,18,1.027778,196,,,0,8105
dd41b5559445c4ec,,19,19,0.906211,235,,,0,8106
dd42b176e8e8642d,,18,19,0.999905,56,,,0,8107
dd48aedfdadd647f,,13,,1.185763,,,,0,8108
dd4e2c6ed0b33216,,19,18,1.088167,196,,,0,8109
dd4e64b40e1d2842,,19,15,1.087949,77,,,0,8110
dd5105ff48c6e286,docs\documents-atlas-index.md#chunk-279,17,15,0.976239,78,,,0,8111
dd52435b2af7b515,,19,19,1.034115,235,,,0,8112
dd5e00552a625465,,19,19,0.944901,235,,,0,8113
dd63f7ee24e29d44,,14,19,1.013025,121,,,0,8114
dd71168b56cf8a10,docs\documents-atlas-index.md#chunk-513,18,19,1.060841,56,,,0,8115
dd7c7c15fa10da6a,,11,3,1.110021,4,,,0,8116
dd7ccfbfbb4caeec,,14,,1.164506,,,,0,8117
dd84e3bb7c4b4c92,,12,17,1.081227,15,,,0,8118
dd85dece3870d7a1,,19,16,1.105828,49,,,0,8119
dd90e81428be06af,,18,19,0.950928,56,,,0,8120
dd92072fe39c615a,,19,15,1.002249,77,,,0,8121
dd947ce52b297db7,,19,19,0.97329,235,,,0,8122
dda6f41e6e5b6a6e,,5,19,1.077989,21,,,0,8123
dda82b1be43aeec4,,2,9,1.141753,22,,,0,8124
ddb191cd60fb37c0,,17,17,1.073366,51,,,0,8125
ddb3d6568ef125b5,,,19,1.081192,,,,0,8126
ddb4382cede17a14,,2,9,1.115296,22,,,0,8127
ddcd6a5845098b33,,4,9,1.000034,4,,,0,8128
ddcddf32250c3401,docs\documents-atlas-index.md#chunk-241,6,,1.207226,,,,0,8129
ddce4aa5b3fbedfb,,19,18,1.208678,196,,,0,8130
ddd56cfa5314b5bf,,18,18,1.080463,45,,,0,8131
ddd8cf40dd6d8144,,10,,1.13152,,,,0,8132
dddaea06632fec4b,,,17,1.11269,,,,0,8133
dddb791d0470820b,,19,19,1.040025,235,,,0,8134
dde370150b94cb66,docs\documents-atlas-index.md#chunk-791,1,18,0.896449,30,,,0,8135
dde3b90dd0eec0c5,,19,18,1.238265,196,,,0,8136
ddf7c69eba75dde6,,2,15,1.069876,5,,,0,8137
ddfcf6b4237f0d9f,,,19,1.037468,,,,0,8138
de0d2ec53b5bba89,,19,,1.135433,,,,0,8139
de0dc5b997566ca7,,18,19,0.858143,56,,,0,8140
de1691f726eba6b9,,19,16,0.953263,49,,,0,8141
de1c8cadfbee8379,docs\documents-atlas-index.md#chunk-1208,13,,1.070961,,,,0,8142
de2304b48756ac48,,19,14,0.940843,76,,,0,8143
de2b8392e7e2fd11,,13,12,1.016343,22,,,0,8144
de2b986cccaf1181,docs\documents-atlas-index.md#chunk-950,15,,1.138852,,,,0,8145
de2eb094a8bfe9b6,,19,14,1.062967,76,,,0,8146
de38dcd475f56981,docs\documents-atlas-index.md#chunk-946,19,16,1.127597,49,,,0,8147
de40923e5d321637,docs\documents-atlas-index.md#chunk-71,14,19,1.003507,121,,,0,8148
de46c5db598882e4,,16,18,0.928849,13,,,0,8149
de4f45b4602f9140,,19,14,1.035432,76,,,0,8150
de55254b9457c0ed,,19,19,0.826123,235,,,0,8151
de5532ca0db6e76f,,19,19,0.992634,235,,,0,8152
de67282fba9bf057,,19,9,1.038853,88,,,0,8153
de7418cf81f42032,,17,15,0.968942,78,,,0,8154
de7e9b3a38efbbd6,,19,18,1.064064,196,,,0,8155
de87b946d18dc2ee,docs\documents-atlas-index.md#chunk-1123,19,18,1.06045,196,,,0,8156
de8d30ca3275bea3,,19,19,0.963205,235,,,0,8157
de99f9c2496a18aa,,18,17,0.903558,20,,,0,8158
de9f8ce58fd242de,,19,19,0.957777,235,,,0,8159
deafeef1c8a9d684,,12,,1.18545,,,,0,8160
deb201a4b5b7e576,,,12,1.034023,,,,0,8161
decdd4308d477f8f,,1,19,0.935235,95,,,0,8162
ded6baa9c0cb12c3,,12,,1.234313,,,,0,8163
dee1005c2efdcb6d,,14,19,1.189256,121,,,0,8164
dee6eabbd5e96d7c,,6,13,1.104222,6,,,0,8165
dee8bd505ab8ae91,,,16,1.02509,,,,0,8166
deeb0f350dde788a,,6,,1.189654,,,,0,8167
def92dfef854e2a0,,1,9,1.178305,15,,,0,8168
defcd6addc280107,,,15,1.184868,,,,0,8169
deff9bb0d9b9f2e9,,19,18,1.213223,196,,,0,8170
df08bd267a8a45e3,,19,1,1.081145,75,,,0,8171
df0d138855a17807,docs\documents-atlas-index.md#chunk-380,19,18,0.852574,196,,,0,8172
df10c40b3015aba9,,13,19,1.044853,52,,,0,8173
df1410a8943a143e,,18,16,0.887573,49,,,0,8174
df1575fd440597ca,,19,19,0.794442,235,,,0,8175
df159a7178134a92,,12,13,0.945817,61,,,0,8176
df19ff426ab6164e,,18,19,1.117109,56,,,0,8177
df2fd2decc11017d,,14,19,1.175602,121,,,0,8178
df3956d8c71be358,,18,12,0.971348,53,,,0,8179
df3bdb076ba655a7,docs\documents-atlas-index.md#chunk-496,18,19,1.063954,56,,,0,8180
df3c964f1854d843,docs\documents-atlas-index.md#chunk-53,19,15,0.977112,77,,,0,8181
df4016e5b2fc1dbc,,19,18,0.958164,196,,,0,8182
df4040625bc52e54,,18,19,1.013195,56,,,0,8183
df407a18de64a57e,docs\documents-atlas-index.md#chunk-196,16,10,1.041587,101,,,0,8184
df443a0e1cc7e6c4,,19,19,1.091717,235,,,0,8185
df477e0b1675eb60,,13,13,1.083858,35,,,0,8186
df4f9b652b31ed1e,docs\documents-atlas-index.md#chunk-1038,19,19,1.081702,235,,,0,8187
df50b51066339183,,3,19,0.924642,24,,,0,8188
df5c874bcb726c4f,,19,19,0.997104,235,,,0,8189
df5f036b9da56c33,docs\documents-atlas-index.md#chunk-1136,19,19,1.04577,235,,,0,8190
df5fb42d7b08ab5a,,13,19,1.025817,52,,,0,8191
df61b7e47c7debb7,,15,16,1.099373,22,,,0,8192
df656e5386180b90,,11,12,1.057998,53,0.9900000000000001,,0,8193
df69760634c6fa3a,,19,19,0.842592,235,,,0,8194
df6e60f63f775c69,,19,19,1.003327,235,,,0,8195
df6ec176c5d2af7d,,18,19,1.10143,56,,,0,8196
df79b3256c0eba75,,1,19,1.02317,95,,,0,8197
df7df5324f5c11da,,19,19,1.08321,235,,,0,8198
df80e5846f10f06b,,1,19,0.895302,95,,,0,8199
df811b6d4900be2e,,19,19,1.07708,235,,,0,8200
df831ee48577f605,,18,13,0.981817,53,,,0,8201
df864b46dcb9ef02,,11,11,1.125598,14,,,0,8202
df8a9706087297bf,,19,19,0.664115,235,,,0,8203
df97cb914c329303,,2,18,1.035749,14,,,0,8204
dfa161772ad377fa,,19,19,0.908684,235,,,0,8205
dfac68df9fd6dc0e,,,18,1.181603,,,,0,8206
dfb1ca094223aca2,docs\documents-atlas-index.md#chunk-794,,16,1.040971,,,,0,8207
dfb3c45224d8c4e9,,,19,1.082943,,,,0,8208
dfb48e6db512d33d,,2,9,1.042009,22,,,0,8209
dfbbef0bce5239f3,,10,,1.157426,,,,0,8210
dfc6c0452203513f,,,19,0.906581,,,,0,8211
dfc84b8eff84c85f,,2,9,1.047613,22,,,0,8212
dfdb2f89b69482fb,,19,18,1.002222,196,,,0,8213
dfe5158696cb5d72,docs\documents-atlas-index.md#chunk-834,17,17,1.09971,51,,,0,8214
dfed1777be125554,,2,3,1.044988,2,,,0,8215
dfed7fdeb30d2447,,9,1,1.213457,14,,,0,8216
e007abb0fd0ce94f,,19,6,1.085195,170,,,0,8217
e00c7cdfb50a9ee6,docs\documents-atlas-index.md#chunk-499,19,,1.085596,,,,0,8218
e00c8a017212ce74,,11,11,1.012484,14,,,0,8219
e0142ff43b66cde3,,19,12,1.127787,127,,,0,8220
e031859f1ad68aba,,14,19,0.863343,121,,,0,8221
e04009dfeb48b4f3,,19,10,1.018696,64,,,0,8222
e04647e017d28753,,19,14,0.963888,76,,,0,8223
e046d7193ecff731,docs\documents-atlas-index.md#chunk-19,19,6,1.103363,170,,,0,8224
e049a425595f35fe,,12,19,0.962,84,,,0,8225
e05531b791925f28,,12,14,0.924311,60,,,0,8226
e0626e8becac7786,,19,5,1.085468,196,,,0,8227
e0663e3f43090187,,12,13,1.09226,61,,,0,8228
e0747daf6725b170,,18,11,1.004459,40,,,0,8229
e0755e27473f1718,,19,7,0.946194,165,,,0,8230
e07be9518ce6fa77,docs\documents-atlas-index.md#chunk-660,10,13,1.024399,65,,,0,8231
e07d18e6950f0fce,,19,18,1.055521,196,,,0,8232
e0859e612cb29d4e,,10,13,0.994959,65,,,0,8233
e08b11830c91a335,docs\documents-atlas-index.md#chunk-394,19,12,0.959287,127,,,0,8234
e096a45d4e230d53,,10,17,0.936321,23,,,0,8235
e0a6f35ea4941f88,,6,15,0.975346,11,,,0,8236
e0aa31035aa21675,docs\CODEBASE_DIRECTORY_MAP.md#chunk-10,3,,0.991725,,,,0,8237
e0ab47fa51ebf690,,19,13,1.140095,82,,,0,8238
e0ce0b9da8a258db,docs\documents-atlas-index.md#chunk-757,6,1,1.108689,19,,,0,8239
e0ced2079898a09b,,1,19,0.998771,95,,,0,8240
e0e2eae02abc025d,,,18,1.212229,,,,0,8241
e0e3c6a0c0390bbc,,7,18,1.012226,15,,,0,8242
e0e3dcc1f3516058,,2,11,1.013093,10,,,0,8243
e0e62ea3527b80ad,,18,16,1.187499,49,,,0,8244
e0ed4f14e294866d,docs\documents-atlas-index.md#chunk-969,7,5,0.992465,11,,,0,8245
e0f2885e2a0af4bb,,,,1.163836,,,,0,8246
e0fadbab73f98a2b,,9,12,1.116808,28,,,0,8247
e0fcbb204198c9f4,,,15,1.208592,,,,0,8248
e101f2aa3d30196e,,10,19,0.96089,49,,,0,8249
e102873e1de2a1b8,docs\documents-atlas-index.md#chunk-714,14,19,1.066159,121,,,0,8250
e1189665562ff3c8,,19,12,0.891682,127,,,0,8251
e11ef8631d8d88b5,,19,5,1.079289,196,,,0,8252
e12255f4c8e0bb45,,12,13,1.038674,61,,,0,8253
e122dd95c47031fe,,10,18,1.030161,28,,,0,8254
e1239bea86567e0d,docs\documents-atlas-index.md#chunk-219,11,14,0.970557,30,,,0,8255
e12a9057490f6183,docs\documents-atlas-index.md#chunk-1170,19,7,1.014259,165,,,0,8256
e12da2c29958c55b,,19,14,1.037377,76,,,0,8257
e12ed196fd8d7adf,,18,1,1.067592,11,,,0,8258
e13ee27b90e103f6,,15,19,1.042095,54,,,0,8259
e14277590ec39d76,,11,14,0.956796,30,,,0,8260
e1428b20a5723235,,19,8,1.013644,183,,,0,8261
e14903fc3740f5d4,docs\documents-atlas-index.md#chunk-1296,19,13,0.974421,82,,,0,8262
e150a3a1d1fd1ef1,docs\documents-atlas-index.md#chunk-15,12,14,1.144748,60,,,0,8263
e152f4ca2c8cf9d8,,19,7,1.137798,165,,,0,8264
e15911f1eff09d79,,13,14,1.095055,20,,,0,8265
e168372148d914b1,,17,19,0.927969,34,,,0,8266
e16a08de44cafdeb,,19,18,1.089456,196,,,0,8267
e170de4e5cb8e132,,10,13,1.189396,65,,,0,8268
e17f0f03f4b47ec7,,11,8,1.078633,7,,,0,8269
e1860b298dc7d37f,,12,13,1.0568,61,,,0,8270
e187941670ccc7c2,,19,14,0.975077,76,,,0,8271
e187ebbd76a422ea,,15,19,0.929155,54,,,0,8272
e1891de63d3206f1,,19,13,1.115557,82,,,0,8273
e18ce9e0ad0cadc6,,19,4,1.083877,58,,,0,8274
e18ed7228708b236,,19,8,0.970549,183,,,0,8275
e199f84b5a036040,,10,17,1.058214,23,,,0,8276
e1a44c8c984f347a,,4,,1.081286,,,,0,8277
e1b1a8d6f60a5246,docs\documents-atlas-index.md#chunk-112,1,14,1.087785,15,,,0,8278
e1b58b76ab0f338b,,7,3,1.03449,7,,,0,8279
e1bdea7f281ddd8e,docs\documents-atlas-index.md#chunk-621,8,12,1.130223,14,,,0,8280
e1be0fb66d7ebdef,,10,8,1.31092,27,,,0,8281
e1be97cfe92bfb1a,,10,9,1.198948,6,,,0,8282
e1c4b41b87672539,,6,19,0.995702,38,,,0,8283
e1ccc39ad54d5d0f,,10,8,1.131079,27,,,0,8284
e1ce5920cd9cfb1f,,10,8,1.138057,27,,,0,8285
e1dd6e920384c15b,,4,6,1.048424,11,,,0,8286
e1de652c8128219d,,16,19,1.101638,43,,,0,8287
e1e00d7fa45aa491,,,6,1.049021,,,,0,8288
e1e49d35c79bbb45,,3,9,0.908786,17,,,0,8289
e1ee4d86ea12a0e7,,2,7,1.076836,6,,,0,8290
e1f50aaaee8a7a6f,,4,8,1.142429,5,,,0,8291
e1fecf4b16414c02,,8,12,1.083188,14,,,0,8292
e1ff883c14cfdf0e,,10,11,1.211078,28,,,0,8293
e203cc2c6a3d5ad0,,19,5,1.107282,196,,,0,8294
e21356be13b6d131,,19,13,1.027481,82,,,0,8295
e21935ed97162fb5,,14,19,0.958281,121,,,0,8296
e21dc77771e7351e,,12,16,0.946985,30,,,0,8297
e21e4cf9e0e269dc,,19,18,1.026712,196,,,0,8298
e225aef9ad3b38a8,,19,5,1.040239,196,,,0,8299
e235c065eb0461cc,,10,19,0.946912,49,,,0,8300
e236e055873f0afb,,11,19,0.915333,37,,,0,8301
e242ae6a6af9445b,,11,15,1.064308,26,,,0,8302
e2475f184cb231bb,,19,19,1.071337,235,,,0,8303
e24ae330a16db656,,19,6,0.943662,170,,,0,8304
e24f34806f713480,docs\documents-atlas-index.md#chunk-856,19,13,1.044124,82,,,0,8305
e258d937bf2995ae,,12,19,0.928452,84,,,0,8306
e26613881f948905,,12,14,1.012673,60,,,0,8307
e26e3e710f0430cf,,19,19,1.094925,235,,,0,8308
e275030a576567ac,,16,19,0.885635,43,,,0,8309
e27b67e9a456bad6,,19,12,0.962186,127,,,0,8310
e28241f5449a621f,,16,15,1.006063,43,,,0,8311
e2886d59cbf5921e,,8,,1.009204,,,,0,8312
e297fd8b5f5ebe6b,,9,15,1.08545,19,,,0,8313
e29b8f73687d1db2,,19,,1.01573,,,,0,8314
e2bb5ada80cf3ff8,,10,9,1.220837,6,,,0,8315
e2bb9fc32d873c38,docs\documents-atlas-index.md#chunk-638,5,8,1.085856,7,,,0,8316
e2bbde7056437c51,,7,11,0.94363,10,,,0,8317
e2bfa6de2e85c54d,,2,17,1.126918,9,,,0,8318
e2cd0aef0b099b76,,2,8,1.173115,8,,,0,8319
e2cde3f12c1a7c9c,,1,19,1.130904,95,,,0,8320
e2d7207e58dc2fb8,,15,19,1.132686,54,,,0,8321
e2da6602c131ed05,,3,9,0.992201,17,,,0,8322
e2e12e0d13d95534,,3,,1.033751,,,,0,8323
e2eb2187481520ea,,19,18,0.994599,196,,,0,8324
e30db8268db88930,,19,6,1.021462,170,,,0,8325
e320ece21b1e0207,,19,5,1.089715,196,,,0,8326
e3267b61f703303d,,11,10,1.041152,14,,,0,8327
e32ad812c0695dc4,,19,,1.052157,,,,0,8328
e3324344e2d4fa43,,12,13,0.998492,61,,,0,8329
e334e01d2b9e8e1a,,9,19,1.023324,70,,,0,8330
e336e40d52a0e498,,12,14,1.026635,60,,,0,8331
e33ab4eebeec654a,,19,5,1.176887,196,,,0,8332
e33c2e753f4ca5fa,,19,18,1.116239,196,,,0,8333
e34cae559c603706,,10,12,1.066936,28,,,0,8334
e3554e0716fe5eb9,,12,13,1.06203,61,,,0,8335
e355918d921d6cc3,docs\documents-atlas-index.md#chunk-781,13,17,1.016885,13,,,0,8336
e355fc6b77ac6887,,19,5,1.026406,196,,,0,8337
e361322a878cda7c,,13,15,1.029549,41,,,0,8338
e371cc6d4972fa7c,,9,15,0.954541,19,,,0,8339
e37fb27bc0d35052,,12,14,1.102096,60,,,0,8340
e380725576922e51,,11,14,0.864693,30,,,0,8341
e383bfbcb9fc2874,,19,5,1.061463,196,,,0,8342
e39026665d5fbc79,,19,6,1.010134,170,,,0,8343
e395e8bd5259db8f,,10,17,0.966576,23,,,0,8344
e39c19b0d692b84e,,19,12,0.950006,127,,,0,8345
e3bb423a74c40bc1,,17,19,1.105651,34,,,0,8346
e3bdf33ef01a1372,,19,6,1.175729,170,,,0,8347
e3c5447a9fbeb889,,,,1.062013,,,,0,8348
e3cd9194765661bb,,19,18,0.936902,196,,,0,8349
e3d08699ac13cbe3,,2,11,0.980995,10,,,0,8350
e3d2419972c34661,,,,1.004219,,,,0,8351
e3df04332b1ff5a1,,,,1.196786,,,,0,8352
e3dfd0ed828c9200,,,16,1.228908,,,,0,8353
e3e77ef37b0e2c3d,,9,8,1.086738,17,,,0,8354
e3eb84e63590ff89,docs\documents-atlas-index.md#chunk-1140,,13,0.987049,,,,0,8355
e3ec36a8636562e7,,19,17,0.975202,49,,,0,8356
e3f10c5bf77fe9e0,,1,5,1.14785,6,,,0,8357
e3f5dbb06d577757,,,15,0.991175,,,,0,8358
e400b08daec497d1,docs\error-analysis-architecture.md#chunk-3,12,19,1.044954,84,,,0,8359
e4010314b9d492a8,,19,18,0.961563,196,,,0,8360
e401ae82c3eac7da,,19,7,1.197071,165,,,0,8361
e40cde7aec2c29ed,docs\documents-atlas-index.md#chunk-1096,19,5,1.181807,196,,,0,8362
e415d477b13ea8c5,docs\documents-atlas-index.md#chunk-1183,19,7,0.96889,165,,,0,8363
e41f88883d1c5e21,docs\documents-atlas-index.md#chunk-863,19,3,1.058952,52,,,0,8364
e42070a290f6458e,,16,18,0.971289,13,,,0,8365
e4209796f71bc941,docs\documents-atlas-index.md#chunk-324,19,8,0.914547,183,,,0,8366
e4245cbb1261e93b,,14,14,1.047809,30,,,0,8367
e434913890252ec8,docs\documents-atlas-index.md#chunk-732,12,19,0.818718,84,,,0,8368
e43a6f4a9f4e7b2e,,15,4,1.120771,4,,,0,8369
e43c3f525cf45560,,8,,1.071109,,,,0,8370
e452a008964c57bd,,12,19,0.91337,84,,,0,8371
e457151750e82950,,19,14,0.991765,76,,,0,8372
e487555cb0b15ec7,,14,19,0.951659,121,,,0,8373
e48c6b843046d784,,18,11,0.976315,40,,,0,8374
e495c181c59b7b58,,19,4,0.921842,58,,,0,8375
e49b45c95e79f832,,18,11,1.002399,40,,,0,8376
e49b4bb23291d81c,,19,13,1.01724,82,,,0,8377
e4a11e3f4aee210f,,3,,1.121134,,,,0,8378
e4a37be964e40296,,4,2,1.037429,16,,,0,8379
e4a8b3933b8c406c,,1,18,0.952902,30,,,0,8380
e4ab1fef7c8e685a,,5,,1.14883,,,,0,8381
e4acc30f119768c5,docs\documents-atlas-index.md#chunk-832,12,17,1.138116,15,,,0,8382
e4adbae88ad77282,,10,,1.136016,,,,0,8383
e4b9c6b2017f6221,,,19,1.110527,,,,0,8384
e4c245277f90be53,,1,13,0.902441,20,,,0,8385
e4cf2c0320ac933d,,6,,1.115397,,,,0,8386
e4e26b6c10db807f,,3,,1.113811,,,,0,8387
e4f8a4ddcb744aeb,,10,19,0.996277,49,,,0,8388
e4fb34d908793a76,docs\documents-atlas-index.md#chunk-1117,,15,1.046728,,,,0,8389
e503abca91d07604,,12,13,1.119214,61,,,0,8390
e5114b2a11981379,,13,13,1.03713,35,,,0,8391
e515a5c52971bb6e,,4,19,0.963008,25,,,0,8392
e51c61a15351e906,,19,13,0.95232,82,,,0,8393
e51cf50fa32702e5,,14,18,1.102245,16,,,0,8394
e52a89505d35a4ab,,19,19,0.954287,235,,,0,8395
e533e692a2baa929,,19,7,1.011534,165,,,0,8396
e5372b70c4a42ce5,docs\documents-atlas-index.md#chunk-330,12,13,1.013137,61,,,0,8397
e542551113aa49e0,,19,18,0.971775,196,,,0,8398
e5440f1458a7fd44,,11,12,0.992805,53,0.9900000000000001,,0,8399
e54695273d78afd4,,12,16,0.954892,30,,,0,8400
e56184ec69e17050,docs\documents-atlas-index.md#chunk-1224,15,15,1.022357,13,,,0,8401
e562d00e21e41666,,12,16,1.004408,30,,,0,8402
e5636374e9d7f69b,,13,13,0.961033,35,,,0,8403
e56f634dfb4db412,,19,7,1.055942,165,,,0,8404
e575a20bb7ed8266,docs\documents-atlas-index.md#chunk-1132,19,6,1.098291,170,,,0,8405
e577640805de8ceb,,15,19,0.911732,54,,,0,8406
e5888a182ff48d39,,10,13,0.982869,65,,,0,8407
e58bb54f17b82143,,15,19,1.091716,54,,,0,8408
e59e7b647a48258f,,12,12,1.022287,14,,,0,8409
e5a22595230672a9,,17,18,1.018513,20,,,0,8410
e5a47aa52ddff08e,,,,1.171732,,,,0,8411
e5b5decc9a04846d,docs\documents-atlas-index.md#chunk-1127,2,17,1.064496,9,,,0,8412
e5bb1727a34e7165,docs\documents-atlas-index.md#chunk-410,6,4,0.999579,14,,,0,8413
e5bd8f8e65c221bd,,19,18,1.090973,196,,,0,8414
e5c127a8fc10f60e,,1,12,0.997743,6,,,0,8415
e5cf7cac5bf257bf,,17,19,1.145669,34,,,0,8416
e5d9b6f60f85f54d,,1,18,0.89244,30,,,0,8417
e5db7460728b8bc7,docs\documents-atlas-index.md#chunk-1050,12,14,1.065731,60,,,0,8418
e5db83852a66ceb0,,,15,1.039119,,,,0,8419
e5ef87351d3ac749,,,1,1.023063,,,,0,8420
e5f07e8ee86068bb,,4,6,1.086775,11,,,0,8421
e5f2ca5eb7e01367,docs\documents-atlas-index.md#chunk-1122,5,,1.038698,,,,0,8422
e5f67ea4b639e5fa,,1,9,1.055045,15,,,0,8423
e5fb4234b71d5ea5,,10,7,1.089373,12,,,0,8424
e5fbe0ce0ff046d5,,14,19,1.244318,121,,,0,8425
e5fcfad4228419c3,,9,12,1.166841,28,,,0,8426
e60710bda529ab11,,19,10,1.024261,64,,,0,8427
e61b341d0c027580,docs\documents-atlas-index.md#chunk-26,14,18,1.122256,16,,,0,8428
e61eb34dfdee12fa,,14,19,1.158991,121,,,0,8429
e622d75a84465049,,11,17,0.93352,9,,,0,8430
e63960789aeae240,,19,8,1.00138,183,,,0,8431
e64b83bd69ea4d41,,14,14,1.071649,30,,,0,8432
e64bf18aec2b9c96,,19,4,1.019649,58,,,0,8433
e64f8ea8cb818883,,15,9,1.010604,23,,,0,8434
e65602e41e939428,docs\documents-atlas-index.md#chunk-532,19,13,0.965614,82,,,0,8435
e66293552c9828fc,,14,19,0.804291,121,,,0,8436
e66adff553d2d165,,13,12,1.137735,22,,,0,8437
e66df23b8c96b000,,19,8,1.128015,183,,,0,8438
e677636c6509a17f,,14,17,0.947551,7,,,0,8439
e67b780e95a411d5,,19,19,0.911738,235,,,0,8440
e67bbebcd8c7dc45,,10,11,1.106011,28,,,0,8441
e6a06bc6bbc716f6,,8,,1.136983,,,,0,8442
e6a30f4be97e0e61,,5,5,1.048357,11,,,0,8443
e6a408c32f904441,,,5,1.016867,,,,0,8444
e6a5b149e3e8a4ce,,10,15,1.10182,33,,,0,8445
e6af15aed1009305,,1,7,1.131671,9,,,0,8446
e6bcc0ca9d2e7cf2,,1,19,1.193957,95,,,0,8447
e6bcc885991f21c5,,19,5,1.128045,196,,,0,8448
e6bf20612a3d04b7,,19,18,1.145194,196,,,0,8449
e6c69c0f5b562362,docs\documents-atlas-index.md#chunk-4,,,0.872408,,,,0,8450
e6ca6c7485ce3e58,,7,,0.993321,,,,0,8451
e6cbe342a29c3419,,19,5,1.073207,196,,,0,8452
e6da7a4a19f40412,,4,,1.011869,,,,0,8453
e6df85090c16d5ca,,19,19,1.07626,235,,,0,8454
e6e2f55f1ff4d013,,1,17,1.107851,24,,,0,8455
e6e42464dd44f58f,,2,12,1.012487,3,,,0,8456
e6e4828c770d377c,,6,19,1.053336,38,,,0,8457
e6f13226a080944c,,3,19,0.975131,24,,,0,8458
e6f1d3a776e2b232,,,15,0.991172,,,,0,8459
e6f7caa020bbf04b,,,15,1.194583,,,,0,8460
e6f883bf8831499f,,13,19,1.038159,52,,,0,8461
e70275554db3ed2b,,11,15,1.008952,26,,,0,8462
e70489813915f69a,docs\documents-atlas-index.md#chunk-752,14,14,0.87301,30,,,0,8463
e70696ffe398dc16,,15,12,1.015671,14,,,0,8464
e708789c6fc1417d,,14,19,0.950292,121,,,0,8465
e70940290747d419,,19,13,0.897015,82,,,0,8466
e70c1a265aeda164,,19,6,1.053278,170,,,0,8467
e7147dca3f40ac6e,,11,14,1.053884,30,,,0,8468
e71a7b30f56815e1,docs\documents-atlas-index.md#chunk-681,19,10,1.027366,64,,,0,8469
e71b966122adea55,,13,12,1.00218,22,,,0,8470
e72f40178763f844,,19,12,0.908324,127,,,0,8471
e7307433cc8f4a5e,docs\documents-atlas-index.md#chunk-444,19,6,0.985776,170,,,0,8472
e73f648419083a46,,12,14,0.963246,60,,,0,8473
e744cd0504d18107,,10,13,1.011302,65,,,0,8474
e75d183d60e60e4e,,15,19,0.955935,54,,,0,8475
e761988dd583875b,docs\documents-atlas-index.md#chunk-1188,12,17,0.882116,15,,,0,8476
e7708134298ee423,,19,8,0.972987,183,,,0,8477
e77268189939ebaa,docs\documents-atlas-index.md#chunk-938,13,19,0.814722,52,,,0,8478
e7749d07cccd28a8,,16,4,1.023058,5,,,0,8479
e776987c5694a247,,14,14,0.867994,30,,,0,8480
e77f2b1215d72dc3,,19,18,1.05514,196,,,0,8481
e795e9b303358ed9,,10,17,0.889985,23,,,0,8482
e79f5cab316befc7,,19,12,1.047583,127,,,0,8483
e7a05409060c3993,,,,0.933973,,,,0,8484
e7a64cae3e946b06,,1,10,1.016942,8,,,0,8485
e7a672afa9a5c1bc,,16,18,1.004613,13,,,0,8486
e7a70115d734e9eb,,19,17,1.029531,49,,,0,8487
e7afcbf309f7ce6d,,,17,1.08138,,,,0,8488
e7b6fda62da983a1,,10,13,1.157173,65,,,0,8489
e7bf81fc91eb2df7,,16,19,1.185601,43,,,0,8490
e7bfcf2ac6299fd8,,7,7,1.094078,7,,,0,8491
e7c11d306fadfceb,,1,,1.189015,,,,0,8492
e7c30c942c5e8cf9,,,,1.097287,,,,0,8493
e7d8068311ec3a4a,,10,12,1.097618,28,,,0,8494
e7d9ff9a7e7a06b8,docs\documents-atlas-index.md#chunk-1115,,,1.097055,,,,0,8495
e7dacc6bc07a3526,,7,1,1.072817,11,,,0,8496
e7df815bd71889c5,,19,18,1.056534,196,,,0,8497
e7e151a8251466b4,,17,17,1.038888,51,,,0,8498
e7e2c196c6002424,,2,18,0.972358,14,,,0,8499
e7e76036cc4ddf75,,2,10,1.022976,27,,,0,8500
e7f851f657db5244,docs\documents-atlas-index.md#chunk-68,16,15,1.13584,43,,,0,8501
e7f9279edcfab09c,,,,1.131605,,,,0,8502
e8019f11ed5a39c4,,19,5,1.033928,196,,,0,8503
e804daca41784093,,11,14,1.047274,30,,,0,8504
e8112b94f8da28d3,,19,7,1.063595,165,,,0,8505
e834eac4f2fe151b,docs\documents-atlas-index.md#chunk-1248,14,3,1.119086,11,,,0,8506
e841bbcf127cef78,docs\documents-atlas-index.md#chunk-1113,10,13,1.092107,65,,,0,8507
e859973c4f2a9c3c,docs\documents-atlas-index.md#chunk-95,12,19,0.914106,84,,,0,8508
e862162f5f54a5d7,,14,19,1.056343,121,,,0,8509
e8662b9a94b5bc93,,12,13,0.95272,61,,,0,8510
e866ee5d6f8d1407,docs\documents-atlas-index.md#chunk-900,19,5,1.059482,196,,,0,8511
e86ed9c9785803fb,,16,19,0.888811,43,,,0,8512
e87099866477f8f3,,19,14,0.882825,76,,,0,8513
e879258f2614d331,,19,12,0.957308,127,,,0,8514
e87a9f2bda402050,,8,,1.098854,,,,0,8515
e88985115c3584c2,,17,19,0.897832,34,,,0,8516
e88ed0d362e058e0,,19,18,1.013053,196,,,0,8517
e892218e454985aa,,16,19,0.809213,43,,,0,8518
e89c63a5aa448b97,,13,8,1.013682,11,,,0,8519
e89f759f1a7079a2,docs\documents-atlas-index.md#chunk-1276,19,19,0.99133,235,,,0,8520
e8a29fd7ce5391fa,docs\documents-atlas-index.md#chunk-982,4,9,1.145117,4,,,0,8521
e8aad1a4f298eec8,docs\documents-atlas-index.md#chunk-458,,15,1.041868,,,,0,8522
e8ae74f2d9462a71,,4,11,0.964485,5,,,0,8523
e8b39b50e32a1006,,4,4,0.969796,12,,,0,8524
e8b9e6f31095c1da,,,19,1.015723,,,,0,8525
e8c03ea7a982fc66,,2,10,0.879452,27,,,0,8526
e8c63b0596f775f5,,3,,1.001497,,,,0,8527
e8cb49050561e3f1,,19,17,1.084878,49,,,0,8528
e8d274d0bdb5cf1e,,1,16,1.077062,15,,,0,8529
e8d2ee27e61c96d4,docs\documents-atlas-index.md#chunk-649,19,5,1.150185,196,,,0,8530
e8de0691923e982f,,19,15,1.113076,77,,,0,8531
e8e1d4eb65de53be,,15,18,1.0992,23,,,0,8532
e8e70567cf8d2dc4,,10,8,1.113831,27,,,0,8533
e8e937234de678b7,,,,0.981642,,,,0,8534
e8eb4b5b55edc212,docs\documents-atlas-index.md#chunk-876,4,,1.080018,,,,0,8535
e90d1c6d966eff56,,19,8,1.077133,183,,,0,8536
e90d8d1dc4595568,,14,9,1.0571,11,,,0,8537
e90dfd9c6bbd231f,,13,,1.187674,,,,0,8538
e91ab6bfcf15e6e8,,19,10,1.144212,64,,,0,8539
e91da3d0bac61111,,13,,1.169878,,,,0,8540
e92aec46047ee953,,19,6,1.022266,170,,,0,8541
e92c8b9037cb7d57,,17,,0.9496,,,,0,8542
e9320c2ca649d795,,19,10,1.029231,64,,,0,8543
e936f3f80179387c,docs\documents-atlas-index.md#chunk-613,9,19,0.95757,70,,,0,8544
e939d4639948c266,,11,14,0.901055,30,,,0,8545
e940f71a8bf745c9,,12,19,0.972814,84,,,0,8546
e94ce9701c8adfe7,,19,2,1.045372,48,,,0,8547
e95db4bda0d70012,,14,14,1.131509,30,,,0,8548
e95eb6aa1069de93,,12,14,1.071476,60,,,0,8549
e9630f5bfb803a1a,docs\documents-atlas-index.md#chunk-1026,10,14,1.061329,36,,,0,8550
e966c58f72757ee3,,12,19,0.864901,84,,,0,8551
e969be30af331387,docs\documents-atlas-index.md#chunk-326,18,6,1.064617,26,,,0,8552
e9763d63f9a94067,,12,10,0.979277,7,,,0,8553
e988e4a4c9bed1f6,,19,9,1.04817,88,,,0,8554
e98e59665227f601,,19,12,0.923004,127,,,0,8555
e990053049df1238,,19,7,1.094351,165,,,0,8556
e998e6c0d4a73193,,13,13,1.002052,35,,,0,8557
e99f84104a6682fc,,19,19,0.851976,235,,,0,8558
e9a625cad5fe5148,,17,14,1.195571,54,,,0,8559
e9afaef4522ccc55,,,13,1.161445,,,,0,8560
e9b771a9fd29e6c8,,,10,0.996742,,,,0,8561
e9b874a70f2fd458,docs\documents-atlas-index.md#chunk-1292,,15,1.051548,,,,0,8562
e9baa767832646c7,,3,19,1.021886,24,,,0,8563
e9bc638052d6bdd0,,19,18,1.113211,196,,,0,8564
e9bd592418a9a6dd,,19,18,1.001964,196,,,0,8565
e9cac8ade9d6aeda,,14,19,1.189764,121,,,0,8566
e9cfe8a64342653d,,,19,1.011383,,,,0,8567
e9db138ec2dd923e,,7,,1.120124,,,,0,8568
e9db19157802c6bd,,19,18,1.006117,196,,,0,8569
e9e2f03edcb0c935,docs\documents-atlas-index.md#chunk-570,2,15,1.062252,5,,,0,8570
e9e7d60f6af76a71,,7,15,1.046285,6,,,0,8571
e9e7db0e8880b78d,docs\documents-atlas-index.md#chunk-1246,3,17,1.025316,7,,,0,8572
e9ec4938c5df4538,,6,,1.04656,,,,0,8573
e9fadfc1b54e4aa3,,16,,1.163365,,,,0,8574
ea0c9dcc5e9ca298,,16,10,1.121748,101,,,0,8575
ea10669cbbf3aba8,,14,19,1.013414,121,,,0,8576
ea14dd43e023f6fc,,19,18,1.091473,196,,,0,8577
ea19ad4a3de7fe12,,10,13,1.159973,65,,,0,8578
ea204735e06e325b,,19,15,1.009585,77,,,0,8579
ea2a4888541c7a38,,19,18,0.940087,196,,,0,8580
ea3b740efdef6d2e,,14,,1.176754,,,,0,8581
ea43d60c77507098,,14,18,0.967491,16,,,0,8582
ea44ad4af2198b8f,,10,15,1.057902,33,,,0,8583
ea46870e136c5564,,19,15,0.981232,77,,,0,8584
ea46b416fc7ce4fa,,19,19,1.103225,235,,,0,8585
ea487fe6cdf02b40,,11,,1.075151,,,,0,8586
ea4b24df92e64397,,19,16,0.933028,49,,,0,8587
ea5440f7a438c61a,,18,14,0.904066,36,,,0,8588
ea5f79091c014625,,19,19,1.033597,235,,,0,8589
ea61553a27c68e25,,17,19,0.925586,34,,,0,8590
ea61a722298e8a1d,,5,19,0.988729,21,,,0,8591
ea653be5a258e80f,,18,14,1.019075,36,,,0,8592
ea6baa3fe2cb3beb,docs\documents-atlas-index.md#chunk-778,14,,1.132814,,,,0,8593
ea6d6203c2be528f,,19,18,0.988697,196,,,0,8594
ea6ec9cd300edeed,,19,18,1.046364,196,,,0,8595
ea7638e1e17e3352,,19,13,0.995695,82,,,0,8596
ea7d66ed723f5687,,19,15,0.943893,77,,,0,8597
ea7e269479c56259,,19,18,0.853368,196,,,0,8598
ea84f23837507ea9,,12,19,0.847062,84,,,0,8599
ea8dfa1836b73053,,19,18,1.063602,196,,,0,8600
ea9759ff843044fc,,18,18,0.802734,45,,,0,8601
ea9e8a4ce211092a,docs\documents-atlas-index.md#chunk-67,19,18,1.01147,196,,,0,8602
ea9ef5aa2a4c09bf,,16,19,1.05061,43,,,0,8603
eaa21be2b40e83c4,,18,14,1.193005,36,,,0,8604
eaa53417db50b0e1,,1,10,1.069165,8,,,0,8605
eab1ac3a55e3d77a,,1,17,1.083071,24,,,0,8606
eabd80cea97b611b,,19,15,1.1544,77,,,0,8607
eabe134ef58fb5e8,,19,15,1.193805,77,,,0,8608
eac86f91d6e92b7a,,9,8,1.072603,17,,,0,8609
ead237b3ddc4643a,docs\documents-atlas-index.md#chunk-715,17,17,1.127276,51,,,0,8610
eade7a2fc33745d2,,5,1,1.126914,15,,,0,8611
eaec264b7c939bbd,,19,19,0.940042,235,,,0,8612
eaf031f9d23ac9b6,,18,14,1.128584,36,,,0,8613
eb04b7502f44db18,,1,19,0.934378,95,,,0,8614
eb0bd3f69438814a,docs\documents-atlas-index.md#chunk-799,18,17,0.947839,20,,,0,8615
eb14afd0dd75209a,,18,17,1.180644,20,,,0,8616
eb3de62c9480d48c,,19,19,1.003436,235,,,0,8617
eb45090e086246e0,,19,19,0.859268,235,,,0,8618
eb4e94f23ea40d6b,,19,19,1.000408,235,,,0,8619
eb4fd24f9125e2db,,19,19,1.021772,235,,,0,8620
eb545efd3d7d09ad,,18,18,1.064852,45,,,0,8621
eb60958a38ae4f0c,,15,19,0.962749,54,,,0,8622
eb68a31cc535d988,,13,15,1.021712,41,,,0,8623
eb69c3a71ca458c7,,18,19,0.914788,56,,,0,8624
eb6ce4b6b4ff35c8,,19,18,1.094199,196,,,0,8625
eb735d46ccbc8228,,15,5,1.08585,14,,,0,8626
eb7ad7dc5757a601,docs\documents-atlas-index.md#chunk-281,18,13,1.06673,53,,,0,8627
eb7b3b27fec11875,,11,,1.011046,,,,0,8628
eb8530afd90e56ea,,18,18,0.967588,45,,,0,8629
eb9464cea6b4a84b,,18,16,0.954081,49,,,0,8630
eba063d122243436,,,19,0.968383,,,,0,8631
ebaa006fcfb12629,,5,,1.177719,,,,0,8632
ebb01a1e4bce8fe3,,1,,1.194514,,,,0,8633
ebb062cc974ca9ca,,18,18,1.057081,45,,,0,8634
ebb8fca685ce8adc,docs\documents-atlas-index.md#chunk-195,19,18,1.159518,196,,,0,8635
ebbf10e3727a15b7,,19,17,1.02792,49,,,0,8636
ebd4634a8dd97284,,,,1.123368,,,,0,8637
ebd8b3bd45a14f28,,,19,1.056922,,,,0,8638
ebd8d15ee4d4b712,,3,13,1.11498,8,,,0,8639
ebd9773f7072e0a8,,18,18,0.952742,45,,,0,8640
ebddb519427e7a24,,,19,1.06818,,,,0,8641
ebec7f1842f0b190,,3,,1.148702,,,,0,8642
ec02b424a9e6a766,,13,13,1.032665,35,,,0,8643
ec03252343225b76,,19,19,0.883191,235,,,0,8644
ec05addafc7bb661,,19,6,1.144654,170,,,0,8645
ec0932169f72b899,,19,19,0.936145,235,,,0,8646
ec0e7a6d2fc95ed5,,19,19,1.072664,235,,,0,8647
ec1db184024d60e8,,19,18,1.004896,196,,,0,8648
ec336b5a3909b464,,18,13,0.992603,53,,,0,8649
ec356b9626b7dab3,,19,19,0.925404,235,,,0,8650
ec535514843a071d,,18,16,0.927074,49,,,0,8651
ec605966e6c113e4,docs\documents-atlas-index.md#chunk-1060,19,19,0.946762,235,,,0,8652
ec635fe281bf0384,,18,15,1.052656,24,,,0,8653
ec64f1d412f36919,,17,17,0.998588,51,,,0,8654
ec7a3931a75c10d9,,19,15,0.940452,77,,,0,8655
ec7effffa681d9ae,docs\documents-atlas-index.md#chunk-583,19,18,1.11987,196,,,0,8656
ec81df3fc25ea735,,19,7,1.132409,165,,,0,8657
ec8bf688f910bf5b,,4,19,1.045519,25,,,0,8658
ec98a71918d2d823,,13,14,1.01747,20,,,0,8659
ecb23afabae8be1b,,2,10,1.126444,27,,,0,8660
ecc211babd5b0ccb,,14,19,1.175376,121,,,0,8661
ecc754a7f9899bc5,,18,18,0.999551,45,,,0,8662
ecc9fe5085d7374b,docs\documents-atlas-index.md#chunk-1071,,19,1.027379,,,,0,8663
ecd047d1194407cc,,18,18,0.922058,45,,,0,8664
ecd94b072ed6963e,,3,,1.007391,,,,0,8665
ecda8acbaa6bae21,,2,10,1.103104,27,,,0,8666
ecf11be0a6404cc5,,2,10,1.085272,27,,,0,8667
ecfd4450788275a8,,19,18,0.918977,196,,,0,8668
ecff5b7a095509a0,,19,18,1.168699,196,,,0,8669
ed0965da37a390c2,,18,18,0.869117,45,,,0,8670
ed106ada0982c1bb,,18,18,0.937086,45,,,0,8671
ed138a1a02c6f0b5,,19,18,1.055939,196,,,0,8672
ed22e1f58205004a,docs\documents-atlas-index.md#chunk-501,18,17,0.970253,20,,,0,8673
ed28f2f4ee8101c8,,18,19,1.095658,56,,,0,8674
ed2a9220a8f88ebe,,19,19,0.854344,235,,,0,8675
ed2fb5e8f67268f8,,19,18,0.983153,196,,,0,8676
ed33c2044a2fdeac,,13,19,1.07665,52,,,0,8677
ed5579ae130848f5,,18,18,0.869787,45,,,0,8678
ed561e14588a89b8,,19,16,0.978761,49,,,0,8679
ed5d17616c27368b,,19,19,0.922445,235,,,0,8680
ed61a78c6e065029,,5,19,1.061179,21,,,0,8681
ed6456089af75d51,docs\documents-atlas-index.md#chunk-1280,12,14,0.98504,60,,,0,8682
ed64d2c35fcd0ebe,,15,19,1.098441,54,,,0,8683
ed696332343c4789,,18,16,0.913433,49,,,0,8684
ed6a9c0ca003a90d,,16,11,1.116725,26,,,0,8685
ed6f49a04665413a,,19,17,0.808957,49,,,0,8686
ed702eb57ed99763,,18,15,1.044546,24,,,0,8687
ed7272a97fd55bbb,,19,19,0.829122,235,,,0,8688
ed76566a1242cf01,,13,15,1.014039,41,,,0,8689
ed845ed41cf8b99a,,19,19,1.053361,235,,,0,8690
ed897fa6e0ed7dda,docs\documents-atlas-index.md#chunk-945,19,18,1.047154,196,,,0,8691
ed921f3ae2ba740d,,19,18,1.107492,196,,,0,8692
ed9319e436831ad2,,19,19,0.856302,235,,,0,8693
ed93d38ecf35d6fd,,14,19,0.971901,121,,,0,8694
ed9a4126c0f98440,,19,15,1.059626,77,,,0,8695
eda779cc1ba20dec,,14,19,1.045434,121,,,0,8696
eda980ee2a8ee6e8,docs\documents-atlas-index.md#chunk-922,19,15,1.107908,77,,,0,8697
edab771862549b02,,,19,0.965325,,,,0,8698
edb2076c3f34a51b,,1,18,0.955826,30,,,0,8699
edb83d68d109bc74,,2,10,0.923117,27,,,0,8700
edba37f7df8d1960,,13,,1.192255,,,,0,8701
edba76570181e58c,,19,18,0.968207,196,,,0,8702
edc31fd0e9daf374,,1,10,1.173012,8,,,0,8703
edc81b969c37f874,,1,10,0.920464,8,,,0,8704
edc82a7b154f2312,,1,,1.053859,,,,0,8705
edc917e859f73809,,17,17,0.941364,51,,,0,8706
edcdbb1e323a4c11,,19,,1.180286,,,,0,8707
ede3d16520771a81,,,19,0.922903,,,,0,8708
ede43fa7c6d3b23c,,3,10,1.138324,6,,,0,8709
ede4d01343920b0c,,3,19,0.895329,24,,,0,8710
ede7195c1fcb71dd,,17,19,1.115152,34,,,0,8711
ede8c7928c9d9967,,,19,0.960756,,,,0,8712
edf9ce9aee3c2331,,5,,1.200379,,,,0,8713
ee04e4971a4b706c,,12,18,1.048963,17,,,0,8714
ee1281d0e5670584,,18,14,0.993949,36,,,0,8715
ee14a3cb909d69ee,docs\documents-atlas-index.md#chunk-1302,18,18,0.914601,45,,,0,8716
ee1cf31884dc5274,,19,18,1.071856,196,,,0,8717
ee214d3e712387b1,docs\documents-atlas-index.md#chunk-390,19,19,0.966411,235,,,0,8718
ee22d83e5d108db0,,12,19,0.997187,84,,,0,8719
ee28a5866ad55f40,,11,15,1.009739,26,,,0,8720
ee33f82002df3e67,,12,14,1.106153,60,,,0,8721
ee34107c08945a43,,19,19,0.923925,235,,,0,8722
ee3709b18b009eaa,,19,19,0.895322,235,,,0,8723
ee3749de60567900,,17,15,0.932809,78,,,0,8724
ee3bb7f85f77ae41,,1,19,1.051108,95,,,0,8725
ee4058e8621ed260,,19,13,0.966868,82,,,0,8726
ee41c3948b5c40c3,,18,19,1.082713,56,,,0,8727
ee4648d12e8eefce,,19,19,0.9947,235,,,0,8728
ee4747bff025c557,,18,12,0.958486,53,,,0,8729
ee558b1e4bc8df99,,12,13,1.102491,61,,,0,8730
ee5951408553f3c8,,19,17,0.869831,49,,,0,8731
ee5c2f1d82d0124a,,19,18,1.028856,196,,,0,8732
ee6067b1857f4db5,docs\documents-atlas-index.md#chunk-716,18,16,0.987652,49,,,0,8733
ee638e1f3650e2b7,,19,16,1.072055,49,,,0,8734
ee6dcf0caf872b7d,,13,,1.124392,,,,0,8735
ee7380441b16f558,,1,18,1.025311,30,,,0,8736
ee7f7f6c1931a284,,19,14,1.076311,76,,,0,8737
ee8284f4b054758f,docs\documents-atlas-index.md#chunk-605,18,16,0.913035,49,,,0,8738
ee93edb2c7bb8261,docs\documents-atlas-index.md#chunk-1053,14,,1.139854,,,,0,8739
eea60bdfbd2f5307,docs\documents-atlas-index.md#chunk-265,1,,1.145095,,,,0,8740
eea74ef6e91c07e7,docs\documents-atlas-index.md#chunk-1020,19,16,1.170802,49,,,0,8741
eeaac729fc0c02fc,,1,19,1.230624,95,,,0,8742
eeaaccda09033918,,,19,1.126327,,,,0,8743
eeb70ef10bd32c67,,,12,1.140498,,,,0,8744
eecf6c56bcf6e29e,,10,,1.162387,,,,0,8745
eed60381ce592565,,,2,1.043688,,,,0,8746
eee37bec49dd1272,,,,1.218509,,,,0,8747
eee4c3cb351d291e,,,19,1.054111,,,,0,8748
eeeb4dd6f52fcbc7,,19,,1.173113,,,,0,8749
eeec28b7e57eacae,,19,18,1.156658,196,,,0,8750
eefab4e0f0b90092,,,19,1.190216,,,,0,8751
ef048099204c051a,,18,16,0.947318,49,,,0,8752
ef1697d90dfeeb20,,19,14,1.13443,76,,,0,8753
ef27ba304523a6b8,,19,18,1.063512,196,,,0,8754
ef30f8222963f79f,,4,19,0.960219,25,,,0,8755
ef32c5c93acd74c9,,18,19,0.993292,56,,,0,8756
ef36771ce1ebc75b,,19,15,1.015961,77,,,0,8757
ef401f7c26db3892,,19,18,1.137198,196,,,0,8758
ef430d6d0e16c141,,19,12,1.073961,127,,,0,8759
ef4da5f941e75d29,,18,19,1.039398,56,,,0,8760
ef4edee043e02444,,19,18,1.194965,196,,,0,8761
ef4f17633372b686,,19,15,0.913119,77,,,0,8762
ef515915da2edcee,,19,19,1.057391,235,,,0,8763
ef5563dd8f3b7539,docs\documents-atlas-index.md#chunk-415,17,15,1.067014,78,,,0,8764
ef63abeefad59c6b,,14,19,1.121421,121,,,0,8765
ef664a5ffb3a8f89,,19,1,1.043296,75,,,0,8766
ef69034b3e797e9f,,14,19,0.925987,121,,,0,8767
ef693d24704fbc92,,19,1,1.038819,75,,,0,8768
ef73659cf61e2987,,19,8,1.020827,183,,,0,8769
ef73c4770e534fd7,,12,19,0.878419,84,,,0,8770
ef75ee60fdb16f28,docs\documents-atlas-index.md#chunk-1174,12,,1.046831,,,,0,8771
ef7aa89d46cf42ca,,18,19,0.960053,56,,,0,8772
ef97a07e37f7e0f2,docs\documents-atlas-index.md#chunk-1311,18,19,0.975082,56,,,0,8773
efab7ad5eb574e38,,3,10,1.085606,6,,,0,8774
efaeb37283c934aa,,19,18,0.984253,196,,,0,8775
efb04f66ae19ef21,,2,10,0.910289,27,,,0,8776
efcbad4332e4ada6,,9,12,1.170296,28,,,0,8777
efcd13b62c6aafff,,18,18,1.110823,45,,,0,8778
efd5bd06a851695a,,2,18,0.995555,14,,,0,8779
efdf09283f81ce29,,,17,1.031349,,,,0,8780
efe04ea8ba752631,docs\documents-atlas-index.md#chunk-549,1,9,1.006794,15,,,0,8781
efed0728ace17682,,6,,1.106442,,,,0,8782
eff34b28668947a0,docs\documents-atlas-index.md#chunk-520,1,,0.995616,,,,0,8783
f005fd420faeb2fb,,19,6,1.248918,170,,,0,8784
f0176aad10de1a25,,12,13,1.183988,61,,,0,8785
f04695c5acff641a,,19,7,1.065883,165,,,0,8786
f04f233c81099907,,19,13,1.012207,82,,,0,8787
f05d3ab0686227d1,,19,16,1.05036,49,,,0,8788
f0616488a0c8cc38,,11,12,0.961732,53,0.9900000000000001,,0,8789
f06185d961d0cbf6,,14,14,0.96181,30,,,0,8790
f065e1bf7769967d,docs\documents-atlas-index.md#chunk-1172,10,19,0.899618,49,,,0,8791
f066a8bcf7c41cc0,,12,17,1.081028,15,,,0,8792
f06a7587891fd536,docs\documents-atlas-index.md#chunk-28,19,7,0.960866,165,,,0,8793
f0715a3edc484470,,4,1,1.042819,11,,,0,8794
f074e71969676133,,10,15,0.904995,33,,,0,8795
f07584e8d0ce2984,docs\documents-atlas-index.md#chunk-439,19,7,1.027755,165,,,0,8796
f0827aba7c4a01a4,docs\documents-atlas-index.md#chunk-92,19,7,1.120714,165,,,0,8797
f09aa4c6042189e3,,15,16,1.027182,22,,,0,8798
f09b2910a67445a6,,19,18,0.938782,196,,,0,8799
f09da3d6555c1807,docs\documents-atlas-index.md#chunk-991,19,6,1.003245,170,,,0,8800
f0a3a6d674cbdfba,,,19,1.091853,,,,0,8801
f0a456d5b5ff9026,,10,8,1.128052,27,,,0,8802
f0a4676279d02c3e,,10,14,0.987736,36,,,0,8803
f0a49bec657a8537,,,,1.10633,,,,0,8804
f0a985e88b04439e,,2,19,0.954804,29,,,0,8805
f0ab66b4471746a9,,19,17,1.022251,49,,,0,8806
f0bbf591ca3c203a,docs\documents-atlas-index.md#chunk-515,2,18,1.099519,14,,,0,8807
f0c6b72e84a1f231,,1,17,1.091056,24,,,0,8808
f0c83ab67ac1abb6,,,10,1.09025,,,,0,8809
f0ca0ce7098bc64e,,19,13,1.209242,82,,,0,8810
f0ca15bec9d303c0,,19,15,1.166595,77,,,0,8811
f0cc371529d10115,,4,,1.059737,,,,0,8812
f0ce7163ea39a423,,1,8,1.067056,11,,,0,8813
f0cfca42008a86c7,,7,1,1.168854,11,,,0,8814
f0d5e8f41497a14e,,,17,0.929338,,,,0,8815
f0d62c739d6a3084,,,,0.954563,,,,0,8816
f0d8eb5edb5ee102,,1,10,1.132416,8,,,0,8817
f0d93c2a1683e8a1,,,,1.091424,,,,0,8818
f0e159055a87ab34,,1,13,0.879121,20,,,0,8819
f0e367c2e6234061,,,9,1.012665,,,,0,8820
f0ebf60123f5f1c1,,,17,1.184392,,,,0,8821
f0ec81a9f32b546a,,10,8,1.130916,27,,,0,8822
f0f2c88a452fc585,,,15,1.055985,,,,0,8823
f0f67d810f8037ac,docs\documents-atlas-index.md#chunk-149,,,1.057391,,,,0,8824
f10667ad8193240b,,16,18,0.923218,13,,,0,8825
f10768eb9c9fa577,,19,9,0.983704,88,,,0,8826
f10776a132f5ce09,,12,13,0.974068,61,,,0,8827
f107e94c167ab948,,19,6,1.023174,170,,,0,8828
f108191eaae11ff6,,14,19,1.021098,121,,,0,8829
f10b9a8c1b5d4dfb,,15,19,1.10227,54,,,0,8830
f121efbee6404798,,10,14,1.059457,36,,,0,8831
f129cf357dde5913,,19,5,1.057048,196,,,0,8832
f13a007811aa30b5,,19,15,1.013567,77,,,0,8833
f13a9b303522b1d9,docs\documents-atlas-index.md#chunk-986,19,12,0.976515,127,,,0,8834
f13e91a2d9be3fb4,,17,,1.056256,,,,0,8835
f14070d7652954b6,,19,16,0.932444,49,,,0,8836
f1425137bae9cbef,,14,19,0.99775,121,,,0,8837
f14cd8fedfdd3141,,19,5,1.20625,196,,,0,8838
f14fc080b5583260,,19,6,1.063991,170,,,0,8839
f159ccb1f9966b1d,,10,13,0.955461,65,,,0,8840
f1610b8166ccdedd,,12,13,1.082398,61,,,0,8841
f179a3ff716e0c7e,,12,19,0.981496,84,,,0,8842
f17c1f194b1b6c13,,19,3,1.061941,52,,,0,8843
f17e5774ab211d7b,,12,15,1.055845,22,,,0,8844
f1820b60934a580a,,19,7,1.055474,165,,,0,8845
f18718c47aa25be9,,15,19,0.960313,54,,,0,8846
f18efd2dce2879c9,,12,,1.185843,,,,0,8847
f19ac582e21c8376,,19,6,0.958087,170,,,0,8848
f19db541901343c5,,12,16,1.037273,30,,,0,8849
f19fd38a26acc911,,19,6,1.120153,170,,,0,8850
f1a1bfb5ca60b864,docs\documents-atlas-index.md#chunk-91,1,12,0.987862,6,,,0,8851
f1a31358922debf7,,12,13,1.154268,61,,,0,8852
f1a5597acba1a050,,,6,0.99539,,,,0,8853
f1a747b2c1b06369,,1,9,1.018747,15,,,0,8854
f1ab59b0d9e7fdd9,,13,12,1.203269,22,,,0,8855
f1ab87e41bbf6c76,,10,8,1.199829,27,,,0,8856
f1bc9b49df8d73da,,9,2,1.12529,5,,,0,8857
f1c5bdae3aba63fd,,14,19,1.232862,121,,,0,8858
f1c8065b6a807342,,,,0.986139,,,,0,8859
f1caf8866ac03064,docs\documents-atlas-index.md#chunk-624,2,19,1.064622,29,,,0,8860
f1d9aa43d28aceb2,,4,10,1.110821,4,,,0,8861
f1dd6a89525e94fc,,19,18,1.121082,196,,,0,8862
f1e0877aa5692ee1,,11,16,1.051731,16,,,0,8863
f1f53be8c01b60e6,,3,7,1.115826,10,,,0,8864
f1f82d4996089af6,,3,6,0.995862,4,,,0,8865
f1f886638f6f86ca,,16,19,1.057138,43,,,0,8866
f1fa1043e6f824b9,,19,18,1.127794,196,,,0,8867
f201fe8eb425390e,docs\documents-atlas-index.md#chunk-442,10,14,1.040122,36,,,0,8868
f216cf90c0e19bfa,,11,14,1.037239,30,,,0,8869
f218bcd03a94b209,,10,13,1.12542,65,,,0,8870
f21a5029fd16b63b,docs\documents-atlas-index.md#chunk-147,19,9,1.064875,88,,,0,8871
f220def0beb54ad7,docs\documents-atlas-index.md#chunk-984,11,14,1.145678,30,,,0,8872
f2219703fb98c0b6,,19,10,1.013148,64,,,0,8873
f2328e42bce852af,,19,19,1.070423,235,,,0,8874
f234006b8f3fda7a,,12,19,1.077497,84,,,0,8875
f236edaa6eefe933,docs\documents-atlas-index.md#chunk-584,19,6,1.174513,170,,,0,8876
f23dfed284fb07a3,,17,,1.157428,,,,0,8877
f24437ac635ab957,,19,11,0.936714,51,,,0,8878
f245b2ef87678bc8,,12,19,0.94836,84,,,0,8879
f24b9a1f6ef04406,,6,,1.109338,,,,0,8880
f25ab6519fcb5fef,,15,19,1.056286,54,,,0,8881
f26e62d1ed56cf61,docs\documents-atlas-index.md#chunk-102,19,9,1.052986,88,,,0,8882
f2749c9f80e2c938,,12,13,1.004717,61,,,0,8883
f28845caadec8e37,,19,7,1.127757,165,,,0,8884
f28d64f28d8110fe,,19,19,0.920217,235,,,0,8885
f28da22f0799a43e,,12,16,1.030239,30,,,0,8886
f28e4121cd8031bb,docs\documents-atlas-index.md#chunk-807,19,19,1.065141,235,,,0,8887
f28f161f4d597d63,,12,15,1.04126,22,,,0,8888
f296a38660515392,,10,15,0.89109,33,,,0,8889
f2973ba0ee3d700f,,18,6,1.079597,26,,,0,8890
f2a6d7aa4c5819e2,,10,19,1.044625,49,,,0,8891
f2b8c94095b10680,,9,14,0.968664,22,,,0,8892
f2ba2dddf217a6b6,,17,11,1.178104,76,,,0,8893
f2c1d30a6d34476b,,6,19,0.88016,38,,,0,8894
f2c62ada297cb80e,,1,13,1.179725,20,,,0,8895
f2c7c51abfc48585,,6,14,1.065289,11,,,0,8896
f2d04abb7e622878,,,5,1.012035,,,,0,8897
f2dab8888813c42d,,1,19,0.940708,95,,,0,8898
f2daf24dc4a7abe8,,10,14,1.207837,36,,,0,8899
f2de092747b0ac55,,9,11,1.10846,3,,,0,8900
f2e037751c332a2f,,2,19,0.937539,29,,,0,8901
f2e106b2111aba15,,1,13,1.071607,20,,,0,8902
f2ef1ad383078bc1,docs\documents-atlas-index.md#chunk-751,7,9,1.129291,5,,,0,8903
f2f14bd712da31c1,,17,15,1.245107,78,,,0,8904
f2ffb190a1ad1b79,,11,4,1.072874,3,,,0,8905
f301e30b54abb3ac,docs\documents-atlas-index.md#chunk-304,14,19,1.057531,121,,,0,8906
f3121b1b26793454,,13,13,1.067675,35,,,0,8907
f3183174bbeed189,,19,7,0.965694,165,,,0,8908
f31935c2d6cdcc77,,19,10,1.028589,64,,,0,8909
f31ce03e0e9af7b2,docs\documents-atlas-index.md#chunk-18,19,6,1.1981,170,,,0,8910
f33a1fcb802ce88f,,18,11,1.09693,40,,,0,8911
f33f591dd380268f,,19,19,1.018305,235,,,0,8912
f340f0d139806294,,7,18,0.972035,15,,,0,8913
f34601d72ac916ff,,17,19,0.891168,34,,,0,8914
f3484f60dced3a6f,,13,4,1.026843,3,,,0,8915
f34c9857360baec1,,19,12,1.012389,127,,,0,8916
f351576ac27b1699,,19,7,0.954076,165,,,0,8917
f3544decf63b96de,,17,15,1.099299,78,,,0,8918
f355af05f6c82901,,10,12,1.053881,28,,,0,8919
f35ab199439ce957,,19,6,0.991368,170,,,0,8920
f35b841c8202c598,,19,12,0.939309,127,,,0,8921
f366a7a2ed3d322c,,19,6,1.050059,170,,,0,8922
f36b3cd21857de53,,14,11,1.012425,8,,,0,8923
f37da472b360f6f3,docs\CODEBASE_DIRECTORY_MAP.md#chunk-14,19,11,1.04569,51,,,0,8924
f380f9887466f2e4,docs\documents-atlas-index.md#chunk-363,13,15,0.976504,41,,,0,8925
f387750bbb7429cf,,12,19,0.888608,84,,,0,8926
f389532eb243f022,,19,10,0.960639,64,,,0,8927
f38aee0d13726d9d,,10,14,1.012765,36,,,0,8928
f38ef092b541fdc0,,10,14,1.071856,36,,,0,8929
f397d70338513968,,9,17,0.862371,15,,,0,8930
f3a13b4a5cba2104,,1,,1.02551,,,,0,8931
f3a30e1af07e552e,,4,4,1.125364,12,,,0,8932
f3a396cae1a257e2,,15,18,1.120188,23,,,0,8933
f3a812f9fdaaa635,,,10,1.214903,,,,0,8934
f3a9aa1a4263ff07,,2,11,0.9615,10,,,0,8935
f3bac75deff35829,,8,,1.137761,,,,0,8936
f3bc313b39c68850,,3,,1.031921,,,,0,8937
f3c07d6e92d20bbb,,13,19,1.108153,52,,,0,8938
f3c7b4100f7ddde5,,1,19,1.117348,95,,,0,8939
f3da76def855f53b,docs\documents-atlas-index.md#chunk-274,,13,1.132537,,,,0,8940
f3e4f4d15dff3c12,,2,16,1.169573,2,,,0,8941
f3f27d2a56c0ef56,,2,9,1.05926,22,,,0,8942
f3f4f1a847b2521d,,2,19,1.011831,29,,,0,8943
f3f5c47035a12a55,,9,14,0.970163,22,,,0,8944
f3fa1391cc02eb78,,2,10,0.967768,27,,,0,8945
f3fffb8676c21c93,,8,12,1.048746,14,,,0,8946
f404da0258310b25,,9,14,0.959644,22,,,0,8947
f41aa5803a9288da,,12,19,0.936169,84,,,0,8948
f4279d2bde23418f,docs\documents-atlas-index.md#chunk-1187,12,15,1.120869,22,,,0,8949
f42de1eb9fb4c30a,,14,19,1.197986,121,,,0,8950
f430fddd08c0c000,,12,13,1.18078,61,,,0,8951
f431481de8349379,,19,10,0.972308,64,,,0,8952
f440d047d66f1134,,19,6,0.989776,170,,,0,8953
f4468bf80818d071,docs\documents-atlas-index.md#chunk-518,19,12,0.974037,127,,,0,8954
f4472dad03c2d16c,,19,14,1.059995,76,,,0,8955
f44812b9a6927ed6,,14,15,0.941841,11,,,0,8956
f456cffb8838e145,,12,13,1.043164,61,,,0,8957
f456df48ab7cd396,,19,6,0.985338,170,,,0,8958
f458dbfb00d7ee9c,,11,14,1.079121,30,,,0,8959
f474a6ccd2699d94,,10,15,0.985362,33,,,0,8960
f475f7a9868ae29c,,19,7,0.960945,165,,,0,8961
f47cdc36e0cc980e,,13,3,1.063991,5,,,0,8962
f4830655dbe07eb2,,14,19,1.076488,121,,,0,8963
f484f171f4e29175,docs\CODEBASE_DIRECTORY_MAP.md#chunk-6,12,14,0.960216,60,,,0,8964
f49fb72cb60a5268,,19,6,1.013186,170,,,0,8965
f4ad6bc1285e12d5,,19,15,1.171078,77,,,0,8966
f4ae102ff3a32ccc,,16,19,1.158873,43,,,0,8967
f4b2d809723a9f49,,5,16,0.965413,1,,,0,8968
f4b4c465a2ee3168,,10,10,1.112057,4,,,0,8969
f4d3825cccd5bf96,,1,10,1.022407,8,,,0,8970
f4d85633e5f355bd,docs\documents-atlas-index.md#chunk-581,17,18,1.0709,20,,,0,8971
f4e329cdf6fd7e17,,10,9,1.182267,6,,,0,8972
f4fda50ffb712cb7,,11,19,1.167926,37,,,0,8973
f5122bb5a28581d4,,19,12,0.994815,127,,,0,8974
f520d6e154811b88,,10,15,0.963106,33,,,0,8975
f52127e9e62c0c72,,19,7,1.027688,165,,,0,8976
f529f1fc39c76a58,,11,15,0.982102,26,,,0,8977
f52ada0cb3dc0811,,15,4,1.098251,4,,,0,8978
f53785c678ea990f,,16,15,0.929778,43,,,0,8979
f538346effc09476,,14,19,1.090127,121,,,0,8980
f54016185eab0f71,,12,14,1.082793,60,,,0,8981
f5539697b9fbe56b,,19,9,1.041471,88,,,0,8982
f5545ebce5a41ca3,,12,13,1.048853,61,,,0,8983
f555ce3071e56532,,11,12,0.994077,53,0.9900000000000001,,0,8984
f55bcd2b9eae1293,docs\documents-atlas-index.md#chunk-312,19,5,1.111545,196,,,0,8985
f55cf9a155b8f98e,,19,18,1.025037,196,,,0,8986
f564fb7ed41cce79,,19,6,1.083572,170,,,0,8987
f574db42bb39483d,,9,14,1.022181,22,,,0,8988
f58682569d13f975,,19,11,0.916181,51,,,0,8989
f588cd22e5464754,,9,12,0.970164,28,,,0,8990
f59038f481c19741,,16,14,0.948219,17,,,0,8991
f590c1ec96a80e7a,,12,19,0.95081,84,,,0,8992
f593fcf02823d868,,,15,1.066601,,,,0,8993
f5a4b490760b4c35,docs\CODEBASE_DIRECTORY_MAP.md#chunk-9,3,19,0.973643,24,,,0,8994
f5b3acb4e66b24f3,,19,5,1.133426,196,,,0,8995
f5bba72e145511fc,,11,19,1.085713,37,,,0,8996
f5c0c21d61b8070d,,6,19,1.033219,38,,,0,8997
f5c3418e8d4669f6,,13,19,1.027909,52,,,0,8998
f5c89e23057a8045,docs\documents-atlas-index.md#chunk-902,,,0.972576,,,,0,8999
f5d0f2304cc4dd98,,1,17,0.962531,24,,,0,9000
f5ddea9815073f6d,,6,13,0.93485,6,,,0,9001
f5de0823e9cfdbc3,docs\CODEBASE_DIRECTORY_MAP.md#chunk-30,11,8,1.152562,7,,,0,9002
f5e3b5375585a1d2,,1,17,0.984787,24,,,0,9003
f5e58a4f4cf24c45,,3,,0.994261,,,,0,9004
f5e60e6f9139bae4,,2,8,1.056976,8,,,0,9005
f5ebfa31eccc14b8,,12,,1.095046,,,,0,9006
f5f0b5c7c6d87738,,6,14,1.042485,11,,,0,9007
f5f20217c64deec5,docs\documents-atlas-index.md#chunk-352,2,9,1.084189,22,,,0,9008
f5fc8162cbafde5e,,10,8,1.119696,27,,,0,9009
f601418d7da4ebfd,,14,19,0.911346,121,,,0,9010
f6052743a7d51b28,,12,13,1.004169,61,,,0,9011
f6075fb7a9b39ac9,,12,13,1.01747,61,,,0,9012
f609914e8fd9f1f2,,17,19,1.076477,34,,,0,9013
f60ad02b4856b56e,,12,17,1.021129,15,,,0,9014
f61bac15730534d5,,12,14,1.075426,60,,,0,9015
f61e12581bd297cd,,19,19,0.903017,235,,,0,9016
f61f0c450fa8befd,,19,19,1.044202,235,,,0,9017
f62af676d96d5db2,docs\documents-atlas-index.md#chunk-187,19,,0.924257,,,,0,9018
f62e4f8491b7cff3,,19,18,1.046253,196,,,0,9019
f62f4f702a35524b,,13,11,1.053868,14,,,0,9020
f6370391093cb1d3,,19,13,0.950328,82,,,0,9021
f63b4f8d98478bb6,,19,19,0.959138,235,,,0,9022
f64358f12025c4e6,docs\documents-atlas-index.md#chunk-999,19,14,0.883712,76,,,0,9023
f6444f7f5134b398,,19,12,1.066487,127,,,0,9024
f64f59f410378546,,19,13,0.953391,82,,,0,9025
f65357f6fee45555,,18,12,1.016118,53,,,0,9026
f654ede7d8602686,,10,12,1.046965,28,,,0,9027
f65592df3cab01d3,,16,18,1.076253,13,,,0,9028
f65c3134b11e8d03,,19,6,1.06695,170,,,0,9029
f680177d4ab51ceb,,14,19,0.814106,121,,,0,9030
f68adc05b905b227,,18,7,1.030062,19,,,0,9031
f68f9fe4d25e99f4,docs\documents-atlas-index.md#chunk-1001,19,,1.061933,,,,0,9032
f6939bc892e8d87d,,13,13,0.977788,35,,,0,9033
f693d626f42bd1a6,,19,7,0.953462,165,,,0,9034
f696238b574e0f87,docs\documents-atlas-index.md#chunk-1239,12,14,0.957179,60,,,0,9035
f6996a0caaccdf78,,13,7,1.071325,3,,,0,9036
f6a14fd77301d50e,,,12,1.025441,,,,0,9037
f6a21c6599e5363e,,5,,0.9901,,,,0,9038
f6a66a69d4f05435,,5,3,0.965793,13,,,0,9039
f6a8d66cea9d02d1,,19,5,1.219254,196,,,0,9040
f6bd8c4263c6e642,,4,,1.059189,,,,0,9041
f6bf78192c8b5827,,2,,1.008295,,,,0,9042
f6c5f473eb5260c0,,3,19,1.027293,24,,,0,9043
f6d21a96fcd7376b,,6,,0.974031,,,,0,9044
f6d2284ec830fea5,docs\documents-atlas-index.md#chunk-168,1,9,0.980093,15,,,0,9045
f6d48909c1574c2c,,6,10,0.967778,6,,,0,9046
f6d5926c0645c2e0,,14,15,1.069113,11,,,0,9047
f6e17909b775380f,docs\documents-atlas-index.md#chunk-300,4,6,0.967468,11,,,0,9048
f6ef4553bdefbcfe,,12,3,1.233011,4,,,0,9049
f6f8d152f35197ba,,8,18,0.980479,19,,,0,9050
f6f944ad9569d05e,,1,17,0.972686,24,,,0,9051
f6fb1baf5438d51c,,1,11,1.13299,7,,,0,9052
f6fc7dc70a09b9a3,,,12,1.129476,,,,0,9053
f70e9f40e83f5723,,18,5,0.967791,12,,,0,9054
f71130ea7c3c39f5,,15,19,1.041372,54,,,0,9055
f711c1495fef424d,,12,18,1.096079,17,,,0,9056
f7184b606aed8966,,19,5,0.98458,196,,,0,9057
f71ea1f298329390,,19,13,1.04171,82,,,0,9058
f720e1f01c01d9dd,,12,19,1.058323,84,,,0,9059
f72a4675ee847a13,,12,7,0.977401,7,,,0,9060
f72e722e9630c1ee,,19,19,0.937779,235,,,0,9061
f72ecf7f450fb105,,19,6,1.094797,170,,,0,9062
f732b819eb12eaa1,docs\documents-atlas-index.md#chunk-192,10,17,1.035203,23,,,0,9063
f7336bd8619f4646,,19,7,0.96104,165,,,0,9064
f73e472530fefb19,,19,12,1.092528,127,,,0,9065
f74a86637f5070cb,,19,19,0.946422,235,,,0,9066
f74d04f003c7e90c,,19,16,1.005403,49,,,0,9067
f75390081824bc13,,12,14,0.929388,60,,,0,9068
f75930d336f13a08,,12,14,0.992321,60,,,0,9069
f7633a7d2b3414a8,,14,19,1.027865,121,,,0,9070
f76b35d63499de55,,19,13,0.929827,82,,,0,9071
f7700fcf6bb7c39c,,16,14,1.146242,17,,,0,9072
f77bbb090f6e01d1,,18,3,1.063198,25,,,0,9073
f77cb6345b855e0d,,7,19,0.90834,15,,,0,9074
f7820321cb5787ab,docs\documents-atlas-index.md#chunk-285,14,19,0.941009,121,,,0,9075
f786b96ef1279865,,10,15,0.949007,33,,,0,9076
f7897aa34ebf6586,,19,7,1.022858,165,,,0,9077
f78a0ecfae74b436,,16,10,1.078251,101,,,0,9078
f78bedc3ad8624ec,,12,,1.102601,,,,0,9079
f7925b6948b92f8f,docs\documents-atlas-index.md#chunk-925,11,14,0.938771,30,,,0,9080
f7925d7bf0af7a0d,,11,8,1.096938,7,,,0,9081
f7a45c3d0cbf4f7c,,5,,1.107588,,,,0,9082
f7a77ec988d2f8eb,,18,18,1.07728,45,,,0,9083
f7a925b3249be77f,,19,13,1.034101,82,,,0,9084
f7bd19faa06ac98c,,18,12,1.130656,53,,,0,9085
f7c3ebb08187bd5b,,3,15,0.905315,6,,,0,9086
f7c45bac7f1a065b,docs\documents-atlas-index.md#chunk-726,,,1.137364,,,,0,9087
f7cb410be03b9367,,19,7,1.120402,165,,,0,9088
f7ccc3f9b3d1ce57,docs\documents-atlas-index.md#chunk-41,,13,1.105765,,,,0,9089
f7cd45602d7b39e2,,19,18,1.118541,196,,,0,9090
f7cd6e85e4257639,,6,5,0.909237,10,,,0,9091
f7d0596acbe922d2,,,,1.090396,,,,0,9092
f7d2dbdc79c80292,,9,13,1.133285,11,,,0,9093
f7e4fc3b0e430df8,,7,16,1.08714,6,,,0,9094
f7eb639123de7d1d,,10,11,1.099532,28,,,0,9095
f7ff4335b081252a,,6,5,1.021988,10,,,0,9096
f80014b7d9510144,,18,12,0.962726,53,,,0,9097
f8001674a958037e,,14,18,0.916274,16,,,0,9098
f8069a1f557205ef,docs\documents-atlas-index.md#chunk-955,15,19,0.974853,54,,,0,9099
f80c448a873ca860,,19,9,0.992497,88,,,0,9100
f80d9e4236fb548c,,15,4,1.051225,4,,,0,9101
f80fe561a62fe49b,,19,6,1.011339,170,,,0,9102
f810903fb3cf370e,docs\documents-atlas-index.md#chunk-1196,15,19,1.062118,54,,,0,9103
f839f00eda624eda,,12,19,0.878822,84,,,0,9104
f846ba6d550cd9f5,,19,7,1.03487,165,,,0,9105
f84b8551c9dafe89,,19,8,0.977636,183,,,0,9106
f84dfeedb14ed33a,,19,7,1.169123,165,,,0,9107
f854c161ffc3adeb,,12,19,1.014572,84,,,0,9108
f855846ef0fed484,,19,8,1.02328,183,,,0,9109
f85aec13785fdbf9,docs\documents-atlas-index.md#chunk-810,19,,1.069849,,,,0,9110
f863cae097850a97,,10,13,0.921998,65,,,0,9111
f873417abac16836,,13,15,1.031704,41,,,0,9112
f87a8c1f00c95826,docs\documents-atlas-index.md#chunk-25,13,13,1.041156,35,,,0,9113
f87aec42089bebf3,,19,,1.018374,,,,0,9114
f87d4b4504653d1a,,10,12,0.990397,28,,,0,9115
f883ebeed5341996,docs\documents-atlas-index.md#chunk-188,11,12,1.043103,53,0.9900000000000001,,0,9116
f89bc832aca77169,,12,,1.027765,,,,0,9117
f8a18da1c8243853,,1,9,0.923038,15,,,0,9118
f8b866b12958f366,,,15,0.911422,,,,0,9119
f8b9eafdf9ef2df7,,13,,1.221695,,,,0,9120
f8bd877060557e1e,,2,19,0.961862,29,,,0,9121
f8d04d93826488ef,,19,18,1.037723,196,,,0,9122
f8e124834395ebb0,,,16,0.999541,,,,0,9123
f8e82bd5de6e8f57,,2,9,1.017663,22,,,0,9124
f8ef5e860dd321b9,,3,,1.074094,,,,0,9125
f8f75df38dc7a358,,,12,1.042377,,,,0,9126
f8fa417d65b7f324,,3,1,1.151813,14,,,0,9127
f901494ceefe4123,,19,7,1.098591,165,,,0,9128
f9088d68d8b77eea,,19,19,0.991718,235,,,0,9129
f912df0161096055,,10,13,1.01848,65,,,0,9130
f913f6cfd7450cfb,,12,19,0.973497,84,,,0,9131
f9146a4c51e45fb8,docs\documents-atlas-index.md#chunk-957,17,19,0.975229,34,,,0,9132
f9164f9f4facf51a,docs\documents-atlas-index.md#chunk-777,13,13,1.101398,35,,,0,9133
f91c0095431228fe,,19,19,0.772087,235,,,0,9134
f92203ecaef779c6,,16,18,1.02806,13,,,0,9135
f92c1b3293ece3cd,,19,18,1.015888,196,,,0,9136
f930e030c0e01a00,,10,14,1.052012,36,,,0,9137
f93178cfab7e35af,,14,19,1.124826,121,,,0,9138
f93390c2930203ab,,19,17,0.783291,49,,,0,9139
f9354b9d824a8c83,docs\documents-atlas-index.md#chunk-575,12,13,0.959581,61,,,0,9140
f93b534aec79a508,,19,9,1.004934,88,,,0,9141
f941eecbe2556677,,11,12,1.042975,53,0.9900000000000001,,0,9142
f948ac060883d476,docs\documents-atlas-index.md#chunk-230,10,13,0.942874,65,,,0,9143
f9493eef02a2a4da,,19,16,1.029101,49,,,0,9144
f951a816bebad497,docs\documents-atlas-index.md#chunk-1153,19,6,0.986399,170,,,0,9145
f95b868aae1515a0,,19,10,1.035851,64,,,0,9146
f95c5aa059c1932f,,19,18,0.979157,196,,,0,9147
f95e0d8614909a0b,,11,12,0.986654,53,0.9900000000000001,,0,9148
f97412f12e0af008,,19,9,1.023204,88,,,0,9149
f97cda2b0bd470eb,,15,19,1.117446,54,,,0,9150
f98d5a712b628d74,,10,11,0.996256,28,,,0,9151
f994801dc1ab03fd,,16,19,1.055011,43,,,0,9152
f998e8c0a8278813,,8,14,1.001656,18,,,0,9153
f9a0db4623eff513,,1,,1.111915,,,,0,9154
f9bb779d862f8d70,,9,11,1.065871,3,,,0,9155
f9bc4218ca3617d2,,2,3,1.097333,2,,,0,9156
f9bcfe53b1ee2d05,,12,,1.047394,,,,0,9157
f9c142985fc7ab7e,,2,19,0.982271,29,,,0,9158
f9c1b9597bd2f1d5,,1,19,1.069401,95,,,0,9159
f9cc07bb71f418a8,,18,18,1.043035,45,,,0,9160
f9e4f1e2cbd365aa,,2,19,1.162982,29,,,0,9161
f9e6cc3265a7e110,,,12,1.058812,,,,0,9162
f9ed792d2b896e44,,2,,1.001091,,,,0,9163
f9eff5510b93e528,,,17,0.98364,,,,0,9164
f9f645328d148848,,,1,0.809821,,,,0,9165
f9f8ceeec0fa3455,,8,,1.183691,,,,0,9166
f9fd12f180d12281,,19,18,1.188475,196,,,0,9167
fa0c21524d6c470d,,19,19,1.028608,235,,,0,9168
fa0fa9a0ba322009,,18,7,1.142527,19,,,0,9169
fa1a754ce98750a1,,19,19,0.95142,235,,,0,9170
fa1afd47f060329c,,19,18,1.118852,196,,,0,9171
fa221f7293eba433,docs\documents-atlas-index.md#chunk-201,19,12,1.038323,127,,,0,9172
fa2eac064f3262fc,,19,19,1.038898,235,,,0,9173
fa5629c2a1dcea3b,,19,14,1.04064,76,,,0,9174
fa65cd502989e57a,,2,19,1.013615,29,,,0,9175
fa661ef905a526b5,,18,17,0.978425,20,,,0,9176
fa67be76c9d4fd75,,10,12,1.02316,28,,,0,9177
fa68a3edfcd9858f,,14,19,0.98918,121,,,0,9178
fa6a549719bbf21b,,19,18,0.951434,196,,,0,9179
fa7200274f912a7a,,19,19,0.945955,235,,,0,9180
fa85b8eae9a4f84f,,15,18,1.076142,23,,,0,9181
fa8691d0448d9998,,18,16,0.8595,49,,,0,9182
fa888c34051777e9,,19,18,0.884347,196,,,0,9183
fa8c22be5693f0fd,,19,17,0.893443,49,,,0,9184
fa981704f64150ab,,19,19,0.887661,235,,,0,9185
fa9e13535b7e9824,,19,3,1.063928,52,,,0,9186
fa9e1d9939795fc1,,19,19,0.978105,235,,,0,9187
faa1499d3c5c3b16,,1,18,1.076446,30,,,0,9188
faa70467c6f75ca4,,18,19,0.974927,56,,,0,9189
fabf6cccc68c84f8,,19,15,1.144424,77,,,0,9190
fac7ce3ffa29cd3f,,3,12,1.014246,6,,,0,9191
facdb838f4053b5f,,3,19,1.093744,24,,,0,9192
fadb845aeec431ec,,19,19,1.108838,235,,,0,9193
faf08a09d3e3619b,,4,8,1.049718,5,,,0,9194
faf450739049420b,docs\documents-atlas-index.md#chunk-571,,19,0.935301,,,,0,9195
faf9142d08e03c1b,,16,19,1.037841,43,,,0,9196
fafb681b713524aa,,19,19,0.947412,235,,,0,9197
fb02f24f034c84ce,,15,19,0.980418,54,,,0,9198
fb11d4486559be96,,1,19,0.972463,95,,,0,9199
fb22342fa96feea3,,19,12,1.068211,127,,,0,9200
fb2384e36f477bcc,docs\documents-atlas-index.md#chunk-1267,19,19,0.80336,235,,,0,9201
fb359b70bdee263f,,14,2,1.096232,7,,,0,9202
fb360fc0fd3265a9,,19,16,1.056577,49,,,0,9203
fb3e1f3dcf11b6a3,,16,10,1.201436,101,,,0,9204
fb47628709d6634f,,19,19,0.806491,235,,,0,9205
fb4cae02d761df3e,,9,12,1.110699,28,,,0,9206
fb50c5fc02a499d8,docs\documents-atlas-index.md#chunk-132,18,19,0.977256,56,,,0,9207
fb52c723b306d220,docs\documents-atlas-index.md#chunk-130,3,16,1.061577,2,,,0,9208
fb55f87bb5e7dc8b,,13,19,1.000081,52,,,0,9209
fb5da55eb098c72e,,19,18,1.063487,196,,,0,9210
fb62369353b51728,docs\documents-atlas-index.md#chunk-979,19,19,0.856293,235,,,0,9211
fb6ece2f5811e77a,,19,18,1.156016,196,,,0,9212
fb716f7fc71f58ef,,19,18,1.109343,196,,,0,9213
fb73e198e563283f,,9,19,0.99273,70,,,0,9214
fb7d5405056ce3a2,,19,15,0.938953,77,,,0,9215
fb7fcdcfaa8c1742,docs\documents-atlas-index.md#chunk-769,13,,1.100022,,,,0,9216
fb8640aa8ece1c00,,15,19,1.076173,54,,,0,9217
fb8650ebba9f74e3,,19,15,1.075477,77,,,0,9218
fb88b24f6df29359,,14,19,1.009108,121,,,0,9219
fb8a38a73ad2c784,,19,16,0.987677,49,,,0,9220
fb91659b7b2b14df,,19,19,0.921088,235,,,0,9221
fb9c85bf693eeaa2,,19,15,1.016017,77,,,0,9222
fb9e8cd5f5fff894,,16,10,1.067968,101,,,0,9223
fba9a253c9a97cc3,,9,14,1.006212,22,,,0,9224
fbbc5154387529f7,,19,18,0.960091,196,,,0,9225
fbc016765c475da6,,1,19,1.028701,95,,,0,9226
fbcf33451c25df55,,,17,1.035692,,,,0,9227
fbda1bbec9e83abd,,19,18,1.109543,196,,,0,9228
fbf248496eddce5b,,,18,1.109636,,,,0,9229
fbf90f0913cd12be,,19,18,1.079041,196,,,0,9230
fbfe6bb48b500894,,3,10,1.104012,6,,,0,9231
fc02f12f4aa9868f,,14,19,0.987473,121,,,0,9232
fc05ff8f0915c4af,,19,19,1.026033,235,,,0,9233
fc0fa85851a3e1b4,,19,18,0.944035,196,,,0,9234
fc1d6fbec2b646f5,docs\documents-atlas-index.md#chunk-626,19,18,1.125895,196,,,0,9235
fc1e957074f38078,,19,18,0.859045,196,,,0,9236
fc226a7cba11bf09,,3,10,1.058734,6,,,0,9237
fc27dd7267a4ae24,,10,13,0.997955,65,,,0,9238
fc30083497813627,docs\documents-atlas-index.md#chunk-345,19,16,0.880266,49,,,0,9239
fc32273a724346e2,,19,19,0.882064,235,,,0,9240
fc391666ddcad449,docs\documents-atlas-index.md#chunk-885,19,9,1.030839,88,,,0,9241
fc4a0260d2cde7b7,,19,15,1.064619,77,,,0,9242
fc4e2e375db6e61f,docs\documents-atlas-index.md#chunk-348,19,19,1.11493,235,,,0,9243
fc5497a449959b82,,19,16,0.846779,49,,,0,9244
fc60a7846122908b,,4,19,0.894195,25,,,0,9245
fc70717c0908948f,,19,19,0.852485,235,,,0,9246
fc7258dc7acd1e13,,15,19,1.112801,54,,,0,9247
fc756007ffe487cb,,19,19,0.921086,235,,,0,9248
fc77bdf80c834f8b,docs\documents-atlas-index.md#chunk-474,5,19,1.0172,21,,,0,9249
fc7c070b2158ebbb,,19,19,0.898537,235,,,0,9250
fc8456cbab50dfa5,,14,19,1.013813,121,,,0,9251
fc86cfc7f71d3a4d,,15,,1.122679,,,,0,9252
fc89dadfedc6c7b5,docs\documents-atlas-index.md#chunk-1112,15,12,1.142855,14,,,0,9253
fc9a113349aab344,,19,14,1.023435,76,,,0,9254
fcad975d8d3e7dfc,docs\documents-atlas-index.md#chunk-378,16,19,1.043105,43,,,0,9255
fcc1171bd6de711f,,19,18,1.187422,196,,,0,9256
fcc629afebd0239f,,16,18,1.142782,13,,,0,9257
fcc7faf864317e88,,1,14,0.969883,15,,,0,9258
fcca7e761f9e36ac,,19,18,1.111736,196,,,0,9259
fccbf46e4a5003e5,,1,19,1.164977,95,,,0,9260
fccea30a1c81ae7c,,1,19,0.996706,95,,,0,9261
fcdb8866a6e44482,,19,18,1.050537,196,,,0,9262
fcdcbfc3b297cd6b,docs\documents-atlas-index.md#chunk-801,3,12,1.075056,6,,,0,9263
fce6b3af8978861a,,,19,0.917718,,,,0,9264
fcf693e7e4e87655,,17,17,1.049877,51,,,0,9265
fcfb9f3e86f4ea2a,,7,11,1.134361,10,,,0,9266
fcfd21f5f6506858,docs\documents-atlas-index.md#chunk-150,19,15,1.008778,77,,,0,9267
fd04ea209c3947e7,,19,19,1.009289,235,,,0,9268
fd0bbcf8c0dfb5f9,,16,,1.143925,,,,0,9269
fd0eae499aba1294,,15,,1.079372,,,,0,9270
fd230fb9a6189f5d,,19,16,1.019971,49,,,0,9271
fd233bb6cad077cf,,19,19,1.027034,235,,,0,9272
fd2a169c128f9fad,,19,19,0.852413,235,,,0,9273
fd31384758553cd4,,19,19,0.791368,235,,,0,9274
fd325835d811b877,,19,12,0.929916,127,,,0,9275
fd34e85e1263efa4,,14,19,1.018178,121,,,0,9276
fd3bfa811f3571ef,,19,19,1.062051,235,,,0,9277
fd3e35c2920af062,,19,13,1.02554,82,,,0,9278
fd44eb78455e5da5,,19,,1.032591,,,,0,9279
fd4e9e7424113449,,19,16,0.983971,49,,,0,9280
fd4ee317f6cb5b6e,,16,,1.07705,,,,0,9281
fd50dba84de8a09e,,18,19,1.174137,56,,,0,9282
fd53338d106d665d,,19,19,0.935732,235,,,0,9283
fd69b0f048eb4e40,,13,14,1.171154,20,,,0,9284
fd724092cc99e3fa,docs\documents-atlas-index.md#chunk-580,19,19,0.957106,235,,,0,9285
fd78573eb6e58f83,,13,15,1.033795,41,,,0,9286
fd837b358def5086,,18,5,1.121286,12,,,0,9287
fd85558a928be4b8,,19,15,0.900144,77,,,0,9288
fd85cba4d553bbb9,,12,13,1.082701,61,,,0,9289
fd8e5aacbf6cad1a,,16,10,1.147318,101,,,0,9290
fd98f8c6aa6fcb1d,,,18,1.077343,,,,0,9291
fd9e44f8b5b5798e,,19,18,0.858925,196,,,0,9292
fda23a139a55e390,,1,,0.960795,,,,0,9293
fda4d8c91b911249,,,19,0.920471,,,,0,9294
fda4dba186731fd2,,,18,1.115011,,,,0,9295
fdcf2d7bc38fd278,,3,3,1.150424,9,,,0,9296
fdd538758586eedb,docs\CODEBASE_DIRECTORY_MAP.md#chunk-1,,19,0.94158,,,,0,9297
fddf1b31fb184a4c,,8,3,1.019635,7,,,0,9298
fde4d207a77079e0,,3,19,1.048518,24,,,0,9299
fdebbf5015cf80ae,,19,18,1.15036,196,,,0,9300
fdf3c53333171e84,,,19,0.882361,,,,0,9301
fdf60ecd699fde07,,1,11,1.161674,7,,,0,9302
fdf73738fc7a486c,,,18,1.120323,,,,0,9303
fdf9fb4bc6911761,,3,11,1.053782,7,,,0,9304
fdfc5693a96c0a06,,10,7,1.074732,12,,,0,9305
fdfebf6133ae0380,,12,,1.2224,,,,0,9306
fe148ae179935e09,,19,16,0.964677,49,,,0,9307
fe1a60f43c0eac9a,,19,19,1.027427,235,,,0,9308
fe2370c1bd27e873,,19,12,1.018931,127,,,0,9309
fe25a61da711da2c,,12,19,1.071726,84,,,0,9310
fe39f798a25f8c0e,docs\documents-atlas-index.md#chunk-1301,11,15,1.042382,26,,,0,9311
fe3c1da04ca7094e,,19,18,1.002642,196,,,0,9312
fe6308f6cf535c1e,,14,19,1.026415,121,,,0,9313
fe6fd4e2d0fdc60c,,19,14,1.184333,76,,,0,9314
fe70fa490df0d756,,11,13,1.128728,19,,,0,9315
fe7e5475b15f1493,,19,,1.02855,,,,0,9316
fe817311d6d379cc,,19,19,0.838092,235,,,0,9317
fe858f806912775a,,19,19,0.902429,235,,,0,9318
fe938f29efb163b3,,19,19,1.095111,235,,,0,9319
fe949b042eabf34e,,19,19,1.122212,235,,,0,9320
fe9f1623f3193dc6,,19,18,0.964876,196,,,0,9321
fea317109f0394cc,,19,19,0.98856,235,,,0,9322
fea88801eafa4ef4,,18,19,1.195254,56,,,0,9323
fea942e952bd2214,,18,16,1.07897,49,,,0,9324
fec032ab2851dd52,,,16,1.027524,,,,0,9325
fec9bd2e528ceb04,,1,13,1.11755,20,,,0,9326
fecb2e26a49f5fbb,,10,2,1.147124,14,,,0,9327
fecbdd49e372c325,,2,11,1.107837,10,,,0,9328
fed3327d2389545f,,16,19,1.003834,43,,,0,9329
fed5038bf2f427ab,,19,19,1.031285,235,,,0,9330
fed50c8c0eb7c633,,1,,1.031949,,,,0,9331
feeccee7fc10998f,,11,,1.124565,,,,0,9332
ff0398dda41449ac,,19,19,0.920959,235,,,0,9333
ff04d42392f37a82,docs\documents-atlas-index.md#chunk-464,12,15,1.019307,22,,,0,9334
ff0aacf20f2fa4dc,,19,16,1.188484,49,,,0,9335
ff0e4a632d45f979,,16,10,1.076129,101,,,0,9336
ff18d187841996d9,,18,19,0.848947,56,,,0,9337
ff292c209711da23,,12,12,0.966368,14,,,0,9338
ff2a27f05e150bd1,,19,19,1.019729,235,,,0,9339
ff30545ea5dc766a,,19,18,1.030548,196,,,0,9340
ff39b4bcb04b7a0f,,14,18,1.082277,16,,,0,9341
ff3e2fdc13713887,docs\documents-atlas-index.md#chunk-597,19,16,1.0326,49,,,0,9342
ff4bd1a87ba99062,,18,19,1.087408,56,,,0,9343
ff51adc4996295e7,,19,16,0.988571,49,,,0,9344
ff51de3122e734cc,,18,19,0.994475,56,,,0,9345
ff56b4a65b52bb3f,docs\documents-atlas-index.md#chunk-1232,1,19,0.910619,95,,,0,9346
ff5d79b60480f2e5,docs\documents-atlas-index.md#chunk-783,19,17,0.912481,49,,,0,9347
ff5f4cf18d63c70f,,19,16,1.133147,49,,,0,9348
ff70bfd90fc447c7,docs\documents-atlas-index.md#chunk-494,18,19,1.101067,56,,,0,9349
ff7c17c0ee6f0e07,,19,,1.01986,,,,0,9350
ff820eef84cf3b59,,17,15,1.162546,78,,,0,9351
ff83b6ab1721d9bf,,18,18,0.9608,45,,,0,9352
ff871e8092dda914,,19,12,1.073217,127,,,0,9353
ff8737e6ef4dd5ef,,18,17,0.994325,20,,,0,9354
ff926f17d02c65da,,19,18,1.067535,196,,,0,9355
ffa0a9e46a8761da,docs\documents-atlas-index.md#chunk-940,,19,0.971988,,,,0,9356
ffa235c5be3a738c,,,18,1.165724,,,,0,9357
ffa88cae50fb131a,,17,17,1.167267,51,,,0,9358
ffae260db69a3103,,5,,1.082127,,,,0,9359
ffb200ca5ce25250,,17,17,1.154161,51,,,0,9360
ffbc1e7c0c89724d,,4,,1.118532,,,,0,9361
ffbc6c034837a579,,2,1,1.070004,17,,,0,9362
ffcbf14b4b6b701d,docs\documents-atlas-index.md#chunk-1202,,19,1.106437,,,,0,9363
ffcd724484e9beb4,,19,18,1.014279,196,,,0,9364
ffcf0e70ce0b35bc,,11,1,1.23142,6,,,0,9365
ffd72b5520daa8da,docs\documents-atlas-index.md#chunk-913,19,18,1.109011,196,,,0,9366
ffdb447ad4b72406,,19,18,1.131112,196,,,0,9367
ffde511dbee41a7e,,14,19,1.18345,121,,,0,9368
ffe0cfebf8b0dc46,,1,11,1.090986,7,,,0,9369
ffee4ab7f26e4da1,,19,,1.111853,,,,0,9370
ffef2e2321c4421c,,19,18,1.108385,196,,,0,9371
fff2d26da4d0c891,,,16,1.10399,,,,0,9372
fff9dad1d7f12758,,3,12,1.116028,6,,,0,9373
fffa938c4b308f1f,,2,19,1.00545,29,,,0,9374
,,,,,,,,0,9375